158	1	2	156	0.000	84.41	0.00	2025-11-01 13:47:46.602
4	1	1	4	778.000	23.69	18430.80	2025-11-01 07:01:07.196
5	1	1	5	19.000	189.89	3607.84	2025-11-01 07:01:07.2
9	1	1	9	66.000	22.81	1505.16	2025-11-01 07:01:07.217
10	1	1	10	1.000	324.73	324.73	2025-11-01 07:01:07.226
11	1	1	11	2.000	203.30	406.59	2025-11-01 07:01:07.243
12	1	1	12	4.000	84.68	338.70	2025-11-01 07:01:07.284
13	1	1	13	14.000	36.97	517.52	2025-11-01 07:01:07.289
14	1	1	14	2.000	68.22	136.44	2025-11-01 07:01:07.293
15	1	1	15	36.000	42.27	1521.73	2025-11-01 07:01:07.297
16	1	1	16	112.000	75.13	8414.28	2025-11-01 07:01:07.302
17	1	1	17	123.000	47.72	5869.87	2025-11-01 07:01:07.306
18	1	1	18	35.000	134.83	4719.21	2025-11-01 07:01:07.31
19	1	1	19	2.000	84.58	169.15	2025-11-01 07:01:07.318
20	1	1	20	11.000	25.29	278.19	2025-11-01 07:01:07.343
21	1	1	21	46.000	43.53	2002.27	2025-11-01 07:01:07.348
22	1	1	22	7.000	46.84	327.88	2025-11-01 07:01:07.352
23	1	1	23	1.000	274.79	274.79	2025-11-01 07:01:07.387
24	1	1	24	131.000	168.71	22100.93	2025-11-01 07:01:07.392
26	1	1	26	490.000	49.29	24150.34	2025-11-01 07:01:07.401
27	1	1	27	21.000	223.17	4686.47	2025-11-01 07:01:07.406
28	1	1	28	40.000	118.75	4749.84	2025-11-01 07:01:07.41
29	1	1	29	403.000	56.89	22925.57	2025-11-01 07:01:07.421
30	1	1	30	85.000	54.38	4622.60	2025-11-01 07:01:07.445
31	1	1	31	15.000	71.55	1073.24	2025-11-01 07:01:07.493
32	1	1	32	12.000	122.76	1473.06	2025-11-01 07:01:07.497
33	1	1	33	398.000	50.40	20059.48	2025-11-01 07:01:07.501
34	1	1	34	5.000	180.38	901.90	2025-11-01 07:01:07.505
35	1	1	35	9.000	106.49	958.43	2025-11-01 07:01:07.51
36	1	1	36	3.000	59.77	179.30	2025-11-01 07:01:07.523
37	1	1	37	1.000	344.23	344.23	2025-11-01 07:01:07.539
38	1	1	38	3.000	278.31	834.94	2025-11-01 07:01:07.589
39	1	1	39	1.000	153.89	153.89	2025-11-01 07:01:07.595
40	1	1	40	2.000	178.19	356.38	2025-11-01 07:01:07.601
41	1	1	41	29.000	83.58	2423.71	2025-11-01 07:01:07.609
42	1	1	42	7.000	180.14	1260.97	2025-11-01 07:01:07.626
43	1	1	43	3.000	129.12	387.35	2025-11-01 07:01:07.682
44	1	1	44	4.000	50.32	201.29	2025-11-01 07:01:07.687
45	1	1	45	20.000	126.01	2520.23	2025-11-01 07:01:07.692
46	1	1	46	1.000	64.91	64.91	2025-11-01 07:01:07.696
47	1	1	47	149.000	31.71	4724.87	2025-11-01 07:01:07.7
48	1	1	48	18.000	94.90	1708.17	2025-11-01 07:01:07.704
49	1	1	49	593.000	39.70	23543.00	2025-11-01 07:01:07.708
50	1	1	50	111.000	54.62	6062.40	2025-11-01 07:07:36.785
51	1	1	51	7.000	70.35	492.47	2025-11-01 07:07:36.791
52	1	1	52	28.000	60.51	1694.31	2025-11-01 07:07:36.796
53	1	1	53	14.000	79.40	1111.56	2025-11-01 07:07:36.802
54	1	1	54	13.000	74.55	969.13	2025-11-01 07:07:36.807
55	1	1	55	140.000	109.94	15391.05	2025-11-01 07:07:36.812
56	1	1	56	125.000	97.53	12191.30	2025-11-01 07:07:36.847
57	1	1	57	80.000	179.44	14355.14	2025-11-01 07:07:36.854
58	1	1	58	129.000	79.42	10245.53	2025-11-01 07:07:36.884
59	1	1	59	3.000	164.83	494.49	2025-11-01 07:07:36.888
60	1	1	60	77.000	109.47	8428.92	2025-11-01 07:07:36.893
61	1	1	61	1.000	239.76	239.76	2025-11-01 07:07:36.898
62	1	1	62	1.000	74.75	74.75	2025-11-01 07:07:36.903
63	1	1	63	750.000	44.37	33281.12	2025-11-01 07:07:36.908
64	1	1	64	19.000	279.67	5313.65	2025-11-01 07:07:36.913
65	1	1	65	10.000	74.62	746.20	2025-11-01 07:07:36.929
66	1	1	66	10.000	79.36	793.63	2025-11-01 07:07:36.938
67	1	1	67	108.000	70.28	7590.00	2025-11-01 07:07:36.988
68	1	1	68	5.000	129.38	646.90	2025-11-01 07:07:36.994
69	1	1	69	2.000	69.34	138.67	2025-11-01 07:07:36.998
70	1	1	70	81.000	119.43	9673.49	2025-11-01 07:07:37.003
71	1	1	71	187.000	44.75	8367.94	2025-11-01 07:07:37.007
72	1	1	72	2.000	159.56	319.12	2025-11-01 07:07:37.012
73	1	1	73	21.000	193.54	4064.24	2025-11-01 07:07:37.018
74	1	1	74	98.000	80.35	7873.88	2025-11-01 07:07:37.025
75	1	1	75	2.000	110.53	221.05	2025-11-01 07:07:37.031
76	1	1	76	26.000	89.29	2321.66	2025-11-01 07:07:37.041
77	1	1	77	1.000	229.34	229.34	2025-11-01 07:07:37.086
78	1	1	78	3.000	254.32	762.97	2025-11-01 07:07:37.092
79	1	1	79	95.000	65.57	6229.40	2025-11-01 07:07:37.097
80	1	1	80	14.000	83.37	1167.17	2025-11-01 07:07:37.102
81	1	1	81	40.000	73.67	2946.97	2025-11-01 07:07:37.107
82	1	1	82	2.000	269.25	538.49	2025-11-01 07:07:37.122
83	1	1	83	148.000	149.82	22173.92	2025-11-01 07:07:37.144
84	1	1	84	30.000	56.26	1687.88	2025-11-01 07:07:37.151
85	1	1	85	218.000	74.64	16271.70	2025-11-01 07:07:37.184
86	1	1	86	7.000	55.17	386.22	2025-11-01 07:07:37.189
87	1	1	87	99.000	69.27	6857.73	2025-11-01 07:07:37.194
88	1	1	88	3.000	199.91	599.73	2025-11-01 07:07:37.199
89	1	1	89	93.000	110.33	10260.29	2025-11-01 07:07:37.204
90	1	1	90	41.000	69.43	2846.61	2025-11-01 07:07:37.209
91	1	1	91	45.000	55.77	2509.72	2025-11-01 07:07:37.222
92	1	1	92	71.000	148.85	10568.61	2025-11-01 07:07:37.246
93	1	1	93	253.000	151.39	38300.79	2025-11-01 07:07:37.288
94	1	1	94	15.000	97.40	1461.06	2025-11-01 07:07:37.296
95	1	1	95	64.000	369.23	23630.86	2025-11-01 07:07:37.301
96	1	1	96	22.000	179.51	3949.23	2025-11-01 07:07:37.306
97	1	1	97	6.000	149.48	896.88	2025-11-01 07:07:37.311
98	1	1	98	10.000	69.45	694.50	2025-11-01 07:07:37.329
99	1	1	99	128.000	192.13	24592.83	2025-11-01 07:07:37.349
100	1	1	100	4.000	155.81	623.25	2025-11-01 07:07:37.383
101	1	1	101	78.000	109.57	8546.14	2025-11-01 07:07:37.388
102	1	1	102	61.000	99.65	6078.53	2025-11-01 07:07:37.393
103	1	1	103	116.000	59.61	6914.63	2025-11-01 07:07:37.4
104	1	1	104	79.000	167.58	13238.80	2025-11-01 07:07:37.406
105	1	1	105	15.000	87.30	1309.49	2025-11-01 07:07:37.413
106	1	1	106	16.000	92.04	1472.63	2025-11-01 07:07:37.421
107	1	1	107	48.000	74.75	3588.03	2025-11-01 07:07:37.426
2185	1	19	533	5.000	1.00	1.00	2025-11-05 09:04:53.004
8	1	1	8	498.000	57.92	28844.16	2025-11-01 08:46:34.588
25	1	1	25	773.000	100.28	77516.44	2025-11-01 08:52:16.985
6	1	1	6	137.000	100.54	13773.98	2025-11-01 08:52:16.988
7	1	1	7	92.000	23.65	2175.80	2025-11-02 11:35:43.49
3	1	1	3	600.000	67.18	40308.00	2025-11-03 20:05:14.585
108	1	1	108	1.000	109.43	109.43	2025-11-01 07:07:37.447
109	1	1	109	176.000	83.49	14694.73	2025-11-01 07:07:37.486
110	1	1	110	4.000	79.38	317.53	2025-11-01 07:07:37.491
111	1	1	111	6.000	229.53	1377.18	2025-11-01 07:07:37.496
112	1	1	112	6.000	104.52	627.09	2025-11-01 07:07:37.5
113	1	1	113	125.000	69.36	8669.79	2025-11-01 07:07:37.505
114	1	1	114	10.000	101.47	1014.66	2025-11-01 07:07:37.509
115	1	1	115	13.000	47.23	613.94	2025-11-01 07:07:37.514
116	1	1	116	3.000	69.35	208.05	2025-11-01 07:07:37.52
117	1	1	117	2.000	141.44	282.87	2025-11-01 07:07:37.533
118	1	1	118	100.000	69.40	6939.87	2025-11-01 07:07:37.588
119	1	1	119	12.000	279.25	3350.96	2025-11-01 07:07:37.594
120	1	1	120	3.000	109.59	328.77	2025-11-01 07:07:37.601
121	1	1	121	10.000	279.33	2793.27	2025-11-01 07:07:37.611
122	1	1	122	121.000	69.60	8421.37	2025-11-01 07:07:37.655
123	1	1	123	90.000	59.46	5351.23	2025-11-01 07:07:37.662
124	1	1	124	14.000	74.83	1047.62	2025-11-01 07:07:37.667
125	1	1	125	215.000	51.93	11165.92	2025-11-01 07:07:37.701
126	1	1	126	58.000	134.36	7792.59	2025-11-01 07:07:37.706
127	1	1	127	420.000	79.36	33329.47	2025-11-01 07:07:37.732
128	1	1	128	389.000	54.38	21154.60	2025-11-01 07:07:37.745
129	1	1	129	6.000	141.51	849.08	2025-11-01 07:07:37.784
130	1	1	130	3.000	84.35	253.05	2025-11-01 07:07:37.791
131	1	1	131	16.000	204.73	3275.69	2025-11-01 07:07:37.796
132	1	1	132	1.000	195.18	195.18	2025-11-01 07:07:37.801
133	1	1	133	2.000	129.32	258.64	2025-11-01 07:07:37.806
134	1	1	134	22.000	84.35	1855.59	2025-11-01 07:07:37.813
135	1	1	135	1.000	149.74	149.74	2025-11-01 07:07:37.837
136	1	1	136	2.000	149.50	298.99	2025-11-01 07:07:37.885
137	1	1	137	3.000	109.20	327.59	2025-11-01 07:07:37.891
138	1	1	138	101.000	109.98	11107.65	2025-11-01 07:07:37.896
139	1	1	139	175.000	115.65	20238.91	2025-11-01 07:07:37.902
140	1	1	140	13.000	134.40	1747.24	2025-11-01 07:07:37.908
141	1	1	141	15.000	44.36	665.39	2025-11-01 07:07:37.913
142	1	1	142	67.000	84.62	5669.40	2025-11-01 07:07:37.919
143	1	1	143	42.000	55.23	2319.48	2025-11-01 07:07:37.933
144	1	1	144	96.000	94.56	9077.84	2025-11-01 07:07:37.988
145	1	1	145	20.000	242.33	4846.58	2025-11-01 07:07:37.993
146	1	1	146	6.000	234.09	1404.52	2025-11-01 07:07:37.998
147	1	1	147	5.000	85.12	425.58	2025-11-01 07:07:38.003
148	1	1	148	5.000	69.42	347.08	2025-11-01 07:07:38.01
149	1	1	149	45.000	79.45	3575.41	2025-11-01 07:07:38.023
150	1	1	150	6.000	69.65	417.87	2025-11-01 07:07:38.083
151	1	1	151	92.000	94.17	8663.73	2025-11-01 07:07:38.089
152	1	1	152	6.000	85.51	513.03	2025-11-01 07:07:38.094
153	1	2	153	8.000	329.19	2633.52	2025-11-01 07:59:19.704
157	1	2	113	6.000	69.18	415.08	2025-11-01 07:59:19.784
16965	8	114	5407	38.000	158.66	6029.02	2026-01-04 18:53:56.876
159	1	2	157	140.000	50.80	7112.64	2025-11-01 07:59:19.792
160	1	2	158	22.000	65.85	1448.60	2025-11-01 07:59:19.796
161	1	2	159	7.000	65.61	459.24	2025-11-01 07:59:19.8
162	1	2	160	27.000	98.80	2667.55	2025-11-01 07:59:19.804
163	1	2	161	1.000	79.86	79.86	2025-11-01 07:59:19.808
164	1	2	162	1.000	170.78	170.78	2025-11-01 07:59:19.812
165	1	2	163	1.000	230.62	230.62	2025-11-01 07:59:19.883
166	1	2	164	5.000	75.84	379.20	2025-11-01 07:59:19.887
167	1	2	165	2.000	130.79	261.58	2025-11-01 07:59:19.891
168	1	2	166	1.000	115.74	115.74	2025-11-01 07:59:19.894
169	1	2	167	2.000	79.38	158.76	2025-11-01 07:59:19.898
170	1	2	168	48.000	70.85	3400.86	2025-11-01 07:59:19.902
171	1	2	169	3.000	105.83	317.50	2025-11-01 07:59:19.905
172	1	2	170	5.000	70.94	354.71	2025-11-01 07:59:19.909
173	1	2	171	17.000	50.80	863.66	2025-11-01 07:59:19.913
174	1	2	172	31.000	105.69	3276.40	2025-11-01 07:59:19.934
175	1	2	173	3.000	243.25	729.75	2025-11-01 07:59:19.986
176	1	2	174	1.000	160.87	160.87	2025-11-01 07:59:19.99
177	1	2	175	14.000	95.78	1340.94	2025-11-01 07:59:19.994
178	1	2	176	2.000	55.94	111.87	2025-11-01 07:59:19.998
179	1	2	177	1.000	205.79	205.79	2025-11-01 07:59:20.001
180	1	2	178	1.000	205.75	205.75	2025-11-01 07:59:20.004
181	1	2	179	1.000	210.89	210.89	2025-11-01 07:59:20.008
182	1	2	180	1.000	280.62	280.62	2025-11-01 07:59:20.011
183	1	2	181	2.000	65.81	131.62	2025-11-01 07:59:20.024
184	1	2	182	8.000	126.62	1012.92	2025-11-01 07:59:20.043
185	1	2	183	3.000	130.92	392.75	2025-11-01 07:59:20.09
186	1	2	184	8.000	105.84	846.72	2025-11-01 07:59:20.098
187	1	2	185	11.000	80.80	888.85	2025-11-01 07:59:20.102
188	1	2	186	1.000	86.99	86.99	2025-11-01 07:59:20.106
189	1	2	187	46.000	50.86	2339.36	2025-11-01 07:59:20.11
190	1	2	188	10.000	135.43	1354.26	2025-11-01 07:59:20.126
191	1	2	189	1.000	81.77	81.77	2025-11-01 07:59:20.183
192	1	2	190	27.000	71.19	1922.20	2025-11-01 07:59:20.187
193	1	2	191	23.000	116.21	2672.79	2025-11-01 07:59:20.191
194	1	2	192	12.000	51.17	614.05	2025-11-01 07:59:20.199
195	1	2	193	11.000	47.03	517.29	2025-11-01 07:59:20.203
196	1	2	194	20.000	258.72	5174.35	2025-11-01 07:59:20.206
197	1	2	195	51.000	256.96	13105.09	2025-11-01 07:59:20.21
198	1	2	196	79.000	251.88	19898.52	2025-11-01 07:59:20.215
199	1	2	197	3.000	72.30	216.89	2025-11-01 07:59:20.237
200	1	2	198	2.000	182.72	365.43	2025-11-01 07:59:20.248
201	1	2	199	9.000	71.81	646.31	2025-11-01 07:59:20.252
202	1	2	200	6.000	152.37	914.23	2025-11-01 07:59:20.287
203	1	2	201	30.000	72.39	2171.61	2025-11-01 07:59:20.291
204	1	2	202	2.000	129.94	259.87	2025-11-01 07:59:20.295
205	1	2	203	3.000	233.07	699.20	2025-11-01 07:59:20.299
206	1	2	204	69.000	65.59	4525.55	2025-11-01 07:59:20.303
207	1	2	205	68.000	66.59	4528.42	2025-11-01 07:59:20.307
208	1	2	206	34.000	97.25	3306.37	2025-11-01 07:59:20.319
209	1	2	207	5.000	182.99	914.97	2025-11-01 07:59:20.341
210	1	2	208	1.000	82.54	82.54	2025-11-01 07:59:20.35
211	1	2	209	45.000	49.30	2218.58	2025-11-01 07:59:20.39
212	1	2	210	1.000	202.42	202.42	2025-11-01 07:59:20.486
213	1	2	211	3.000	57.19	171.56	2025-11-01 07:59:20.585
214	1	2	212	12.000	51.73	620.76	2025-11-01 07:59:20.799
156	1	2	79	0.000	65.83	0.00	2025-11-03 19:10:49.087
155	1	2	155	374.000	13.54	5063.96	2025-11-03 19:10:49.093
154	1	2	154	1.000	69.46	69.46	2025-11-03 20:02:38.149
215	1	2	213	1.000	183.60	183.60	2025-11-01 07:59:20.825
216	1	2	214	1.000	46.63	46.63	2025-11-01 07:59:20.85
217	1	2	215	4.000	153.24	612.94	2025-11-01 07:59:20.855
218	1	2	216	6.000	143.68	862.06	2025-11-01 07:59:20.86
219	1	2	217	1.000	47.08	47.08	2025-11-01 07:59:20.865
220	1	2	218	2.000	178.98	357.95	2025-11-01 07:59:20.869
221	1	2	219	10.000	258.07	2580.67	2025-11-01 07:59:20.874
222	1	2	220	113.000	257.16	29059.64	2025-11-01 07:59:20.886
223	1	2	221	1.000	182.70	182.70	2025-11-01 07:59:20.891
224	1	2	222	1.000	92.61	92.61	2025-11-01 07:59:20.896
225	1	2	223	237.000	48.18	11418.75	2025-11-01 07:59:20.901
226	1	2	224	10.000	333.10	3331.03	2025-11-01 07:59:20.905
227	1	2	225	2.000	333.00	665.99	2025-11-01 07:59:20.91
228	1	2	226	9.000	353.10	3177.93	2025-11-01 07:59:20.915
229	1	2	227	2.000	66.67	133.34	2025-11-01 07:59:20.985
230	1	2	228	1.000	111.89	111.89	2025-11-01 07:59:20.993
231	1	2	229	6.000	181.95	1091.67	2025-11-01 07:59:20.999
232	1	2	230	1.000	296.24	296.24	2025-11-01 07:59:21.003
233	1	2	231	515.000	56.89	29298.88	2025-11-01 07:59:21.008
234	1	2	232	3.000	81.92	245.75	2025-11-01 07:59:21.012
235	1	2	233	3.000	61.42	184.27	2025-11-01 07:59:21.037
236	1	2	234	59.000	50.39	2973.13	2025-11-01 07:59:21.043
237	1	2	235	29.000	101.52	2944.12	2025-11-01 07:59:21.085
238	1	2	236	1.000	138.69	138.69	2025-11-01 07:59:21.089
239	1	2	237	2.000	77.86	155.71	2025-11-01 07:59:21.094
240	1	2	238	4.000	108.52	434.06	2025-11-01 07:59:21.098
241	1	2	239	1.000	65.49	65.49	2025-11-01 07:59:21.102
242	1	2	240	7.000	89.05	623.38	2025-11-01 07:59:21.107
243	1	2	241	11.000	54.03	594.36	2025-11-01 07:59:21.111
244	1	2	242	1.000	78.20	78.20	2025-11-01 07:59:21.186
245	1	2	243	2.000	82.81	165.62	2025-11-01 07:59:21.197
246	1	2	244	64.000	43.63	2792.18	2025-11-01 07:59:21.203
247	1	2	245	22.000	64.18	1412.02	2025-11-01 07:59:21.208
248	1	2	246	2.000	242.15	484.30	2025-11-01 07:59:21.212
249	1	2	247	26.000	43.84	1139.77	2025-11-01 07:59:21.285
250	1	2	248	5.000	43.51	217.55	2025-11-01 07:59:21.291
251	1	2	249	6.000	86.37	518.21	2025-11-01 07:59:21.389
252	1	2	250	1.000	228.76	228.76	2025-11-01 07:59:21.395
253	1	2	251	3.000	44.24	132.73	2025-11-01 07:59:21.492
254	1	2	252	3.000	241.70	725.09	2025-11-01 07:59:21.497
255	1	2	253	2.000	98.79	197.57	2025-11-01 07:59:21.501
256	1	2	254	12.000	58.78	705.38	2025-11-01 07:59:21.506
257	1	2	255	6.000	88.42	530.52	2025-11-01 07:59:21.51
258	1	2	256	4.000	48.60	194.38	2025-11-01 07:59:21.52
259	1	2	257	3.000	178.55	535.66	2025-11-01 07:59:21.615
260	1	2	258	3.000	368.91	1106.72	2025-11-01 07:59:21.63
261	1	2	259	7.000	67.91	475.37	2025-11-01 07:59:21.639
262	1	2	260	80.000	68.60	5487.64	2025-11-01 07:59:21.644
263	1	2	261	2.000	58.61	117.21	2025-11-01 07:59:21.649
264	1	2	262	1.000	48.79	48.79	2025-11-01 07:59:21.653
265	1	2	263	2.000	98.50	196.99	2025-11-01 07:59:21.686
266	1	2	264	18.000	58.59	1054.67	2025-11-01 07:59:21.703
267	1	2	265	21.000	48.37	1015.87	2025-11-01 07:59:21.708
268	1	2	266	17.000	39.14	665.41	2025-11-01 07:59:21.712
269	1	2	267	2.000	228.58	457.16	2025-11-01 07:59:21.729
270	1	2	268	9.000	69.35	624.19	2025-11-01 07:59:21.751
271	1	2	269	1.000	88.45	88.45	2025-11-01 07:59:21.785
272	1	2	270	1.000	58.56	58.56	2025-11-01 07:59:21.791
273	1	2	271	1.000	128.56	128.56	2025-11-01 07:59:21.796
274	1	2	272	6.000	49.09	294.56	2025-11-01 07:59:21.8
275	1	2	273	6.000	49.19	295.11	2025-11-01 07:59:21.804
276	1	2	274	8.000	108.54	868.34	2025-11-01 07:59:21.808
277	1	2	275	6.000	39.09	234.56	2025-11-01 07:59:21.883
278	1	2	276	4.000	88.60	354.39	2025-11-01 07:59:21.888
279	1	2	277	9.000	78.51	706.59	2025-11-01 07:59:21.892
280	1	2	278	25.000	88.62	2215.46	2025-11-01 07:59:21.897
281	1	2	279	4.000	144.22	576.86	2025-11-01 07:59:21.902
282	1	2	280	9.000	91.40	822.63	2025-11-01 07:59:21.907
283	1	2	281	12.000	67.37	808.46	2025-11-01 07:59:21.911
284	1	2	282	7.000	103.44	724.08	2025-11-01 07:59:21.927
285	1	2	283	4.000	59.22	236.86	2025-11-01 07:59:21.986
286	1	2	284	11.000	139.26	1531.81	2025-11-01 07:59:21.991
287	1	2	285	7.000	140.50	983.49	2025-11-01 07:59:21.995
288	1	2	286	1.000	74.49	74.49	2025-11-01 07:59:21.999
289	1	2	287	4.000	78.90	315.59	2025-11-01 07:59:22.003
290	1	2	288	2.000	127.12	254.24	2025-11-01 07:59:22.008
291	1	2	289	4.000	75.07	300.29	2025-11-01 07:59:22.012
292	1	2	290	20.000	82.51	1650.21	2025-11-01 07:59:22.084
293	1	2	291	46.000	42.21	1941.84	2025-11-01 07:59:22.089
294	1	2	292	3.000	92.75	278.24	2025-11-01 07:59:22.093
16966	8	114	5394	1.000	71.81	71.81	2026-01-04 18:53:56.881
296	1	2	294	9.000	63.58	572.22	2025-11-01 07:59:22.103
297	1	2	295	1.000	142.46	142.46	2025-11-01 07:59:22.107
298	1	2	296	10.000	97.19	971.87	2025-11-01 07:59:22.112
299	1	2	297	2.000	102.48	204.95	2025-11-01 07:59:22.184
300	1	2	298	3.000	179.28	537.84	2025-11-01 07:59:22.189
301	1	2	299	10.000	132.62	1326.24	2025-11-01 07:59:22.194
302	1	2	300	2.000	152.31	304.61	2025-11-01 07:59:22.198
303	1	2	301	8.000	132.63	1061.06	2025-11-01 07:59:22.204
304	1	2	302	9.000	67.53	607.77	2025-11-01 07:59:22.208
305	1	2	303	24.000	68.73	1649.40	2025-11-01 07:59:22.283
306	1	2	304	2.000	132.39	264.78	2025-11-01 07:59:22.289
307	1	2	305	48.000	62.22	2986.62	2025-11-01 07:59:22.294
308	1	2	306	4.000	71.60	286.38	2025-11-01 07:59:22.299
309	1	2	307	14.000	56.34	788.80	2025-11-01 07:59:22.306
310	1	2	308	7.000	62.28	435.96	2025-11-01 07:59:22.384
312	1	2	310	10.000	152.45	1524.51	2025-11-01 07:59:22.395
313	1	2	311	20.000	72.42	1448.33	2025-11-01 07:59:22.4
314	1	2	312	1.000	56.66	56.66	2025-11-01 07:59:22.405
315	1	2	313	1.000	151.75	151.75	2025-11-01 07:59:22.41
317	1	2	315	1.000	161.95	161.95	2025-11-01 07:59:22.494
318	1	2	316	64.000	52.82	3380.17	2025-11-01 07:59:22.501
319	1	2	317	17.000	71.82	1220.86	2025-11-01 07:59:22.507
320	1	2	318	45.000	60.59	2726.34	2025-11-01 07:59:22.584
311	1	2	309	0.000	105.69	0.00	2025-11-01 10:59:43.76
316	1	2	314	10.000	102.52	1025.20	2025-11-01 10:59:43.8
321	1	2	319	31.000	112.44	3485.64	2025-11-01 10:59:43.808
322	1	2	320	77.000	46.73	3598.20	2025-11-01 07:59:22.598
323	1	2	321	1.000	74.39	74.39	2025-11-01 07:59:22.605
324	1	2	322	1.000	122.11	122.11	2025-11-01 07:59:22.612
325	1	2	323	2.000	92.61	185.21	2025-11-01 07:59:22.684
326	1	2	324	1.000	88.41	88.41	2025-11-01 07:59:22.69
327	1	2	325	7.000	91.55	640.88	2025-11-01 07:59:22.695
328	1	2	326	24.000	48.03	1152.75	2025-11-01 07:59:22.7
329	1	2	327	5.000	95.79	478.93	2025-11-01 07:59:22.705
330	1	2	328	24.000	104.87	2516.95	2025-11-01 07:59:22.784
331	1	2	329	24.000	132.52	3180.49	2025-11-01 07:59:22.792
332	1	2	330	26.000	132.11	3434.83	2025-11-01 07:59:22.798
333	1	2	331	7.000	83.00	581.00	2025-11-01 07:59:22.806
334	1	2	332	12.000	132.53	1590.34	2025-11-01 07:59:22.889
335	1	2	333	11.000	82.79	910.74	2025-11-01 07:59:22.895
336	1	2	334	6.000	73.73	442.38	2025-11-01 07:59:22.902
337	1	2	335	1.000	68.41	68.41	2025-11-01 07:59:22.908
338	1	2	336	15.000	76.82	1152.34	2025-11-01 07:59:22.925
339	1	3	337	647.000	48.49	31375.06	2025-11-01 08:30:29.6
340	1	3	50	8.000	57.12	456.94	2025-11-01 08:30:29.604
341	1	3	57	2.000	182.32	364.63	2025-11-01 08:30:29.608
342	1	3	58	20.000	82.38	1647.60	2025-11-01 08:30:29.611
343	1	3	60	3.000	112.53	337.59	2025-11-01 08:30:29.625
344	1	3	63	154.000	47.38	7297.04	2025-11-01 08:30:29.647
345	1	3	65	6.000	77.58	465.48	2025-11-01 08:30:29.653
346	1	3	66	6.000	82.71	496.27	2025-11-01 08:30:29.658
347	1	3	67	15.000	72.35	1085.26	2025-11-01 08:30:29.683
348	1	3	71	100.000	47.39	4738.50	2025-11-01 08:30:29.687
349	1	3	338	3.000	50.53	151.59	2025-11-01 08:30:29.691
350	1	3	74	10.000	82.38	823.75	2025-11-01 08:30:29.695
351	1	3	75	1.000	113.12	113.12	2025-11-01 08:30:29.698
352	1	3	76	4.000	92.37	369.46	2025-11-01 08:30:29.701
353	1	3	79	7.000	68.44	479.05	2025-11-01 08:30:29.705
354	1	3	85	22.000	77.49	1704.72	2025-11-01 08:30:29.708
355	1	3	87	10.000	71.38	713.75	2025-11-01 08:30:29.711
356	1	3	89	11.000	112.33	1235.62	2025-11-01 08:30:29.725
357	1	3	93	36.000	154.39	5557.86	2025-11-01 08:30:29.784
358	1	3	94	30.000	100.38	3011.40	2025-11-01 08:30:29.789
359	1	3	95	4.000	372.37	1489.46	2025-11-01 08:30:29.793
360	1	3	99	5.000	194.98	974.91	2025-11-01 08:30:29.797
361	1	3	100	1.000	158.76	158.76	2025-11-01 08:30:29.801
362	1	3	103	16.000	62.25	996.04	2025-11-01 08:30:29.805
363	1	3	104	6.000	169.88	1019.28	2025-11-01 08:30:29.809
364	1	3	106	4.000	94.87	379.46	2025-11-01 08:30:29.812
365	1	3	113	20.000	72.39	1447.70	2025-11-01 08:30:29.885
366	1	3	114	17.000	104.38	1774.46	2025-11-01 08:30:29.889
367	1	3	115	4.000	50.37	201.46	2025-11-01 08:30:29.893
368	1	3	118	12.000	72.38	868.56	2025-11-01 08:30:29.897
369	1	3	122	11.000	72.53	797.78	2025-11-01 08:30:29.901
370	1	3	123	10.000	62.27	622.66	2025-11-01 08:30:29.905
371	1	3	125	23.000	54.82	1260.93	2025-11-01 08:30:29.909
372	1	3	126	6.000	137.71	826.27	2025-11-01 08:30:29.912
373	1	3	127	30.000	79.55	2386.42	2025-11-01 08:30:29.983
374	1	3	128	20.000	54.78	1095.60	2025-11-01 08:30:29.988
375	1	3	130	9.000	87.18	784.58	2025-11-01 08:30:29.992
376	1	3	131	1.000	207.76	207.76	2025-11-01 08:30:29.998
377	1	3	137	1.000	112.76	112.76	2025-11-01 08:30:30.002
378	1	3	139	21.000	122.31	2568.45	2025-11-01 08:30:30.006
379	1	3	140	2.000	137.32	274.63	2025-11-01 08:30:30.01
380	1	3	142	11.000	87.13	958.42	2025-11-01 08:30:30.016
381	1	3	143	5.000	57.27	286.33	2025-11-01 08:30:30.087
382	1	3	145	2.000	244.82	489.63	2025-11-01 08:30:30.092
383	1	3	148	2.000	72.32	144.63	2025-11-01 08:30:30.096
384	1	3	149	4.000	82.37	329.46	2025-11-01 08:30:30.1
385	1	3	151	12.000	92.38	1108.56	2025-11-01 08:30:30.104
386	1	3	152	1.000	89.01	89.01	2025-11-01 08:30:30.108
387	1	3	339	10.000	80.26	802.61	2025-11-01 08:30:30.112
388	1	3	340	3.000	109.37	328.12	2025-11-01 08:30:30.138
389	1	3	341	22.000	98.90	2175.84	2025-11-01 08:30:30.143
390	1	3	342	4.000	74.47	297.86	2025-11-01 08:30:30.182
391	1	3	343	10.000	74.19	741.93	2025-11-01 08:30:30.188
392	1	3	344	10.000	74.42	744.22	2025-11-01 08:30:30.193
393	1	3	345	14.000	85.06	1190.80	2025-11-01 08:30:30.198
394	1	3	346	1.000	84.84	84.84	2025-11-01 08:30:30.202
395	1	3	347	10.000	1.00	1.00	2025-11-01 08:30:30.207
396	1	3	348	3.000	102.40	307.21	2025-11-01 08:30:30.211
397	1	3	349	15.000	51.65	774.70	2025-11-01 08:30:30.225
398	1	3	350	15.000	62.15	932.28	2025-11-01 08:30:30.285
399	1	3	351	5.000	56.94	284.72	2025-11-01 08:30:30.289
400	1	3	352	17.000	81.50	1385.55	2025-11-01 08:30:30.294
401	1	3	353	5.000	81.38	406.89	2025-11-01 08:30:30.298
402	1	3	354	8.000	67.39	539.09	2025-11-01 08:30:30.302
403	1	3	355	10.000	105.87	1058.72	2025-11-01 08:30:30.306
404	1	3	356	16.000	46.84	749.39	2025-11-01 08:30:30.31
405	1	3	357	29.000	165.24	4792.07	2025-11-01 08:30:30.317
406	1	3	358	2.000	133.91	267.81	2025-11-01 08:30:30.383
407	1	3	359	23.000	95.46	2195.58	2025-11-01 08:30:30.394
408	1	3	360	18.000	48.20	867.51	2025-11-01 08:30:30.403
409	1	3	361	4.000	49.87	199.49	2025-11-01 08:30:30.487
410	1	3	362	15.000	77.97	1169.58	2025-11-01 08:30:30.584
411	1	3	363	4.000	60.37	241.49	2025-11-01 08:30:30.684
412	1	3	364	6.000	62.12	372.73	2025-11-01 08:30:30.692
413	1	3	365	6.000	56.87	341.23	2025-11-01 08:30:30.787
414	1	3	366	25.000	102.23	2555.74	2025-11-01 08:30:30.793
415	1	3	367	4.000	57.59	230.35	2025-11-01 08:30:30.886
416	1	3	368	8.000	67.37	538.98	2025-11-01 08:30:30.89
417	1	3	369	10.000	43.09	430.85	2025-11-01 08:30:30.894
418	1	3	370	20.000	60.40	1207.90	2025-11-01 08:30:30.899
419	1	3	371	44.000	98.89	4351.12	2025-11-01 08:30:30.903
420	1	3	372	104.000	58.82	6116.83	2025-11-01 08:30:30.907
421	1	3	373	51.000	74.21	3784.78	2025-11-01 08:30:30.935
422	1	3	374	2.000	156.59	313.17	2025-11-01 08:30:30.986
423	1	3	375	11.000	56.97	626.62	2025-11-01 08:30:30.991
424	1	3	376	7.000	74.54	521.76	2025-11-01 08:30:30.995
425	1	3	377	8.000	49.88	399.06	2025-11-01 08:30:31.001
426	1	3	378	41.000	44.42	1821.05	2025-11-01 08:30:31.005
427	1	3	379	6.000	145.96	875.75	2025-11-01 08:30:31.009
428	1	3	380	1.000	284.96	284.96	2025-11-01 08:30:31.085
429	1	3	381	12.000	154.96	1859.52	2025-11-01 08:30:31.093
430	1	3	191	43.000	115.76	4977.68	2025-11-01 08:30:31.102
431	1	3	205	202.000	66.28	13388.56	2025-11-01 08:30:31.107
432	1	3	206	99.000	96.97	9600.03	2025-11-01 08:30:31.111
433	1	3	209	174.000	49.89	8680.78	2025-11-01 08:30:31.134
434	1	3	382	15.000	112.36	1685.34	2025-11-01 08:30:31.193
435	1	3	383	2.000	119.90	239.79	2025-11-01 08:30:31.201
436	1	3	384	15.000	181.81	2727.15	2025-11-01 08:30:31.208
437	1	3	385	78.000	110.88	8648.86	2025-11-01 08:30:31.214
438	1	3	386	4.000	192.43	769.70	2025-11-01 08:30:31.242
439	1	3	387	3.000	101.12	303.35	2025-11-01 08:30:31.249
440	1	3	388	55.000	61.52	3383.41	2025-11-01 08:30:31.284
441	1	3	389	7.000	81.21	568.50	2025-11-01 08:30:31.289
442	1	3	390	24.000	81.13	1947.06	2025-11-01 08:30:31.294
443	1	3	391	2.000	88.34	176.68	2025-11-01 08:30:31.299
444	1	3	392	1.000	1.00	1.00	2025-11-01 08:30:31.304
445	1	3	393	34.000	151.67	5156.61	2025-11-01 08:30:31.308
446	1	3	394	55.000	90.78	4992.86	2025-11-01 08:30:31.313
447	1	3	395	28.000	77.66	2174.50	2025-11-01 08:30:31.386
448	1	3	396	39.000	61.22	2387.42	2025-11-01 08:30:31.393
449	1	3	397	57.000	96.63	5508.18	2025-11-01 08:30:31.398
450	1	3	398	5.000	120.62	603.11	2025-11-01 08:30:31.484
451	1	3	399	5.000	71.68	358.39	2025-11-01 08:30:31.489
452	1	3	400	41.000	81.61	3345.88	2025-11-01 08:30:31.493
453	1	3	401	129.000	112.37	14495.09	2025-11-01 08:30:31.502
454	1	3	402	13.000	50.67	658.75	2025-11-01 08:30:31.506
455	1	3	403	13.000	101.11	1314.44	2025-11-01 08:30:31.584
456	1	3	404	164.000	91.66	15031.59	2025-11-01 08:30:31.589
457	1	3	405	2.000	151.54	303.07	2025-11-01 08:30:31.594
458	1	3	406	28.000	81.71	2287.85	2025-11-01 08:30:31.598
459	1	3	407	25.000	101.39	2534.82	2025-11-01 08:30:31.602
460	1	3	408	69.000	156.10	10770.57	2025-11-01 08:30:31.606
461	1	3	409	15.000	92.32	1384.86	2025-11-01 08:30:31.61
462	1	3	410	6.000	92.33	553.95	2025-11-01 08:30:31.616
463	1	3	411	1.000	1.00	1.00	2025-11-01 08:30:31.684
464	1	3	412	4.000	111.69	446.77	2025-11-01 08:30:31.689
465	1	3	413	15.000	81.50	1222.50	2025-11-01 08:30:31.695
466	1	3	414	14.000	53.50	749.01	2025-11-01 08:30:31.7
467	1	3	415	26.000	131.71	3424.54	2025-11-01 08:30:31.704
468	1	3	416	6.000	75.36	452.13	2025-11-01 08:30:31.709
469	1	3	417	60.000	82.35	4941.25	2025-11-01 08:30:31.713
470	1	3	244	243.000	43.63	10602.09	2025-11-01 08:30:31.784
471	1	3	418	25.000	44.45	1111.27	2025-11-01 08:30:31.79
472	1	3	419	36.000	54.10	1947.62	2025-11-01 08:30:31.795
473	1	3	420	22.000	89.46	1968.09	2025-11-01 08:30:31.804
474	1	3	421	5.000	68.69	343.47	2025-11-01 08:30:31.809
475	1	3	422	9.000	48.60	437.40	2025-11-01 08:30:31.815
476	1	3	423	12.000	68.79	825.45	2025-11-01 08:30:31.886
477	1	3	288	3.000	128.55	385.64	2025-11-01 08:30:31.892
478	1	3	424	2.000	179.55	359.10	2025-11-01 08:30:31.897
479	1	3	425	12.000	53.45	641.45	2025-11-01 08:30:31.902
480	1	3	426	12.000	88.91	1066.88	2025-11-01 08:30:31.984
481	1	3	427	3.000	76.96	230.88	2025-11-01 08:30:31.989
482	1	3	428	1.000	141.69	141.69	2025-11-01 08:30:31.994
483	1	3	429	1.000	85.43	85.43	2025-11-01 08:30:31.998
484	1	3	430	3.000	47.93	143.79	2025-11-01 08:30:32.003
485	1	3	431	4.000	56.30	225.19	2025-11-01 08:30:32.008
486	1	3	432	2.000	85.37	170.73	2025-11-01 08:30:32.013
487	1	3	433	11.000	91.74	1009.09	2025-11-01 08:30:32.086
488	1	3	434	1.000	83.41	83.41	2025-11-01 08:30:32.092
489	1	3	435	4.000	57.57	230.26	2025-11-01 08:30:32.097
490	1	3	436	22.000	63.38	1394.44	2025-11-01 08:30:32.103
491	1	3	437	6.000	49.18	295.08	2025-11-01 08:30:32.108
492	1	3	438	10.000	48.33	483.32	2025-11-01 08:30:32.187
493	1	3	439	1.000	56.90	56.90	2025-11-01 08:30:32.193
494	1	3	440	4.000	242.05	968.20	2025-11-01 08:30:32.198
495	1	3	441	39.000	63.51	2477.00	2025-11-01 08:30:32.204
496	1	3	442	30.000	44.57	1337.10	2025-11-01 08:30:32.209
497	1	3	443	1.000	79.19	79.19	2025-11-01 08:30:32.219
498	1	3	444	1.000	119.67	119.67	2025-11-01 08:30:32.287
499	1	3	445	1.000	47.93	47.93	2025-11-01 08:30:32.293
500	1	3	446	1.000	241.69	241.69	2025-11-01 08:30:32.298
501	1	3	447	3.000	54.55	163.65	2025-11-01 08:30:32.304
502	1	3	448	12.000	49.55	594.54	2025-11-01 08:30:32.309
503	1	3	449	6.000	69.73	418.38	2025-11-01 08:30:32.384
504	1	3	450	28.000	148.82	4167.02	2025-11-01 08:30:32.389
505	1	3	451	1.000	109.91	109.91	2025-11-01 08:30:32.394
506	1	3	452	2.000	104.55	209.10	2025-11-01 08:30:32.399
507	1	3	453	9.000	89.50	805.50	2025-11-01 08:30:32.404
508	1	3	454	9.000	74.13	667.15	2025-11-01 08:30:32.409
509	1	3	455	35.000	83.36	2917.53	2025-11-01 08:30:32.485
510	1	3	456	4.000	44.55	178.18	2025-11-01 08:30:32.491
511	1	3	457	3.000	76.96	230.88	2025-11-01 08:30:32.496
512	1	3	458	1.000	148.70	148.70	2025-11-01 08:30:32.501
513	1	3	459	1.000	1.00	1.00	2025-11-01 08:30:32.506
514	1	3	289	6.000	76.99	461.94	2025-11-01 08:30:32.584
515	1	3	460	6.000	56.99	341.94	2025-11-01 08:30:32.591
516	1	3	461	17.000	78.96	1342.37	2025-11-01 08:30:32.598
517	1	3	462	33.000	44.78	1477.67	2025-11-01 08:30:32.605
518	1	3	463	4.000	90.11	360.42	2025-11-01 08:30:32.611
519	1	3	464	9.000	109.29	983.58	2025-11-01 08:30:32.682
520	1	3	465	10.000	64.38	643.76	2025-11-01 08:30:32.689
521	1	3	466	6.000	248.91	1493.46	2025-11-01 08:30:32.696
522	1	3	467	5.000	55.24	276.18	2025-11-01 08:30:32.702
523	1	3	468	22.000	169.66	3732.53	2025-11-01 08:30:32.784
524	1	3	469	2.000	55.12	110.24	2025-11-01 08:30:32.79
525	1	3	470	4.000	104.42	417.66	2025-11-01 08:30:32.796
526	1	3	471	35.000	278.82	9758.83	2025-11-01 08:30:32.804
527	1	3	472	2.000	429.19	858.37	2025-11-01 08:30:32.813
528	1	3	473	25.000	280.31	7007.86	2025-11-01 08:30:32.886
529	1	3	474	1.000	89.32	89.32	2025-11-01 08:30:32.891
530	1	3	475	4.000	154.55	618.21	2025-11-01 08:30:32.9
531	1	3	476	14.000	140.21	1962.95	2025-11-01 08:30:32.904
532	1	3	477	90.000	44.42	3997.68	2025-11-01 08:30:32.909
533	1	3	478	6.000	59.76	358.54	2025-11-01 08:30:32.984
534	1	3	479	2.000	49.79	99.58	2025-11-01 08:30:32.989
535	1	3	480	1.000	1.00	1.00	2025-11-01 08:30:32.994
2186	1	19	559	1.000	1.00	1.00	2025-11-05 09:04:53.034
536	1	3	481	99.000	54.20	5366.06	2025-11-01 08:30:33
537	1	3	482	5.000	279.21	1396.03	2025-11-01 08:30:33.006
538	1	3	483	7.000	190.40	1332.82	2025-11-01 08:30:33.011
539	1	3	484	16.000	49.20	787.18	2025-11-01 08:30:33.086
540	1	3	485	5.000	69.36	346.80	2025-11-01 08:30:33.092
541	1	3	486	1.000	88.68	88.68	2025-11-01 08:30:33.097
542	1	3	487	27.000	254.18	6862.92	2025-11-01 08:30:33.102
543	1	3	488	11.000	389.20	4281.17	2025-11-01 08:30:33.107
544	1	3	489	6.000	150.10	900.58	2025-11-01 08:30:33.188
545	1	3	490	11.000	129.86	1428.45	2025-11-01 08:30:33.195
546	1	3	491	1.000	119.64	119.64	2025-11-01 08:30:33.202
547	1	3	492	3.000	59.96	179.87	2025-11-01 08:30:33.22
548	1	3	493	4.000	44.21	176.84	2025-11-01 08:30:33.284
549	1	3	494	7.000	39.41	275.84	2025-11-01 08:30:33.29
550	1	3	495	3.000	228.86	686.58	2025-11-01 08:30:33.296
551	1	3	496	5.000	59.00	295.01	2025-11-01 08:30:33.302
552	1	3	497	12.000	179.09	2149.11	2025-11-01 08:30:33.307
553	1	3	498	15.000	253.78	3806.64	2025-11-01 08:30:33.313
554	1	3	499	1.000	113.60	113.60	2025-11-01 08:30:33.388
555	1	3	500	7.000	253.82	1776.72	2025-11-01 08:30:33.394
556	1	3	501	1.000	229.29	229.29	2025-11-01 08:30:33.399
557	1	3	502	1.000	73.95	73.95	2025-11-01 08:30:33.405
558	1	3	503	8.000	60.27	482.15	2025-11-01 08:30:33.411
559	1	3	504	39.000	59.21	2309.19	2025-11-01 08:30:33.483
560	1	3	505	2.000	79.07	158.13	2025-11-01 08:30:33.489
561	1	3	506	11.000	49.42	543.65	2025-11-01 08:30:33.495
562	1	3	507	5.000	69.14	345.72	2025-11-01 08:30:33.5
563	1	3	508	3.000	89.52	268.55	2025-11-01 08:30:33.506
2	1	1	2	0.000	124.75	0.00	2025-11-01 08:46:34.505
564	1	4	509	17.000	128.25	2180.28	2025-11-01 09:04:34.795
565	1	4	510	44.000	53.32	2346.08	2025-11-01 09:04:34.799
566	1	4	511	37.000	98.47	3643.37	2025-11-01 09:04:34.803
567	1	4	512	89.000	49.43	4399.49	2025-11-01 09:04:34.806
568	1	4	513	2.000	188.97	377.93	2025-11-01 09:04:34.81
569	1	4	514	244.000	240.70	58731.06	2025-11-01 09:04:34.831
570	1	4	153	116.000	329.19	38186.10	2025-11-01 09:04:34.885
571	1	4	515	43.000	79.16	3403.90	2025-11-01 09:04:34.889
572	1	4	516	255.000	49.41	12599.25	2025-11-01 09:04:34.893
573	1	4	517	2.000	127.95	255.90	2025-11-01 09:04:34.897
574	1	4	518	1.000	220.71	220.71	2025-11-01 09:04:34.901
575	1	4	519	62.000	89.12	5525.26	2025-11-01 09:04:34.904
576	1	4	520	83.000	49.71	4125.88	2025-11-01 09:04:34.911
577	1	4	521	6.000	77.74	466.44	2025-11-01 09:04:34.938
578	1	4	522	1.000	207.71	207.71	2025-11-01 09:04:34.989
579	1	4	523	1.000	152.13	152.13	2025-11-01 09:04:34.995
16967	8	114	5468	5.000	101.31	506.57	2026-01-04 18:53:56.888
581	1	4	337	90.000	49.55	4459.84	2025-11-01 09:04:35.007
582	1	4	525	11.000	78.26	860.84	2025-11-01 09:04:35.012
583	1	4	526	1.000	403.84	403.84	2025-11-01 09:04:35.029
584	1	4	527	5.000	103.97	519.86	2025-11-01 09:04:35.082
585	1	4	528	5.000	217.13	1085.63	2025-11-01 09:04:35.087
586	1	4	154	11.000	78.88	867.68	2025-11-01 09:04:35.092
587	1	4	529	16.000	254.37	4069.90	2025-11-01 09:04:35.096
588	1	4	530	1.000	189.48	189.48	2025-11-01 09:04:35.1
589	1	4	531	451.000	50.42	22738.63	2025-11-01 09:04:35.104
591	1	4	533	6.000	1.00	1.00	2025-11-01 09:04:35.116
592	1	4	534	4.000	104.17	416.68	2025-11-01 09:04:35.189
593	1	4	535	17.000	149.23	2536.99	2025-11-01 09:04:35.193
594	1	4	536	1.000	129.13	129.13	2025-11-01 09:04:35.197
595	1	4	537	3.000	281.70	845.10	2025-11-01 09:04:35.201
596	1	4	538	1.000	128.96	128.96	2025-11-01 09:04:35.205
597	1	4	539	8.000	243.67	1949.36	2025-11-01 09:04:35.209
598	1	4	540	1.000	128.30	128.30	2025-11-01 09:04:35.214
599	1	4	541	96.000	69.58	6679.42	2025-11-01 09:04:35.251
600	1	4	542	1.000	127.44	127.44	2025-11-01 09:04:35.283
601	1	4	543	2.000	108.80	217.59	2025-11-01 09:04:35.288
602	1	4	544	1.000	95.71	95.71	2025-11-01 09:04:35.293
603	1	4	545	3.000	69.33	207.98	2025-11-01 09:04:35.298
604	1	4	546	1.000	179.10	179.10	2025-11-01 09:04:35.302
605	1	4	547	32.000	189.11	6051.47	2025-11-01 09:04:35.306
607	1	4	549	1.000	77.26	77.26	2025-11-01 09:04:35.316
608	1	4	550	89.000	67.21	5982.12	2025-11-01 09:04:35.382
609	1	4	551	2.000	89.09	178.17	2025-11-01 09:04:35.387
610	1	4	552	3.000	156.36	469.09	2025-11-01 09:04:35.391
611	1	4	553	1.000	79.51	79.51	2025-11-01 09:04:35.395
612	1	4	554	9.000	69.31	623.81	2025-11-01 09:04:35.399
614	1	4	556	25.000	129.94	3248.49	2025-11-01 09:04:35.407
615	1	4	557	22.000	69.60	1531.26	2025-11-01 09:04:35.411
616	1	4	558	18.000	76.99	1385.81	2025-11-01 09:04:35.436
617	1	4	559	1.000	1.00	1.00	2025-11-01 09:04:35.483
618	1	4	560	56.000	64.40	3606.57	2025-11-01 09:04:35.488
620	1	4	562	19.000	228.77	4346.64	2025-11-01 09:04:35.496
621	1	4	563	35.000	57.60	2015.97	2025-11-01 09:04:35.5
622	1	4	564	1.000	254.03	254.03	2025-11-01 09:04:35.504
623	1	4	565	11.000	88.18	969.96	2025-11-01 09:04:35.508
624	1	4	566	3.000	244.13	732.38	2025-11-01 09:04:35.512
625	1	4	567	1.000	39.23	39.23	2025-11-01 09:04:35.518
626	1	4	568	38.000	54.05	2054.07	2025-11-01 09:04:35.586
627	1	4	569	11.000	228.77	2516.48	2025-11-01 09:04:35.591
628	1	4	570	7.000	303.77	2126.40	2025-11-01 09:04:35.597
632	1	4	574	2.000	229.05	458.10	2025-11-01 09:04:35.619
633	1	4	575	15.000	328.79	4931.78	2025-11-01 09:04:35.631
634	1	4	576	1.000	128.91	128.91	2025-11-01 09:04:35.638
635	1	4	577	1.000	47.71	47.71	2025-11-01 09:04:35.653
636	1	4	578	1.000	231.36	231.36	2025-11-01 09:04:35.688
637	1	4	579	98.000	143.04	14018.16	2025-11-01 09:04:35.693
638	1	4	580	119.000	212.49	25286.69	2025-11-01 09:04:35.699
639	1	4	581	4.000	47.71	190.84	2025-11-01 09:04:35.703
640	1	4	582	1.000	129.55	129.55	2025-11-01 09:04:35.782
641	1	4	583	15.000	78.66	1179.90	2025-11-01 09:04:35.788
590	1	4	532	0.000	87.66	0.00	2025-11-01 10:59:43.548
606	1	4	548	35.000	90.63	3172.05	2025-11-01 10:59:43.558
613	1	4	555	10.000	130.70	1307.00	2025-11-01 10:59:43.588
619	1	4	561	19.000	128.92	2449.48	2025-11-01 10:59:43.598
629	1	4	571	0.000	79.41	0.00	2025-11-01 10:59:43.606
631	1	4	573	0.000	79.24	0.00	2025-11-01 10:59:43.617
630	1	4	572	3.000	129.11	387.33	2025-11-01 10:59:43.824
642	1	4	584	38.000	139.60	5304.81	2025-11-01 09:04:35.792
643	1	4	585	2.000	129.07	258.13	2025-11-01 09:04:35.797
645	1	4	587	3.000	66.36	199.09	2025-11-01 09:04:35.805
646	1	4	588	6.000	281.37	1688.22	2025-11-01 09:04:35.81
647	1	4	589	23.000	130.53	3002.11	2025-11-01 09:04:35.849
648	1	4	590	1.000	107.71	107.71	2025-11-01 09:04:35.883
650	1	4	592	8.000	53.40	427.18	2025-11-01 09:04:35.901
651	1	4	593	1.000	112.71	112.71	2025-11-01 09:04:35.906
653	1	4	595	2.000	68.96	137.91	2025-11-01 09:04:35.934
654	1	4	597	1.000	361.30	361.30	2025-11-01 09:04:35.953
655	1	4	598	3.000	441.30	1323.90	2025-11-01 09:04:35.957
656	1	4	599	1.000	178.96	178.96	2025-11-01 09:04:35.992
657	1	4	600	4.000	163.95	655.81	2025-11-01 09:04:36
658	1	4	601	5.000	83.90	419.49	2025-11-01 09:04:36.005
659	1	4	602	2.000	78.32	156.64	2025-11-01 09:04:36.01
660	1	4	603	3.000	58.11	174.32	2025-11-01 09:04:36.025
661	1	4	339	3.000	115.21	345.63	2025-11-01 09:04:36.086
662	1	4	604	3.000	148.59	445.78	2025-11-01 09:04:36.102
663	1	4	605	1.000	105.32	105.32	2025-11-01 09:04:36.112
664	1	4	606	2.000	117.82	235.64	2025-11-01 09:04:36.134
665	1	4	607	2.000	180.32	360.64	2025-11-01 09:04:36.158
666	1	4	608	1.000	182.82	182.82	2025-11-01 09:04:36.188
667	1	4	609	1.000	182.82	182.82	2025-11-01 09:04:36.194
668	1	6	610	1.000	111.50	111.50	2025-11-01 09:25:48.761
669	1	6	611	3.000	89.33	267.99	2025-11-01 09:25:48.765
670	1	6	509	8.000	128.86	1030.89	2025-11-01 09:25:48.77
671	1	6	510	3.000	53.32	159.96	2025-11-01 09:25:48.774
672	1	6	511	10.000	98.87	988.65	2025-11-01 09:25:48.778
673	1	6	512	5.000	49.33	246.67	2025-11-01 09:25:48.782
674	1	6	513	3.000	188.77	566.31	2025-11-01 09:25:48.786
675	1	6	514	2.000	238.90	477.79	2025-11-01 09:25:48.79
676	1	6	153	7.000	328.59	2300.11	2025-11-01 09:25:48.794
677	1	6	612	2.000	129.26	258.51	2025-11-01 09:25:48.8
678	1	6	515	12.000	79.34	952.03	2025-11-01 09:25:48.804
679	1	6	516	1.000	47.55	47.55	2025-11-01 09:25:48.807
680	1	6	613	4.000	68.90	275.60	2025-11-01 09:25:48.811
681	1	6	519	5.000	89.34	446.71	2025-11-01 09:25:48.82
682	1	6	520	5.000	49.51	247.56	2025-11-01 09:25:48.841
683	1	6	523	2.000	152.34	304.67	2025-11-01 09:25:48.886
1759	1	12	153	0.000	329.19	0.00	2025-11-05 12:46:00.486
685	1	6	337	4.000	50.68	202.72	2025-11-01 09:25:48.895
686	1	6	614	2.000	0.01	0.02	2025-11-01 09:25:48.899
687	1	6	615	1.000	192.76	192.76	2025-11-01 09:25:48.903
688	1	6	616	1.000	132.76	132.76	2025-11-01 09:25:48.986
689	1	6	617	1.000	192.71	192.71	2025-11-01 09:25:48.99
690	1	6	527	4.000	104.52	418.07	2025-11-01 09:25:48.994
691	1	6	528	2.000	217.52	435.03	2025-11-01 09:25:48.998
692	1	6	154	4.000	75.44	301.76	2025-11-01 09:25:49.002
693	1	6	530	2.000	189.58	379.16	2025-11-01 09:25:49.006
694	1	6	531	5.000	52.64	263.20	2025-11-01 09:25:49.01
695	1	6	618	2.000	47.93	95.86	2025-11-01 09:25:49.016
696	1	6	535	5.000	149.55	747.75	2025-11-01 09:25:49.086
697	1	6	536	3.000	129.19	387.57	2025-11-01 09:25:49.09
698	1	6	619	2.000	188.51	377.01	2025-11-01 09:25:49.094
699	1	6	620	4.000	92.76	371.04	2025-11-01 09:25:49.099
700	1	6	621	1.000	229.71	229.71	2025-11-01 09:25:49.104
701	1	6	622	2.000	95.15	190.29	2025-11-01 09:25:49.108
702	1	6	623	1.000	99.03	99.03	2025-11-01 09:25:49.184
703	1	6	624	1.000	169.89	169.89	2025-11-01 09:25:49.188
704	1	6	546	4.000	179.14	716.57	2025-11-01 09:25:49.192
705	1	6	547	8.000	189.32	1514.57	2025-11-01 09:25:49.196
706	1	6	625	2.000	231.36	462.72	2025-11-01 09:25:49.2
708	1	6	626	4.000	86.07	344.26	2025-11-01 09:25:49.208
709	1	6	550	2.000	72.43	144.86	2025-11-01 09:25:49.212
710	1	6	554	3.000	69.51	208.52	2025-11-01 09:25:49.283
712	1	6	627	1.000	137.11	137.11	2025-11-01 09:25:49.293
713	1	6	556	4.000	129.57	518.28	2025-11-01 09:25:49.297
714	1	6	557	10.000	69.54	695.38	2025-11-01 09:25:49.301
715	1	6	628	2.000	78.58	157.16	2025-11-01 09:25:49.305
716	1	6	558	3.000	71.58	214.73	2025-11-01 09:25:49.311
718	1	6	629	3.000	108.04	324.12	2025-11-01 09:25:49.387
719	1	6	562	3.000	228.57	685.71	2025-11-01 09:25:49.392
720	1	6	563	4.000	53.92	215.67	2025-11-01 09:25:49.397
721	1	6	630	5.000	48.98	244.92	2025-11-01 09:25:49.401
722	1	6	568	26.000	53.58	1393.17	2025-11-01 09:25:49.405
723	1	6	569	4.000	228.40	913.59	2025-11-01 09:25:49.409
724	1	6	570	3.000	303.40	910.21	2025-11-01 09:25:49.413
725	1	6	631	2.000	69.46	138.92	2025-11-01 09:25:49.482
728	1	6	574	8.000	229.04	1832.30	2025-11-01 09:25:49.496
729	1	6	575	4.000	324.32	1297.29	2025-11-01 09:25:49.501
730	1	6	632	1.000	71.63	71.63	2025-11-01 09:25:49.505
731	1	6	578	1.000	229.73	229.73	2025-11-01 09:25:49.508
732	1	6	580	11.000	211.27	2323.93	2025-11-01 09:25:49.512
733	1	6	633	3.000	280.82	842.45	2025-11-01 09:25:49.524
734	1	6	584	3.000	138.77	416.31	2025-11-01 09:25:49.586
735	1	6	585	3.000	129.22	387.66	2025-11-01 09:25:49.592
736	1	6	634	3.000	76.63	229.89	2025-11-01 09:25:49.596
738	1	6	635	2.000	43.77	87.54	2025-11-01 09:25:49.606
739	1	6	589	4.000	129.63	518.51	2025-11-01 09:25:49.61
740	1	6	592	7.000	53.02	371.13	2025-11-01 09:25:49.685
742	1	6	636	3.000	67.78	203.34	2025-11-01 09:25:49.694
743	1	6	637	3.000	94.83	284.50	2025-11-01 09:25:49.698
744	1	6	638	5.000	44.05	220.25	2025-11-01 09:25:49.702
745	1	6	639	3.000	78.88	236.65	2025-11-01 09:25:49.783
746	1	6	640	3.000	98.21	294.63	2025-11-01 09:25:49.789
747	1	6	641	4.000	94.05	376.20	2025-11-01 09:25:49.793
748	1	6	642	4.000	84.05	336.20	2025-11-01 09:25:49.798
707	1	6	548	9.000	89.96	809.66	2025-11-01 10:59:43.583
711	1	6	555	10.000	133.38	1333.77	2025-11-01 10:59:43.593
717	1	6	561	12.000	128.92	1547.05	2025-11-01 10:59:43.601
727	1	6	573	2.000	79.35	158.71	2025-11-01 10:59:43.627
649	1	4	591	3.000	48.86	146.58	2025-11-01 10:59:43.686
652	1	4	594	69.000	69.12	4769.28	2025-11-01 10:59:43.695
741	1	6	594	9.000	69.33	624.01	2025-11-01 10:59:43.699
644	1	4	586	13.000	103.71	1348.23	2025-11-01 10:59:43.704
737	1	6	586	6.000	106.23	637.40	2025-11-01 10:59:43.707
726	1	6	572	6.000	129.09	774.53	2025-11-01 10:59:43.83
749	1	6	596	4.000	153.80	615.20	2025-11-01 09:25:49.803
750	1	6	600	3.000	164.14	492.41	2025-11-01 09:25:49.807
751	1	6	601	9.000	84.12	757.11	2025-11-01 09:25:49.812
752	1	6	643	4.000	149.05	596.20	2025-11-01 09:25:49.829
753	1	6	644	1.000	87.73	87.73	2025-11-01 09:25:49.887
754	1	6	645	1.000	141.81	141.81	2025-11-01 09:25:49.892
755	1	6	646	2.000	49.05	98.10	2025-11-01 09:25:49.896
756	1	6	647	1.000	142.63	142.63	2025-11-01 09:25:49.9
757	1	6	648	3.000	368.65	1105.94	2025-11-01 09:25:49.904
758	1	6	649	5.000	59.19	295.93	2025-11-01 09:25:49.908
759	1	6	650	3.000	73.29	219.87	2025-11-01 09:25:49.912
760	1	6	651	6.000	59.03	354.18	2025-11-01 09:25:49.983
761	1	6	652	3.000	109.46	328.38	2025-11-01 09:25:49.989
762	1	6	653	11.000	50.26	552.86	2025-11-01 09:25:49.993
763	1	6	654	1.000	155.27	155.27	2025-11-01 09:25:49.998
764	1	6	655	7.000	54.13	378.90	2025-11-01 09:25:50.003
765	1	6	656	1.000	140.38	140.38	2025-11-01 09:25:50.009
766	1	6	657	1.000	428.96	428.96	2025-11-01 09:25:50.027
767	1	6	658	13.000	140.47	1826.16	2025-11-01 09:25:50.087
768	1	6	659	4.000	159.78	639.10	2025-11-01 09:25:50.093
769	1	6	660	4.000	100.93	403.70	2025-11-01 09:25:50.097
770	1	6	661	1.000	368.96	368.96	2025-11-01 09:25:50.102
771	1	6	662	4.000	45.26	181.04	2025-11-01 09:25:50.107
772	1	6	663	1.000	288.96	288.96	2025-11-01 09:25:50.185
773	1	6	339	8.000	104.37	834.97	2025-11-01 09:25:50.19
774	1	6	664	6.000	91.11	546.64	2025-11-01 09:25:50.198
775	1	6	665	4.000	155.06	620.23	2025-11-01 09:25:50.203
776	1	6	666	9.000	58.72	528.50	2025-11-01 09:25:50.207
777	1	6	667	3.000	108.91	326.72	2025-11-01 09:25:50.211
778	1	6	340	3.000	108.31	324.92	2025-11-01 09:25:50.284
779	1	6	341	3.000	97.86	293.58	2025-11-01 09:25:50.29
780	1	6	342	3.000	73.82	221.46	2025-11-01 09:25:50.295
781	1	6	343	6.000	73.71	442.25	2025-11-01 09:25:50.3
782	1	6	344	8.000	73.35	586.76	2025-11-01 09:25:50.304
783	1	6	345	1.000	83.87	83.87	2025-11-01 09:25:50.312
784	1	6	346	2.000	83.81	167.61	2025-11-01 09:25:50.385
785	1	6	348	5.000	101.60	507.99	2025-11-01 09:25:50.407
786	1	6	668	3.000	69.41	208.23	2025-11-01 09:25:50.486
787	1	6	349	3.000	50.60	151.80	2025-11-01 09:25:50.585
788	1	6	350	7.000	61.09	427.63	2025-11-01 09:25:50.682
789	1	6	669	2.000	105.17	210.34	2025-11-01 09:25:50.699
790	1	6	670	10.000	59.83	598.26	2025-11-01 09:25:50.783
791	1	6	351	7.000	56.30	394.12	2025-11-01 09:25:50.885
792	1	6	671	2.000	109.07	218.13	2025-11-01 09:25:50.89
793	1	6	672	2.000	72.07	144.14	2025-11-01 09:25:50.895
794	1	6	352	4.000	80.31	321.24	2025-11-01 09:25:50.902
795	1	6	673	5.000	118.81	594.05	2025-11-01 09:25:50.907
796	1	6	353	4.000	80.61	322.42	2025-11-01 09:25:50.911
797	1	6	354	8.000	66.58	532.61	2025-11-01 09:25:50.931
798	1	6	357	8.000	164.79	1318.35	2025-11-01 09:25:50.987
799	1	6	359	10.000	94.36	943.60	2025-11-01 09:25:50.993
800	1	6	360	5.000	47.12	235.60	2025-11-01 09:25:50.997
801	1	6	361	4.000	48.97	195.86	2025-11-01 09:25:51.003
802	1	6	674	1.000	61.29	61.29	2025-11-01 09:25:51.008
803	1	6	362	11.000	77.16	848.79	2025-11-01 09:25:51.015
804	1	6	363	4.000	59.40	237.61	2025-11-01 09:25:51.087
805	1	6	364	2.000	61.08	122.16	2025-11-01 09:25:51.092
806	1	6	675	1.000	102.44	102.44	2025-11-01 09:25:51.097
807	1	6	365	3.000	55.81	167.42	2025-11-01 09:25:51.102
808	1	6	366	7.000	101.68	711.79	2025-11-01 09:25:51.108
809	1	6	676	7.000	55.69	389.83	2025-11-01 09:25:51.113
810	1	6	367	5.000	56.66	283.32	2025-11-01 09:25:51.188
811	1	6	677	9.000	108.86	979.72	2025-11-01 09:25:51.193
812	1	6	368	1.000	66.28	66.28	2025-11-01 09:25:51.198
813	1	6	369	1.000	41.78	41.78	2025-11-01 09:25:51.203
814	1	6	370	2.000	59.35	118.70	2025-11-01 09:25:51.284
815	1	6	371	11.000	98.32	1081.49	2025-11-01 09:25:51.29
816	1	6	678	1.000	52.81	52.81	2025-11-01 09:25:51.296
817	1	6	679	10.000	124.73	1247.32	2025-11-01 09:25:51.302
818	1	6	680	7.000	52.63	368.39	2025-11-01 09:25:51.308
819	1	6	681	4.000	91.34	365.37	2025-11-01 09:25:51.384
820	1	6	374	2.000	156.21	312.41	2025-11-01 09:25:51.394
821	1	6	375	3.000	55.80	167.40	2025-11-01 09:25:51.4
822	1	6	682	2.000	74.60	149.19	2025-11-01 09:25:51.405
823	1	6	376	3.000	73.31	219.93	2025-11-01 09:25:51.41
824	1	6	377	3.000	48.80	146.40	2025-11-01 09:25:51.488
825	1	6	378	10.000	42.93	429.28	2025-11-01 09:25:51.493
826	1	6	683	1.000	63.01	63.01	2025-11-01 09:25:51.499
827	1	6	290	9.000	82.15	739.38	2025-11-01 09:25:51.503
828	1	6	292	7.000	92.36	646.55	2025-11-01 09:25:51.508
4399	1	40	533	5.000	0.10	0.50	2025-11-08 12:59:05.671
830	1	6	294	5.000	61.56	307.80	2025-11-01 09:25:51.587
831	1	6	296	6.000	97.31	583.86	2025-11-01 09:25:51.593
832	1	6	297	4.000	102.16	408.64	2025-11-01 09:25:51.599
833	1	6	298	1.000	179.21	179.21	2025-11-01 09:25:51.604
834	1	6	299	8.000	132.01	1056.09	2025-11-01 09:25:51.609
835	1	6	301	4.000	132.13	528.52	2025-11-01 09:25:51.617
836	1	6	684	3.000	191.90	575.70	2025-11-01 09:25:51.686
837	1	6	685	1.000	71.39	71.39	2025-11-01 09:25:51.692
838	1	6	302	3.000	67.19	201.57	2025-11-01 09:25:51.696
839	1	6	686	1.000	130.35	130.35	2025-11-01 09:25:51.7
840	1	6	687	3.000	151.88	455.64	2025-11-01 09:25:51.705
841	1	6	305	27.000	61.38	1657.14	2025-11-01 09:25:51.709
842	1	6	688	2.000	48.23	96.46	2025-11-01 09:25:51.713
843	1	6	306	5.000	71.60	358.00	2025-11-01 09:25:51.788
844	1	6	307	13.000	56.30	731.94	2025-11-01 09:25:51.795
845	1	6	308	7.000	62.19	435.36	2025-11-01 09:25:51.801
847	1	6	310	8.000	152.11	1216.87	2025-11-01 09:25:51.812
848	1	6	311	6.000	72.14	432.81	2025-11-01 09:25:51.817
849	1	6	689	1.000	72.10	72.10	2025-11-01 09:25:51.886
851	1	6	316	8.000	52.60	420.78	2025-11-01 09:25:51.897
852	1	6	317	14.000	72.06	1008.77	2025-11-01 09:25:51.903
853	1	6	318	13.000	60.12	781.58	2025-11-01 09:25:51.909
854	1	6	690	1.000	101.59	101.59	2025-11-01 09:25:51.982
846	1	6	309	11.000	102.62	1128.77	2025-11-01 10:59:43.795
850	1	6	314	11.000	102.24	1124.68	2025-11-01 10:59:43.803
855	1	6	319	22.000	112.35	2471.67	2025-11-01 10:59:43.811
856	1	6	691	6.000	63.42	380.54	2025-11-01 09:25:51.995
857	1	6	321	1.000	92.12	92.12	2025-11-01 09:25:52
858	1	6	692	1.000	56.01	56.01	2025-11-01 09:25:52.005
859	1	6	693	1.000	91.34	91.34	2025-11-01 09:25:52.01
860	1	6	328	14.000	93.01	1116.12	2025-11-01 09:25:52.083
861	1	6	694	2.000	112.55	225.10	2025-11-01 09:25:52.09
862	1	6	329	8.000	132.14	1057.12	2025-11-01 09:25:52.096
863	1	6	695	9.000	96.45	868.05	2025-11-01 09:25:52.101
864	1	6	696	4.000	71.95	287.80	2025-11-01 09:25:52.107
865	1	6	332	12.000	131.95	527.80	2025-11-01 09:25:52.116
866	1	6	333	3.000	81.83	245.49	2025-11-01 09:25:52.182
867	1	6	697	11.000	68.13	749.43	2025-11-01 09:25:52.188
868	1	7	154	127.000	69.46	8821.42	2025-11-01 09:34:09.997
869	1	7	63	250.000	45.27	11317.26	2025-11-01 09:34:10.001
870	1	7	71	905.000	44.63	40389.59	2025-11-01 09:34:10.006
871	1	7	113	200.000	69.18	13836.00	2025-11-01 09:34:10.01
872	1	7	151	150.000	94.35	14152.50	2025-11-01 09:34:10.083
873	1	5	514	2.000	240.54	481.08	2025-11-01 10:00:23.387
874	1	5	153	24.000	328.87	7892.92	2025-11-01 10:00:23.395
875	1	5	515	28.000	81.44	2280.23	2025-11-01 10:00:23.399
876	1	5	516	74.000	48.30	3573.84	2025-11-01 10:00:23.407
877	1	5	337	104.000	49.50	5147.84	2025-11-01 10:00:23.484
878	1	5	698	1.000	0.01	0.01	2025-11-01 10:00:23.489
879	1	5	154	20.000	76.11	1522.12	2025-11-01 10:00:23.493
880	1	5	529	10.000	253.87	2538.70	2025-11-01 10:00:23.497
881	1	5	531	49.000	50.64	2481.32	2025-11-01 10:00:23.502
882	1	5	624	10.000	169.89	1698.90	2025-11-01 10:00:23.506
883	1	5	547	10.000	189.33	1893.30	2025-11-01 10:00:23.518
884	1	5	550	10.000	72.43	724.30	2025-11-01 10:00:23.541
885	1	5	562	5.000	228.45	1142.25	2025-11-01 10:00:23.547
886	1	5	631	6.000	69.46	416.76	2025-11-01 10:00:23.587
887	1	5	579	24.000	143.03	3432.75	2025-11-01 10:00:23.592
888	1	5	699	1.000	82.71	82.71	2025-11-01 10:00:23.597
889	1	5	155	24.000	13.54	324.96	2025-11-01 10:00:23.601
890	1	5	52	5.000	63.45	317.26	2025-11-01 10:00:23.606
891	1	5	700	60.000	70.19	4211.59	2025-11-01 10:00:23.611
892	1	5	53	7.000	79.91	559.38	2025-11-01 10:00:23.682
893	1	5	54	15.000	74.71	1120.66	2025-11-01 10:00:23.687
894	1	5	55	12.000	110.68	1328.16	2025-11-01 10:00:23.692
895	1	5	56	15.000	98.08	1471.23	2025-11-01 10:00:23.697
896	1	5	57	7.000	179.58	1257.05	2025-11-01 10:00:23.704
897	1	5	701	1.000	148.36	148.36	2025-11-01 10:00:23.712
898	1	5	58	24.000	79.80	1915.19	2025-11-01 10:00:23.721
899	1	5	60	7.000	109.69	767.83	2025-11-01 10:00:23.795
900	1	5	63	35.000	44.65	1562.71	2025-11-01 10:00:23.803
901	1	5	66	1.000	80.16	80.16	2025-11-01 10:00:23.823
902	1	5	67	15.000	69.76	1046.40	2025-11-01 10:00:23.851
903	1	5	70	11.000	120.09	1321.03	2025-11-01 10:00:23.866
904	1	5	71	65.000	46.90	3048.78	2025-11-01 10:00:23.885
905	1	5	73	3.000	194.42	583.26	2025-11-01 10:00:23.891
906	1	5	74	12.000	79.67	955.98	2025-11-01 10:00:23.898
907	1	5	75	3.000	110.97	332.90	2025-11-01 10:00:23.903
908	1	5	76	8.000	89.68	717.41	2025-11-01 10:00:23.907
909	1	5	79	10.000	65.75	657.53	2025-11-01 10:00:23.911
910	1	5	81	9.000	74.18	667.58	2025-11-01 10:00:23.928
911	1	5	83	15.000	150.48	2257.21	2025-11-01 10:00:23.995
912	1	5	84	10.000	55.73	557.30	2025-11-01 10:00:24.005
913	1	5	702	1.000	91.78	91.78	2025-11-01 10:00:24.009
914	1	5	85	19.000	74.91	1423.25	2025-11-01 10:00:24.045
915	1	5	703	3.000	69.53	208.59	2025-11-01 10:00:24.076
916	1	5	87	2.000	68.66	137.32	2025-11-01 10:00:24.08
917	1	5	91	20.000	56.05	1120.90	2025-11-01 10:00:24.085
918	1	5	92	16.000	150.32	2405.12	2025-11-01 10:00:24.089
919	1	5	93	10.000	151.39	1513.91	2025-11-01 10:00:24.093
920	1	5	704	2.000	168.31	336.62	2025-11-01 10:00:24.097
921	1	5	95	9.000	369.57	3326.14	2025-11-01 10:00:24.105
922	1	5	96	9.000	179.51	1615.56	2025-11-01 10:00:24.116
923	1	5	99	4.000	191.59	766.36	2025-11-01 10:00:24.143
924	1	5	100	1.000	155.64	155.64	2025-11-01 10:00:24.148
925	1	5	102	11.000	99.69	1096.60	2025-11-01 10:00:24.183
926	1	5	103	14.000	59.45	832.29	2025-11-01 10:00:24.188
927	1	5	104	2.000	166.59	333.18	2025-11-01 10:00:24.192
928	1	5	105	10.000	94.11	941.10	2025-11-01 10:00:24.197
929	1	5	107	17.000	75.09	1276.45	2025-11-01 10:00:24.201
930	1	5	109	12.000	84.35	1012.25	2025-11-01 10:00:24.206
931	1	5	111	4.000	225.56	902.23	2025-11-01 10:00:24.21
932	1	5	113	16.000	69.08	1105.20	2025-11-01 10:00:24.215
933	1	5	114	2.000	101.25	202.50	2025-11-01 10:00:24.22
934	1	5	705	3.000	164.47	493.42	2025-11-01 10:00:24.244
935	1	5	706	2.000	370.43	740.85	2025-11-01 10:00:24.283
936	1	5	119	2.000	280.26	560.52	2025-11-01 10:00:24.288
937	1	5	120	3.000	110.10	330.29	2025-11-01 10:00:24.293
938	1	5	123	13.000	59.56	774.28	2025-11-01 10:00:24.298
939	1	5	131	3.000	205.26	615.78	2025-11-01 10:00:24.302
940	1	5	133	6.000	129.47	776.83	2025-11-01 10:00:24.306
941	1	5	134	10.000	84.65	846.53	2025-11-01 10:00:24.315
942	1	5	707	40.000	159.93	6397.37	2025-11-01 10:00:24.348
943	1	5	138	21.000	110.32	2316.75	2025-11-01 10:00:24.386
944	1	5	708	9.000	129.80	1168.19	2025-11-01 10:00:24.392
945	1	5	139	10.000	111.60	1115.98	2025-11-01 10:00:24.396
946	1	5	140	7.000	134.64	942.46	2025-11-01 10:00:24.4
947	1	5	141	2.000	44.45	88.89	2025-11-01 10:00:24.404
948	1	5	142	6.000	84.97	509.79	2025-11-01 10:00:24.408
949	1	5	143	5.000	54.83	274.15	2025-11-01 10:00:24.413
950	1	5	144	11.000	95.14	1046.56	2025-11-01 10:00:24.483
951	1	5	145	3.000	242.24	726.73	2025-11-01 10:00:24.488
952	1	5	149	5.000	80.88	404.42	2025-11-01 10:00:24.493
953	1	5	151	11.000	102.83	1131.18	2025-11-01 10:00:24.498
954	1	5	653	16.000	72.79	1164.64	2025-11-01 10:00:24.503
955	1	5	709	1.000	166.09	166.09	2025-11-01 10:00:24.507
956	1	5	710	1.000	70.38	70.38	2025-11-01 10:00:24.512
957	1	5	711	2.000	95.73	191.46	2025-11-01 10:00:24.528
958	1	5	712	2.000	205.75	411.50	2025-11-01 10:00:24.586
959	1	5	713	1.000	95.44	95.44	2025-11-01 10:00:24.593
960	1	5	714	4.000	120.79	483.15	2025-11-01 10:00:24.598
961	1	5	715	2.000	90.25	180.50	2025-11-01 10:00:24.603
962	1	5	4	72.000	23.69	1705.68	2025-11-01 10:00:24.684
963	1	5	15	9.000	42.27	380.43	2025-11-01 10:00:24.696
964	1	5	41	15.000	91.37	1370.59	2025-11-01 10:00:24.704
965	1	5	716	3.000	112.02	336.06	2025-11-01 10:00:24.71
966	1	5	717	16.000	105.21	1683.35	2025-11-01 10:00:24.735
967	1	5	668	9.000	69.41	624.69	2025-11-01 10:00:24.786
968	1	5	718	37.000	38.31	1417.47	2025-11-01 10:00:24.792
969	1	5	157	6.000	50.87	305.22	2025-11-01 10:00:24.796
970	1	5	158	9.000	65.70	591.28	2025-11-01 10:00:24.801
971	1	5	719	1.000	75.77	75.77	2025-11-01 10:00:24.806
972	1	5	720	6.000	71.06	426.36	2025-11-01 10:00:24.811
973	1	5	159	7.000	65.63	459.39	2025-11-01 10:00:24.825
974	1	5	160	7.000	98.69	690.84	2025-11-01 10:00:24.886
975	1	5	161	1.000	79.81	79.81	2025-11-01 10:00:24.891
976	1	5	721	1.000	160.57	160.57	2025-11-01 10:00:24.897
977	1	5	162	3.000	170.48	511.44	2025-11-01 10:00:24.902
978	1	5	722	5.000	45.81	229.05	2025-11-01 10:00:24.907
979	1	5	164	9.000	75.78	682.02	2025-11-01 10:00:24.995
980	1	5	165	8.000	130.80	1046.43	2025-11-01 10:00:25.001
981	1	5	723	13.000	45.87	596.29	2025-11-01 10:00:25.006
982	1	5	167	4.000	79.32	317.28	2025-11-01 10:00:25.012
983	1	5	168	11.000	70.52	775.72	2025-11-01 10:00:25.033
984	1	5	724	6.000	55.85	335.08	2025-11-01 10:00:25.05
985	1	5	725	5.000	85.78	428.90	2025-11-01 10:00:25.086
986	1	5	726	3.000	75.76	227.28	2025-11-01 10:00:25.092
987	1	5	169	2.000	105.58	211.16	2025-11-01 10:00:25.097
988	1	5	727	3.000	150.74	452.22	2025-11-01 10:00:25.102
989	1	5	728	1.000	51.83	51.83	2025-11-01 10:00:25.107
990	1	5	170	10.000	70.78	707.80	2025-11-01 10:00:25.185
991	1	5	171	3.000	50.84	152.52	2025-11-01 10:00:25.19
992	1	5	729	9.000	55.81	502.26	2025-11-01 10:00:25.197
993	1	5	172	7.000	105.63	739.43	2025-11-01 10:00:25.202
994	1	5	730	4.000	152.72	610.88	2025-11-01 10:00:25.207
995	1	5	731	6.000	93.75	562.52	2025-11-01 10:00:25.285
996	1	5	732	1.000	120.72	120.72	2025-11-01 10:00:25.291
997	1	5	175	7.000	95.78	670.47	2025-11-01 10:00:25.296
998	1	5	176	12.000	55.85	670.23	2025-11-01 10:00:25.301
999	1	5	733	1.000	102.78	102.78	2025-11-01 10:00:25.306
1000	1	5	734	2.000	65.80	131.60	2025-11-01 10:00:25.311
1001	1	5	735	2.000	115.68	231.35	2025-11-01 10:00:25.385
1002	1	5	736	1.000	165.69	165.69	2025-11-01 10:00:25.391
1003	1	5	178	2.000	205.55	411.09	2025-11-01 10:00:25.395
1004	1	5	737	1.000	280.66	280.66	2025-11-01 10:00:25.401
1005	1	5	180	3.000	280.50	841.50	2025-11-01 10:00:25.406
1006	1	5	182	4.000	126.34	505.36	2025-11-01 10:00:25.41
1007	1	5	183	7.000	130.82	915.72	2025-11-01 10:00:25.485
1008	1	5	738	3.000	60.91	182.73	2025-11-01 10:00:25.49
1009	1	5	184	8.000	105.71	845.65	2025-11-01 10:00:25.495
1010	1	5	739	1.000	135.78	135.78	2025-11-01 10:00:25.499
1011	1	5	740	5.000	90.52	452.61	2025-11-01 10:00:25.504
1012	1	5	185	9.000	80.75	726.73	2025-11-01 10:00:25.509
1013	1	5	741	8.000	64.84	518.72	2025-11-01 10:00:25.517
1014	1	5	742	6.000	171.34	1028.04	2025-11-01 10:00:25.587
1015	1	5	743	2.000	397.02	794.04	2025-11-01 10:00:25.592
1016	1	5	744	1.000	230.86	230.86	2025-11-01 10:00:25.597
1017	1	5	745	5.000	55.53	277.65	2025-11-01 10:00:25.602
1018	1	5	746	1.000	134.44	134.44	2025-11-01 10:00:25.607
1019	1	5	747	1.000	61.59	61.59	2025-11-01 10:00:25.612
1020	1	5	748	8.000	65.96	527.68	2025-11-01 10:00:25.685
1021	1	5	749	2.000	391.96	783.92	2025-11-01 10:00:25.691
1022	1	5	750	3.000	98.69	296.07	2025-11-01 10:00:25.696
1023	1	5	751	1.000	112.82	112.82	2025-11-01 10:00:25.702
1024	1	5	188	8.000	135.56	1084.48	2025-11-01 10:00:25.707
1025	1	5	190	16.000	71.29	1140.68	2025-11-01 10:00:25.712
1026	1	5	191	10.000	115.49	1154.89	2025-11-01 10:00:25.734
1027	1	5	195	4.000	257.03	1028.12	2025-11-01 10:00:25.786
1028	1	5	196	39.000	253.13	9872.06	2025-11-01 10:00:25.792
1029	1	5	202	5.000	104.24	521.21	2025-11-01 10:00:25.798
1030	1	5	752	1.000	164.85	164.85	2025-11-01 10:00:25.804
1031	1	5	205	14.000	66.83	935.65	2025-11-01 10:00:25.809
1032	1	5	206	12.000	98.91	1186.89	2025-11-01 10:00:25.885
1033	1	5	753	1.000	94.86	94.86	2025-11-01 10:00:25.892
1034	1	5	754	3.000	142.52	427.56	2025-11-01 10:00:25.898
1035	1	5	208	10.000	82.54	825.40	2025-11-01 10:00:25.904
1036	1	5	755	1.000	124.78	124.78	2025-11-01 10:00:25.911
1037	1	5	216	2.000	144.39	288.78	2025-11-01 10:00:25.987
1038	1	5	756	7.000	256.99	1798.95	2025-11-01 10:00:25.993
1039	1	5	757	2.000	132.05	264.09	2025-11-01 10:00:25.998
1040	1	5	758	25.000	56.45	1411.25	2025-11-01 10:00:26.004
1041	1	5	220	3.000	256.96	770.88	2025-11-01 10:00:26.01
1042	1	5	759	3.000	180.75	542.25	2025-11-01 10:00:26.082
1043	1	5	760	2.000	332.25	664.49	2025-11-01 10:00:26.092
1044	1	5	761	1.000	145.83	145.83	2025-11-01 10:00:26.099
1045	1	5	762	1.000	115.20	115.20	2025-11-01 10:00:26.104
1046	1	5	763	11.000	40.90	449.90	2025-11-01 10:00:26.109
1047	1	5	764	1.000	151.96	151.96	2025-11-01 10:00:26.186
1048	1	5	234	1.000	50.22	50.22	2025-11-01 10:00:26.192
1049	1	5	765	1.000	81.90	81.90	2025-11-01 10:00:26.197
1050	1	5	382	12.000	111.98	1343.81	2025-11-01 10:00:26.203
1051	1	5	766	2.000	56.47	112.94	2025-11-01 10:00:26.208
1052	1	5	383	2.000	120.04	240.07	2025-11-01 10:00:26.286
1053	1	5	767	4.000	66.46	265.84	2025-11-01 10:00:26.292
1054	1	5	768	2.000	86.34	172.68	2025-11-01 10:00:26.298
1055	1	5	384	3.000	181.81	545.43	2025-11-01 10:00:26.303
1056	1	5	385	6.000	108.20	649.18	2025-11-01 10:00:26.308
1057	1	5	386	2.000	191.91	383.81	2025-11-01 10:00:26.383
1058	1	5	769	1.000	1.00	1.00	2025-11-01 10:00:26.391
1059	1	5	770	5.000	152.06	760.30	2025-11-01 10:00:26.398
1060	1	5	387	3.000	99.95	299.84	2025-11-01 10:00:26.485
1061	1	5	389	5.000	81.21	406.06	2025-11-01 10:00:26.493
1062	1	5	771	2.000	61.56	123.11	2025-11-01 10:00:26.585
1063	1	5	390	10.000	81.15	811.52	2025-11-01 10:00:26.591
1064	1	5	772	1.000	84.77	84.77	2025-11-01 10:00:26.596
1065	1	5	773	4.000	139.90	559.60	2025-11-01 10:00:26.602
1066	1	5	774	41.000	96.48	3955.55	2025-11-01 10:00:26.609
1067	1	5	775	10.000	131.67	1316.65	2025-11-01 10:00:26.684
1068	1	5	776	5.000	74.99	374.93	2025-11-01 10:00:26.691
1069	1	5	777	2.000	191.94	383.87	2025-11-01 10:00:26.697
1070	1	5	393	11.000	151.47	1666.16	2025-11-01 10:00:26.703
1071	1	5	778	3.000	141.40	424.19	2025-11-01 10:00:26.709
1072	1	5	779	3.000	120.98	362.94	2025-11-01 10:00:26.785
1073	1	5	394	17.000	91.01	1547.25	2025-11-01 10:00:26.796
1074	1	5	395	8.000	77.87	622.94	2025-11-01 10:00:26.806
1075	1	5	396	18.000	60.89	1095.93	2025-11-01 10:00:26.827
1076	1	5	397	10.000	96.63	966.30	2025-11-01 10:00:26.886
1077	1	5	780	1.000	71.75	71.75	2025-11-01 10:00:26.893
1078	1	5	781	2.000	88.14	176.27	2025-11-01 10:00:26.899
1079	1	5	782	1.000	91.42	91.42	2025-11-01 10:00:26.904
1080	1	5	783	1.000	109.90	109.90	2025-11-01 10:00:26.985
1081	1	5	784	6.000	141.06	846.33	2025-11-01 10:00:26.991
1082	1	5	785	1.000	61.38	61.38	2025-11-01 10:00:26.997
1083	1	5	398	6.000	121.00	725.98	2025-11-01 10:00:27.004
1084	1	5	786	15.000	90.99	1364.87	2025-11-01 10:00:27.085
1085	1	5	399	9.000	71.49	643.44	2025-11-01 10:00:27.091
1086	1	5	787	1.000	111.10	111.10	2025-11-01 10:00:27.097
1087	1	5	400	13.000	81.61	1060.93	2025-11-01 10:00:27.103
1088	1	5	788	6.000	52.10	312.58	2025-11-01 10:00:27.108
1089	1	5	401	16.000	107.71	1723.38	2025-11-01 10:00:27.186
1090	1	5	789	6.000	92.10	552.62	2025-11-01 10:00:27.192
1091	1	5	790	1.000	131.20	131.20	2025-11-01 10:00:27.199
1092	1	5	791	1.000	91.26	91.26	2025-11-01 10:00:27.204
1093	1	5	792	5.000	161.59	807.96	2025-11-01 10:00:27.285
1094	1	5	404	29.000	91.63	2657.38	2025-11-01 10:00:27.292
1095	1	5	405	8.000	151.48	1211.82	2025-11-01 10:00:27.298
1096	1	5	406	8.000	81.62	652.98	2025-11-01 10:00:27.304
1097	1	5	407	20.000	101.33	2026.53	2025-11-01 10:00:27.387
1098	1	5	408	14.000	144.38	2021.36	2025-11-01 10:00:27.404
1099	1	5	793	3.000	252.30	756.89	2025-11-01 10:00:27.424
1100	1	5	409	6.000	91.88	551.28	2025-11-01 10:00:27.443
1101	1	5	794	1.000	71.65	71.65	2025-11-01 10:00:27.485
1102	1	5	795	1.000	131.40	131.40	2025-11-01 10:00:27.492
1103	1	5	796	5.000	111.15	555.75	2025-11-01 10:00:27.499
1104	1	5	797	6.000	111.32	667.92	2025-11-01 10:00:27.505
1105	1	5	798	1.000	92.34	92.34	2025-11-01 10:00:27.587
1106	1	5	799	3.000	131.29	393.88	2025-11-01 10:00:27.601
1107	1	5	412	6.000	111.65	669.90	2025-11-01 10:00:27.608
1108	1	5	413	11.000	81.52	896.72	2025-11-01 10:00:27.685
1109	1	5	415	9.000	131.74	1185.68	2025-11-01 10:00:27.692
1110	1	5	416	14.000	75.03	1050.42	2025-11-01 10:00:27.699
1111	1	5	800	11.000	121.00	1331.03	2025-11-01 10:00:27.705
1112	1	5	801	2.000	74.56	149.12	2025-11-01 10:00:27.783
1113	1	5	802	1.000	43.76	43.76	2025-11-01 10:00:27.791
1114	1	5	803	1.000	114.16	114.16	2025-11-01 10:00:27.796
1115	1	5	236	4.000	138.71	554.85	2025-11-01 10:00:27.804
1116	1	5	237	3.000	78.40	235.20	2025-11-01 10:00:27.809
1117	1	5	804	4.000	88.95	355.81	2025-11-01 10:00:27.819
1118	1	5	805	4.000	69.03	276.11	2025-11-01 10:00:27.883
1119	1	5	806	1.000	108.44	108.44	2025-11-01 10:00:27.889
1120	1	5	807	3.000	108.66	325.98	2025-11-01 10:00:27.895
1121	1	5	808	2.000	108.42	216.84	2025-11-01 10:00:27.9
1122	1	5	239	6.000	68.30	409.80	2025-11-01 10:00:27.909
1123	1	5	240	6.000	88.97	533.79	2025-11-01 10:00:27.938
1124	1	5	241	4.000	53.94	215.74	2025-11-01 10:00:27.986
1125	1	5	809	2.000	138.60	277.20	2025-11-01 10:00:27.992
1126	1	5	810	1.000	53.60	53.60	2025-11-01 10:00:27.998
1127	1	5	244	1.000	43.41	43.41	2025-11-01 10:00:28.007
1128	1	5	245	4.000	63.80	255.20	2025-11-01 10:00:28.012
1129	1	5	247	6.000	43.71	262.25	2025-11-01 10:00:28.031
1130	1	5	811	8.000	58.88	471.01	2025-11-01 10:00:28.086
1131	1	5	812	10.000	49.27	492.70	2025-11-01 10:00:28.095
1132	1	5	813	2.000	58.51	117.02	2025-11-01 10:00:28.102
1133	1	5	814	1.000	88.84	88.84	2025-11-01 10:00:28.182
1134	1	5	251	8.000	43.79	350.32	2025-11-01 10:00:28.188
1135	1	5	252	2.000	241.70	483.40	2025-11-01 10:00:28.195
1136	1	5	815	2.000	78.51	157.01	2025-11-01 10:00:28.201
1137	1	5	816	2.000	99.24	198.48	2025-11-01 10:00:28.286
1138	1	5	260	14.000	68.80	963.17	2025-11-01 10:00:28.293
1139	1	5	817	3.000	68.76	206.28	2025-11-01 10:00:28.299
1140	1	5	263	7.000	98.63	690.39	2025-11-01 10:00:28.305
1141	1	5	265	6.000	48.42	290.49	2025-11-01 10:00:28.386
1142	1	5	266	1.000	38.76	38.76	2025-11-01 10:00:28.392
1143	1	5	818	2.000	83.73	167.45	2025-11-01 10:00:28.399
1144	1	5	268	3.000	69.35	208.05	2025-11-01 10:00:28.482
1145	1	5	819	10.000	98.43	984.30	2025-11-01 10:00:28.489
1146	1	5	273	2.000	48.76	97.52	2025-11-01 10:00:28.495
1147	1	5	274	2.000	108.52	217.03	2025-11-01 10:00:28.502
1148	1	5	820	6.000	128.61	771.64	2025-11-01 10:00:28.583
1149	1	5	278	9.000	88.68	798.15	2025-11-01 10:00:28.59
1150	1	5	821	3.000	47.99	143.97	2025-11-01 10:00:28.596
1151	1	5	822	2.000	94.25	188.50	2025-11-01 10:00:28.603
1152	1	5	823	10.000	99.25	992.50	2025-11-01 10:00:28.682
1153	1	5	824	2.000	56.69	113.38	2025-11-01 10:00:28.69
1154	1	5	825	4.000	84.25	337.00	2025-11-01 10:00:28.696
1155	1	5	826	3.000	83.95	251.84	2025-11-01 10:00:28.703
1156	1	5	827	2.000	138.90	277.79	2025-11-01 10:00:28.783
1157	1	5	828	1.000	88.83	88.83	2025-11-01 10:00:28.79
1158	1	5	829	2.000	69.22	138.44	2025-11-01 10:00:28.797
1159	1	5	830	1.000	128.44	128.44	2025-11-01 10:00:28.803
1160	1	5	831	3.000	114.24	342.72	2025-11-01 10:00:28.883
1161	1	5	832	2.000	83.83	167.66	2025-11-01 10:00:28.892
1162	1	5	833	15.000	73.87	1107.99	2025-11-01 10:00:28.902
1163	1	5	834	2.000	57.22	114.44	2025-11-01 10:00:28.91
1164	1	5	418	6.000	43.25	259.48	2025-11-01 10:00:28.987
1165	1	5	419	9.000	52.00	468.00	2025-11-01 10:00:28.994
1166	1	5	420	6.000	88.31	529.86	2025-11-01 10:00:29.001
1167	1	5	835	1.000	60.07	60.07	2025-11-01 10:00:29.082
1168	1	5	836	3.000	81.00	243.00	2025-11-01 10:00:29.09
1169	1	5	421	7.000	69.14	483.97	2025-11-01 10:00:29.096
1170	1	5	837	6.000	107.92	647.53	2025-11-01 10:00:29.103
1171	1	5	838	10.000	72.63	726.34	2025-11-01 10:00:29.182
1172	1	5	839	1.000	66.36	66.36	2025-11-01 10:00:29.191
1173	1	5	422	1.000	47.45	47.45	2025-11-01 10:00:29.204
1174	1	5	423	4.000	73.78	295.12	2025-11-01 10:00:29.211
1175	1	5	425	9.000	52.00	468.00	2025-11-01 10:00:29.288
1176	1	5	426	4.000	92.96	371.84	2025-11-01 10:00:29.295
1177	1	5	431	9.000	60.75	546.72	2025-11-01 10:00:29.302
1178	1	5	432	4.000	93.63	374.52	2025-11-01 10:00:29.308
1179	1	5	840	2.000	92.00	184.00	2025-11-01 10:00:29.385
1180	1	5	841	3.000	105.07	315.21	2025-11-01 10:00:29.393
1181	1	5	434	1.000	81.90	81.90	2025-11-01 10:00:29.401
1182	1	5	435	7.000	57.19	400.34	2025-11-01 10:00:29.409
1183	1	5	842	21.000	63.55	1334.45	2025-11-01 10:00:29.43
1184	1	5	843	5.000	50.07	250.35	2025-11-01 10:00:29.488
1185	1	5	844	5.000	60.07	300.35	2025-11-01 10:00:29.495
1186	1	5	845	2.000	53.15	106.29	2025-11-01 10:00:29.501
1187	1	5	846	3.000	75.07	225.21	2025-11-01 10:00:29.583
1188	1	5	847	2.000	105.76	211.52	2025-11-01 10:00:29.59
1189	1	5	848	2.000	97.82	195.64	2025-11-01 10:00:29.602
1190	1	5	849	4.000	93.69	374.77	2025-11-01 10:00:29.61
1191	1	5	850	3.000	181.88	545.65	2025-11-01 10:00:29.686
1192	1	5	851	1.000	130.66	130.66	2025-11-01 10:00:29.692
1193	1	5	852	1.000	96.78	96.78	2025-11-01 10:00:29.698
1194	1	5	853	2.000	68.75	137.49	2025-11-01 10:00:29.789
1195	1	5	854	1.000	241.69	241.69	2025-11-01 10:00:29.797
1196	1	5	855	6.000	89.15	534.87	2025-11-01 10:00:29.805
1197	1	5	450	10.000	146.21	1462.10	2025-11-01 10:00:29.813
1198	1	5	856	4.000	46.99	187.96	2025-11-01 10:00:29.885
1199	1	5	857	1.000	74.18	74.18	2025-11-01 10:00:29.892
1200	1	5	858	4.000	75.07	300.28	2025-11-01 10:00:29.899
1201	1	5	859	1.000	85.80	85.80	2025-11-01 10:00:29.907
1202	1	5	457	1.000	75.07	75.07	2025-11-01 10:00:29.989
1203	1	5	860	1.000	129.55	129.55	2025-11-01 10:00:29.997
1204	1	5	459	1.000	1.00	1.00	2025-11-01 10:00:30.005
1205	1	5	462	13.000	46.16	600.05	2025-11-01 10:00:30.083
1206	1	5	463	3.000	90.64	271.92	2025-11-01 10:00:30.09
1207	1	5	861	1.000	86.04	86.04	2025-11-01 10:00:30.096
1208	1	5	464	5.000	108.19	540.97	2025-11-01 10:00:30.106
1209	1	5	465	3.000	63.25	189.75	2025-11-01 10:00:30.113
1210	1	5	467	7.000	59.19	414.33	2025-11-01 10:00:30.183
1211	1	5	862	1.000	149.67	149.67	2025-11-01 10:00:30.19
1212	1	5	863	5.000	390.21	1951.03	2025-11-01 10:00:30.196
1213	1	5	472	6.000	411.38	2468.26	2025-11-01 10:00:30.202
1214	1	5	475	2.000	153.17	306.34	2025-11-01 10:00:30.209
1215	1	5	864	8.000	140.74	1125.95	2025-11-01 10:00:30.283
1216	1	5	477	2.000	46.50	92.99	2025-11-01 10:00:30.291
1217	1	5	865	7.000	88.67	620.69	2025-11-01 10:00:30.298
1218	1	5	478	7.000	58.72	411.01	2025-11-01 10:00:30.305
1219	1	5	481	24.000	54.38	1305.15	2025-11-01 10:00:30.394
1220	1	5	484	2.000	49.39	98.78	2025-11-01 10:00:30.582
1221	1	5	866	2.000	188.28	376.56	2025-11-01 10:00:30.687
1222	1	5	867	1.000	79.20	79.20	2025-11-01 10:00:30.786
1223	1	5	868	1.000	103.28	103.28	2025-11-01 10:00:30.885
1224	1	5	488	5.000	389.28	1946.42	2025-11-01 10:00:30.892
1225	1	5	869	5.000	178.69	893.43	2025-11-01 10:00:30.899
1226	1	5	870	11.000	108.28	1191.08	2025-11-01 10:00:30.906
1227	1	5	871	3.000	73.28	219.84	2025-11-01 10:00:30.987
1228	1	5	489	14.000	150.56	2107.86	2025-11-01 10:00:30.994
1229	1	5	490	1.000	126.97	126.97	2025-11-01 10:00:31.003
1230	1	5	872	3.000	119.40	358.20	2025-11-01 10:00:31.011
1231	1	5	873	9.000	74.38	669.40	2025-11-01 10:00:31.026
1232	1	5	495	3.000	227.90	683.69	2025-11-01 10:00:31.085
1233	1	5	497	2.000	178.69	357.38	2025-11-01 10:00:31.093
1234	1	5	874	1.000	350.38	350.38	2025-11-01 10:00:31.101
1235	1	5	498	3.000	253.23	759.68	2025-11-01 10:00:31.187
1236	1	5	875	2.000	260.39	520.77	2025-11-01 10:00:31.193
1237	1	5	500	3.000	252.76	758.29	2025-11-01 10:00:31.2
1238	1	5	876	1.000	179.20	179.20	2025-11-01 10:00:31.283
1239	1	5	877	1.000	109.23	109.23	2025-11-01 10:00:31.292
1240	1	5	501	1.000	228.69	228.69	2025-11-01 10:00:31.299
1241	1	5	878	7.000	391.96	2743.72	2025-11-01 10:00:31.306
1242	1	5	879	1.000	153.57	153.57	2025-11-01 10:00:31.312
1243	1	5	880	1.000	139.57	139.57	2025-11-01 10:00:31.391
1244	1	5	881	2.000	94.15	188.30	2025-11-01 10:00:31.4
1245	1	5	882	1.000	144.64	144.64	2025-11-01 10:00:31.409
1246	1	5	883	9.000	79.26	713.33	2025-11-01 10:00:31.442
1247	1	5	291	34.000	40.95	1392.30	2025-11-01 10:00:31.485
1248	1	5	688	15.000	48.64	729.62	2025-11-01 10:00:31.492
580	1	4	524	77.000	66.16	5094.32	2025-11-01 10:59:43.511
684	1	6	524	14.000	67.07	938.93	2025-11-01 10:59:43.522
1249	1	6	532	2.000	87.66	175.32	2025-11-01 10:59:43.552
1250	1	6	571	3.000	79.41	238.23	2025-11-01 10:59:43.61
1251	1	6	591	5.000	48.86	244.30	2025-11-01 10:59:43.69
295	1	2	293	6.000	72.13	432.78	2025-11-01 10:59:43.711
829	1	6	293	9.000	71.79	646.07	2025-11-01 10:59:43.723
16968	8	114	5398	2.000	63.46	126.92	2026-01-04 18:53:56.894
16969	8	114	5403	1.000	61.93	61.93	2026-01-04 18:53:56.983
16970	8	114	5469	1.000	122.79	122.79	2026-01-04 18:53:56.989
16971	8	114	5372	7.000	186.34	1304.41	2026-01-04 18:53:56.995
16972	8	114	5371	29.000	103.99	3015.60	2026-01-04 18:53:57.084
16973	8	114	5368	8.000	76.91	615.24	2026-01-04 18:53:57.09
16974	8	114	5367	1.000	67.18	67.18	2026-01-04 18:53:57.181
16975	8	114	5376	1.000	165.69	165.69	2026-01-04 18:53:57.188
16976	8	114	5385	5.000	136.14	680.70	2026-01-04 18:53:57.193
16977	8	114	5378	16.000	247.53	3960.48	2026-01-04 18:53:57.199
16978	8	114	5381	5.000	82.70	413.50	2026-01-04 18:53:57.283
16979	8	114	5404	3.000	156.93	470.80	2026-01-04 18:53:57.29
16980	8	114	5413	5.000	157.50	787.50	2026-01-04 18:53:57.297
16981	8	114	5411	7.000	77.26	540.83	2026-01-04 18:53:57.384
16982	8	114	5415	4.000	125.99	503.95	2026-01-04 18:53:57.39
16983	8	114	5417	1.000	161.31	161.31	2026-01-04 18:53:57.395
16984	8	114	5437	4.000	172.51	690.04	2026-01-04 18:53:57.482
16985	8	114	5433	3.000	237.53	712.59	2026-01-04 18:53:57.487
16986	8	114	5449	10.000	148.43	1484.31	2026-01-04 18:53:57.492
16987	8	114	5430	1.000	149.44	149.44	2026-01-04 18:53:57.582
16988	8	114	5451	5.000	126.46	632.32	2026-01-04 18:53:57.588
16989	8	114	5427	1.000	163.44	163.44	2026-01-04 18:53:57.593
16990	8	114	5462	3.000	179.53	538.59	2026-01-04 18:53:57.598
16991	8	114	5460	2.000	136.63	273.25	2026-01-04 18:53:57.685
16992	8	114	5467	2.000	145.88	291.75	2026-01-04 18:53:57.692
16993	8	114	5472	1.000	97.44	97.44	2026-01-04 18:53:57.697
16994	8	114	5470	4.000	96.63	386.52	2026-01-04 18:53:57.786
16995	8	114	5465	1.000	52.44	52.44	2026-01-04 18:53:57.792
16996	8	114	5429	8.000	76.45	611.56	2026-01-04 18:53:57.881
16997	8	114	5419	16.000	106.57	1705.06	2026-01-04 18:53:57.888
16998	8	114	5446	8.000	141.88	1135.02	2026-01-04 18:53:57.894
16999	8	114	5399	4.000	99.55	398.21	2026-01-04 18:53:57.98
17000	8	114	5382	16.000	86.37	1381.87	2026-01-04 18:53:57.988
17001	8	114	5425	11.000	86.54	951.96	2026-01-04 18:53:57.994
17002	8	114	5373	3.000	172.73	518.19	2026-01-04 18:53:58.083
17003	8	114	5421	6.000	81.58	489.48	2026-01-04 18:53:58.09
17004	8	114	5422	5.000	117.50	587.50	2026-01-04 18:53:58.097
17005	8	114	5410	1.000	177.44	177.44	2026-01-04 18:53:58.183
17006	8	114	5412	2.000	147.46	294.92	2026-01-04 18:53:58.19
17007	8	114	5454	5.000	136.47	682.34	2026-01-04 18:53:58.195
17008	8	114	5414	1.000	92.24	92.24	2026-01-04 18:53:58.283
17009	8	114	5420	2.000	99.96	199.92	2026-01-04 18:53:58.291
17010	8	114	5384	2.000	147.46	294.92	2026-01-04 18:53:58.382
17011	8	114	5395	4.000	275.91	1103.64	2026-01-04 18:53:58.388
17012	8	114	5459	2.000	116.38	232.75	2026-01-04 18:53:58.393
17013	8	114	5458	34.000	161.90	5504.71	2026-01-04 18:53:58.482
17014	8	114	5405	3.000	167.53	502.59	2026-01-04 18:53:58.488
17015	8	114	5375	19.000	115.30	2190.67	2026-01-04 18:53:58.493
17016	8	114	5453	2.000	56.63	113.26	2026-01-04 18:53:58.581
17017	8	114	5389	2.000	166.71	333.42	2026-01-04 18:53:58.588
17018	8	114	5402	5.000	76.22	381.08	2026-01-04 18:53:58.594
17019	8	114	5387	1.000	75.49	75.49	2026-01-04 18:53:58.68
17020	8	114	5406	34.000	156.25	5312.36	2026-01-04 18:53:58.687
17021	8	114	5464	53.000	123.60	6550.80	2026-01-04 18:53:58.692
17022	8	114	5369	21.000	81.62	1714.09	2026-01-04 18:53:58.698
17023	8	114	5416	15.000	77.53	1162.95	2026-01-04 18:53:58.785
17024	8	114	5408	15.000	105.53	1582.95	2026-01-04 18:53:58.791
17025	8	114	5393	58.000	71.09	4123.19	2026-01-04 18:53:58.883
17026	8	114	5444	48.000	82.07	3939.38	2026-01-04 18:53:58.89
17027	8	114	5438	20.000	109.06	2181.22	2026-01-04 18:53:58.898
17028	8	114	5434	11.000	111.92	1231.08	2026-01-04 18:53:58.989
17029	8	114	5431	11.000	91.27	1004.00	2026-01-04 18:53:59.083
17030	8	114	5450	7.000	91.44	640.10	2026-01-04 18:53:59.09
17031	8	114	5452	9.000	82.05	738.44	2026-01-04 18:53:59.097
17032	8	114	5456	8.000	87.51	700.08	2026-01-04 18:53:59.184
17033	8	114	5461	19.000	91.64	1741.17	2026-01-04 18:53:59.191
17034	8	114	5466	15.000	91.42	1371.28	2026-01-04 18:53:59.284
17035	8	114	5471	23.000	76.21	1752.94	2026-01-04 18:53:59.291
17036	8	114	5440	1.000	62.44	62.44	2026-01-04 18:53:59.384
17037	8	114	5473	4.000	77.51	310.04	2026-01-04 18:53:59.391
17038	8	114	5443	5.000	82.50	412.50	2026-01-04 18:53:59.481
17039	8	114	5388	97.000	52.14	5057.19	2026-01-04 18:53:59.488
17040	8	114	5400	53.000	81.03	4294.75	2026-01-04 18:53:59.495
17041	8	114	5418	32.000	66.09	2114.94	2026-01-04 18:53:59.585
17042	8	114	5424	2.000	91.46	182.92	2026-01-04 18:53:59.591
17043	8	114	5442	6.000	65.09	390.51	2026-01-04 18:53:59.683
17044	8	114	5447	120.000	86.57	10388.04	2026-01-04 18:53:59.69
17045	8	114	5386	30.000	157.54	4726.20	2026-01-04 18:53:59.697
17046	8	114	5374	12.000	87.53	1050.36	2026-01-04 18:53:59.785
17047	8	114	5441	1.000	82.24	82.24	2026-01-04 18:53:59.793
17048	8	114	5383	10.000	97.52	975.20	2026-01-04 18:53:59.884
17049	8	114	5396	3.000	79.94	239.82	2026-01-04 18:53:59.891
17050	8	114	5426	10.000	97.52	975.20	2026-01-04 18:53:59.898
17051	8	114	5391	133.000	81.21	10800.88	2026-01-04 18:53:59.985
17052	8	114	5379	20.000	82.74	1654.80	2026-01-04 18:53:59.992
17053	8	114	5463	1.000	62.44	62.44	2026-01-04 18:54:00.082
17054	8	114	5428	13.000	54.03	702.34	2026-01-04 18:54:00.089
17055	8	114	5390	25.000	49.53	1238.26	2026-01-04 18:54:00.096
17056	8	114	5439	20.000	71.36	1427.25	2026-01-04 18:54:00.188
17057	8	114	5435	32.000	81.43	2605.90	2026-01-04 18:54:00.196
17058	8	114	5448	109.000	61.69	6724.74	2026-01-04 18:54:00.285
17059	8	114	5445	59.000	58.46	3449.39	2026-01-04 18:54:00.292
17060	8	114	5423	25.000	58.40	1459.99	2026-01-04 18:54:00.384
17061	8	114	5432	24.000	87.68	2104.39	2026-01-04 18:54:00.391
17062	8	114	5380	94.000	51.91	4879.44	2026-01-04 18:54:00.481
17063	8	114	5409	3.000	377.53	1132.59	2026-01-04 18:54:00.68
17064	8	114	5487	25.000	87.20	2180.00	2026-01-04 18:54:00.88
17065	8	114	5507	1.000	195.08	195.08	2026-01-04 18:54:00.888
17066	8	114	5560	1.000	235.00	235.00	2026-01-04 18:54:01.084
17067	8	114	5577	1.000	235.00	235.00	2026-01-04 18:54:01.091
17068	8	114	5531	1.000	259.86	259.86	2026-01-04 18:54:01.185
17069	8	114	5605	1.000	84.03	84.03	2026-01-04 18:54:01.193
17070	8	114	5601	8.000	85.28	682.24	2026-01-04 18:54:01.282
17071	8	114	5524	9.000	74.92	674.28	2026-01-04 18:54:01.29
17072	8	114	5619	1.000	60.26	60.26	2026-01-04 18:54:01.38
17073	8	114	5658	5.000	111.03	555.15	2026-01-04 18:54:01.393
17074	8	114	5720	6.000	53.20	319.20	2026-01-04 18:54:01.485
17075	8	114	5943	50.000	60.07	3003.31	2026-01-04 18:54:01.494
17076	8	114	5944	1.000	90.44	90.44	2026-01-04 18:54:01.584
17077	8	114	5945	4.000	86.66	346.63	2026-01-04 18:54:01.592
17078	8	114	5946	9.000	158.94	1430.49	2026-01-04 18:54:01.682
17079	8	114	5947	6.000	116.51	699.03	2026-01-04 18:54:01.689
17080	8	114	5951	2.000	170.26	340.51	2026-01-04 18:54:01.781
17081	8	114	5952	1.000	248.63	248.63	2026-01-04 18:54:01.79
17082	8	114	5953	26.000	139.19	3618.96	2026-01-04 18:54:01.88
17083	8	114	5955	1.000	110.61	110.61	2026-01-04 18:54:01.889
17084	8	114	5957	1.000	193.56	193.56	2026-01-04 18:54:01.898
17085	8	114	5958	6.000	67.63	405.80	2026-01-04 18:54:01.985
17086	8	114	5959	18.000	80.10	1441.83	2026-01-04 18:54:01.993
17087	8	114	5968	11.000	99.32	1092.51	2026-01-04 18:54:02.083
17088	8	114	5969	12.000	139.51	1674.17	2026-01-04 18:54:02.09
17089	8	114	5970	2.000	153.83	307.65	2026-01-04 18:54:02.096
17090	8	114	5971	11.000	59.63	655.94	2026-01-04 18:54:02.187
17091	8	114	5972	15.000	69.41	1041.21	2026-01-04 18:54:02.193
17092	8	114	5973	36.000	79.24	2852.59	2026-01-04 18:54:02.283
17093	8	114	5975	31.000	114.13	3538.01	2026-01-04 18:54:02.29
17094	8	114	5976	5.000	97.74	488.68	2026-01-04 18:54:02.296
17095	8	114	5977	126.000	108.53	13675.09	2026-01-04 18:54:02.384
17096	8	114	5978	12.000	69.53	834.34	2026-01-04 18:54:02.391
17097	8	114	5979	72.000	71.08	5117.94	2026-01-04 18:54:02.397
17098	8	114	5980	4.000	56.24	224.97	2026-01-04 18:54:02.487
17099	8	114	5982	15.000	69.37	1040.51	2026-01-04 18:54:02.494
17100	8	114	5983	4.000	88.02	352.07	2026-01-04 18:54:02.582
17101	8	114	5984	2.000	128.80	257.60	2026-01-04 18:54:02.589
17102	8	114	5985	4.000	84.75	338.98	2026-01-04 18:54:02.681
17103	8	114	5986	18.000	107.94	1942.92	2026-01-04 18:54:02.689
17104	8	114	5987	7.000	87.67	613.69	2026-01-04 18:54:02.78
17105	8	114	5989	32.000	68.80	2201.53	2026-01-04 18:54:02.789
17106	8	114	5991	58.000	63.66	3692.29	2026-01-04 18:54:02.883
17107	8	114	5992	138.000	54.02	7454.39	2026-01-04 18:54:02.891
17108	8	114	5993	2.000	55.15	110.30	2026-01-04 18:54:02.982
17109	8	114	5994	9.000	57.59	518.28	2026-01-04 18:54:02.989
17110	8	114	5995	5.000	84.93	424.64	2026-01-04 18:54:02.995
17111	8	114	5996	4.000	190.03	760.10	2026-01-04 18:54:03.101
17112	8	114	5997	2.000	69.36	138.72	2026-01-04 18:54:03.107
17113	8	114	6002	1.000	70.11	70.11	2026-01-04 18:54:03.18
17114	8	114	6003	1.000	53.25	53.25	2026-01-04 18:54:03.189
17115	8	114	6004	9.000	78.18	703.63	2026-01-04 18:54:03.284
17116	8	114	6005	33.000	47.34	1562.15	2026-01-04 18:54:03.291
17117	8	114	6008	4.000	80.62	322.48	2026-01-04 18:54:03.297
17118	8	114	6009	1.000	189.36	189.36	2026-01-04 18:54:03.387
17119	8	114	6010	1.000	88.07	88.07	2026-01-04 18:54:03.393
17120	8	114	6011	2.000	58.45	116.90	2026-01-04 18:54:03.484
17121	8	114	6013	1.000	158.54	158.54	2026-01-04 18:54:03.492
17122	8	114	6014	1.000	50.59	50.59	2026-01-04 18:54:03.5
17123	8	114	6015	1.000	142.14	142.14	2026-01-04 18:54:03.585
17124	8	114	6016	1.000	97.42	97.42	2026-01-04 18:54:03.592
17125	8	114	6017	2.000	67.40	134.80	2026-01-04 18:54:03.688
17126	8	114	6018	1.000	219.88	219.88	2026-01-04 18:54:03.784
17127	8	114	6020	5.000	79.74	398.72	2026-01-04 18:54:03.792
17128	8	114	6021	1.000	248.92	248.92	2026-01-04 18:54:03.884
17130	8	114	6023	2.000	96.38	192.75	2026-01-04 18:54:03.984
17131	8	114	6074	15.000	60.34	905.11	2026-01-04 18:54:03.999
17132	8	114	6025	6.000	99.25	595.52	2026-01-04 18:54:04.089
17133	8	114	6027	52.000	74.88	3893.55	2026-01-04 18:54:04.099
17134	8	114	6030	3.000	240.84	722.51	2026-01-04 18:54:04.188
17135	8	114	6033	91.000	69.15	6292.24	2026-01-04 18:54:04.282
17136	8	114	6036	8.000	118.46	947.68	2026-01-04 18:54:04.291
17137	8	114	6037	8.000	99.83	798.60	2026-01-04 18:54:04.383
17138	8	114	6038	2.000	80.59	161.18	2026-01-04 18:54:04.389
17139	8	114	6040	1.000	102.97	102.97	2026-01-04 18:54:04.396
17140	8	114	6043	33.000	117.15	3865.89	2026-01-04 18:54:04.485
17141	8	114	6047	10.000	119.11	1191.11	2026-01-04 18:54:04.492
17142	8	114	6048	1.000	150.37	150.37	2026-01-04 18:54:04.582
17143	8	114	6049	19.000	59.71	1134.44	2026-01-04 18:54:04.59
17144	8	114	6050	1.000	145.77	145.77	2026-01-04 18:54:04.685
17145	8	114	6051	55.000	106.19	5840.60	2026-01-04 18:54:04.694
17146	8	114	6052	2.000	166.00	332.00	2026-01-04 18:54:04.783
17147	8	114	6053	3.000	70.23	210.69	2026-01-04 18:54:04.797
17148	8	114	6054	40.000	119.96	4798.31	2026-01-04 18:54:04.885
17149	8	114	6055	1.000	99.43	99.43	2026-01-04 18:54:04.893
17150	8	114	6058	18.000	149.58	2692.40	2026-01-04 18:54:04.988
17151	8	114	6063	5.000	67.28	336.41	2026-01-04 18:54:05.084
17152	8	114	6064	20.000	59.00	1179.98	2026-01-04 18:54:05.092
17153	8	114	6067	6.000	56.22	337.33	2026-01-04 18:54:05.098
17154	8	114	6069	13.000	73.66	957.57	2026-01-04 18:54:05.189
17155	8	114	6070	14.000	54.69	765.62	2026-01-04 18:54:05.284
17156	8	114	6071	48.000	98.67	4735.93	2026-01-04 18:54:05.293
17157	8	114	6072	8.000	265.33	2122.64	2026-01-04 18:54:05.384
17129	8	114	6022	4.000	96.02	384.08	2026-01-04 18:54:05.393
17158	8	114	6073	7.000	57.56	402.93	2026-01-04 18:54:05.486
17159	8	114	5865	2.000	52.81	105.61	2026-01-04 18:54:05.493
17160	8	114	5866	1.000	97.80	97.80	2026-01-04 18:54:05.501
17161	8	114	5867	1.000	147.80	147.80	2026-01-04 18:54:05.589
17162	8	114	5868	1.000	136.87	136.87	2026-01-04 18:54:05.601
17163	8	114	5870	16.000	51.41	822.54	2026-01-04 18:54:05.687
19158	1	126	552	12.000	164.11	1969.31	2026-01-06 21:20:21.785
19159	1	126	569	17.000	230.40	3916.82	2026-01-06 21:20:21.792
19160	1	126	529	24.000	256.31	6151.53	2026-01-06 21:20:21.799
19161	1	126	522	1.000	207.71	207.71	2026-01-06 21:20:21.887
19162	1	126	544	1.000	95.71	95.71	2026-01-06 21:20:21.895
19163	1	126	585	1.000	130.55	130.55	2026-01-06 21:20:21.99
20376	1	135	241	48.000	57.68	2768.64	2026-01-12 11:06:12.685
19165	1	126	521	6.000	77.74	466.44	2026-01-06 21:20:22.09
19166	1	126	528	6.000	219.42	1316.53	2026-01-06 21:20:22.098
19167	1	126	1506	2.000	106.01	212.01	2026-01-06 21:20:22.183
19168	1	126	534	5.000	106.22	531.11	2026-01-06 21:20:22.191
19169	1	126	1498	3.000	105.73	317.19	2026-01-06 21:20:22.284
19170	1	126	527	8.000	104.52	836.14	2026-01-06 21:20:22.292
19171	1	126	1500	2.000	69.98	139.96	2026-01-06 21:20:22.385
19172	1	126	1499	3.000	70.64	211.91	2026-01-06 21:20:22.392
19173	1	126	1474	11.000	71.22	783.42	2026-01-06 21:20:22.485
19174	1	126	566	4.000	245.69	982.74	2026-01-06 21:20:22.493
19175	1	126	539	6.000	245.19	1471.15	2026-01-06 21:20:22.585
19176	1	126	577	1.000	47.71	47.71	2026-01-06 21:20:22.592
19177	1	126	590	1.000	107.71	107.71	2026-01-06 21:20:22.682
19178	1	126	540	2.000	130.10	260.19	2026-01-06 21:20:22.69
19179	1	126	1487	1.000	70.16	70.16	2026-01-06 21:20:22.783
19180	1	126	541	161.000	71.82	11563.58	2026-01-06 21:20:22.792
19181	1	126	560	10.000	66.08	660.82	2026-01-06 21:20:22.882
19182	1	126	1510	1.000	40.68	40.68	2026-01-06 21:20:22.89
19183	1	126	567	138.000	41.37	5709.71	2026-01-06 21:20:22.897
19184	1	126	513	1.000	189.98	189.98	2026-01-06 21:20:22.987
19185	1	126	1503	1.000	201.38	201.38	2026-01-06 21:20:22.994
19186	1	126	1484	1.000	189.46	189.46	2026-01-06 21:20:23.085
19187	1	126	556	6.000	130.47	782.81	2026-01-06 21:20:23.094
19188	1	126	1465	2.000	110.04	220.07	2026-01-06 21:20:23.186
19189	1	126	586	17.000	102.98	1750.59	2026-01-06 21:20:23.194
20380	1	135	263	3.000	102.63	307.89	2026-01-08 12:38:29.785
19192	1	126	578	12.000	233.78	2805.38	2026-01-06 21:20:23.682
19193	1	126	588	16.000	283.28	4532.40	2026-01-06 21:20:24.182
19194	1	126	1493	4.000	109.92	439.66	2026-01-06 21:20:24.193
19196	1	126	1469	1.000	149.58	149.58	2026-01-06 21:20:24.299
19197	1	126	1502	4.000	129.48	517.92	2026-01-06 21:20:24.389
19198	1	126	1483	11.000	54.53	599.85	2026-01-06 21:20:24.397
19199	1	126	1464	1.000	170.44	170.44	2026-01-06 21:20:24.483
19200	1	126	575	17.000	330.35	5615.96	2026-01-06 21:20:24.491
19201	1	126	524	8.000	0.00	0.00	2026-01-06 21:20:24.587
19195	1	126	574	3.000	230.04	690.12	2026-01-06 21:20:24.286
20377	1	135	805	18.000	61.83	1112.94	2026-01-08 12:38:28.311
21122	1	139	394	1.000	90.93	90.93	2026-01-08 10:41:49.588
21124	1	139	768	2.000	86.34	172.68	2026-01-08 10:41:49.889
21125	1	139	382	10.000	111.98	1119.84	2026-01-08 10:41:50.084
21127	1	139	383	2.000	120.04	240.07	2026-01-08 10:41:50.287
21128	1	139	767	4.000	66.46	265.84	2026-01-08 10:41:50.582
21130	1	139	387	3.000	99.95	299.84	2026-01-08 10:41:50.984
21132	1	139	773	4.000	139.90	559.60	2026-01-08 10:41:51.389
21134	1	139	778	1.000	141.40	141.40	2026-01-08 10:41:51.686
21137	1	139	398	11.000	120.86	1329.48	2026-01-08 10:41:51.893
21138	1	139	399	14.000	71.56	1001.77	2026-01-08 10:41:51.987
21139	1	139	401	11.000	107.71	1184.82	2026-01-08 10:41:51.995
21140	1	139	406	8.000	81.62	652.98	2026-01-08 10:41:52.085
21144	1	139	796	2.000	111.15	222.30	2026-01-08 10:41:52.284
21145	1	139	797	6.000	111.32	667.92	2026-01-08 10:41:52.291
21154	1	139	799	1.000	131.29	131.29	2026-01-08 10:41:52.694
21156	1	139	391	1.000	84.77	84.77	2026-01-08 10:41:52.886
21157	1	139	5036	1.000	50.00	50.00	2026-01-08 10:41:52.894
21160	1	139	237	3.000	78.40	235.20	2026-01-08 10:41:53.085
21161	1	139	807	1.000	108.66	108.66	2026-01-08 10:41:53.094
21162	1	139	240	10.000	89.10	890.97	2026-01-08 10:41:53.186
21163	1	139	813	2.000	58.51	117.02	2026-01-08 10:41:53.194
21165	1	139	817	3.000	68.76	206.28	2026-01-08 10:41:53.293
17230	8	116	5487	25.000	87.20	2180.00	2026-01-04 20:44:00.095
17231	8	116	5507	1.000	195.08	195.08	2026-01-04 20:44:00.101
17232	8	116	5560	1.000	235.00	235.00	2026-01-04 20:44:00.187
17233	8	116	5577	1.000	235.00	235.00	2026-01-04 20:44:00.282
17234	8	116	5531	1.000	259.86	259.86	2026-01-04 20:44:00.387
17235	8	116	5605	1.000	84.03	84.03	2026-01-04 20:44:00.584
17236	8	116	5601	8.000	85.28	682.24	2026-01-04 20:44:00.686
17237	8	116	5524	9.000	74.92	674.28	2026-01-04 20:44:00.785
17238	8	116	5619	1.000	60.26	60.26	2026-01-04 20:44:00.985
17239	8	116	5658	5.000	111.03	555.15	2026-01-04 20:44:00.991
17240	8	116	5720	6.000	53.20	319.20	2026-01-04 20:44:01.082
21170	1	139	241	7.000	54.42	380.96	2026-01-08 10:41:53.585
21171	1	139	805	8.000	66.25	529.97	2026-01-08 10:41:53.595
21172	1	139	1831	3.000	58.84	176.51	2026-01-08 10:41:53.683
21179	1	139	819	7.000	98.43	689.01	2026-01-08 10:41:53.994
21183	1	139	278	9.000	88.68	798.15	2026-01-08 10:41:54.234
21186	1	139	250	1.000	228.75	228.75	2026-01-08 10:41:54.393
21189	1	139	252	5.000	241.70	1208.50	2026-01-08 10:41:54.588
21190	1	139	274	5.000	108.91	544.56	2026-01-08 10:41:54.683
21173	1	139	815	2.000	81.62	163.23	2026-01-08 10:41:53.692
21174	1	139	263	6.000	98.63	591.78	2026-01-08 10:41:53.784
21181	1	139	266	10.000	39.44	394.40	2026-01-08 10:41:54.094
21158	1	139	5037	47.000	50.00	2350.00	2026-01-08 10:41:52.982
17219	8	116	5391	110.000	80.91	8899.80	2026-01-05 01:37:31.899
17173	8	116	5376	3.000	165.69	497.07	2026-01-05 01:37:29.193
21131	1	139	390	31.000	81.13	2515.03	2026-01-08 10:41:51.087
21142	1	139	794	0.000	71.65	0.00	2026-01-08 10:41:52.185
21169	1	139	1795	2.000	91.66	183.33	2026-01-08 10:41:53.492
21178	1	139	265	14.000	48.63	680.82	2026-01-08 10:41:53.986
21141	1	139	409	13.000	92.15	1197.96	2026-01-08 10:41:52.093
21148	1	139	415	15.000	131.72	1975.80	2026-01-08 10:41:52.394
21166	1	139	804	8.000	89.46	715.68	2026-01-08 10:41:53.386
21184	1	139	1881	0.000	148.98	0.00	2026-01-08 10:41:54.289
21133	1	139	775	7.000	131.67	921.69	2026-01-08 10:41:51.582
21123	1	139	6080	0.000	56.47	0.00	2026-01-08 10:41:49.784
21121	1	139	397	13.000	96.63	1256.19	2026-01-08 10:41:49.487
21129	1	139	770	3.000	152.06	456.18	2026-01-08 10:41:50.882
21147	1	139	413	16.000	81.51	1304.16	2026-01-08 10:41:52.386
21152	1	139	408	4.000	149.35	597.40	2026-01-08 10:41:52.594
21177	1	139	810	1.000	54.11	54.11	2026-01-08 10:41:53.894
21168	1	139	1872	0.000	68.69	0.00	2026-01-08 10:41:53.485
21135	1	139	396	12.000	60.89	730.68	2026-01-08 10:41:51.785
21149	1	139	800	5.000	121.00	605.00	2026-01-08 10:41:52.486
21187	1	139	260	0.000	68.80	0.00	2026-01-08 10:41:54.486
21191	1	139	254	2.000	56.35	112.70	2026-01-08 10:41:54.693
21143	1	139	795	0.000	131.40	0.00	2026-01-08 10:41:52.192
21175	1	139	1871	2.000	60.40	120.80	2026-01-08 10:41:53.792
21180	1	139	247	7.000	45.02	315.14	2026-01-08 10:41:54.086
17165	8	116	5394	1.000	71.81	71.81	2026-01-05 01:37:28.796
17166	8	116	5468	4.000	101.03	404.13	2026-01-05 01:37:28.887
17167	8	116	5403	1.000	61.93	61.93	2026-01-05 01:37:28.895
17168	8	116	5469	1.000	122.79	122.79	2026-01-05 01:37:28.989
17172	8	116	5367	1.000	67.18	67.18	2026-01-05 01:37:29.185
17177	8	116	5415	4.000	125.99	503.95	2026-01-05 01:37:29.391
17178	8	116	5417	1.000	161.31	161.31	2026-01-05 01:37:29.483
17182	8	116	5467	2.000	145.88	291.75	2026-01-05 01:37:29.605
17192	8	116	5395	4.000	275.91	1103.64	2026-01-05 01:37:30.094
17195	8	116	5375	19.000	115.30	2190.67	2026-01-05 01:37:30.289
17199	8	116	5387	1.000	75.49	75.49	2026-01-05 01:37:30.887
17202	8	116	5369	15.000	81.18	1217.71	2026-01-05 01:37:31.085
17203	8	116	5393	53.000	70.96	3760.69	2026-01-05 01:37:31.093
17212	8	116	5471	19.000	75.94	1442.90	2026-01-05 01:37:31.592
17213	8	116	5388	77.000	52.03	4006.39	2026-01-05 01:37:31.6
17214	8	116	5400	49.000	80.90	3963.91	2026-01-05 01:37:31.691
17215	8	116	5418	26.000	65.76	1709.76	2026-01-05 01:37:31.7
17216	8	116	5442	6.000	65.09	390.51	2026-01-05 01:37:31.789
17218	8	116	5396	3.000	79.94	239.82	2026-01-05 01:37:31.888
21196	1	139	818	1.000	83.73	83.73	2026-01-08 10:41:54.99
21199	1	139	821	3.000	47.99	143.97	2026-01-08 10:41:55.189
21203	1	139	830	1.000	128.44	128.44	2026-01-08 10:41:55.388
21208	1	139	827	2.000	138.90	277.79	2026-01-08 10:41:55.694
21210	1	139	828	1.000	88.83	88.83	2026-01-08 10:41:55.797
21213	1	139	420	19.000	89.04	1691.79	2026-01-08 10:41:55.994
21215	1	139	836	1.000	81.00	81.00	2026-01-08 10:41:56.095
21216	1	139	421	5.000	69.14	345.69	2026-01-08 10:41:56.187
21217	1	139	837	6.000	107.92	647.53	2026-01-08 10:41:56.196
21218	1	139	838	10.000	72.63	726.34	2026-01-08 10:41:56.289
21221	1	139	425	17.000	52.83	898.09	2026-01-08 10:41:56.488
21222	1	139	426	15.000	90.85	1362.70	2026-01-08 10:41:56.498
21223	1	139	431	8.000	60.75	485.98	2026-01-08 10:41:56.59
21224	1	139	432	6.000	91.80	550.77	2026-01-08 10:41:56.684
21225	1	139	840	1.000	92.00	92.00	2026-01-08 10:41:56.694
21226	1	139	841	2.000	105.07	210.14	2026-01-08 10:41:56.793
21227	1	139	434	1.000	81.90	81.90	2026-01-08 10:41:56.882
21228	1	139	435	6.000	57.19	343.15	2026-01-08 10:41:56.892
21230	1	139	439	1.000	56.90	56.90	2026-01-08 10:41:56.995
21231	1	139	846	1.000	75.07	75.07	2026-01-08 10:41:57.087
21232	1	139	847	2.000	105.76	211.52	2026-01-08 10:41:57.095
21233	1	139	848	1.000	97.82	97.82	2026-01-08 10:41:57.186
21235	1	139	854	1.000	241.69	241.69	2026-01-08 10:41:57.288
21236	1	139	448	11.000	49.55	545.05	2026-01-08 10:41:57.382
21237	1	139	449	1.000	69.73	69.73	2026-01-08 10:41:57.397
21238	1	139	855	2.000	89.15	178.29	2026-01-08 10:41:57.488
21239	1	139	450	1.000	147.00	147.00	2026-01-08 10:41:57.585
21242	1	139	463	3.000	90.62	271.87	2026-01-08 10:41:57.787
21243	1	139	464	9.000	108.90	980.08	2026-01-08 10:41:57.883
5019	1	46	698	1.000	0.01	0.01	2025-11-08 13:02:01.497
1	1	1	1	0.000	182.08	0.00	2025-11-03 19:22:00.984
1654	1	11	78	3.000	254.32	762.97	2025-11-05 09:02:20.213
1655	1	11	80	14.000	83.37	1167.17	2025-11-05 09:02:20.224
1656	1	11	146	6.000	234.09	1404.52	2025-11-05 09:02:20.23
1657	1	11	147	5.000	85.12	425.58	2025-11-05 09:02:20.237
1658	1	11	77	1.000	229.34	229.34	2025-11-05 09:02:20.286
5020	1	46	514	3.000	240.65	721.95	2025-11-08 13:02:01.553
1660	1	11	79	100.000	65.61	6561.34	2025-11-05 09:02:20.3
1661	1	11	144	98.000	94.61	9271.63	2025-11-05 09:02:20.307
1662	1	11	75	2.000	110.53	221.05	2025-11-05 09:02:20.314
1663	1	11	84	33.000	56.32	1858.54	2025-11-05 09:02:20.381
1664	1	11	87	108.000	69.43	7498.25	2025-11-05 09:02:20.389
1665	1	11	140	15.000	134.46	2016.88	2025-11-05 09:02:20.488
1666	1	11	51	7.000	70.35	492.47	2025-11-05 09:02:20.687
1667	1	11	57	80.000	179.52	14361.50	2025-11-05 09:02:20.787
5021	1	46	516	34.000	48.30	1642.03	2025-11-08 13:02:01.581
1669	1	11	55	64.000	109.99	7039.33	2025-11-05 09:02:20.808
5022	1	46	153	14.000	328.87	4604.21	2025-11-08 13:02:01.588
1671	1	11	52	23.000	60.54	1392.34	2025-11-05 09:02:20.883
5023	1	46	550	10.000	72.43	724.30	2025-11-08 13:02:01.594
1673	1	11	68	5.000	129.46	647.30	2025-11-05 09:02:20.899
5024	1	46	624	10.000	169.89	1698.90	2025-11-08 13:02:01.601
1675	1	11	97	10.000	149.56	1495.62	2025-11-05 09:02:20.914
1676	1	11	100	4.000	155.81	623.25	2025-11-05 09:02:20.985
1677	1	11	111	2.000	229.58	459.16	2025-11-05 09:02:20.992
5025	1	46	579	17.000	143.03	2431.59	2025-11-08 13:02:01.607
1679	1	11	138	103.000	110.00	11329.95	2025-11-05 09:02:21.007
1680	1	11	708	10.000	129.66	1296.56	2025-11-05 09:02:21.015
1681	1	11	1552	2.000	89.56	179.12	2025-11-05 09:02:21.085
1682	1	11	141	15.000	44.36	665.39	2025-11-05 09:02:21.092
1683	1	11	120	3.000	109.59	328.77	2025-11-05 09:02:21.1
1684	1	11	105	17.000	87.26	1483.50	2025-11-05 09:02:21.108
1685	1	11	73	21.000	193.54	4064.24	2025-11-05 09:02:21.186
1686	1	11	101	78.000	109.57	8546.14	2025-11-05 09:02:21.193
1687	1	11	116	5.000	69.40	347.02	2025-11-05 09:02:21.201
1688	1	11	74	58.000	80.51	4669.81	2025-11-05 09:02:21.208
1689	1	11	102	72.000	99.76	7183.03	2025-11-05 09:02:21.286
1690	1	11	126	60.000	134.46	8067.62	2025-11-05 09:02:21.383
1691	1	11	702	1.000	91.72	91.72	2025-11-05 09:02:21.391
1692	1	11	66	6.000	79.41	476.48	2025-11-05 09:02:21.398
5026	1	46	699	1.000	82.71	82.71	2025-11-08 13:02:01.689
5027	1	46	562	5.000	228.45	1142.25	2025-11-08 13:02:01.699
1696	1	11	108	1.000	109.50	109.50	2025-11-05 09:02:21.491
1697	1	11	76	30.000	89.38	2681.28	2025-11-05 09:02:21.498
1698	1	11	133	2.000	129.41	258.82	2025-11-05 09:02:21.507
1699	1	11	149	48.000	79.53	3817.47	2025-11-05 09:02:21.583
1700	1	11	106	18.000	92.14	1658.59	2025-11-05 09:02:21.59
1701	1	11	152	6.000	85.51	513.03	2025-11-05 09:02:21.599
1702	1	11	137	5.000	109.36	546.81	2025-11-05 09:02:21.607
1703	1	11	151	111.000	94.11	10446.71	2025-11-05 09:02:21.614
5028	1	46	529	8.000	253.87	2030.96	2025-11-08 13:02:01.707
1705	1	11	70	81.000	119.43	9673.49	2025-11-05 09:02:21.69
5029	1	46	631	6.000	69.46	416.76	2025-11-08 13:02:01.785
21244	1	139	467	7.000	59.19	414.33	2026-01-08 10:41:57.892
21241	1	139	457	4.000	76.49	305.95	2026-01-08 10:41:57.695
17271	8	116	5989	0.000	68.80	0.00	2026-01-05 01:38:53.797541
21211	1	139	459	2.000	0.10	0.20	2026-01-08 10:41:55.891
21202	1	139	823	0.000	99.25	0.00	2026-01-08 10:41:55.296
21201	1	139	825	0.000	84.25	0.00	2026-01-08 10:41:55.288
21220	1	139	423	5.000	68.79	343.95	2026-01-08 10:41:56.393
21200	1	139	822	0.000	94.25	0.00	2026-01-08 10:41:55.197
21214	1	139	835	0.000	60.07	0.00	2026-01-08 10:41:56.087
21198	1	139	814	9.000	90.22	811.97	2026-01-08 10:41:55.1
21197	1	139	251	11.000	44.61	490.69	2026-01-08 10:41:54.998
21212	1	139	419	2.000	53.30	106.60	2026-01-12 16:12:44.393
21193	1	139	1786	1.000	141.72	141.72	2026-01-08 10:41:54.797
21205	1	139	833	11.000	73.87	812.57	2026-01-08 10:41:55.489
21195	1	139	1858	3.000	52.79	158.36	2026-01-08 10:41:54.901
21192	1	139	1785	0.000	108.61	0.00	2026-01-08 10:41:54.788
1707	1	11	83	122.000	149.87	18284.38	2025-11-05 09:02:21.705
1708	1	11	88	5.000	200.05	1000.23	2025-11-05 09:02:21.712
5030	1	46	337	88.000	49.41	4348.49	2025-11-08 13:02:01.792
1710	1	11	139	190.000	115.88	22017.39	2025-11-05 09:02:21.793
5031	1	46	531	35.000	50.64	1772.37	2025-11-08 13:02:01.798
1712	1	11	89	99.000	110.44	10933.89	2025-11-05 09:02:21.811
5032	1	46	155	49.000	13.54	663.46	2025-11-08 13:02:01.885
5033	1	46	704	2.000	168.31	336.62	2025-11-08 13:02:01.891
1715	1	11	91	60.000	55.99	3359.43	2025-11-05 09:02:21.897
5034	1	46	707	39.000	159.93	6237.44	2025-11-08 13:02:01.898
5035	1	46	93	6.000	151.94	911.64	2025-11-08 13:02:01.904
5036	1	46	79	10.000	65.75	657.53	2025-11-08 13:02:01.987
1719	1	11	1547	1.000	79.48	79.48	2025-11-05 09:02:22.002
5037	1	46	144	7.000	95.14	666.00	2025-11-08 13:02:01.994
1721	1	11	142	75.000	84.66	6349.67	2025-11-05 09:02:22.087
1722	1	11	148	7.000	69.46	486.22	2025-11-05 09:02:22.095
5038	1	46	75	1.000	111.15	111.15	2025-11-08 13:02:02
1724	1	11	150	1.000	69.68	69.68	2025-11-05 09:02:22.11
5039	1	46	84	9.000	55.73	501.57	2025-11-08 13:02:02.011
5040	1	46	86	3.000	55.17	165.51	2025-11-08 13:02:02.088
1727	1	11	85	41.000	74.75	3064.68	2025-11-05 09:02:22.202
5041	1	46	87	12.000	68.97	827.58	2025-11-08 13:02:02.094
5042	1	46	140	7.000	134.64	942.46	2025-11-08 13:02:02.101
1730	1	11	113	50.000	69.47	3473.46	2025-11-05 09:02:22.293
1731	1	11	123	96.000	59.54	5715.74	2025-11-05 09:02:22.301
1732	1	11	90	41.000	69.43	2846.61	2025-11-05 09:02:22.308
5043	1	46	57	11.000	179.55	1975.07	2025-11-08 13:02:02.108
5044	1	46	56	15.000	98.08	1471.23	2025-11-08 13:02:02.184
1735	1	11	122	135.000	69.69	9408.13	2025-11-05 09:02:22.392
1736	1	11	118	8.000	69.52	556.18	2025-11-05 09:02:22.399
1737	1	11	81	42.000	73.73	3096.73	2025-11-05 09:02:22.408
1738	1	11	67	16.000	70.43	1126.80	2025-11-05 09:02:22.483
10686	1	77	2289	1.000	0.10	0.10	2025-11-20 10:46:51.95
1740	1	11	115	17.000	47.34	804.79	2025-11-05 09:02:22.5
5045	1	46	55	12.000	110.68	1328.16	2025-11-08 13:02:02.191
1742	1	11	50	23.000	54.79	1260.13	2025-11-05 09:02:22.516
1743	1	11	143	45.000	55.38	2492.12	2025-11-05 09:02:22.585
5046	1	46	700	27.000	70.19	1895.21	2025-11-08 13:02:02.199
5047	1	46	52	4.000	63.30	253.20	2025-11-08 13:02:02.285
5048	1	46	53	3.000	79.91	239.73	2025-11-08 13:02:02.292
5049	1	46	100	1.000	156.68	156.68	2025-11-08 13:02:02.298
1748	1	11	64	19.000	279.67	5313.65	2025-11-05 09:02:22.698
1749	1	11	95	67.000	369.29	24742.36	2025-11-05 09:02:22.707
1750	1	11	104	85.000	167.74	14257.88	2025-11-05 09:02:22.783
1751	1	11	132	1.000	195.18	195.18	2025-11-05 09:02:22.795
5050	1	46	138	21.000	110.32	2316.75	2025-11-08 13:02:02.305
1753	1	11	145	22.000	242.53	5335.70	2025-11-05 09:02:22.883
1754	1	11	121	10.000	279.33	2793.27	2025-11-05 09:02:22.891
1755	1	11	131	18.000	204.97	3689.41	2025-11-05 09:02:22.9
1756	1	11	82	3.000	269.38	808.14	2025-11-05 09:02:22.909
1757	1	11	119	11.000	279.25	3071.72	2025-11-05 09:02:22.918
1758	1	11	99	131.000	192.20	25178.62	2025-11-05 09:02:22.984
5051	1	46	141	2.000	44.45	88.89	2025-11-08 13:02:02.387
1760	1	12	154	1.000	69.46	69.46	2025-11-05 09:02:38.63
1761	1	12	155	350.000	13.54	4739.00	2025-11-05 09:02:38.637
1762	1	12	79	1.000	65.83	65.83	2025-11-05 09:02:38.683
1763	1	12	83	27.000	149.99	4049.75	2025-11-05 09:02:38.689
1764	1	12	113	6.000	69.18	415.08	2025-11-05 09:02:38.696
1765	1	12	156	1.000	84.41	84.41	2025-11-05 09:02:38.702
1766	1	12	175	14.000	95.78	1340.94	2025-11-05 09:02:38.709
1767	1	12	185	11.000	80.80	888.85	2025-11-05 09:02:38.716
1768	1	12	166	1.000	115.74	115.74	2025-11-05 09:02:38.783
1769	1	12	184	8.000	105.84	846.72	2025-11-05 09:02:38.79
1770	1	12	158	22.000	65.85	1448.60	2025-11-05 09:02:38.797
1771	1	12	167	2.000	79.38	158.76	2025-11-05 09:02:38.803
1772	1	12	171	17.000	50.80	863.66	2025-11-05 09:02:38.81
1773	1	12	160	27.000	98.80	2667.55	2025-11-05 09:02:38.817
1774	1	12	163	1.000	230.62	230.62	2025-11-05 09:02:38.881
1775	1	12	169	3.000	105.83	317.50	2025-11-05 09:02:38.888
1776	1	12	165	2.000	130.79	261.58	2025-11-05 09:02:38.895
1777	1	12	174	1.000	160.87	160.87	2025-11-05 09:02:38.902
1778	1	12	162	1.000	170.78	170.78	2025-11-05 09:02:38.908
1779	1	12	183	3.000	130.92	392.75	2025-11-05 09:02:38.915
1780	1	12	182	8.000	126.62	1012.92	2025-11-05 09:02:38.983
1781	1	12	172	31.000	105.69	3276.40	2025-11-05 09:02:38.99
1782	1	12	159	7.000	65.61	459.24	2025-11-05 09:02:38.996
1783	1	12	170	5.000	70.94	354.71	2025-11-05 09:02:39.003
1784	1	12	176	2.000	55.94	111.87	2025-11-05 09:02:39.01
1785	1	12	181	2.000	65.81	131.62	2025-11-05 09:02:39.017
1786	1	12	168	48.000	70.85	3400.86	2025-11-05 09:02:39.082
1787	1	12	164	5.000	75.84	379.20	2025-11-05 09:02:39.089
1788	1	12	161	1.000	79.86	79.86	2025-11-05 09:02:39.095
1789	1	12	157	140.000	50.80	7112.64	2025-11-05 09:02:39.103
1790	1	12	177	1.000	205.79	205.79	2025-11-05 09:02:39.11
1791	1	12	178	1.000	205.75	205.75	2025-11-05 09:02:39.117
1792	1	12	179	1.000	210.89	210.89	2025-11-05 09:02:39.186
1793	1	12	173	3.000	243.25	729.75	2025-11-05 09:02:39.193
1794	1	12	180	1.000	280.62	280.62	2025-11-05 09:02:39.2
1795	1	12	188	10.000	135.43	1354.26	2025-11-05 09:02:39.207
1796	1	12	209	16.000	49.30	788.83	2025-11-05 09:02:39.285
1797	1	12	204	68.000	65.59	4459.97	2025-11-05 09:02:39.293
1798	1	12	212	12.000	51.73	620.76	2025-11-05 09:02:39.301
1799	1	12	223	235.000	48.18	11322.39	2025-11-05 09:02:39.308
1800	1	12	193	10.000	47.03	470.26	2025-11-05 09:02:39.315
1801	1	12	228	1.000	111.89	111.89	2025-11-05 09:02:39.382
1802	1	12	197	3.000	72.30	216.89	2025-11-05 09:02:39.389
1803	1	12	196	70.000	251.88	17631.60	2025-11-05 09:02:39.396
1804	1	12	187	46.000	50.86	2339.36	2025-11-05 09:02:39.403
1805	1	12	191	23.000	116.21	2672.79	2025-11-05 09:02:39.41
1806	1	12	192	5.000	51.17	255.85	2025-11-05 09:02:39.416
1807	1	12	189	1.000	81.77	81.77	2025-11-05 09:02:39.483
1808	1	12	235	29.000	101.52	2944.12	2025-11-05 09:02:39.49
1809	1	12	206	34.000	97.25	3306.37	2025-11-05 09:02:39.497
1810	1	12	205	68.000	66.59	4528.42	2025-11-05 09:02:39.505
1811	1	12	190	22.000	71.19	1566.24	2025-11-05 09:02:39.514
1812	1	12	203	2.000	233.07	466.13	2025-11-05 09:02:39.589
1813	1	12	220	108.000	257.16	27773.81	2025-11-05 09:02:39.597
1814	1	12	216	6.000	143.68	862.06	2025-11-05 09:02:39.609
1815	1	12	195	45.000	256.96	11563.31	2025-11-05 09:02:39.683
1816	1	12	230	1.000	296.24	296.24	2025-11-05 09:02:39.692
1817	1	12	225	2.000	333.00	665.99	2025-11-05 09:02:39.7
1818	1	12	194	20.000	258.72	5174.35	2025-11-05 09:02:39.708
1819	1	12	226	9.000	353.10	3177.93	2025-11-05 09:02:39.783
1820	1	12	207	5.000	182.99	914.97	2025-11-05 09:02:39.791
1821	1	12	215	4.000	153.24	612.94	2025-11-05 09:02:39.799
1822	1	12	221	1.000	182.70	182.70	2025-11-05 09:02:39.807
1823	1	12	213	1.000	183.60	183.60	2025-11-05 09:02:39.883
1824	1	12	219	6.000	258.07	1548.40	2025-11-05 09:02:39.983
1825	1	12	218	1.000	178.98	178.98	2025-11-05 09:02:40.087
1826	1	12	224	6.000	333.10	1998.62	2025-11-05 09:02:40.289
1827	1	12	234	45.000	50.39	2267.64	2025-11-05 09:02:40.486
1828	1	12	211	3.000	57.19	171.56	2025-11-05 09:02:40.587
1829	1	12	222	1.000	92.61	92.61	2025-11-05 09:02:40.689
1830	1	12	232	2.000	81.92	163.83	2025-11-05 09:02:40.788
1831	1	12	231	439.000	56.89	24975.16	2025-11-05 09:02:40.984
1832	1	12	199	7.000	71.81	502.69	2025-11-05 09:02:41.086
1833	1	12	214	1.000	46.63	46.63	2025-11-05 09:02:41.28
1834	1	12	233	1.000	61.42	61.42	2025-11-05 09:02:41.29
1835	1	12	200	6.000	152.37	914.23	2025-11-05 09:02:41.298
1836	1	12	202	1.000	129.93	129.93	2025-11-05 09:02:41.306
1837	1	12	201	25.000	72.39	1809.67	2025-11-05 09:02:41.313
1838	1	12	217	1.000	47.08	47.08	2025-11-05 09:02:41.391
1839	1	12	210	1.000	202.42	202.42	2025-11-05 09:02:41.401
1840	1	12	759	3.000	181.68	545.05	2025-11-05 09:02:41.409
1841	1	12	237	1.000	77.86	77.86	2025-11-05 09:02:41.482
1842	1	12	277	9.000	78.51	706.59	2025-11-05 09:02:41.49
1843	1	12	240	7.000	89.05	623.38	2025-11-05 09:02:41.498
1844	1	12	276	4.000	88.60	354.39	2025-11-05 09:02:41.506
1845	1	12	239	1.000	65.49	65.49	2025-11-05 09:02:41.515
1846	1	12	241	11.000	54.03	594.36	2025-11-05 09:02:41.588
1847	1	12	249	6.000	86.37	518.21	2025-11-05 09:02:41.595
1848	1	12	263	2.000	98.50	196.99	2025-11-05 09:02:41.603
1849	1	12	268	9.000	69.35	624.19	2025-11-05 09:02:41.611
1850	1	12	261	2.000	58.61	117.21	2025-11-05 09:02:41.619
1851	1	12	244	58.000	43.63	2530.41	2025-11-05 09:02:41.683
1852	1	12	265	21.000	48.37	1015.87	2025-11-05 09:02:41.692
1853	1	12	247	26.000	43.84	1139.77	2025-11-05 09:02:41.701
1854	1	12	248	5.000	43.51	217.55	2025-11-05 09:02:41.711
1855	1	12	257	1.000	178.55	178.55	2025-11-05 09:02:41.788
1856	1	12	271	1.000	128.56	128.56	2025-11-05 09:02:41.797
1857	1	12	272	6.000	49.09	294.56	2025-11-05 09:02:41.806
1858	1	12	275	6.000	39.09	234.56	2025-11-05 09:02:41.888
1859	1	12	238	4.000	108.52	434.06	2025-11-05 09:02:41.897
1860	1	12	242	1.000	78.20	78.20	2025-11-05 09:02:41.905
1861	1	12	266	7.000	39.14	273.99	2025-11-05 09:02:41.912
1862	1	12	1989	4.000	48.60	194.38	2025-11-05 09:02:41.983
1863	1	12	273	6.000	49.19	295.11	2025-11-05 09:02:41.992
1864	1	12	278	21.000	88.62	1860.98	2025-11-05 09:02:41.999
1865	1	12	245	22.000	64.18	1412.02	2025-11-05 09:02:42.007
1866	1	12	267	2.000	228.58	457.16	2025-11-05 09:02:42.081
1867	1	12	258	3.000	368.91	1106.72	2025-11-05 09:02:42.091
1868	1	12	260	80.000	68.60	5487.64	2025-11-05 09:02:42.099
1869	1	12	236	1.000	138.69	138.69	2025-11-05 09:02:42.107
1870	1	12	274	8.000	108.54	868.34	2025-11-05 09:02:42.181
1871	1	12	254	12.000	58.78	705.38	2025-11-05 09:02:42.189
1872	1	12	255	6.000	88.42	530.52	2025-11-05 09:02:42.197
1873	1	12	264	16.000	58.59	937.49	2025-11-05 09:02:42.206
1874	1	12	251	2.000	44.25	88.49	2025-11-05 09:02:42.283
1875	1	12	243	2.000	82.81	165.62	2025-11-05 09:02:42.382
1876	1	12	246	2.000	242.15	484.30	2025-11-05 09:02:42.391
1877	1	12	253	2.000	98.79	197.57	2025-11-05 09:02:42.398
1878	1	12	259	7.000	67.91	475.37	2025-11-05 09:02:42.406
1879	1	12	262	1.000	48.79	48.79	2025-11-05 09:02:42.481
1880	1	12	281	6.000	67.37	404.23	2025-11-05 09:02:42.49
1881	1	12	1990	9.000	91.40	822.63	2025-11-05 09:02:42.501
1882	1	12	282	7.000	103.44	724.08	2025-11-05 09:02:42.509
1883	1	12	279	4.000	144.22	576.86	2025-11-05 09:02:42.583
1884	1	12	284	1.000	139.26	139.26	2025-11-05 09:02:42.592
1885	1	12	283	4.000	59.22	236.86	2025-11-05 09:02:42.602
1886	1	12	285	7.000	140.50	983.49	2025-11-05 09:02:42.683
1887	1	12	286	1.000	74.49	74.49	2025-11-05 09:02:42.692
1888	1	12	287	4.000	78.90	315.59	2025-11-05 09:02:42.701
1889	1	12	288	2.000	127.12	254.24	2025-11-05 09:02:42.78
1890	1	12	289	4.000	75.07	300.29	2025-11-05 09:02:42.792
1891	1	12	312	1.000	56.66	56.66	2025-11-05 09:02:42.801
1892	1	12	321	1.000	74.39	74.39	2025-11-05 09:02:42.811
21245	1	139	862	3.000	149.62	448.85	2026-01-08 10:41:57.983
1894	1	12	328	30.000	103.82	3114.70	2025-11-05 09:02:42.894
1895	1	12	327	5.000	95.79	478.93	2025-11-05 09:02:42.903
1896	1	12	1991	10.000	108.58	1085.76	2025-11-05 09:02:42.916
1897	1	12	1951	6.000	222.42	1334.53	2025-11-05 09:02:42.987
1898	1	12	1962	2.000	122.41	244.81	2025-11-05 09:02:43.087
1899	1	12	310	15.000	152.77	2291.60	2025-11-05 09:02:43.097
1900	1	12	292	3.000	92.75	278.24	2025-11-05 09:02:43.107
1901	1	12	332	13.000	132.76	1725.88	2025-11-05 09:02:43.117
1902	1	12	315	1.000	161.95	161.95	2025-11-05 09:02:43.183
1903	1	12	296	10.000	97.19	971.87	2025-11-05 09:02:43.194
1904	1	12	301	8.000	133.13	1065.06	2025-11-05 09:02:43.205
1905	1	12	295	10.000	142.79	1427.91	2025-11-05 09:02:43.216
1906	1	12	1964	2.000	123.83	247.65	2025-11-05 09:02:43.284
1907	1	12	1968	2.000	152.68	305.35	2025-11-05 09:02:43.295
1908	1	12	304	5.000	132.69	663.47	2025-11-05 09:02:43.306
1909	1	12	1974	3.000	152.92	458.76	2025-11-05 09:02:43.388
1910	1	12	1992	6.000	92.12	552.73	2025-11-05 09:02:43.402
1911	1	12	1971	2.000	232.43	464.85	2025-11-05 09:02:43.413
1912	1	12	329	28.000	132.78	3717.80	2025-11-05 09:02:43.483
1913	1	12	1973	3.000	133.80	401.40	2025-11-05 09:02:43.492
1914	1	12	1993	3.000	176.67	530.00	2025-11-05 09:02:43.504
1915	1	12	1976	3.000	153.00	459.00	2025-11-05 09:02:43.583
1916	1	12	318	56.000	61.06	3419.35	2025-11-05 09:02:43.593
1917	1	12	317	17.000	71.82	1220.86	2025-11-05 09:02:43.602
1918	1	12	1994	1.000	166.18	166.18	2025-11-05 09:02:43.687
1919	1	12	1995	8.000	72.68	581.44	2025-11-05 09:02:43.7
1920	1	12	1996	4.000	52.67	210.66	2025-11-05 09:02:43.783
1921	1	12	1997	20.000	62.82	1256.33	2025-11-05 09:02:43.797
1922	1	12	1998	83.000	53.35	4427.69	2025-11-05 09:02:43.893
1923	1	12	1956	16.000	52.79	844.59	2025-11-05 09:02:43.904
1924	1	12	1999	21.000	49.98	1049.50	2025-11-05 09:02:43.986
1925	1	12	2000	62.000	42.70	2647.41	2025-11-05 09:02:43.999
1926	1	12	2001	100.000	47.40	4740.13	2025-11-05 09:02:44.083
1927	1	12	2002	27.000	62.74	1693.99	2025-11-05 09:02:44.096
1928	1	12	2003	58.000	70.45	4085.93	2025-11-05 09:02:44.108
1929	1	12	1952	23.000	132.59	3049.49	2025-11-05 09:02:44.185
1930	1	12	689	40.000	72.82	2912.82	2025-11-05 09:02:44.195
1931	1	12	311	35.000	72.67	2543.31	2025-11-05 09:02:44.204
1932	1	12	293	4.000	72.43	289.73	2025-11-05 09:02:44.288
1933	1	12	333	8.000	83.27	666.15	2025-11-05 09:02:44.297
1934	1	12	294	13.000	64.31	835.98	2025-11-05 09:02:44.305
1935	1	12	1969	3.000	76.65	229.96	2025-11-05 09:02:44.388
1936	1	12	1977	8.000	92.47	739.79	2025-11-05 09:02:44.4
1937	1	12	307	14.000	56.34	788.80	2025-11-05 09:02:44.411
1938	1	12	322	14.000	122.46	1714.50	2025-11-05 09:02:44.487
1939	1	12	1950	6.000	93.58	561.46	2025-11-05 09:02:44.499
1940	1	12	1949	2.000	93.58	187.15	2025-11-05 09:02:44.51
1941	1	12	1972	9.000	57.28	515.50	2025-11-05 09:02:44.589
1942	1	12	326	24.000	48.03	1152.75	2025-11-05 09:02:44.599
1943	1	12	1954	20.000	48.97	979.37	2025-11-05 09:02:44.686
1944	1	12	331	10.000	83.73	837.30	2025-11-05 09:02:44.698
1945	1	12	319	31.000	112.56	3489.38	2025-11-05 09:02:44.709
1946	1	12	1957	15.000	88.11	1321.67	2025-11-05 09:02:44.788
1947	1	12	336	14.000	77.07	1078.91	2025-11-05 09:02:44.798
1893	1	12	302	36.000	68.69	2472.93	2025-11-05 09:02:44.807
1948	1	12	1959	2.000	92.61	185.22	2025-11-05 09:02:44.885
1949	1	12	1960	3.000	72.73	218.18	2025-11-05 09:02:44.896
1950	1	12	1979	1.000	72.59	72.59	2025-11-05 09:02:44.905
1951	1	12	313	7.000	152.08	1064.54	2025-11-05 09:02:44.987
1952	1	12	314	10.000	102.76	1027.62	2025-11-05 09:02:45.007
1953	1	12	1966	2.000	80.70	161.39	2025-11-05 09:02:45.083
1954	1	12	1961	2.000	112.69	225.38	2025-11-05 09:02:45.096
1955	1	12	696	6.000	72.78	436.69	2025-11-05 09:02:45.106
1956	1	12	1983	2.000	72.64	145.28	2025-11-05 09:02:45.191
1957	1	12	1958	2.000	52.68	105.35	2025-11-05 09:02:45.201
1958	1	12	299	12.000	132.95	1595.40	2025-11-05 09:02:45.211
1959	1	12	687	1.000	153.20	153.20	2025-11-05 09:02:45.286
1960	1	12	330	28.000	132.34	3705.64	2025-11-05 09:02:45.296
1961	1	12	1981	4.000	94.42	377.67	2025-11-05 09:02:45.306
1962	1	12	1967	32.000	92.78	2969.06	2025-11-05 09:02:45.39
1963	1	12	694	9.000	112.80	1015.21	2025-11-05 09:02:45.4
1964	1	12	300	2.000	152.31	304.61	2025-11-05 09:02:45.482
1965	1	12	325	7.000	91.55	640.88	2025-11-05 09:02:45.493
1966	1	12	323	4.000	92.89	371.56	2025-11-05 09:02:45.505
1967	1	12	297	3.000	102.77	308.32	2025-11-05 09:02:45.517
1968	1	12	290	23.000	82.73	1902.86	2025-11-05 09:02:45.589
1969	1	12	1947	2.000	95.21	190.41	2025-11-05 09:02:45.6
1970	1	12	2004	4.000	86.00	344.00	2025-11-05 09:02:45.615
1971	1	12	334	3.000	74.46	223.38	2025-11-05 09:02:45.692
1972	1	12	306	4.000	71.60	286.38	2025-11-05 09:02:45.703
1973	1	12	324	1.000	88.41	88.41	2025-11-05 09:02:45.716
1974	1	12	335	1.000	68.41	68.41	2025-11-05 09:02:45.787
5052	1	46	120	3.000	110.10	330.29	2025-11-08 13:02:02.394
1976	1	13	93	21.000	154.39	3242.09	2025-11-05 09:03:02.874
1977	1	13	79	7.000	68.44	479.05	2025-11-05 09:03:02.88
1978	1	13	140	2.000	137.32	274.63	2025-11-05 09:03:02.887
1979	1	13	65	6.000	77.58	465.48	2025-11-05 09:03:02.894
1980	1	13	74	10.000	82.38	823.75	2025-11-05 09:03:02.901
1981	1	13	126	1.000	137.71	137.71	2025-11-05 09:03:02.907
1982	1	13	66	6.000	82.71	496.27	2025-11-05 09:03:02.914
1983	1	13	76	4.000	92.37	369.46	2025-11-05 09:03:02.92
1984	1	13	149	4.000	82.37	329.46	2025-11-05 09:03:02.984
1985	1	13	106	4.000	94.87	379.46	2025-11-05 09:03:02.992
1986	1	13	152	1.000	89.01	89.01	2025-11-05 09:03:02.998
1987	1	13	137	1.000	112.76	112.76	2025-11-05 09:03:03.009
1988	1	13	151	12.000	92.38	1108.56	2025-11-05 09:03:03.085
1989	1	13	60	3.000	112.53	337.59	2025-11-05 09:03:03.097
1990	1	13	139	5.000	122.31	611.54	2025-11-05 09:03:03.107
1991	1	13	89	11.000	112.33	1235.62	2025-11-05 09:03:03.116
1992	1	13	94	19.000	100.38	1907.22	2025-11-05 09:03:03.183
5053	1	46	105	7.000	94.11	658.77	2025-11-08 13:02:02.4
1994	1	13	148	2.000	72.32	144.63	2025-11-05 09:03:03.198
1995	1	13	71	100.000	47.39	4738.50	2025-11-05 09:03:03.206
1996	1	13	85	22.000	77.49	1704.72	2025-11-05 09:03:03.213
1997	1	13	103	16.000	62.25	996.04	2025-11-05 09:03:03.282
1998	1	13	113	20.000	72.39	1447.70	2025-11-05 09:03:03.289
1999	1	13	123	10.000	62.27	622.66	2025-11-05 09:03:03.296
2000	1	13	127	29.000	79.55	2306.87	2025-11-05 09:03:03.303
2001	1	13	58	20.000	82.38	1647.60	2025-11-05 09:03:03.31
2002	1	13	122	11.000	72.53	797.78	2025-11-05 09:03:03.316
2003	1	13	118	12.000	72.38	868.56	2025-11-05 09:03:03.392
2004	1	13	67	15.000	72.35	1085.26	2025-11-05 09:03:03.401
2005	1	13	115	4.000	50.37	201.46	2025-11-05 09:03:03.409
2006	1	13	338	3.000	50.53	151.59	2025-11-05 09:03:03.418
2007	1	13	50	8.000	57.12	456.94	2025-11-05 09:03:03.425
2008	1	13	143	5.000	57.27	286.33	2025-11-05 09:03:03.483
5054	1	46	73	3.000	194.42	583.26	2025-11-08 13:02:02.406
5055	1	46	74	11.000	79.67	876.32	2025-11-08 13:02:02.488
2011	1	13	63	154.000	47.38	7297.04	2025-11-05 09:03:03.506
2012	1	13	95	4.000	372.37	1489.46	2025-11-05 09:03:03.584
2013	1	13	104	6.000	169.88	1019.28	2025-11-05 09:03:03.592
2014	1	13	145	2.000	244.82	489.63	2025-11-05 09:03:03.6
2015	1	13	99	5.000	194.98	974.91	2025-11-05 09:03:03.609
2016	1	13	339	10.000	80.26	802.61	2025-11-05 09:03:03.686
2017	1	13	357	16.000	165.24	2643.90	2025-11-05 09:03:03.694
2018	1	13	358	2.000	133.91	267.81	2025-11-05 09:03:03.702
2019	1	13	359	23.000	95.46	2195.58	2025-11-05 09:03:03.71
7495	1	57	79	7.000	68.44	479.05	2025-11-10 08:14:38.648
2021	1	13	354	8.000	67.39	539.09	2025-11-05 09:03:03.794
2022	1	13	342	4.000	74.47	297.86	2025-11-05 09:03:03.801
2023	1	13	355	10.000	105.87	1058.72	2025-11-05 09:03:03.809
2024	1	13	362	5.000	77.97	389.86	2025-11-05 09:03:03.882
2025	1	13	371	34.000	98.89	3362.23	2025-11-05 09:03:03.89
2026	1	13	366	24.000	102.23	2453.51	2025-11-05 09:03:03.898
2027	1	13	340	3.000	109.37	328.12	2025-11-05 09:03:03.905
2028	1	13	348	3.000	102.40	307.21	2025-11-05 09:03:03.983
2029	1	13	374	2.000	156.59	313.17	2025-11-05 09:03:03.991
2030	1	13	363	4.000	60.37	241.49	2025-11-05 09:03:03.999
2031	1	13	368	8.000	67.37	538.98	2025-11-05 09:03:04.007
2032	1	13	369	10.000	43.09	430.85	2025-11-05 09:03:04.082
2033	1	13	372	103.000	58.82	6058.02	2025-11-05 09:03:04.089
2034	1	13	356	16.000	46.84	749.39	2025-11-05 09:03:04.096
2035	1	13	352	17.000	81.50	1385.55	2025-11-05 09:03:04.104
2036	1	13	343	10.000	74.19	741.93	2025-11-05 09:03:04.111
2037	1	13	344	10.000	74.42	744.22	2025-11-05 09:03:04.18
2038	1	13	346	1.000	84.84	84.84	2025-11-05 09:03:04.189
2039	1	13	375	11.000	56.97	626.62	2025-11-05 09:03:04.197
2040	1	13	345	14.000	85.06	1190.80	2025-11-05 09:03:04.204
2041	1	13	347	10.000	1.00	1.00	2025-11-05 09:03:04.211
2042	1	13	349	15.000	51.65	774.70	2025-11-05 09:03:04.286
2043	1	13	350	15.000	62.15	932.28	2025-11-05 09:03:04.294
2044	1	13	361	4.000	49.87	199.49	2025-11-05 09:03:04.301
2045	1	13	360	18.000	48.20	867.51	2025-11-05 09:03:04.308
2046	1	13	370	20.000	60.40	1207.90	2025-11-05 09:03:04.386
2047	1	13	365	6.000	56.87	341.23	2025-11-05 09:03:04.394
2048	1	13	364	6.000	62.12	372.73	2025-11-05 09:03:04.401
2049	1	13	376	7.000	74.54	521.76	2025-11-05 09:03:04.408
2050	1	13	351	5.000	56.94	284.72	2025-11-05 09:03:04.416
2051	1	13	378	41.000	44.42	1821.05	2025-11-05 09:03:04.492
2052	1	13	377	8.000	49.88	399.06	2025-11-05 09:03:04.502
2053	1	13	373	51.000	74.21	3784.78	2025-11-05 09:03:04.511
2054	1	13	341	22.000	98.90	2175.84	2025-11-05 09:03:04.587
2055	1	13	367	4.000	57.59	230.35	2025-11-05 09:03:04.595
2056	1	13	379	6.000	145.96	875.75	2025-11-05 09:03:04.604
2057	1	13	380	1.000	284.96	284.96	2025-11-05 09:03:04.684
2058	1	13	381	12.000	154.96	1859.52	2025-11-05 09:03:04.698
2059	1	13	209	155.000	49.89	7732.88	2025-11-05 09:03:04.707
2060	1	13	191	43.000	115.76	4977.68	2025-11-05 09:03:04.782
2061	1	13	206	99.000	96.97	9600.03	2025-11-05 09:03:04.791
2062	1	13	205	202.000	66.28	13388.56	2025-11-05 09:03:04.798
2063	1	13	404	159.000	91.66	14573.31	2025-11-05 09:03:04.807
2064	1	13	397	57.000	96.63	5508.18	2025-11-05 09:03:04.815
2065	1	13	403	13.000	101.11	1314.44	2025-11-05 09:03:04.89
2066	1	13	393	17.000	151.67	2578.31	2025-11-05 09:03:04.898
2067	1	13	394	55.000	90.78	4992.86	2025-11-05 09:03:04.905
2068	1	13	382	15.000	112.36	1685.34	2025-11-05 09:03:04.913
2069	1	13	383	2.000	119.90	239.79	2025-11-05 09:03:04.985
2070	1	13	384	15.000	181.81	2727.15	2025-11-05 09:03:04.994
2071	1	13	385	78.000	110.88	8648.86	2025-11-05 09:03:05.002
2072	1	13	386	4.000	192.43	769.70	2025-11-05 09:03:05.086
2073	1	13	387	3.000	101.12	303.35	2025-11-05 09:03:05.095
2074	1	13	388	55.000	61.52	3383.41	2025-11-05 09:03:05.103
2075	1	13	390	24.000	81.13	1947.06	2025-11-05 09:03:05.111
2076	1	13	395	28.000	77.66	2174.50	2025-11-05 09:03:05.185
2077	1	13	396	39.000	61.22	2387.42	2025-11-05 09:03:05.192
2078	1	13	398	5.000	120.62	603.11	2025-11-05 09:03:05.201
2079	1	13	401	129.000	112.37	14495.09	2025-11-05 09:03:05.208
2080	1	13	402	13.000	50.67	658.75	2025-11-05 09:03:05.283
2081	1	13	406	28.000	81.71	2287.85	2025-11-05 09:03:05.291
2082	1	13	409	15.000	92.32	1384.86	2025-11-05 09:03:05.299
2083	1	13	410	6.000	92.33	553.95	2025-11-05 09:03:05.307
2084	1	13	412	4.000	111.69	446.77	2025-11-05 09:03:05.382
2085	1	13	413	9.000	81.50	733.50	2025-11-05 09:03:05.391
2086	1	13	414	14.000	53.50	749.01	2025-11-05 09:03:05.4
2087	1	13	415	26.000	131.71	3424.54	2025-11-05 09:03:05.482
2088	1	13	417	60.000	82.35	4941.25	2025-11-05 09:03:05.492
2089	1	13	391	2.000	88.34	176.68	2025-11-05 09:03:05.503
2090	1	13	392	1.000	1.00	1.00	2025-11-05 09:03:05.513
2091	1	13	411	1.000	1.00	1.00	2025-11-05 09:03:05.585
2092	1	13	400	32.000	81.61	2611.42	2025-11-05 09:03:05.594
2093	1	13	408	50.000	156.10	7804.76	2025-11-05 09:03:05.603
5056	1	46	102	2.000	99.69	199.38	2025-11-08 13:02:02.495
2095	1	13	416	6.000	75.36	452.13	2025-11-05 09:03:05.695
2096	1	13	244	243.000	43.63	10602.09	2025-11-05 09:03:05.711
2097	1	13	418	25.000	44.45	1111.27	2025-11-05 09:03:05.785
2098	1	13	419	36.000	54.10	1947.62	2025-11-05 09:03:05.794
2099	1	13	420	22.000	89.46	1968.09	2025-11-05 09:03:05.804
5057	1	46	66	1.000	80.16	80.16	2025-11-08 13:02:02.502
2101	1	13	422	9.000	48.60	437.40	2025-11-05 09:03:05.889
2102	1	13	423	12.000	68.79	825.45	2025-11-05 09:03:05.897
2103	1	13	288	3.000	128.55	385.64	2025-11-05 09:03:05.905
2104	1	13	424	2.000	179.55	359.10	2025-11-05 09:03:05.98
2105	1	13	425	12.000	53.45	641.45	2025-11-05 09:03:05.989
2106	1	13	426	12.000	88.91	1066.88	2025-11-05 09:03:05.996
2107	1	13	427	3.000	76.96	230.88	2025-11-05 09:03:06.003
2108	1	13	431	4.000	56.30	225.19	2025-11-05 09:03:06.011
2109	1	13	432	2.000	85.37	170.73	2025-11-05 09:03:06.085
5058	1	46	107	5.000	75.09	375.43	2025-11-08 13:02:02.587
2111	1	13	434	1.000	83.41	83.41	2025-11-05 09:03:06.101
2112	1	13	435	4.000	57.57	230.26	2025-11-05 09:03:06.18
2113	1	13	436	22.000	63.38	1394.44	2025-11-05 09:03:06.189
2114	1	13	438	10.000	48.33	483.32	2025-11-05 09:03:06.196
2115	1	13	439	1.000	56.90	56.90	2025-11-05 09:03:06.204
2116	1	13	441	39.000	63.51	2477.00	2025-11-05 09:03:06.283
2117	1	13	444	1.000	119.67	119.67	2025-11-05 09:03:06.291
2118	1	13	446	1.000	241.69	241.69	2025-11-05 09:03:06.3
2119	1	13	447	3.000	54.55	163.65	2025-11-05 09:03:06.309
2120	1	13	448	12.000	49.55	594.54	2025-11-05 09:03:06.385
2121	1	13	449	6.000	69.73	418.38	2025-11-05 09:03:06.393
2122	1	13	450	28.000	148.82	4167.02	2025-11-05 09:03:06.401
2123	1	13	452	2.000	104.55	209.10	2025-11-05 09:03:06.41
2124	1	13	454	9.000	74.13	667.15	2025-11-05 09:03:06.488
2125	1	13	455	35.000	83.36	2917.53	2025-11-05 09:03:06.497
2126	1	13	457	3.000	76.96	230.88	2025-11-05 09:03:06.505
2127	1	13	458	1.000	148.70	148.70	2025-11-05 09:03:06.584
2128	1	13	289	6.000	76.99	461.94	2025-11-05 09:03:06.593
2129	1	13	460	6.000	56.99	341.94	2025-11-05 09:03:06.603
2130	1	13	461	17.000	78.96	1342.37	2025-11-05 09:03:06.684
2131	1	13	456	4.000	44.55	178.18	2025-11-05 09:03:06.692
2132	1	13	445	1.000	47.93	47.93	2025-11-05 09:03:06.7
2133	1	13	443	1.000	79.19	79.19	2025-11-05 09:03:06.709
2134	1	13	442	30.000	44.57	1337.10	2025-11-05 09:03:06.783
2135	1	13	440	4.000	242.05	968.20	2025-11-05 09:03:06.793
2136	1	13	437	6.000	49.18	295.08	2025-11-05 09:03:06.801
2137	1	13	430	3.000	47.93	143.79	2025-11-05 09:03:06.882
2138	1	13	429	1.000	85.43	85.43	2025-11-05 09:03:06.892
2139	1	13	428	1.000	141.69	141.69	2025-11-05 09:03:06.9
2140	1	13	451	1.000	109.91	109.91	2025-11-05 09:03:06.908
2141	1	13	453	9.000	89.50	805.50	2025-11-05 09:03:06.916
2142	1	13	459	1.000	1.00	1.00	2025-11-05 09:03:06.986
2143	1	13	462	33.000	44.78	1477.67	2025-11-05 09:03:06.995
2144	1	13	463	4.000	90.11	360.42	2025-11-05 09:03:07.003
2145	1	13	464	9.000	109.29	983.58	2025-11-05 09:03:07.012
2147	1	13	470	4.000	104.42	417.66	2025-11-05 09:03:07.096
2148	1	13	466	6.000	248.91	1493.46	2025-11-05 09:03:07.104
2149	1	13	467	5.000	55.24	276.18	2025-11-05 09:03:07.113
2150	1	13	468	22.000	169.66	3732.53	2025-11-05 09:03:07.188
2151	1	13	469	2.000	55.12	110.24	2025-11-05 09:03:07.197
2152	1	13	471	35.000	278.82	9758.83	2025-11-05 09:03:07.207
2153	1	13	472	1.000	429.18	429.18	2025-11-05 09:03:07.285
2154	1	13	475	4.000	154.55	618.21	2025-11-05 09:03:07.295
2155	1	13	477	90.000	44.42	3997.68	2025-11-05 09:03:07.305
2156	1	13	478	6.000	59.76	358.54	2025-11-05 09:03:07.386
2157	1	13	481	99.000	54.20	5366.06	2025-11-05 09:03:07.396
2158	1	13	484	10.000	49.20	491.99	2025-11-05 09:03:07.405
2159	1	13	485	4.000	69.36	277.44	2025-11-05 09:03:07.488
2160	1	13	487	12.000	254.18	3050.18	2025-11-05 09:03:07.498
2161	1	13	488	11.000	389.20	4281.17	2025-11-05 09:03:07.509
2162	1	13	489	3.000	150.10	450.29	2025-11-05 09:03:07.582
2163	1	13	491	1.000	119.64	119.64	2025-11-05 09:03:07.594
2164	1	13	492	3.000	59.96	179.87	2025-11-05 09:03:07.606
2165	1	13	495	2.000	228.86	457.72	2025-11-05 09:03:07.685
2166	1	13	496	3.000	59.00	177.01	2025-11-05 09:03:07.694
2167	1	13	497	12.000	179.09	2149.11	2025-11-05 09:03:07.703
2168	1	13	498	15.000	253.78	3806.64	2025-11-05 09:03:07.711
2169	1	13	500	7.000	253.82	1776.72	2025-11-05 09:03:07.79
2170	1	13	501	1.000	229.29	229.29	2025-11-05 09:03:07.799
2171	1	13	506	11.000	49.42	543.65	2025-11-05 09:03:07.81
2172	1	13	507	5.000	69.14	345.72	2025-11-05 09:03:07.883
2173	1	13	474	1.000	89.32	89.32	2025-11-05 09:03:07.892
2174	1	13	482	5.000	279.21	1396.03	2025-11-05 09:03:07.901
2175	1	13	493	3.000	44.21	132.63	2025-11-05 09:03:07.91
2176	1	13	508	3.000	89.52	268.55	2025-11-05 09:03:07.986
2177	1	13	503	8.000	60.27	482.15	2025-11-05 09:03:08.087
2178	1	13	490	10.000	129.86	1298.59	2025-11-05 09:03:08.097
2179	1	13	473	25.000	280.31	7007.86	2025-11-05 09:03:08.105
2180	1	13	476	13.000	140.21	1822.74	2025-11-05 09:03:08.189
2181	1	13	1988	2.000	49.79	99.58	2025-11-05 09:03:08.198
2182	1	13	480	1.000	1.00	1.00	2025-11-05 09:03:08.208
2183	1	13	483	6.000	190.40	1142.42	2025-11-05 09:03:08.289
2184	1	13	494	7.000	39.41	275.84	2025-11-05 09:03:08.298
17325	8	116	5865	2.000	52.81	105.61	2026-01-04 20:44:05.197
17326	8	116	5866	1.000	97.80	97.80	2026-01-04 20:44:05.288
17327	8	116	5867	1.000	147.80	147.80	2026-01-04 20:44:05.391
17328	8	116	5868	1.000	136.87	136.87	2026-01-04 20:44:05.484
17329	8	116	5870	16.000	51.41	822.54	2026-01-04 20:44:05.494
17324	8	116	6073	0.000	57.56	0.00	2026-01-05 01:38:53.797541
19202	1	126	613	9.000	70.65	635.84	2026-01-06 21:20:25.289
20392	1	135	257	2.000	180.57	361.14	2026-01-08 09:50:47.787
20398	1	135	1849	1.000	110.49	110.49	2026-01-08 09:50:48.183
20399	1	135	266	6.000	41.14	246.83	2026-01-08 09:50:48.192
20414	1	135	1832	1.000	130.93	130.93	2026-01-08 09:50:49.084
20419	1	135	243	2.000	82.81	165.62	2026-01-08 09:50:49.299
20420	1	135	5267	16.000	55.50	888.00	2026-01-08 09:50:49.386
20421	1	135	253	2.000	98.79	197.57	2026-01-08 09:50:49.396
20422	1	135	262	1.000	48.79	48.79	2026-01-08 09:50:49.487
20423	1	135	280	9.000	91.40	822.63	2026-01-08 09:50:49.496
20424	1	135	282	7.000	103.44	724.08	2026-01-08 09:50:49.591
20425	1	135	285	7.000	140.50	983.49	2026-01-08 09:50:49.689
20426	1	135	286	1.000	74.49	74.49	2026-01-08 09:50:49.7
20427	1	135	289	4.000	75.07	300.29	2026-01-08 09:50:49.791
20417	1	135	1826	2.000	155.36	310.72	2026-01-08 09:50:49.202
4400	1	40	559	1.000	0.10	0.10	2025-11-08 12:59:05.679
4670	1	42	698	1.000	0.01	0.01	2025-11-08 13:00:55.251
20407	1	135	236	1.000	144.05	144.05	2026-01-08 12:38:28.297
20384	1	135	1856	35.000	39.46	1381.10	2026-01-08 12:38:29.69
20415	1	135	1812	11.000	64.98	714.82	2026-01-08 12:38:27.698
20386	1	135	247	35.000	45.98	1609.46	2026-01-08 12:38:28.785
20391	1	135	1814	5.000	42.48	212.39	2026-01-08 12:38:27.788
20400	1	135	1817	2.000	71.95	143.90	2026-01-08 12:38:27.791
20403	1	135	250	2.000	232.27	464.54	2026-01-08 12:38:27.794
20405	1	135	258	4.000	370.32	1481.29	2026-01-08 12:38:27.888
20404	1	135	267	3.000	230.58	691.73	2026-01-08 12:38:27.985
20394	1	135	272	10.000	51.53	515.33	2026-01-08 12:38:27.997
20395	1	135	275	3.000	42.26	126.78	2026-01-08 12:38:28.081
20387	1	135	1808	3.000	75.73	227.19	2026-01-08 12:38:28.698
20418	1	135	814	12.000	92.33	1107.90	2026-01-08 12:38:28.901
20408	1	135	1823	3.000	113.38	340.14	2026-01-08 12:38:29.086
21528	1	139	1473	0.000	66.66	0.00	2026-01-12 16:12:43.492
20396	1	135	238	6.000	111.74	670.44	2026-01-08 12:38:27.595
20381	1	135	1851	0.000	63.92	0.00	2026-01-12 11:06:12.677
20397	1	135	1801	9.000	80.75	726.75	2026-01-12 11:06:12.692
20410	1	135	252	8.000	243.38	1947.05	2026-01-08 12:38:29.082
21529	1	139	625	0.000	236.66	0.00	2026-01-12 16:12:43.496
20388	1	135	1806	2.000	61.25	122.50	2026-01-08 12:38:28.596
20413	1	135	255	8.000	89.61	716.88	2026-01-08 09:50:48.993
20416	1	135	251	19.000	46.79	889.01	2026-01-08 12:38:28.985
21530	1	139	548	0.000	96.66	0.00	2026-01-12 16:12:43.586
20401	1	135	273	7.000	51.43	359.99	2026-01-08 12:38:30.085
21531	1	139	627	0.000	144.44	0.00	2026-01-12 16:12:43.591
20402	1	135	278	34.000	89.42	3040.40	2026-01-08 12:38:30.335
20385	1	135	265	49.000	51.72	2534.28	2026-01-08 12:38:29.898
20411	1	135	274	5.000	110.52	552.60	2026-01-08 12:38:30.089
21532	1	139	558	0.000	86.66	0.00	2026-01-12 16:12:43.595
21533	1	139	561	0.000	135.54	0.00	2026-01-12 16:12:43.684
5059	1	46	76	7.000	89.68	627.74	2025-11-08 13:02:02.595
2188	1	19	517	2.000	127.95	255.90	2025-11-05 09:04:53.049
5060	1	46	149	5.000	80.88	404.42	2025-11-08 13:02:02.602
2190	1	19	516	255.000	49.41	12599.25	2025-11-05 09:04:53.093
2191	1	19	584	37.000	139.60	5165.21	2025-11-05 09:04:53.1
2192	1	19	153	116.000	329.19	38186.10	2025-11-05 09:04:53.107
2193	1	19	576	1.000	128.91	128.91	2025-11-05 09:04:53.114
5061	1	46	151	7.000	102.83	719.84	2025-11-08 13:02:02.685
2195	1	19	523	1.000	152.13	152.13	2025-11-05 09:04:53.193
5062	1	46	60	7.000	109.69	767.83	2025-11-08 13:02:02.691
2197	1	19	550	89.000	67.21	5982.12	2025-11-05 09:04:53.206
2198	1	19	565	11.000	88.18	969.96	2025-11-05 09:04:53.212
2199	1	19	542	1.000	127.44	127.44	2025-11-05 09:04:53.284
5063	1	46	70	10.000	120.09	1200.93	2025-11-08 13:02:02.698
2202	1	19	592	8.000	53.40	427.18	2025-11-05 09:04:53.304
2203	1	19	547	27.000	189.11	5105.93	2025-11-05 09:04:53.31
5064	1	46	703	1.000	69.53	69.53	2025-11-08 13:02:02.705
5065	1	46	83	12.000	150.48	1805.76	2025-11-08 13:02:02.786
5066	1	46	92	10.000	150.32	1503.20	2025-11-08 13:02:02.794
5067	1	46	139	12.000	112.78	1353.36	2025-11-08 13:02:02.801
2208	1	19	623	1.000	98.92	98.92	2025-11-05 09:04:53.411
2209	1	19	509	17.000	128.25	2180.28	2025-11-05 09:04:53.484
2210	1	19	519	58.000	89.12	5168.79	2025-11-05 09:04:53.491
2211	1	19	511	37.000	98.47	3643.37	2025-11-05 09:04:53.498
2212	1	19	520	79.000	49.71	3927.04	2025-11-05 09:04:53.505
2213	1	19	512	89.000	49.43	4399.49	2025-11-05 09:04:53.512
5068	1	46	54	8.000	74.71	597.69	2025-11-08 13:02:02.807
5069	1	46	91	5.000	56.04	280.22	2025-11-08 13:02:02.886
2216	1	19	587	3.000	66.36	199.09	2025-11-05 09:04:53.596
2217	1	19	510	39.000	53.32	2079.48	2025-11-05 09:04:53.603
2218	1	19	525	10.000	78.26	782.58	2025-11-05 09:04:53.609
2219	1	19	572	2.000	129.12	258.23	2025-11-05 09:04:53.681
5070	1	46	114	3.000	101.33	304.00	2025-11-08 13:02:02.895
2221	1	19	530	1.000	189.49	189.49	2025-11-05 09:04:53.696
2222	1	19	562	19.000	228.77	4346.64	2025-11-05 09:04:53.703
2223	1	19	552	3.000	156.36	469.09	2025-11-05 09:04:53.71
2224	1	19	569	11.000	228.77	2516.48	2025-11-05 09:04:53.783
2225	1	19	529	16.000	254.37	4069.90	2025-11-05 09:04:53.791
2226	1	19	537	3.000	281.70	845.10	2025-11-05 09:04:53.798
2227	1	19	564	1.000	254.03	254.03	2025-11-05 09:04:53.805
2228	1	19	526	1.000	403.84	403.84	2025-11-05 09:04:53.813
2229	1	19	522	1.000	207.71	207.71	2025-11-05 09:04:53.884
2230	1	19	544	1.000	95.71	95.71	2025-11-05 09:04:53.892
2231	1	19	585	2.000	129.07	258.13	2025-11-05 09:04:53.899
2232	1	19	593	1.000	112.71	112.71	2025-11-05 09:04:53.906
2233	1	19	521	6.000	77.74	466.44	2025-11-05 09:04:53.913
2234	1	19	581	2.000	47.71	95.42	2025-11-05 09:04:53.986
2235	1	19	518	1.000	220.71	220.71	2025-11-05 09:04:53.993
2236	1	19	528	6.000	217.15	1302.87	2025-11-05 09:04:54
2237	1	19	534	2.000	104.17	208.34	2025-11-05 09:04:54.007
2238	1	19	527	7.000	103.99	727.90	2025-11-05 09:04:54.014
2239	1	19	566	3.000	244.13	732.38	2025-11-05 09:04:54.087
2240	1	19	539	8.000	243.67	1949.36	2025-11-05 09:04:54.095
2241	1	19	577	1.000	47.71	47.71	2025-11-05 09:04:54.103
2242	1	19	590	1.000	107.71	107.71	2025-11-05 09:04:54.183
2243	1	19	540	1.000	128.30	128.30	2025-11-05 09:04:54.19
2244	1	19	541	95.000	69.58	6609.85	2025-11-05 09:04:54.199
5071	1	46	142	16.000	85.12	1361.90	2025-11-08 13:02:02.902
2246	1	19	567	1.000	39.23	39.23	2025-11-05 09:04:54.292
2247	1	19	513	1.000	188.96	188.96	2025-11-05 09:04:54.299
5072	1	46	71	56.000	46.86	2624.01	2025-11-08 13:02:02.987
2249	1	19	586	13.000	103.71	1348.20	2025-11-05 09:04:54.383
2250	1	19	578	1.000	231.36	231.36	2025-11-05 09:04:54.39
2251	1	19	588	6.000	281.37	1688.22	2025-11-05 09:04:54.397
2252	1	19	621	1.000	229.24	229.24	2025-11-05 09:04:54.404
2253	1	19	575	14.000	328.79	4602.99	2025-11-05 09:04:54.411
2254	1	19	524	71.000	66.16	4697.65	2025-11-05 09:04:54.483
2255	1	19	557	22.000	69.60	1531.26	2025-11-05 09:04:54.492
2256	1	19	558	16.000	76.99	1231.83	2025-11-05 09:04:54.499
2257	1	19	545	3.000	69.33	207.98	2025-11-05 09:04:54.507
2258	1	19	554	9.000	69.31	623.81	2025-11-05 09:04:54.582
2259	1	19	583	15.000	78.66	1179.90	2025-11-05 09:04:54.59
2260	1	19	154	11.000	78.88	867.68	2025-11-05 09:04:54.685
2261	1	19	594	68.000	69.12	4699.99	2025-11-05 09:04:54.693
5073	1	46	85	7.000	74.91	524.35	2025-11-08 13:02:03.002
2263	1	19	563	35.000	57.60	2015.97	2025-11-05 09:04:54.789
2264	1	19	531	451.000	50.42	22738.63	2025-11-05 09:04:54.797
2265	1	19	628	2.000	78.22	156.44	2025-11-05 09:04:54.804
2266	1	19	597	1.000	361.30	361.30	2025-11-05 09:04:54.812
2267	1	19	598	3.000	441.30	1323.90	2025-11-05 09:04:54.885
2268	1	19	600	4.000	163.95	655.81	2025-11-05 09:04:54.893
2269	1	19	601	5.000	83.90	419.49	2025-11-05 09:04:54.901
2270	1	19	602	2.000	78.32	156.64	2025-11-05 09:04:54.908
2271	1	19	603	3.000	58.11	174.32	2025-11-05 09:04:54.988
2272	1	19	339	3.000	115.21	345.63	2025-11-05 09:04:54.996
2273	1	19	604	3.000	148.59	445.78	2025-11-05 09:04:55.003
2274	1	19	599	1.000	178.96	178.96	2025-11-05 09:04:55.012
2275	1	19	605	1.000	105.32	105.32	2025-11-05 09:04:55.087
2276	1	19	606	2.000	117.82	235.64	2025-11-05 09:04:55.096
2277	1	19	607	2.000	180.32	360.64	2025-11-05 09:04:55.104
2278	1	19	608	1.000	182.82	182.82	2025-11-05 09:04:55.184
2279	1	19	609	1.000	182.82	182.82	2025-11-05 09:04:55.192
10687	1	77	2285	1.000	0.10	0.10	2025-11-20 10:46:51.959
2283	1	21	516	54.000	48.30	2607.94	2025-11-05 09:05:39.184
2285	1	21	550	10.000	72.43	724.30	2025-11-05 09:05:39.199
2286	1	21	547	10.000	189.33	1893.30	2025-11-05 09:05:39.206
2287	1	21	624	10.000	169.89	1698.90	2025-11-05 09:05:39.283
2289	1	21	699	1.000	82.71	82.71	2025-11-05 09:05:39.298
2290	1	21	562	5.000	228.45	1142.25	2025-11-05 09:05:39.305
2291	1	21	529	9.000	253.87	2284.83	2025-11-05 09:05:39.311
2293	1	21	631	6.000	69.46	416.76	2025-11-05 09:05:39.394
2281	1	21	514	40.000	354.70	14187.81	2025-11-06 08:38:16.796
2288	1	21	579	10.000	200.24	2002.43	2025-11-05 09:05:39.291
2284	1	21	153	26.000	328.96	8552.89	2025-11-05 12:46:00.489
2292	1	21	575	1.000	648.64	648.64	2025-11-05 09:05:39.387
2201	1	19	580	110.000	212.48	23372.28	2025-11-06 08:36:54.16
2280	1	21	698	1.000	0.01	0.01	2025-11-06 07:38:12.293
2294	1	21	154	20.000	76.11	1522.12	2025-11-05 09:05:39.401
5074	1	46	103	1.000	59.45	59.45	2025-11-08 13:02:03.01
7496	1	57	140	2.000	137.32	274.63	2025-11-10 08:14:38.656
2297	1	21	155	49.000	13.54	663.46	2025-11-05 09:05:39.484
2298	1	21	704	2.000	168.31	336.62	2025-11-05 09:05:39.491
2299	1	21	707	39.000	159.93	6237.44	2025-11-05 09:05:39.499
5075	1	46	109	6.000	84.36	506.13	2025-11-08 13:02:03.094
2301	1	21	79	10.000	65.75	657.53	2025-11-05 09:05:39.585
2302	1	21	144	9.000	95.14	856.28	2025-11-05 09:05:39.593
5076	1	46	113	12.000	69.08	828.90	2025-11-08 13:02:03.102
2304	1	21	84	9.000	55.73	501.57	2025-11-05 09:05:39.61
2305	1	21	86	3.000	55.17	165.51	2025-11-05 09:05:39.617
2306	1	21	87	12.000	68.97	827.58	2025-11-05 09:05:39.682
2307	1	21	140	7.000	134.64	942.46	2025-11-05 09:05:39.698
2308	1	21	57	11.000	179.55	1975.07	2025-11-05 09:05:39.787
2309	1	21	56	15.000	98.08	1471.23	2025-11-05 09:05:39.887
2310	1	21	55	12.000	110.68	1328.16	2025-11-05 09:05:40.082
5077	1	46	123	10.000	59.56	595.60	2025-11-08 13:02:03.11
5078	1	46	58	12.000	79.80	957.60	2025-11-08 13:02:03.192
5079	1	46	81	7.000	74.18	519.23	2025-11-08 13:02:03.2
5080	1	46	67	15.000	69.76	1046.40	2025-11-08 13:02:03.207
5081	1	46	143	5.000	54.83	274.15	2025-11-08 13:02:03.289
2316	1	21	138	21.000	110.32	2316.75	2025-11-05 09:05:40.883
2317	1	21	141	2.000	44.45	88.89	2025-11-05 09:05:41.085
2318	1	21	120	3.000	110.10	330.29	2025-11-05 09:05:41.093
5082	1	46	63	16.000	44.65	714.38	2025-11-08 13:02:03.298
2320	1	21	73	3.000	194.42	583.26	2025-11-05 09:05:41.185
2321	1	21	74	12.000	79.67	955.98	2025-11-05 09:05:41.192
5083	1	46	95	8.000	369.57	2956.57	2025-11-08 13:02:03.306
2323	1	21	66	1.000	80.16	80.16	2025-11-05 09:05:41.207
5084	1	46	104	2.000	166.59	333.18	2025-11-08 13:02:03.383
5085	1	46	706	2.000	370.43	740.85	2025-11-08 13:02:03.39
5086	1	46	96	8.000	179.51	1436.05	2025-11-08 13:02:03.401
2327	1	21	149	5.000	80.88	404.42	2025-11-05 09:05:41.297
5087	1	46	145	2.000	242.25	484.49	2025-11-08 13:02:03.409
2329	1	21	60	7.000	109.69	767.83	2025-11-05 09:05:41.383
2330	1	21	70	11.000	120.09	1321.03	2025-11-05 09:05:41.392
2331	1	21	703	3.000	69.53	208.59	2025-11-05 09:05:41.4
2332	1	21	83	14.000	150.48	2106.73	2025-11-05 09:05:41.408
5088	1	46	131	4.000	205.89	823.54	2025-11-08 13:02:03.489
2334	1	21	139	20.000	112.78	2255.60	2025-11-05 09:05:41.488
2335	1	21	54	11.000	74.71	821.82	2025-11-05 09:05:41.496
5089	1	46	119	2.000	280.26	560.52	2025-11-08 13:02:03.497
5090	1	46	99	4.000	191.59	766.36	2025-11-08 13:02:03.507
2338	1	21	114	7.000	101.33	709.33	2025-11-05 09:05:41.582
5091	1	46	601	5.000	83.90	419.50	2025-11-08 13:02:03.593
5092	1	46	653	16.000	72.79	1164.64	2025-11-08 13:02:03.605
2341	1	21	142	16.000	85.12	1361.90	2025-11-05 09:05:41.604
5093	1	46	709	1.000	166.09	166.09	2025-11-08 13:02:03.683
5094	1	46	711	2.000	95.73	191.46	2025-11-08 13:02:03.692
5095	1	46	714	4.000	120.79	483.15	2025-11-08 13:02:03.701
2345	1	21	109	12.000	84.35	1012.25	2025-11-05 09:05:41.692
5096	1	46	715	2.000	90.25	180.50	2025-11-08 13:02:03.784
2347	1	21	123	10.000	59.56	595.60	2025-11-05 09:05:41.707
2348	1	21	58	18.000	79.80	1436.40	2025-11-05 09:05:41.714
5097	1	46	710	1.000	70.38	70.38	2025-11-08 13:02:03.793
2350	1	21	67	15.000	69.76	1046.40	2025-11-05 09:05:41.793
2351	1	21	143	5.000	54.83	274.15	2025-11-05 09:05:41.802
5098	1	46	712	2.000	205.75	411.50	2025-11-08 13:02:03.882
2353	1	21	95	9.000	369.57	3326.14	2025-11-05 09:05:41.885
2354	1	21	104	2.000	166.59	333.18	2025-11-05 09:05:41.893
2355	1	21	706	2.000	370.43	740.85	2025-11-05 09:05:41.901
2356	1	21	96	9.000	179.51	1615.56	2025-11-05 09:05:41.908
2357	1	21	145	3.000	242.24	726.73	2025-11-05 09:05:41.916
2358	1	21	131	4.000	205.89	823.54	2025-11-05 09:05:41.986
2359	1	21	119	2.000	280.26	560.52	2025-11-05 09:05:41.993
2360	1	21	99	4.000	191.59	766.36	2025-11-05 09:05:42
2361	1	21	653	16.000	72.79	1164.64	2025-11-05 09:05:42.007
2362	1	21	709	1.000	166.09	166.09	2025-11-05 09:05:42.082
2363	1	21	711	2.000	95.73	191.46	2025-11-05 09:05:42.089
2364	1	21	714	4.000	120.79	483.15	2025-11-05 09:05:42.097
2365	1	21	715	2.000	90.25	180.50	2025-11-05 09:05:42.104
2366	1	21	710	1.000	70.38	70.38	2025-11-05 09:05:42.112
2367	1	21	712	2.000	205.75	411.50	2025-11-05 09:05:42.188
2368	1	21	713	1.000	95.44	95.44	2025-11-05 09:05:42.196
2369	1	21	716	3.000	112.02	336.06	2025-11-05 09:05:42.205
2370	1	21	717	16.000	105.21	1683.35	2025-11-05 09:05:42.283
5099	1	46	713	1.000	95.44	95.44	2025-11-08 13:02:03.898
5100	1	46	716	3.000	112.02	336.06	2025-11-08 13:02:03.908
2373	1	21	725	5.000	85.78	428.90	2025-11-05 09:05:42.306
2374	1	21	175	7.000	95.78	670.47	2025-11-05 09:05:42.383
2375	1	21	185	9.000	80.75	726.73	2025-11-05 09:05:42.39
2376	1	21	728	1.000	51.83	51.83	2025-11-05 09:05:42.49
2377	1	21	184	7.000	105.71	739.95	2025-11-05 09:05:42.498
2378	1	21	732	1.000	120.72	120.72	2025-11-05 09:05:42.506
2379	1	21	158	9.000	65.70	591.28	2025-11-05 09:05:42.515
2380	1	21	719	1.000	75.77	75.77	2025-11-05 09:05:42.585
2381	1	21	167	4.000	79.32	317.28	2025-11-05 09:05:42.594
2382	1	21	726	3.000	75.76	227.28	2025-11-05 09:05:42.602
2383	1	21	171	3.000	50.84	152.52	2025-11-05 09:05:42.61
2384	1	21	160	7.000	98.69	690.84	2025-11-05 09:05:42.682
2385	1	21	735	2.000	115.68	231.35	2025-11-05 09:05:42.69
2386	1	21	727	3.000	150.74	452.22	2025-11-05 09:05:42.697
2387	1	21	730	3.000	152.72	458.16	2025-11-05 09:05:42.705
2388	1	21	721	1.000	160.57	160.57	2025-11-05 09:05:42.713
2389	1	21	169	2.000	105.58	211.16	2025-11-05 09:05:42.783
2390	1	21	165	8.000	130.80	1046.43	2025-11-05 09:05:42.793
2391	1	21	162	3.000	170.48	511.44	2025-11-05 09:05:42.802
2392	1	21	183	5.000	130.82	654.09	2025-11-05 09:05:42.813
2393	1	21	182	4.000	126.34	505.36	2025-11-05 09:05:42.885
2394	1	21	172	7.000	105.63	739.43	2025-11-05 09:05:42.893
2395	1	21	159	7.000	65.63	459.39	2025-11-05 09:05:42.989
2396	1	21	723	13.000	45.87	596.29	2025-11-05 09:05:42.998
2397	1	21	724	6.000	55.85	335.08	2025-11-05 09:05:43.006
2398	1	21	170	10.000	70.78	707.80	2025-11-05 09:05:43.014
2399	1	21	176	12.000	55.85	670.23	2025-11-05 09:05:43.088
2400	1	21	734	2.000	65.80	131.60	2025-11-05 09:05:43.097
2401	1	21	729	7.000	55.81	390.65	2025-11-05 09:05:43.105
5101	1	46	717	16.000	105.21	1683.35	2025-11-08 13:02:03.988
2403	1	21	168	11.000	70.52	775.72	2025-11-05 09:05:43.195
2404	1	21	738	3.000	60.91	182.73	2025-11-05 09:05:43.205
2405	1	21	740	5.000	90.52	452.61	2025-11-05 09:05:43.286
2406	1	21	164	9.000	75.78	682.02	2025-11-05 09:05:43.294
2407	1	21	161	1.000	79.81	79.81	2025-11-05 09:05:43.302
2408	1	21	731	6.000	93.75	562.52	2025-11-05 09:05:43.31
2409	1	21	733	1.000	102.78	102.78	2025-11-05 09:05:43.383
2410	1	21	157	6.000	50.87	305.22	2025-11-05 09:05:43.392
2411	1	21	722	5.000	45.81	229.05	2025-11-05 09:05:43.4
2412	1	21	178	2.000	205.55	411.09	2025-11-05 09:05:43.408
2413	1	21	737	1.000	280.66	280.66	2025-11-05 09:05:43.416
2414	1	21	180	3.000	280.50	841.50	2025-11-05 09:05:43.488
2415	1	21	743	2.000	397.02	794.04	2025-11-05 09:05:43.497
2416	1	21	741	8.000	64.84	518.72	2025-11-05 09:05:43.588
2417	1	21	746	1.000	134.44	134.44	2025-11-05 09:05:43.597
2418	1	21	747	1.000	61.59	61.59	2025-11-05 09:05:43.606
2419	1	21	742	6.000	171.34	1028.04	2025-11-05 09:05:43.686
2420	1	21	744	1.000	230.86	230.86	2025-11-05 09:05:43.694
2421	1	21	745	5.000	55.53	277.65	2025-11-05 09:05:43.702
2422	1	21	748	8.000	65.96	527.68	2025-11-05 09:05:43.71
2423	1	21	749	2.000	391.96	783.92	2025-11-05 09:05:43.788
2424	1	21	750	3.000	98.69	296.07	2025-11-05 09:05:43.796
2425	1	21	751	1.000	112.82	112.82	2025-11-05 09:05:43.806
2426	1	21	188	8.000	135.56	1084.48	2025-11-05 09:05:43.885
2427	1	21	755	1.000	124.78	124.78	2025-11-05 09:05:43.895
2428	1	21	753	1.000	94.86	94.86	2025-11-05 09:05:43.903
5102	1	46	372	103.000	58.82	6058.46	2025-11-08 13:02:03.996
5103	1	46	356	16.000	46.84	749.44	2025-11-08 13:02:04.005
2431	1	21	191	10.000	115.49	1154.89	2025-11-05 09:05:43.998
2432	1	21	208	10.000	82.54	825.40	2025-11-05 09:05:44.006
2433	1	21	206	12.000	98.91	1186.89	2025-11-05 09:05:44.082
2434	1	21	205	12.000	66.83	801.99	2025-11-05 09:05:44.091
2435	1	21	190	21.000	71.29	1497.03	2025-11-05 09:05:44.1
2436	1	21	761	1.000	145.83	145.83	2025-11-05 09:05:44.109
2437	1	21	762	1.000	115.20	115.20	2025-11-05 09:05:44.189
2438	1	21	220	3.000	256.96	770.88	2025-11-05 09:05:44.197
2439	1	21	216	2.000	144.39	288.78	2025-11-05 09:05:44.205
2440	1	21	756	7.000	256.99	1798.95	2025-11-05 09:05:44.217
2441	1	21	195	10.000	256.99	2569.92	2025-11-05 09:05:44.294
2442	1	21	219	2.000	267.21	534.41	2025-11-05 09:05:44.305
2443	1	21	760	2.000	332.25	664.49	2025-11-05 09:05:44.314
2444	1	21	764	1.000	151.96	151.96	2025-11-05 09:05:44.389
2445	1	21	234	9.000	50.32	452.84	2025-11-05 09:05:44.399
2446	1	21	763	11.000	40.90	449.90	2025-11-05 09:05:44.409
2447	1	21	202	5.000	104.24	521.21	2025-11-05 09:05:44.418
2448	1	21	752	1.000	164.85	164.85	2025-11-05 09:05:44.488
2449	1	21	765	1.000	81.90	81.90	2025-11-05 09:05:44.497
5104	1	46	341	22.000	98.90	2175.80	2025-11-08 13:02:04.091
2451	1	21	757	1.000	132.04	132.04	2025-11-05 09:05:44.583
5105	1	46	718	1.000	38.31	38.31	2025-11-08 13:02:04.105
5106	1	46	725	5.000	85.78	428.90	2025-11-08 13:02:04.113
5107	1	46	175	7.000	95.78	670.47	2025-11-08 13:02:04.198
2455	1	21	397	10.000	96.63	966.30	2025-11-05 09:05:44.688
2456	1	21	791	1.000	91.26	91.26	2025-11-05 09:05:44.697
2457	1	21	393	25.000	151.51	3787.87	2025-11-05 09:05:44.707
2458	1	21	788	3.000	52.10	156.29	2025-11-05 09:05:44.789
2459	1	21	394	15.000	91.01	1365.22	2025-11-05 09:05:44.798
2460	1	21	780	1.000	71.75	71.75	2025-11-05 09:05:44.807
2461	1	21	766	2.000	56.47	112.94	2025-11-05 09:05:44.817
2462	1	21	768	2.000	86.34	172.68	2025-11-05 09:05:44.887
2463	1	21	781	2.000	88.14	176.27	2025-11-05 09:05:44.896
2464	1	21	382	12.000	111.98	1343.81	2025-11-05 09:05:44.904
2465	1	21	789	5.000	92.10	460.51	2025-11-05 09:05:44.98
2466	1	21	383	2.000	120.04	240.07	2025-11-05 09:05:44.992
2467	1	21	767	4.000	66.46	265.84	2025-11-05 09:05:45.016
2468	1	21	384	3.000	181.81	545.43	2025-11-05 09:05:45.029
2469	1	21	385	6.000	108.20	649.18	2025-11-05 09:05:45.088
2470	1	21	386	2.000	191.91	383.81	2025-11-05 09:05:45.097
2471	1	21	770	5.000	152.06	760.30	2025-11-05 09:05:45.106
2472	1	21	387	3.000	99.95	299.84	2025-11-05 09:05:45.185
2473	1	21	389	12.000	81.21	974.55	2025-11-05 09:05:45.195
2474	1	21	390	10.000	81.15	811.52	2025-11-05 09:05:45.205
2475	1	21	773	4.000	139.90	559.60	2025-11-05 09:05:45.214
2476	1	21	774	35.000	96.48	3376.69	2025-11-05 09:05:45.286
2477	1	21	775	9.000	131.67	1184.99	2025-11-05 09:05:45.295
2478	1	21	776	5.000	74.99	374.93	2025-11-05 09:05:45.303
2479	1	21	777	2.000	191.94	383.87	2025-11-05 09:05:45.311
2480	1	21	778	3.000	141.40	424.19	2025-11-05 09:05:45.389
2481	1	21	779	2.000	120.98	241.96	2025-11-05 09:05:45.398
2482	1	21	395	8.000	77.87	622.94	2025-11-05 09:05:45.407
2483	1	21	396	18.000	60.89	1095.93	2025-11-05 09:05:45.482
2484	1	21	782	1.000	91.42	91.42	2025-11-05 09:05:45.491
2485	1	21	783	1.000	109.90	109.90	2025-11-05 09:05:45.499
2486	1	21	784	5.000	141.06	705.28	2025-11-05 09:05:45.508
2487	1	21	785	1.000	61.38	61.38	2025-11-05 09:05:45.586
2488	1	21	398	6.000	121.00	725.98	2025-11-05 09:05:45.595
2489	1	21	399	14.000	71.56	1001.77	2025-11-05 09:05:45.604
2490	1	21	787	1.000	111.10	111.10	2025-11-05 09:05:45.682
2491	1	21	401	14.000	107.71	1507.95	2025-11-05 09:05:45.693
2492	1	21	406	8.000	81.62	652.98	2025-11-05 09:05:45.781
2493	1	21	793	3.000	252.30	756.89	2025-11-05 09:05:45.792
2494	1	21	409	6.000	91.88	551.28	2025-11-05 09:05:45.802
2495	1	21	794	1.000	71.65	71.65	2025-11-05 09:05:45.812
2496	1	21	795	1.000	131.40	131.40	2025-11-05 09:05:45.886
2497	1	21	796	3.000	111.15	333.45	2025-11-05 09:05:45.896
2498	1	21	797	6.000	111.32	667.92	2025-11-05 09:05:45.906
2499	1	21	412	5.000	111.65	558.25	2025-11-05 09:05:45.988
2500	1	21	413	17.000	81.51	1385.75	2025-11-05 09:05:45.997
2501	1	21	415	9.000	131.74	1185.68	2025-11-05 09:05:46.006
2502	1	21	800	11.000	121.00	1331.03	2025-11-05 09:05:46.092
2503	1	21	769	1.000	1.00	1.00	2025-11-05 09:05:46.103
2504	1	21	391	1.000	84.77	84.77	2025-11-05 09:05:46.187
2505	1	21	790	1.000	131.20	131.20	2025-11-05 09:05:46.196
2506	1	21	400	16.000	81.61	1305.76	2025-11-05 09:05:46.205
2507	1	21	786	11.000	90.99	1000.90	2025-11-05 09:05:46.286
5108	1	46	185	9.000	80.75	726.73	2025-11-08 13:02:04.209
5109	1	46	728	1.000	51.83	51.83	2025-11-08 13:02:04.287
2510	1	21	799	3.000	131.29	393.88	2025-11-05 09:05:46.383
5110	1	46	184	4.000	105.71	422.83	2025-11-08 13:02:04.297
2512	1	21	416	13.000	75.03	975.39	2025-11-05 09:05:46.404
2513	1	21	801	2.000	74.56	149.12	2025-11-05 09:05:46.486
2514	1	21	802	1.000	43.76	43.76	2025-11-05 09:05:46.496
2515	1	21	803	1.000	114.16	114.16	2025-11-05 09:05:46.506
2516	1	21	237	3.000	78.40	235.20	2025-11-05 09:05:46.515
2517	1	21	807	3.000	108.66	325.98	2025-11-05 09:05:46.589
2518	1	21	240	6.000	88.97	533.79	2025-11-05 09:05:46.598
2519	1	21	812	10.000	49.27	492.70	2025-11-05 09:05:46.608
2520	1	21	813	2.000	58.51	117.02	2025-11-05 09:05:46.685
2521	1	21	817	3.000	68.76	206.28	2025-11-05 09:05:46.695
2522	1	21	804	4.000	88.95	355.81	2025-11-05 09:05:46.705
2523	1	21	820	5.000	128.61	643.03	2025-11-05 09:05:46.787
2524	1	21	808	2.000	108.42	216.84	2025-11-05 09:05:46.798
2525	1	21	239	6.000	68.30	409.80	2025-11-05 09:05:46.807
2526	1	21	241	4.000	53.94	215.74	2025-11-05 09:05:46.886
2527	1	21	805	4.000	69.03	276.11	2025-11-05 09:05:46.896
2528	1	21	263	7.000	98.63	690.39	2025-11-05 09:05:46.905
2529	1	21	268	3.000	69.35	208.05	2025-11-05 09:05:46.983
2530	1	21	810	1.000	53.60	53.60	2025-11-05 09:05:46.993
2531	1	21	244	1.000	43.41	43.41	2025-11-05 09:05:47.002
2532	1	21	265	6.000	48.42	290.49	2025-11-05 09:05:47.082
2533	1	21	819	10.000	98.43	984.30	2025-11-05 09:05:47.092
2534	1	21	247	6.000	43.71	262.25	2025-11-05 09:05:47.106
2535	1	21	266	11.000	39.01	429.15	2025-11-05 09:05:47.19
2536	1	21	273	2.000	48.76	97.52	2025-11-05 09:05:47.2
2537	1	21	278	9.000	88.68	798.15	2025-11-05 09:05:47.282
2538	1	21	245	4.000	63.80	255.20	2025-11-05 09:05:47.294
2539	1	21	250	1.000	228.75	228.75	2025-11-05 09:05:47.305
2540	1	21	260	14.000	68.80	963.17	2025-11-05 09:05:47.386
2541	1	21	236	4.000	138.71	554.85	2025-11-05 09:05:47.396
2542	1	21	252	5.000	241.70	1208.50	2025-11-05 09:05:47.407
2543	1	21	274	2.000	108.52	217.03	2025-11-05 09:05:47.488
2544	1	21	809	2.000	138.60	277.20	2025-11-05 09:05:47.499
2545	1	21	818	2.000	83.73	167.45	2025-11-05 09:05:47.584
2546	1	21	251	8.000	43.79	350.32	2025-11-05 09:05:47.601
2547	1	21	821	3.000	47.99	143.97	2025-11-05 09:05:47.68
2548	1	21	824	2.000	56.69	113.38	2025-11-05 09:05:47.691
2549	1	21	822	2.000	94.25	188.50	2025-11-05 09:05:47.703
2550	1	21	825	4.000	84.25	337.00	2025-11-05 09:05:47.792
2551	1	21	823	10.000	99.25	992.50	2025-11-05 09:05:47.802
2552	1	21	830	1.000	128.44	128.44	2025-11-05 09:05:47.881
2553	1	21	831	3.000	114.24	342.72	2025-11-05 09:05:47.891
2554	1	21	833	14.000	73.87	1034.13	2025-11-05 09:05:47.901
2555	1	21	834	2.000	57.22	114.44	2025-11-05 09:05:47.91
2556	1	21	832	2.000	83.83	167.66	2025-11-05 09:05:47.989
2557	1	21	829	2.000	69.22	138.44	2025-11-05 09:05:47.999
2558	1	21	827	2.000	138.90	277.79	2025-11-05 09:05:48.009
2559	1	21	826	3.000	83.95	251.84	2025-11-05 09:05:48.088
2560	1	21	828	1.000	88.83	88.83	2025-11-05 09:05:48.103
2561	1	21	418	6.000	43.25	259.48	2025-11-05 09:05:48.115
2562	1	21	419	9.000	52.00	468.00	2025-11-05 09:05:48.19
2563	1	21	420	6.000	88.31	529.86	2025-11-05 09:05:48.2
2564	1	21	835	1.000	60.07	60.07	2025-11-05 09:05:48.209
2565	1	21	836	3.000	81.00	243.00	2025-11-05 09:05:48.29
2566	1	21	421	7.000	69.14	483.97	2025-11-05 09:05:48.305
2567	1	21	837	6.000	107.92	647.53	2025-11-05 09:05:48.387
2568	1	21	838	10.000	72.63	726.34	2025-11-05 09:05:48.399
2569	1	21	839	1.000	66.36	66.36	2025-11-05 09:05:48.412
2570	1	21	422	1.000	47.45	47.45	2025-11-05 09:05:48.491
2571	1	21	423	4.000	73.78	295.12	2025-11-05 09:05:48.503
2572	1	21	425	9.000	52.00	468.00	2025-11-05 09:05:48.586
2573	1	21	426	4.000	92.96	371.84	2025-11-05 09:05:48.597
2574	1	21	431	9.000	60.75	546.72	2025-11-05 09:05:48.687
2575	1	21	432	4.000	93.63	374.52	2025-11-05 09:05:48.698
2576	1	21	840	2.000	92.00	184.00	2025-11-05 09:05:48.783
2577	1	21	841	3.000	105.07	315.21	2025-11-05 09:05:48.794
2578	1	21	434	1.000	81.90	81.90	2025-11-05 09:05:48.805
2579	1	21	435	7.000	57.19	400.34	2025-11-05 09:05:48.815
2580	1	21	842	16.000	63.55	1016.72	2025-11-05 09:05:48.889
5111	1	46	732	1.000	120.72	120.72	2025-11-08 13:02:04.305
2582	1	21	844	5.000	60.07	300.35	2025-11-05 09:05:48.988
2583	1	21	846	3.000	75.07	225.21	2025-11-05 09:05:49
2584	1	21	847	2.000	105.76	211.52	2025-11-05 09:05:49.017
2585	1	21	848	2.000	97.82	195.64	2025-11-05 09:05:49.087
2586	1	21	849	4.000	93.69	374.77	2025-11-05 09:05:49.182
2587	1	21	850	1.000	181.88	181.88	2025-11-05 09:05:49.193
2588	1	21	851	1.000	130.66	130.66	2025-11-05 09:05:49.204
2589	1	21	853	2.000	68.75	137.49	2025-11-05 09:05:49.286
2590	1	21	854	1.000	241.69	241.69	2025-11-05 09:05:49.296
2591	1	21	855	6.000	89.15	534.87	2025-11-05 09:05:49.307
2592	1	21	450	8.000	146.21	1169.68	2025-11-05 09:05:49.386
2593	1	21	857	1.000	74.18	74.18	2025-11-05 09:05:49.584
2594	1	21	858	4.000	75.07	300.28	2025-11-05 09:05:49.881
2595	1	21	859	1.000	85.80	85.80	2025-11-05 09:05:49.99
2596	1	21	457	1.000	75.07	75.07	2025-11-05 09:05:50.286
2597	1	21	860	1.000	129.55	129.55	2025-11-05 09:05:50.297
2598	1	21	856	4.000	46.99	187.96	2025-11-05 09:05:50.383
2599	1	21	459	1.000	1.00	1.00	2025-11-05 09:05:50.415
5112	1	46	158	9.000	65.70	591.28	2025-11-08 13:02:04.391
2601	1	21	463	3.000	90.64	271.92	2025-11-05 09:05:50.791
2602	1	21	464	5.000	108.19	540.97	2025-11-05 09:05:50.891
5113	1	46	719	1.000	75.77	75.77	2025-11-08 13:02:04.406
2604	1	21	467	7.000	59.19	414.33	2025-11-05 09:05:50.988
2605	1	21	862	1.000	149.67	149.67	2025-11-05 09:05:51
2606	1	21	472	6.000	411.38	2468.26	2025-11-05 09:05:51.01
2607	1	21	475	2.000	153.17	306.34	2025-11-05 09:05:51.088
2608	1	21	477	2.000	46.50	92.99	2025-11-05 09:05:51.099
5368	1	47	698	1.000	0.01	0.01	2025-11-08 13:21:30
2610	1	21	478	7.000	58.72	411.01	2025-11-05 09:05:51.199
2611	1	21	481	15.000	54.38	815.72	2025-11-05 09:05:51.282
2612	1	21	484	6.000	49.37	296.19	2025-11-05 09:05:51.294
2613	1	21	487	15.000	254.12	3811.80	2025-11-05 09:05:51.307
2614	1	21	488	2.000	389.29	778.57	2025-11-05 09:05:51.396
2615	1	21	869	5.000	178.69	893.43	2025-11-05 09:05:51.41
2616	1	21	489	16.000	150.52	2408.35	2025-11-05 09:05:51.482
2617	1	21	872	3.000	119.40	358.20	2025-11-05 09:05:51.493
2618	1	21	873	9.000	74.38	669.40	2025-11-05 09:05:51.503
2619	1	21	495	3.000	227.90	683.69	2025-11-05 09:05:51.587
2620	1	21	497	2.000	178.69	357.38	2025-11-05 09:05:51.597
2621	1	21	498	2.000	253.23	506.46	2025-11-05 09:05:51.607
2622	1	21	875	2.000	260.39	520.77	2025-11-05 09:05:51.687
2623	1	21	500	3.000	252.76	758.29	2025-11-05 09:05:51.698
2624	1	21	877	1.000	109.23	109.23	2025-11-05 09:05:51.782
2625	1	21	501	1.000	228.69	228.69	2025-11-05 09:05:51.794
2626	1	21	502	1.000	74.34	74.34	2025-11-05 09:05:51.882
2627	1	21	879	1.000	153.57	153.57	2025-11-05 09:05:51.894
2628	1	21	881	2.000	94.15	188.30	2025-11-05 09:05:51.905
2629	1	21	882	1.000	144.64	144.64	2025-11-05 09:05:51.983
2630	1	21	883	9.000	79.26	713.33	2025-11-05 09:05:51.994
2631	1	21	490	1.000	126.97	126.97	2025-11-05 09:05:52.006
2632	1	21	880	1.000	139.57	139.57	2025-11-05 09:05:52.087
2633	1	21	861	1.000	86.04	86.04	2025-11-05 09:05:52.098
2634	1	21	863	5.000	390.21	1951.03	2025-11-05 09:05:52.109
2635	1	21	864	8.000	140.74	1125.95	2025-11-05 09:05:52.189
2636	1	21	866	2.000	188.28	376.56	2025-11-05 09:05:52.2
2637	1	21	867	1.000	79.20	79.20	2025-11-05 09:05:52.282
2638	1	21	868	1.000	103.28	103.28	2025-11-05 09:05:52.293
2639	1	21	870	11.000	108.28	1191.08	2025-11-05 09:05:52.304
2640	1	21	871	3.000	73.28	219.84	2025-11-05 09:05:52.382
2641	1	21	874	1.000	350.38	350.38	2025-11-05 09:05:52.392
2642	1	21	878	7.000	391.96	2743.72	2025-11-05 09:05:52.484
2643	1	21	1997	37.000	62.22	2302.14	2025-11-05 09:05:52.496
2644	1	21	2000	34.000	40.95	1392.30	2025-11-05 09:05:52.587
2645	1	22	614	2.000	0.01	0.02	2025-11-05 09:06:16.652
7497	1	57	65	6.000	77.58	465.48	2025-11-10 08:14:38.685
2647	1	22	612	2.000	129.26	258.51	2025-11-05 09:06:16.667
2648	1	22	515	37.000	79.33	2935.22	2025-11-05 09:06:16.682
5114	1	46	167	4.000	79.32	317.28	2025-11-08 13:02:04.484
2650	1	22	584	3.000	138.77	416.31	2025-11-05 09:06:16.696
2651	1	22	153	1.000	328.59	328.59	2025-11-05 09:06:16.719
2652	1	22	555	5.000	134.82	674.09	2025-11-05 09:06:16.727
2653	1	22	523	2.000	152.34	304.67	2025-11-05 09:06:16.788
5115	1	46	726	3.000	75.76	227.28	2025-11-08 13:02:04.5
2655	1	22	550	1.000	72.43	72.43	2025-11-05 09:06:16.802
5116	1	46	171	2.000	50.84	101.68	2025-11-08 13:02:04.51
2657	1	22	536	3.000	129.19	387.57	2025-11-05 09:06:16.882
2658	1	22	570	3.000	303.40	910.21	2025-11-05 09:06:16.89
2660	1	22	592	7.000	53.02	371.13	2025-11-05 09:06:16.906
2661	1	22	547	7.000	189.32	1325.25	2025-11-05 09:06:16.913
2662	1	22	624	1.000	169.89	169.89	2025-11-05 09:06:16.987
2663	1	22	626	4.000	86.07	344.26	2025-11-05 09:06:16.995
2664	1	22	618	2.000	47.93	95.86	2025-11-05 09:06:17.002
2665	1	22	615	1.000	192.76	192.76	2025-11-05 09:06:17.01
5117	1	46	160	7.000	98.69	690.84	2025-11-08 13:02:04.592
2667	1	22	616	1.000	132.76	132.76	2025-11-05 09:06:17.096
2668	1	22	589	7.000	129.72	908.02	2025-11-05 09:06:17.104
2669	1	22	633	3.000	280.82	842.45	2025-11-05 09:06:17.111
2670	1	22	509	8.000	128.86	1030.89	2025-11-05 09:06:17.183
2671	1	22	519	9.000	89.34	804.02	2025-11-05 09:06:17.191
2672	1	22	511	9.000	98.87	889.79	2025-11-05 09:06:17.198
2673	1	22	520	8.000	49.52	396.16	2025-11-05 09:06:17.206
5118	1	46	735	2.000	115.68	231.35	2025-11-08 13:02:04.605
5119	1	46	727	2.000	150.74	301.48	2025-11-08 13:02:04.615
2676	1	22	532	2.000	87.66	175.32	2025-11-05 09:06:17.307
2677	1	22	625	1.000	231.36	231.36	2025-11-05 09:06:17.314
5120	1	46	730	3.000	152.72	458.16	2025-11-08 13:02:04.69
2679	1	22	572	6.000	129.08	774.48	2025-11-05 09:06:17.392
2680	1	22	535	5.000	149.55	747.75	2025-11-05 09:06:17.406
2681	1	22	573	1.000	79.46	79.46	2025-11-05 09:06:17.415
2682	1	22	629	3.000	108.04	324.12	2025-11-05 09:06:17.483
2683	1	22	622	2.000	95.15	190.29	2025-11-05 09:06:17.491
2684	1	22	562	3.000	228.57	685.71	2025-11-05 09:06:17.499
2685	1	22	569	4.000	228.40	913.59	2025-11-05 09:06:17.506
2686	1	22	585	3.000	129.22	387.66	2025-11-05 09:06:17.514
2687	1	22	634	2.000	76.63	153.26	2025-11-05 09:06:17.59
2688	1	22	513	3.000	188.77	566.31	2025-11-05 09:06:17.604
5121	1	46	169	2.000	105.58	211.16	2025-11-08 13:02:04.708
2690	1	22	586	5.000	107.12	535.58	2025-11-05 09:06:17.685
2691	1	22	619	2.000	188.51	377.01	2025-11-05 09:06:17.693
2692	1	22	578	1.000	229.73	229.73	2025-11-05 09:06:17.701
2693	1	22	574	2.000	229.04	458.07	2025-11-05 09:06:17.782
2694	1	22	620	4.000	92.76	371.04	2025-11-05 09:06:17.791
2695	1	22	575	3.000	324.32	972.96	2025-11-05 09:06:17.798
5122	1	46	165	8.000	130.80	1046.43	2025-11-08 13:02:04.788
5123	1	46	162	3.000	170.48	511.44	2025-11-08 13:02:04.799
2698	1	22	557	10.000	69.54	695.38	2025-11-05 09:06:17.892
2699	1	22	558	2.000	71.58	143.15	2025-11-05 09:06:17.9
2700	1	22	554	3.000	69.51	208.52	2025-11-05 09:06:17.907
2701	1	22	631	2.000	69.46	138.92	2025-11-05 09:06:17.983
2702	1	22	154	4.000	75.44	301.76	2025-11-05 09:06:17.99
2703	1	22	594	7.000	69.39	485.74	2025-11-05 09:06:17.997
2704	1	22	337	2.000	50.67	101.33	2025-11-05 09:06:18.004
2705	1	22	563	4.000	53.92	215.67	2025-11-05 09:06:18.012
2706	1	22	531	4.000	52.64	210.56	2025-11-05 09:06:18.09
2707	1	22	636	3.000	67.78	203.34	2025-11-05 09:06:18.099
2708	1	22	637	3.000	94.83	284.50	2025-11-05 09:06:18.109
2709	1	22	639	3.000	78.88	236.65	2025-11-05 09:06:18.183
2710	1	22	640	3.000	98.21	294.63	2025-11-05 09:06:18.191
5124	1	46	183	2.000	130.82	261.64	2025-11-08 13:02:04.884
2712	1	22	601	9.000	84.12	757.11	2025-11-05 09:06:18.206
2713	1	22	644	1.000	87.73	87.73	2025-11-05 09:06:18.288
2714	1	22	645	1.000	141.81	141.81	2025-11-05 09:06:18.296
2715	1	22	647	1.000	142.63	142.63	2025-11-05 09:06:18.304
2716	1	22	648	3.000	368.65	1105.94	2025-11-05 09:06:18.312
2717	1	22	649	5.000	59.19	295.93	2025-11-05 09:06:18.388
2718	1	22	650	3.000	73.29	219.87	2025-11-05 09:06:18.396
2719	1	22	651	5.000	59.03	295.15	2025-11-05 09:06:18.403
2720	1	22	652	3.000	109.46	328.38	2025-11-05 09:06:18.411
2721	1	22	653	11.000	50.26	552.86	2025-11-05 09:06:18.482
2722	1	22	654	1.000	155.27	155.27	2025-11-05 09:06:18.49
2659	1	22	580	13.000	211.51	2749.63	2025-11-06 08:36:54.159
2723	1	22	655	7.000	54.13	378.90	2025-11-05 09:06:18.497
2724	1	22	656	1.000	140.38	140.38	2025-11-05 09:06:18.505
5125	1	46	182	4.000	126.34	505.36	2025-11-08 13:02:04.895
2726	1	22	659	4.000	159.78	639.10	2025-11-05 09:06:18.585
2727	1	22	660	4.000	100.93	403.70	2025-11-05 09:06:18.594
2728	1	22	662	3.000	45.26	135.78	2025-11-05 09:06:18.603
2729	1	22	339	8.000	104.37	834.97	2025-11-05 09:06:18.611
2730	1	22	664	6.000	91.11	546.64	2025-11-05 09:06:18.687
2731	1	22	665	4.000	155.06	620.23	2025-11-05 09:06:18.696
2732	1	22	666	9.000	58.72	528.50	2025-11-05 09:06:18.704
2733	1	22	642	4.000	84.05	336.20	2025-11-05 09:06:18.786
2734	1	22	641	4.000	94.05	376.20	2025-11-05 09:06:18.796
2735	1	22	638	5.000	44.05	220.25	2025-11-05 09:06:18.882
2736	1	22	643	4.000	149.05	596.20	2025-11-05 09:06:18.892
2737	1	22	657	1.000	428.96	428.96	2025-11-05 09:06:18.902
2738	1	22	661	1.000	368.96	368.96	2025-11-05 09:06:18.981
2739	1	22	663	1.000	288.96	288.96	2025-11-05 09:06:18.989
2740	1	22	646	2.000	49.05	98.10	2025-11-05 09:06:18.998
5126	1	46	172	7.000	105.63	739.43	2025-11-08 13:02:04.907
2742	1	22	359	10.000	94.36	943.60	2025-11-05 09:06:19.084
2743	1	22	353	2.000	80.61	161.21	2025-11-05 09:06:19.095
2744	1	22	354	7.000	66.58	466.04	2025-11-05 09:06:19.103
5127	1	46	159	7.000	65.63	459.39	2025-11-08 13:02:04.995
2746	1	22	672	2.000	72.07	144.14	2025-11-05 09:06:19.192
5128	1	46	723	12.000	45.87	550.42	2025-11-08 13:02:05.017
5129	1	46	724	6.000	55.85	335.08	2025-11-08 13:02:05.029
2749	1	22	677	9.000	108.86	979.72	2025-11-05 09:06:19.216
2750	1	22	366	7.000	101.68	711.79	2025-11-05 09:06:19.287
2751	1	22	667	3.000	108.91	326.72	2025-11-05 09:06:19.295
2752	1	22	340	2.000	108.31	216.61	2025-11-05 09:06:19.303
2753	1	22	348	4.000	101.60	406.39	2025-11-05 09:06:19.312
2754	1	22	374	2.000	156.21	312.41	2025-11-05 09:06:19.384
2755	1	22	669	2.000	105.17	210.34	2025-11-05 09:06:19.392
2756	1	22	680	7.000	52.63	368.39	2025-11-05 09:06:19.4
2757	1	22	363	4.000	59.40	237.61	2025-11-05 09:06:19.408
2758	1	22	369	1.000	41.78	41.78	2025-11-05 09:06:19.416
2759	1	22	668	2.000	69.41	138.82	2025-11-05 09:06:19.489
2760	1	22	679	9.000	124.73	1122.59	2025-11-05 09:06:19.497
2761	1	22	674	1.000	61.29	61.29	2025-11-05 09:06:19.506
2762	1	22	352	4.000	80.31	321.24	2025-11-05 09:06:19.582
2763	1	22	343	6.000	73.71	442.25	2025-11-05 09:06:19.59
2764	1	22	344	8.000	73.35	586.76	2025-11-05 09:06:19.601
2765	1	22	346	2.000	83.81	167.61	2025-11-05 09:06:19.611
2766	1	22	375	3.000	55.80	167.40	2025-11-05 09:06:19.624
2767	1	22	345	1.000	83.87	83.87	2025-11-05 09:06:19.693
2768	1	22	349	3.000	50.60	151.80	2025-11-05 09:06:19.704
2769	1	22	350	7.000	61.09	427.63	2025-11-05 09:06:19.714
2770	1	22	670	7.000	59.83	418.78	2025-11-05 09:06:19.788
2771	1	22	361	4.000	48.97	195.86	2025-11-05 09:06:19.797
5130	1	46	170	10.000	70.78	707.80	2025-11-08 13:02:05.094
5131	1	46	176	12.000	55.85	670.23	2025-11-08 13:02:05.191
2774	1	22	365	3.000	55.81	167.42	2025-11-05 09:06:19.89
2775	1	22	364	2.000	61.08	122.16	2025-11-05 09:06:19.899
2776	1	22	683	1.000	63.01	63.01	2025-11-05 09:06:19.908
2777	1	22	376	3.000	73.31	219.93	2025-11-05 09:06:19.989
2778	1	22	351	6.000	56.30	337.82	2025-11-05 09:06:19.997
2779	1	22	378	10.000	42.93	429.28	2025-11-05 09:06:20.005
2780	1	22	377	3.000	48.80	146.40	2025-11-05 09:06:20.013
2781	1	22	681	4.000	91.34	365.37	2025-11-05 09:06:20.086
5132	1	46	734	2.000	65.80	131.60	2025-11-08 13:02:05.284
2783	1	22	671	2.000	109.07	218.13	2025-11-05 09:06:20.104
5133	1	46	729	4.000	55.81	223.23	2025-11-08 13:02:05.298
2785	1	22	673	5.000	118.81	594.05	2025-11-05 09:06:20.195
2786	1	22	678	1.000	52.81	52.81	2025-11-05 09:06:20.204
2787	1	22	367	5.000	56.66	283.32	2025-11-05 09:06:20.289
2788	1	22	676	7.000	55.69	389.83	2025-11-05 09:06:20.297
2789	1	22	488	1.000	389.28	389.28	2025-11-05 09:06:20.305
2790	1	22	321	1.000	92.12	92.12	2025-11-05 09:06:20.386
2792	1	22	328	14.000	93.01	1302.14	2025-11-05 09:06:20.493
2793	1	22	1991	10.000	101.10	1010.97	2025-11-05 09:06:20.585
2794	1	22	310	8.000	152.11	1216.87	2025-11-05 09:06:20.684
2795	1	22	292	7.000	92.36	646.55	2025-11-05 09:06:20.783
5134	1	46	720	4.000	71.06	284.24	2025-11-08 13:02:05.308
2797	1	22	296	6.000	97.31	583.86	2025-11-05 09:06:20.985
2798	1	22	301	4.000	132.13	528.52	2025-11-05 09:06:20.993
5135	1	46	168	11.000	70.52	775.72	2025-11-08 13:02:05.387
2800	1	22	1993	1.000	179.21	179.21	2025-11-05 09:06:21.01
2801	1	22	318	7.000	60.12	420.85	2025-11-05 09:06:21.09
2802	1	22	317	14.000	72.06	1008.77	2025-11-05 09:06:21.098
7498	1	57	74	10.000	82.38	823.75	2025-11-10 08:14:38.693
2804	1	22	1998	8.000	52.60	420.78	2025-11-05 09:06:21.186
2805	1	22	1999	2.000	48.23	96.46	2025-11-05 09:06:21.195
2806	1	22	311	4.000	72.14	288.54	2025-11-05 09:06:21.281
5136	1	46	738	3.000	60.91	182.73	2025-11-08 13:02:05.402
2808	1	22	333	8.000	82.36	658.91	2025-11-05 09:06:21.299
2809	1	22	294	5.000	61.56	307.80	2025-11-05 09:06:21.308
2810	1	22	691	6.000	63.42	380.54	2025-11-05 09:06:21.383
5137	1	46	740	5.000	90.52	452.61	2025-11-08 13:02:05.486
2812	1	22	307	13.000	56.30	731.94	2025-11-05 09:06:21.486
2813	1	22	319	19.000	112.33	2134.32	2025-11-05 09:06:21.495
5138	1	46	164	9.000	75.78	682.02	2025-11-08 13:02:05.494
2815	1	22	299	8.000	132.01	1056.09	2025-11-05 09:06:21.512
2817	1	22	697	11.000	68.13	749.43	2025-11-05 09:06:21.595
2818	1	22	694	2.000	112.55	225.10	2025-11-05 09:06:21.604
2819	1	22	297	4.000	102.16	408.64	2025-11-05 09:06:21.687
2820	1	22	290	8.000	82.15	657.22	2025-11-05 09:06:21.695
2821	1	22	334	6.000	73.00	438.00	2025-11-05 09:06:21.702
2822	1	22	684	3.000	191.90	575.70	2025-11-05 09:06:21.711
2791	1	22	302	4.000	68.24	272.96	2025-11-05 09:06:21.787
2816	1	22	687	4.000	146.50	585.99	2025-11-05 09:06:21.799
2823	1	22	306	5.000	71.60	358.00	2025-11-05 09:06:21.885
2824	1	22	690	1.000	101.59	101.59	2025-11-05 09:06:21.894
2825	1	22	695	9.000	96.45	868.05	2025-11-05 09:06:21.904
2826	1	23	154	127.000	69.46	8821.42	2025-11-05 09:06:38.221
2827	1	23	55	80.000	109.94	8795.20	2025-11-05 09:06:38.228
2828	1	23	74	50.000	80.41	4020.50	2025-11-05 09:06:38.284
2829	1	23	151	150.000	94.35	14152.50	2025-11-05 09:06:38.291
2830	1	23	71	1000.000	44.64	44640.84	2025-11-05 09:06:38.298
2831	1	23	85	200.000	74.69	14938.00	2025-11-05 09:06:38.305
2832	1	23	103	100.000	69.40	6940.00	2025-11-05 09:06:38.381
2833	1	23	113	300.000	69.24	20772.00	2025-11-05 09:06:38.388
2834	1	23	118	98.000	69.42	6803.16	2025-11-05 09:06:38.394
2835	1	23	67	100.000	70.28	7028.00	2025-11-05 09:06:38.401
2836	1	23	50	100.000	54.62	5462.00	2025-11-05 09:06:38.407
2837	1	23	63	355.000	45.01	15977.31	2025-11-05 09:06:38.414
17330	8	115	5419	6.000	105.94	635.64	2026-01-04 20:49:19.19
17331	8	115	5395	1.000	275.91	275.91	2026-01-04 20:49:19.196
17332	8	115	5444	2.000	81.37	162.74	2026-01-04 20:49:19.285
17333	8	115	5374	1.000	85.22	85.22	2026-01-04 20:49:19.292
17334	8	115	5448	1.000	60.12	60.12	2026-01-04 20:49:19.298
17335	8	115	5529	1.000	0.10	0.10	2026-01-04 20:49:19.384
17336	8	115	5566	1.000	0.10	0.10	2026-01-04 20:49:19.391
17337	8	115	5514	2.000	0.10	0.20	2026-01-04 20:49:19.482
17338	8	115	5493	8.000	138.14	1105.13	2026-01-04 20:49:19.488
17339	8	115	5486	49.000	139.39	6830.13	2026-01-04 20:49:19.493
17340	8	115	5487	76.000	87.20	6627.36	2026-01-04 20:49:19.499
17341	8	115	5491	8.000	158.63	1269.05	2026-01-04 20:49:19.584
17344	8	115	5490	4.000	337.12	1348.47	2026-01-04 20:49:19.684
17345	8	115	5546	37.000	126.45	4678.53	2026-01-04 20:49:19.691
17346	8	115	5498	19.000	156.79	2979.04	2026-01-04 20:49:19.697
17347	8	115	5562	8.000	137.11	1096.89	2026-01-04 20:49:19.788
17349	8	115	5580	61.000	87.45	5334.68	2026-01-04 20:49:19.8
17350	8	115	5569	10.000	96.50	965.02	2026-01-04 20:49:19.888
17351	8	115	5581	5.000	56.72	283.59	2026-01-04 20:49:19.983
17352	8	115	5526	1.000	133.75	133.75	2026-01-04 20:49:19.991
17353	8	115	5499	1.000	237.80	237.80	2026-01-04 20:49:19.997
17354	8	115	5534	20.000	137.39	2747.86	2026-01-04 20:49:20.083
17355	8	115	5536	1.000	77.52	77.52	2026-01-04 20:49:20.091
17357	8	115	5600	7.000	137.41	961.90	2026-01-04 20:49:20.186
17358	8	115	5532	6.000	177.83	1066.95	2026-01-04 20:49:20.192
17359	8	115	5539	1.000	96.89	96.89	2026-01-04 20:49:20.198
17360	8	115	5511	2.000	56.39	112.77	2026-01-04 20:49:20.289
17361	8	115	5573	45.000	61.69	2775.96	2026-01-04 20:49:20.387
17362	8	115	5505	1.000	129.43	129.43	2026-01-04 20:49:20.484
17364	8	115	5597	11.000	87.49	962.34	2026-01-04 20:49:20.783
17367	8	115	5611	15.000	137.24	2058.59	2026-01-04 20:49:21.082
17368	8	115	5547	2.000	147.49	294.97	2026-01-04 20:49:21.09
17369	8	115	5616	3.000	162.11	486.33	2026-01-04 20:49:21.097
17370	8	115	5540	18.000	260.88	4695.77	2026-01-04 20:49:21.188
17371	8	115	5598	16.000	150.63	2410.15	2026-01-04 20:49:21.195
17372	8	115	5527	23.000	108.39	2493.05	2026-01-04 20:49:21.285
17373	8	115	5504	9.000	68.68	618.16	2026-01-04 20:49:21.292
17374	8	115	5478	4.000	136.81	547.24	2026-01-04 20:49:21.298
17375	8	115	5476	1.000	117.26	117.26	2026-01-04 20:49:21.389
17376	8	115	5613	7.000	108.50	759.48	2026-01-04 20:49:21.396
17377	8	115	5497	19.000	96.73	1837.87	2026-01-04 20:49:21.484
17378	8	115	5482	27.000	107.22	2894.95	2026-01-04 20:49:21.491
17379	8	115	5496	20.000	57.00	1140.00	2026-01-04 20:49:21.497
17380	8	115	5481	23.000	57.22	1316.04	2026-01-04 20:49:21.587
17381	8	115	5477	26.000	96.94	2520.36	2026-01-04 20:49:21.594
17382	8	115	5538	18.000	98.50	1773.06	2026-01-04 20:49:21.686
17383	8	115	5618	7.000	77.40	541.83	2026-01-04 20:49:21.693
17384	8	115	5528	13.000	117.68	1529.87	2026-01-04 20:49:21.786
17385	8	115	5475	2.000	74.67	149.33	2026-01-04 20:49:21.793
17386	8	115	5512	1.000	187.38	187.38	2026-01-04 20:49:21.885
17387	8	115	5586	3.000	137.38	412.13	2026-01-04 20:49:21.893
17388	8	115	5576	7.000	232.21	1625.47	2026-01-04 20:49:21.9
17389	8	115	5519	19.000	156.12	2966.27	2026-01-04 20:49:21.989
17390	8	115	5530	10.000	197.52	1975.22	2026-01-04 20:49:21.996
17391	8	115	5550	2.000	137.21	274.41	2026-01-04 20:49:22.087
17392	8	115	5585	9.000	87.50	787.47	2026-01-04 20:49:22.094
17393	8	115	5557	11.000	115.85	1274.31	2026-01-04 20:49:22.186
17395	8	115	5518	3.000	95.69	287.06	2026-01-04 20:49:22.285
17396	8	115	5574	3.000	156.42	469.26	2026-01-04 20:49:22.292
17399	8	115	5558	10.000	67.01	670.13	2026-01-04 20:49:22.485
21255	1	139	873	3.000	74.38	223.13	2026-01-08 10:41:58.493
17401	8	115	5560	9.000	237.11	2134.00	2026-01-04 20:49:22.584
17402	8	115	5577	12.000	237.11	2845.34	2026-01-04 20:49:22.592
17403	8	115	5531	7.000	262.42	1836.93	2026-01-04 20:49:22.601
17404	8	115	5563	1.000	265.21	265.21	2026-01-04 20:49:22.689
17405	8	115	5561	2.000	289.58	579.16	2026-01-04 20:49:22.697
17406	8	115	5606	8.000	138.41	1107.31	2026-01-04 20:49:22.787
17407	8	115	5603	6.000	138.90	833.37	2026-01-04 20:49:22.795
21256	1	139	495	3.000	228.77	686.31	2026-01-08 10:41:58.587
17409	8	115	5509	1.000	228.53	228.53	2026-01-04 20:49:22.897
17410	8	115	5494	4.000	114.31	457.25	2026-01-04 20:49:22.985
17411	8	115	5516	20.000	113.94	2278.70	2026-01-04 20:49:22.991
17412	8	115	5515	4.000	0.10	0.40	2026-01-04 20:49:22.998
17413	8	115	5578	1.000	114.32	114.32	2026-01-04 20:49:23.087
17414	8	115	5508	7.000	111.26	778.83	2026-01-04 20:49:23.095
17415	8	115	5517	26.000	76.67	1993.50	2026-01-04 20:49:23.185
17416	8	115	5570	1.000	251.73	251.73	2026-01-04 20:49:23.193
17417	8	115	5525	1.000	253.43	253.43	2026-01-04 20:49:23.286
17418	8	115	5612	50.000	114.62	5730.95	2026-01-04 20:49:23.293
17419	8	115	5523	1.000	133.24	133.24	2026-01-04 20:49:23.3
17420	8	115	5524	5.000	75.17	375.85	2026-01-04 20:49:23.389
17421	8	115	5556	12.000	72.89	874.63	2026-01-04 20:49:23.396
21257	1	139	497	2.000	178.69	357.38	2026-01-08 10:41:58.597
17423	8	115	5591	12.000	196.29	2355.49	2026-01-04 20:49:23.492
17424	8	115	5568	2.000	206.92	413.83	2026-01-04 20:49:23.585
17425	8	115	5533	3.000	197.55	592.65	2026-01-04 20:49:23.593
17426	8	115	5548	24.000	137.38	3297.01	2026-01-04 20:49:23.6
17427	8	115	5484	3.000	116.65	349.94	2026-01-04 20:49:23.686
17428	8	115	5592	3.000	115.78	347.33	2026-01-04 20:49:23.694
21252	1	139	1906	2.000	99.75	199.50	2026-01-08 10:41:58.301
21254	1	139	872	2.000	119.40	238.80	2026-01-08 10:41:58.482
21246	1	139	475	0.000	155.30	0.00	2026-01-08 10:41:57.995
17394	8	115	5543	2.000	86.63	173.26	2026-01-04 20:49:22.194
21250	1	139	488	8.000	389.57	3116.58	2026-01-08 10:41:58.197
21251	1	139	869	1.000	180.11	180.11	2026-01-08 10:41:58.292
21249	1	139	487	12.000	255.06	3060.72	2026-01-08 10:41:58.188
17430	8	115	5610	3.000	133.05	399.16	2026-01-04 20:49:23.797
17432	8	115	5564	5.000	175.19	875.93	2026-01-04 20:49:23.894
21259	1	139	875	2.000	260.39	520.77	2026-01-08 10:41:58.699
17434	8	115	5522	12.000	236.76	2841.09	2026-01-04 20:49:23.991
17435	8	115	5587	11.000	136.49	1501.43	2026-01-04 20:49:23.998
17436	8	115	5521	7.000	137.36	961.54	2026-01-04 20:49:24.087
17437	8	115	5483	3.000	176.88	530.63	2026-01-04 20:49:24.095
17438	8	115	5588	3.000	337.01	1011.04	2026-01-04 20:49:24.189
17439	8	115	5501	40.000	72.30	2892.09	2026-01-04 20:49:24.282
17441	8	115	5552	17.000	77.26	1313.35	2026-01-04 20:49:24.296
17442	8	115	5615	23.000	87.12	2003.65	2026-01-04 20:49:24.385
17443	8	115	5617	10.000	77.15	771.53	2026-01-04 20:49:24.392
17444	8	115	5510	50.000	56.97	2848.25	2026-01-04 20:49:24.482
17445	8	115	5513	27.000	67.20	1814.33	2026-01-04 20:49:24.49
21262	1	139	502	1.000	74.36	74.36	2026-01-08 10:41:58.893
21264	1	139	881	2.000	94.15	188.30	2026-01-08 10:41:58.995
21265	1	139	490	1.000	126.97	126.97	2026-01-08 10:41:59.087
21266	1	139	863	3.000	390.21	1170.62	2026-01-08 10:41:59.096
21268	1	139	866	2.000	188.28	376.56	2026-01-08 10:41:59.284
21269	1	139	868	1.000	103.28	103.28	2026-01-08 10:41:59.294
21270	1	139	870	1.000	108.28	108.28	2026-01-08 10:41:59.386
21271	1	139	878	6.000	391.96	2351.76	2026-01-08 10:41:59.486
21263	1	139	879	1.000	154.22	154.22	2026-01-08 10:41:58.986
18397	8	122	5721	16.000	113.09	1809.44	2026-01-05 15:59:58.285
18421	8	122	5628	8.000	152.79	1222.32	2026-01-05 15:59:57.785
21470	8	120	6012	2.000	79.28	158.56	2026-01-10 14:23:06.083
18573	8	122	5693	9.000	72.77	654.93	2026-01-05 15:59:59
21258	1	139	498	5.000	254.14	1270.71	2026-01-08 10:41:58.688
21481	8	120	6035	3.000	149.28	447.84	2026-01-10 14:23:06.483
21461	1	139	1672	0.000	78.57	0.00	2026-01-09 07:53:32.492415
21260	1	139	500	4.000	253.70	1014.80	2026-01-08 10:41:58.787
21471	8	120	6028	1.000	239.28	239.28	2026-01-10 14:23:06.087
21473	8	120	6019	1.000	119.28	119.28	2026-01-10 14:23:06.102
21058	1	139	736	0.000	170.28	0.00	2026-01-08 10:39:24.886
21472	8	120	6029	0.000	239.28	0.00	2026-01-10 14:23:06.096
21462	1	139	1732	3.000	53.15	159.45	2026-01-09 07:53:32.492415
17508	8	115	5943	94.000	59.80	5620.93	2026-01-04 20:49:27.595
17509	8	115	5946	2.000	158.26	316.51	2026-01-04 20:49:27.69
17510	8	115	5959	3.000	68.79	206.37	2026-01-04 20:49:27.782
17511	8	115	5973	49.000	78.90	3865.88	2026-01-04 20:49:27.791
17512	8	115	5977	10.000	109.41	1094.10	2026-01-04 20:49:27.884
17513	8	115	5979	20.000	72.72	1454.44	2026-01-04 20:49:28.182
17514	8	115	5991	299.000	63.48	18980.99	2026-01-04 20:49:28.382
17515	8	115	5996	3.000	189.15	567.44	2026-01-04 20:49:28.486
17516	8	115	6005	3.000	46.39	139.17	2026-01-04 20:49:28.681
17517	8	115	6012	1.000	78.18	78.18	2026-01-04 20:49:28.69
17518	8	115	6025	1.000	98.96	98.96	2026-01-04 20:49:28.883
17519	8	115	6027	10.000	74.62	746.23	2026-01-04 20:49:29.082
17520	8	115	6033	12.000	68.79	825.44	2026-01-04 20:49:29.182
17521	8	115	6052	1.000	166.00	166.00	2026-01-04 20:49:29.191
17522	8	115	6055	2.000	98.39	196.78	2026-01-04 20:49:29.289
17523	8	115	5869	1.000	72.43	72.43	2026-01-04 20:49:29.381
17524	8	115	5876	3.000	101.03	303.09	2026-01-04 20:49:29.391
17525	8	115	5877	6.000	143.69	862.11	2026-01-04 20:49:29.483
17526	8	115	5891	1.000	144.49	144.49	2026-01-04 20:49:29.492
17527	8	115	5919	4.000	143.50	573.98	2026-01-04 20:49:29.585
21267	1	139	476	0.000	140.74	0.00	2026-01-08 10:41:59.191
17529	8	115	5910	14.000	70.95	993.26	2026-01-04 20:49:29.685
17530	8	115	5879	1.000	164.49	164.49	2026-01-04 20:49:29.694
17531	8	115	5885	6.000	142.86	857.14	2026-01-04 20:49:29.786
17532	8	115	5893	101.000	74.20	7494.01	2026-01-04 20:49:29.794
17533	8	115	5899	5.000	83.76	418.78	2026-01-04 20:49:29.886
17534	8	115	5901	5.000	83.76	418.78	2026-01-04 20:49:29.896
17535	8	115	5909	25.000	68.37	1709.35	2026-01-04 20:49:29.988
17536	8	115	5937	3.000	93.85	281.56	2026-01-04 20:49:30.082
17537	8	115	5908	4.000	93.71	374.84	2026-01-04 20:49:30.091
17448	8	115	5645	1.000	74.05	74.05	2026-01-05 15:20:29.898
17450	8	115	5682	1.000	85.95	85.95	2026-01-05 15:20:29.993
17453	8	115	5620	2.000	70.84	141.67	2026-01-05 15:20:30.1
17454	8	115	5623	9.000	118.39	1065.49	2026-01-05 15:20:30.19
17457	8	115	5626	8.000	105.14	841.13	2026-01-05 15:20:30.386
17459	8	115	5710	2.000	122.40	244.80	2026-01-05 15:20:30.688
17462	8	115	5679	6.000	112.05	672.31	2026-01-05 15:20:31.184
17466	8	115	5724	1.000	135.83	135.83	2026-01-05 15:20:31.586
17470	8	115	5644	2.000	135.90	271.80	2026-01-05 15:20:31.888
17472	8	115	5634	1.000	177.73	177.73	2026-01-05 15:20:32.192
17473	8	115	5697	2.000	149.56	299.12	2026-01-05 15:20:32.289
17474	8	115	5628	6.000	152.80	916.81	2026-01-05 15:20:32.392
17476	8	115	5717	3.000	147.79	443.36	2026-01-05 15:20:32.497
17478	8	115	5696	1.000	93.29	93.29	2026-01-05 15:20:32.683
17480	8	115	5652	4.000	76.16	304.64	2026-01-05 15:20:32.7
17501	8	115	5699	1.000	210.90	210.90	2026-01-05 15:20:35.188
17502	8	115	5728	1.000	248.60	248.60	2026-01-05 15:20:35.197
17503	8	115	5659	3.000	248.33	745.00	2026-01-05 15:20:35.29
17504	8	115	5664	1.000	248.20	248.20	2026-01-05 15:20:35.299
17505	8	115	5669	4.000	60.00	240.00	2026-01-05 15:20:35.385
17506	8	115	5672	1.000	0.00	0.00	2026-01-05 15:20:35.394
21476	8	120	6007	6.000	119.28	715.68	2026-01-10 14:23:06.192
21477	8	120	5998	3.000	164.28	492.84	2026-01-10 14:23:06.284
21075	1	139	738	7.000	62.69	438.82	2026-01-08 10:39:25.89
21475	8	120	6006	0.000	189.28	0.00	2026-01-10 14:23:06.189
21474	8	120	6032	0.000	389.28	0.00	2026-01-10 14:23:06.185
18479	8	122	5899	2.000	83.76	167.52	2026-01-05 15:38:15.592
21261	1	139	501	3.000	229.81	689.43	2026-01-08 10:41:58.883
18460	8	122	5991	292.000	63.48	18536.16	2026-01-05 15:38:14.498
21069	1	139	1651	3.000	73.43	220.29	2026-01-08 10:39:25.508
18466	8	122	6033	10.000	69.19	691.90	2026-01-14 08:50:14.592
17507	8	115	5683	0.000	0.10	0.00	2026-01-05 15:07:19.110112
17538	8	115	5900	43.000	63.49	2730.03	2026-01-04 20:49:30.186
17539	8	115	5880	1.000	103.65	103.65	2026-01-04 20:49:30.196
17540	8	115	5888	6.000	77.69	466.11	2026-01-04 20:49:30.287
17541	8	115	5915	3.000	62.95	188.85	2026-01-04 20:49:30.295
17542	8	115	5918	12.000	68.75	824.94	2026-01-04 20:49:30.387
17543	8	115	5873	47.000	52.43	2464.44	2026-01-04 20:49:30.586
17544	8	115	5935	8.000	93.74	749.88	2026-01-04 20:49:30.787
17545	8	115	5905	8.000	113.75	909.96	2026-01-04 20:49:30.983
17546	8	115	5911	4.000	103.71	414.84	2026-01-04 20:49:30.991
17547	8	115	5940	3.000	93.71	281.13	2026-01-04 20:49:30.999
17548	8	115	5895	1.000	63.71	63.71	2026-01-04 20:49:31.088
17549	8	115	5882	2.000	144.02	288.03	2026-01-04 20:49:31.096
17550	8	115	5890	1.000	163.65	163.65	2026-01-04 20:49:31.284
17551	8	115	5872	2.000	123.71	247.42	2026-01-04 20:49:31.294
17552	8	115	5934	9.000	103.83	934.44	2026-01-04 20:49:31.484
17554	8	115	5929	4.000	123.76	495.04	2026-01-04 20:49:31.587
17555	8	115	5883	1.000	163.65	163.65	2026-01-04 20:49:31.682
17556	8	115	5924	1.000	102.80	102.80	2026-01-04 20:49:31.693
17557	8	115	5878	1.000	113.71	113.71	2026-01-04 20:49:31.786
17558	8	115	5926	2.000	81.30	162.59	2026-01-04 20:49:31.888
17559	8	115	5932	2.000	0.10	0.20	2026-01-04 20:49:31.982
17560	8	115	5939	1.000	0.10	0.10	2026-01-04 20:49:31.992
20463	1	135	299	11.000	133.86	1472.46	2026-01-08 09:52:07.084
20465	1	135	330	32.000	133.02	4256.59	2026-01-08 09:52:07.194
17553	8	115	5912	50.000	103.54	5177.00	2026-01-04 20:49:31.496
19203	1	126	632	1.000	79.92	79.92	2026-01-06 21:20:25.786
19204	1	126	557	67.000	70.61	4731.17	2026-01-06 21:20:25.889
19206	1	126	545	11.000	68.18	750.00	2026-01-06 21:20:26.085
19207	1	126	554	26.000	70.81	1841.05	2026-01-06 21:20:26.185
19208	1	126	1514	5.000	79.98	399.92	2026-01-06 21:20:26.286
19209	1	126	154	3.000	78.33	234.99	2026-01-06 21:20:26.387
19210	1	126	594	63.000	69.65	4388.11	2026-01-06 21:20:26.581
19211	1	126	337	75.000	50.88	3816.28	2026-01-06 21:20:26.591
19212	1	126	563	9.000	58.80	529.19	2026-01-06 21:20:26.689
19213	1	126	531	457.000	51.25	23423.08	2026-01-06 21:20:26.79
19215	1	126	591	9.000	49.94	449.47	2026-01-06 21:20:27.082
19217	1	126	87	1.000	69.72	69.72	2026-01-06 21:20:27.286
19218	1	126	597	1.000	361.30	361.30	2026-01-06 21:20:27.385
19219	1	126	598	3.000	441.30	1323.90	2026-01-06 21:20:27.485
19220	1	126	600	4.000	163.95	655.81	2026-01-06 21:20:27.585
19221	1	126	602	2.000	78.32	156.64	2026-01-06 21:20:27.686
19222	1	126	339	1.000	115.21	115.21	2026-01-06 21:20:27.785
19223	1	126	604	3.000	148.59	445.78	2026-01-06 21:20:27.887
19224	1	126	605	1.000	105.32	105.32	2026-01-06 21:20:27.991
19225	1	126	606	2.000	117.82	235.64	2026-01-06 21:20:28.087
19226	1	126	607	1.000	180.32	180.32	2026-01-06 21:20:28.189
19227	1	126	608	1.000	182.82	182.82	2026-01-06 21:20:28.289
19228	1	126	609	1.000	182.82	182.82	2026-01-06 21:20:28.389
20468	1	135	325	7.000	91.55	640.88	2026-01-08 09:52:07.481
19214	1	126	1473	7.000	58.56	409.92	2026-01-06 21:20:26.982
19205	1	126	558	2.000	78.32	156.64	2026-01-06 21:20:25.989
19216	1	126	630	12.000	50.41	604.92	2026-01-06 21:20:27.183
5139	1	46	161	1.000	79.81	79.81	2025-11-08 13:02:05.502
20428	1	135	312	1.000	56.66	56.66	2026-01-08 09:52:04.701
20435	1	135	1964	1.000	131.30	131.30	2026-01-08 09:52:05.197
20440	1	135	317	11.000	71.82	789.97	2026-01-08 09:52:05.498
20448	1	135	333	8.000	84.74	677.88	2026-01-08 09:52:05.99
20430	1	135	302	47.000	70.71	3323.36	2026-01-08 09:52:06.805
20461	1	135	696	2.000	73.68	147.36	2026-01-08 09:52:06.89
20471	1	135	306	4.000	71.60	286.38	2026-01-08 09:52:07.592
20472	1	135	324	1.000	88.41	88.41	2026-01-08 09:52:07.682
20473	1	135	335	1.000	68.41	68.41	2026-01-08 09:52:07.693
21025	1	139	359	5.000	95.13	475.65	2026-01-08 10:39:23.09
21027	1	139	725	5.000	85.78	428.90	2026-01-08 10:39:23.185
21028	1	139	175	13.000	95.79	1245.26	2026-01-08 10:39:23.193
21032	1	139	1632	1.000	87.90	87.90	2026-01-08 10:39:23.485
21033	1	139	184	9.000	105.80	952.23	2026-01-08 10:39:23.494
20444	1	135	688	0.000	0.00	-0.11	2026-01-08 09:52:05.782
20433	1	135	310	0.000	153.70	0.00	2026-01-12 11:12:47.142
20437	1	135	304	5.000	133.89	669.45	2026-01-08 09:52:05.302
20470	1	135	290	23.000	84.20	1936.60	2026-01-08 09:52:07.582
20436	1	135	1968	0.000	153.87	0.00	2026-01-08 09:52:05.291
20432	1	135	309	7.000	113.09	791.63	2026-01-08 09:52:04.989
20445	1	135	1975	152.000	71.86	10922.72	2026-01-12 11:12:47.148
20449	1	135	294	8.000	65.45	523.56	2026-01-08 09:52:06.083
20457	1	135	1954	0.000	51.18	0.00	2026-01-08 09:52:06.591
20438	1	135	1976	0.000	154.23	0.00	2026-01-08 09:52:05.393
20459	1	135	319	0.000	0.00	0.00	2026-01-12 11:12:47.15
21026	1	139	341	1.000	98.90	98.90	2026-01-08 10:39:23.096
20464	1	135	687	0.000	0.00	0.00	2026-01-08 09:52:07.096
20458	1	135	331	15.000	86.01	1290.08	2026-01-08 09:52:06.682
20434	1	135	332	5.000	134.09	670.43	2026-01-08 09:52:05.183
20446	1	135	689	0.000	74.17	0.00	2026-01-08 09:52:05.887
20452	1	135	322	1.000	123.84	123.84	2026-01-08 09:52:06.289
20453	1	135	1950	5.000	95.05	475.25	2026-01-08 09:52:06.385
21031	1	139	1664	4.000	72.27	289.06	2026-01-08 10:39:23.39
21030	1	139	728	1.000	55.66	55.66	2026-01-08 10:39:23.295
21035	1	139	158	14.000	66.03	924.42	2026-01-08 10:39:23.682
20447	1	135	311	35.000	73.72	2580.20	2026-01-12 11:12:47.186
21029	1	139	185	11.000	81.20	893.25	2026-01-08 10:39:23.286
20466	1	135	1967	0.000	0.00	0.00	2026-01-12 11:12:47.183
21034	1	139	732	1.000	123.26	123.26	2026-01-08 10:39:23.589
20455	1	135	291	48.000	44.65	2143.20	2026-01-12 16:12:45.484
20451	1	135	307	0.000	56.34	0.00	2026-01-12 16:12:45.489
20429	1	135	321	0.000	74.39	0.00	2026-01-12 16:12:45.498
5140	1	46	731	6.000	93.75	562.52	2025-11-08 13:02:05.586
5141	1	46	733	1.000	102.78	102.78	2025-11-08 13:02:05.595
10688	1	77	2283	1.000	0.10	0.10	2025-11-20 10:46:51.985
1747	1	11	63	768.000	44.87	34461.95	2025-11-05 09:02:22.69
1725	1	11	1541	5.000	134.37	671.83	2025-11-05 09:02:22.188
1714	1	11	94	18.000	108.32	1949.77	2025-11-05 09:02:21.889
1713	1	11	98	10.000	118.21	1182.14	2025-11-05 09:02:21.881
17243	8	116	5945	0.000	86.66	0.00	2026-01-05 01:38:53.797541
3217	1	34	153	7.000	329.19	2304.33	2025-11-06 07:50:20.82
3218	1	34	154	1.000	69.46	69.46	2025-11-06 07:50:20.88
3219	1	34	155	350.000	13.54	4739.00	2025-11-06 07:50:20.887
3220	1	34	79	1.000	65.83	65.83	2025-11-06 07:50:20.892
3221	1	34	83	27.000	149.99	4049.75	2025-11-06 07:50:20.899
3222	1	34	113	6.000	69.18	415.08	2025-11-06 07:50:20.905
3223	1	34	156	1.000	84.41	84.41	2025-11-06 07:50:20.981
3224	1	34	175	14.000	95.78	1340.94	2025-11-06 07:50:20.987
3225	1	34	185	11.000	80.80	888.85	2025-11-06 07:50:20.992
3226	1	34	166	1.000	115.74	115.74	2025-11-06 07:50:20.998
3227	1	34	184	8.000	105.84	846.72	2025-11-06 07:50:21.08
3228	1	34	158	22.000	65.85	1448.60	2025-11-06 07:50:21.086
3229	1	34	167	2.000	79.38	158.76	2025-11-06 07:50:21.091
3230	1	34	171	17.000	50.80	863.66	2025-11-06 07:50:21.096
3231	1	34	160	27.000	98.80	2667.55	2025-11-06 07:50:21.102
3232	1	34	163	1.000	230.62	230.62	2025-11-06 07:50:21.18
3233	1	34	169	3.000	105.83	317.50	2025-11-06 07:50:21.186
3234	1	34	165	2.000	130.79	261.58	2025-11-06 07:50:21.192
3235	1	34	174	1.000	160.87	160.87	2025-11-06 07:50:21.197
3236	1	34	162	1.000	170.78	170.78	2025-11-06 07:50:21.203
3237	1	34	183	3.000	130.92	392.75	2025-11-06 07:50:21.284
3238	1	34	182	8.000	126.62	1012.92	2025-11-06 07:50:21.29
3239	1	34	172	31.000	105.69	3276.40	2025-11-06 07:50:21.385
3240	1	34	159	7.000	65.61	459.24	2025-11-06 07:50:21.391
3241	1	34	170	5.000	70.94	354.71	2025-11-06 07:50:21.396
3242	1	34	176	2.000	55.94	111.87	2025-11-06 07:50:21.486
3243	1	34	181	2.000	65.81	131.62	2025-11-06 07:50:21.492
3244	1	34	168	48.000	70.85	3400.86	2025-11-06 07:50:21.498
3245	1	34	164	5.000	75.84	379.20	2025-11-06 07:50:21.582
3246	1	34	161	1.000	79.86	79.86	2025-11-06 07:50:21.588
3247	1	34	157	140.000	50.80	7112.64	2025-11-06 07:50:21.593
3248	1	34	177	1.000	205.79	205.79	2025-11-06 07:50:21.599
3249	1	34	178	1.000	205.75	205.75	2025-11-06 07:50:21.606
3250	1	34	179	1.000	210.89	210.89	2025-11-06 07:50:21.683
3251	1	34	173	3.000	243.25	729.75	2025-11-06 07:50:21.69
3252	1	34	180	1.000	280.62	280.62	2025-11-06 07:50:21.696
3253	1	34	188	10.000	135.43	1354.26	2025-11-06 07:50:21.702
3254	1	34	209	16.000	49.30	788.83	2025-11-06 07:50:21.781
3255	1	34	204	68.000	65.59	4459.97	2025-11-06 07:50:21.788
3256	1	34	212	12.000	51.73	620.76	2025-11-06 07:50:21.796
3257	1	34	223	235.000	48.18	11322.39	2025-11-06 07:50:21.881
3258	1	34	193	10.000	47.03	470.26	2025-11-06 07:50:21.887
3259	1	34	228	1.000	111.89	111.89	2025-11-06 07:50:21.892
3260	1	34	197	3.000	72.30	216.89	2025-11-06 07:50:21.897
3261	1	34	196	70.000	251.88	17631.60	2025-11-06 07:50:21.902
3262	1	34	187	46.000	50.86	2339.36	2025-11-06 07:50:21.984
3263	1	34	191	23.000	116.21	2672.79	2025-11-06 07:50:21.99
3264	1	34	192	5.000	51.17	255.85	2025-11-06 07:50:21.995
3265	1	34	189	1.000	81.77	81.77	2025-11-06 07:50:22
3266	1	34	235	29.000	101.52	2944.12	2025-11-06 07:50:22.006
3267	1	34	206	34.000	97.25	3306.37	2025-11-06 07:50:22.089
3268	1	34	205	68.000	66.59	4528.42	2025-11-06 07:50:22.096
3269	1	34	190	22.000	71.19	1566.24	2025-11-06 07:50:22.105
3270	1	34	203	2.000	233.07	466.13	2025-11-06 07:50:22.185
3271	1	34	220	108.000	257.16	27773.81	2025-11-06 07:50:22.192
3272	1	34	216	6.000	143.68	862.06	2025-11-06 07:50:22.197
3273	1	34	195	45.000	256.96	11563.31	2025-11-06 07:50:22.203
3274	1	34	230	1.000	296.24	296.24	2025-11-06 07:50:22.284
3275	1	34	225	2.000	333.00	665.99	2025-11-06 07:50:22.292
3276	1	34	194	20.000	258.72	5174.35	2025-11-06 07:50:22.298
3277	1	34	226	9.000	353.10	3177.93	2025-11-06 07:50:22.304
3278	1	34	207	5.000	182.99	914.97	2025-11-06 07:50:22.384
3279	1	34	215	4.000	153.24	612.94	2025-11-06 07:50:22.391
3280	1	34	221	1.000	182.70	182.70	2025-11-06 07:50:22.486
3281	1	34	213	1.000	183.60	183.60	2025-11-06 07:50:22.492
3282	1	34	219	6.000	258.07	1548.40	2025-11-06 07:50:22.498
1659	1	11	93	278.000	153.13	42569.37	2025-11-05 09:02:20.293
1728	1	11	103	21.000	62.49	1312.20	2025-11-05 09:02:22.21
1709	1	11	92	67.000	153.39	10276.99	2025-11-05 09:02:21.783
1717	1	11	112	2.000	156.90	313.80	2025-11-05 09:02:21.983
1744	1	11	1538	5.000	104.72	523.62	2025-11-05 09:02:22.593
1716	1	11	114	15.000	128.64	1929.64	2025-11-05 09:02:21.905
1678	1	11	129	3.000	235.97	707.91	2025-11-05 09:02:20.999
1723	1	11	1539	1.000	109.44	109.44	2025-11-05 09:02:22.103
1729	1	11	109	185.000	84.47	15626.24	2025-11-05 09:02:22.284
1720	1	11	134	22.000	92.10	2026.13	2025-11-05 09:02:22.01
1670	1	11	700	2.000	139.30	278.60	2025-11-05 09:02:20.816
1672	1	11	53	16.000	84.45	1351.23	2025-11-05 09:02:20.891
1694	1	11	59	8.000	185.56	1484.51	2025-11-05 09:02:21.413
1734	1	11	58	155.000	80.55	12485.14	2025-11-05 09:02:22.383
1668	1	11	56	129.000	99.11	12785.64	2025-11-05 09:02:20.798
1704	1	11	60	73.000	117.03	8543.02	2025-11-05 09:02:21.683
1711	1	11	54	22.000	78.05	1717.19	2025-11-05 09:02:21.802
1746	1	11	125	247.000	52.29	12915.82	2025-11-05 09:02:22.682
1706	1	11	72	3.000	212.83	638.49	2025-11-05 09:02:21.698
1726	1	11	71	174.000	45.63	7939.93	2025-11-05 09:02:22.195
1695	1	11	107	54.000	76.20	4114.60	2025-11-05 09:02:21.483
1693	1	11	110	5.000	127.06	635.29	2025-11-05 09:02:21.406
1733	1	11	127	448.000	79.59	35657.14	2025-11-05 09:02:22.316
1745	1	11	128	359.000	54.57	19590.31	2025-11-05 09:02:22.602
1741	1	11	338	3.000	94.68	284.03	2025-11-05 09:02:22.508
8486	1	60	441	0.000	0.00	0.00	2025-11-14 11:27:34.183043
17244	8	116	5946	0.000	158.94	0.00	2026-01-05 01:38:53.797541
17245	8	116	5947	0.000	116.51	0.00	2026-01-05 01:38:53.797541
3283	1	34	218	1.000	178.98	178.98	2025-11-06 07:50:22.583
3284	1	34	224	6.000	333.10	1998.62	2025-11-06 07:50:22.589
3285	1	34	234	45.000	50.39	2267.64	2025-11-06 07:50:22.596
3286	1	34	211	3.000	57.19	171.56	2025-11-06 07:50:22.602
3287	1	34	222	1.000	92.61	92.61	2025-11-06 07:50:22.686
3288	1	34	232	2.000	81.92	163.83	2025-11-06 07:50:22.693
3289	1	34	231	439.000	56.89	24975.16	2025-11-06 07:50:22.698
3290	1	34	199	7.000	71.81	502.69	2025-11-06 07:50:22.782
3291	1	34	214	1.000	46.63	46.63	2025-11-06 07:50:22.791
3292	1	34	233	1.000	61.42	61.42	2025-11-06 07:50:22.799
3293	1	34	200	6.000	152.37	914.23	2025-11-06 07:50:22.804
3294	1	34	202	1.000	129.93	129.93	2025-11-06 07:50:22.882
3295	1	34	201	25.000	72.39	1809.67	2025-11-06 07:50:22.888
3296	1	34	217	1.000	47.08	47.08	2025-11-06 07:50:22.895
3297	1	34	210	1.000	202.42	202.42	2025-11-06 07:50:22.901
3298	1	34	759	3.000	181.68	545.05	2025-11-06 07:50:22.982
3299	1	34	237	1.000	77.86	77.86	2025-11-06 07:50:22.989
3300	1	34	277	9.000	78.51	706.59	2025-11-06 07:50:22.995
3301	1	34	240	7.000	89.05	623.38	2025-11-06 07:50:23.083
3302	1	34	276	4.000	88.60	354.39	2025-11-06 07:50:23.089
3303	1	34	239	1.000	65.49	65.49	2025-11-06 07:50:23.095
3304	1	34	241	11.000	54.03	594.36	2025-11-06 07:50:23.102
3305	1	34	249	6.000	86.37	518.21	2025-11-06 07:50:23.108
3306	1	34	263	2.000	98.50	196.99	2025-11-06 07:50:23.184
3307	1	34	268	9.000	69.35	624.19	2025-11-06 07:50:23.19
3308	1	34	261	2.000	58.61	117.21	2025-11-06 07:50:23.196
3309	1	34	244	58.000	43.63	2530.41	2025-11-06 07:50:23.203
3310	1	34	265	21.000	48.37	1015.87	2025-11-06 07:50:23.286
3311	1	34	247	26.000	43.84	1139.77	2025-11-06 07:50:23.292
3312	1	34	248	5.000	43.51	217.55	2025-11-06 07:50:23.298
3313	1	34	257	1.000	178.55	178.55	2025-11-06 07:50:23.381
3314	1	34	271	1.000	128.56	128.56	2025-11-06 07:50:23.387
3315	1	34	272	6.000	49.09	294.56	2025-11-06 07:50:23.393
3316	1	34	275	6.000	39.09	234.56	2025-11-06 07:50:23.398
3317	1	34	238	4.000	108.52	434.06	2025-11-06 07:50:23.481
3318	1	34	242	1.000	78.20	78.20	2025-11-06 07:50:23.487
3319	1	34	266	7.000	39.14	273.99	2025-11-06 07:50:23.493
3320	1	34	1989	4.000	48.60	194.38	2025-11-06 07:50:23.5
3321	1	34	273	6.000	49.19	295.11	2025-11-06 07:50:23.582
3322	1	34	278	21.000	88.62	1860.98	2025-11-06 07:50:23.59
3323	1	34	245	22.000	64.18	1412.02	2025-11-06 07:50:23.596
3324	1	34	267	2.000	228.58	457.16	2025-11-06 07:50:23.603
3325	1	34	258	3.000	368.91	1106.72	2025-11-06 07:50:23.682
3326	1	34	260	80.000	68.60	5487.64	2025-11-06 07:50:23.689
3327	1	34	236	1.000	138.69	138.69	2025-11-06 07:50:23.695
3328	1	34	274	8.000	108.54	868.34	2025-11-06 07:50:23.701
3329	1	34	254	12.000	58.78	705.38	2025-11-06 07:50:23.783
3330	1	34	255	6.000	88.42	530.52	2025-11-06 07:50:23.791
3331	1	34	264	16.000	58.59	937.49	2025-11-06 07:50:23.797
3332	1	34	251	2.000	44.25	88.49	2025-11-06 07:50:23.888
3333	1	34	243	2.000	82.81	165.62	2025-11-06 07:50:23.894
3334	1	34	246	2.000	242.15	484.30	2025-11-06 07:50:23.901
3335	1	34	253	2.000	98.79	197.57	2025-11-06 07:50:23.981
3336	1	34	259	7.000	67.91	475.37	2025-11-06 07:50:23.988
3337	1	34	262	1.000	48.79	48.79	2025-11-06 07:50:23.994
3338	1	34	281	6.000	67.37	404.23	2025-11-06 07:50:24
3339	1	34	1990	9.000	91.40	822.63	2025-11-06 07:50:24.082
3340	1	34	282	7.000	103.44	724.08	2025-11-06 07:50:24.089
3341	1	34	279	4.000	144.22	576.86	2025-11-06 07:50:24.096
3342	1	34	284	1.000	139.26	139.26	2025-11-06 07:50:24.18
3343	1	34	283	4.000	59.22	236.86	2025-11-06 07:50:24.188
3344	1	34	285	7.000	140.50	983.49	2025-11-06 07:50:24.196
3345	1	34	286	1.000	74.49	74.49	2025-11-06 07:50:24.203
3346	1	34	287	4.000	78.90	315.59	2025-11-06 07:50:24.284
3347	1	34	288	2.000	127.12	254.24	2025-11-06 07:50:24.29
3348	1	34	289	4.000	75.07	300.29	2025-11-06 07:50:24.296
3349	1	34	312	1.000	56.66	56.66	2025-11-06 07:50:24.302
3350	1	34	321	1.000	74.39	74.39	2025-11-06 07:50:24.382
5142	1	46	157	6.000	50.87	305.22	2025-11-08 13:02:05.682
3352	1	34	328	30.000	103.82	3114.70	2025-11-06 07:50:24.395
3353	1	34	327	5.000	95.79	478.93	2025-11-06 07:50:24.401
3354	1	34	309	10.000	108.58	1085.76	2025-11-06 07:50:24.486
3355	1	34	1951	6.000	222.42	1334.53	2025-11-06 07:50:24.493
3356	1	34	1962	2.000	122.41	244.81	2025-11-06 07:50:24.5
3357	1	34	310	15.000	152.77	2291.60	2025-11-06 07:50:24.588
3358	1	34	292	3.000	92.75	278.24	2025-11-06 07:50:24.597
3359	1	34	332	13.000	132.76	1725.88	2025-11-06 07:50:24.682
3360	1	34	315	1.000	161.95	161.95	2025-11-06 07:50:24.688
3361	1	34	296	10.000	97.19	971.87	2025-11-06 07:50:24.695
3362	1	34	301	8.000	133.13	1065.06	2025-11-06 07:50:24.784
3363	1	34	295	10.000	142.79	1427.91	2025-11-06 07:50:24.791
3364	1	34	1964	2.000	123.83	247.65	2025-11-06 07:50:24.799
3365	1	34	1968	2.000	152.68	305.35	2025-11-06 07:50:24.885
3366	1	34	304	5.000	132.69	663.47	2025-11-06 07:50:24.891
3367	1	34	1974	3.000	152.92	458.76	2025-11-06 07:50:24.898
3368	1	34	1992	6.000	92.12	552.73	2025-11-06 07:50:24.981
3369	1	34	1971	2.000	232.43	464.85	2025-11-06 07:50:24.989
3370	1	34	329	28.000	132.78	3717.80	2025-11-06 07:50:24.996
3371	1	34	1973	3.000	133.80	401.40	2025-11-06 07:50:25.082
3372	1	34	1993	3.000	176.67	530.00	2025-11-06 07:50:25.089
3373	1	34	1976	3.000	153.00	459.00	2025-11-06 07:50:25.097
3374	1	34	318	56.000	61.06	3419.35	2025-11-06 07:50:25.184
3375	1	34	317	17.000	71.82	1220.86	2025-11-06 07:50:25.19
3376	1	34	1994	1.000	166.18	166.18	2025-11-06 07:50:25.196
3377	1	34	1995	8.000	72.68	581.44	2025-11-06 07:50:25.282
3378	1	34	1996	4.000	52.67	210.66	2025-11-06 07:50:25.289
3379	1	34	1997	20.000	62.82	1256.33	2025-11-06 07:50:25.297
3380	1	34	1998	83.000	53.35	4427.69	2025-11-06 07:50:25.381
3381	1	34	1956	16.000	52.79	844.59	2025-11-06 07:50:25.393
3382	1	34	1999	21.000	49.98	1049.50	2025-11-06 07:50:25.401
3383	1	34	2000	62.000	42.70	2647.41	2025-11-06 07:50:25.485
3384	1	34	2001	100.000	47.40	4740.13	2025-11-06 07:50:25.492
3385	1	34	2002	27.000	62.74	1693.99	2025-11-06 07:50:25.5
3386	1	34	2003	58.000	70.45	4085.93	2025-11-06 07:50:25.585
3387	1	34	1952	23.000	132.59	3049.49	2025-11-06 07:50:25.593
3388	1	34	689	40.000	72.82	2912.82	2025-11-06 07:50:25.6
3389	1	34	311	35.000	72.67	2543.31	2025-11-06 07:50:25.688
3390	1	34	293	4.000	72.43	289.73	2025-11-06 07:50:25.699
3391	1	34	333	8.000	83.27	666.15	2025-11-06 07:50:25.781
3392	1	34	294	13.000	64.31	835.98	2025-11-06 07:50:25.788
3393	1	34	1969	3.000	76.65	229.96	2025-11-06 07:50:25.796
3394	1	34	1977	8.000	92.47	739.79	2025-11-06 07:50:25.885
3395	1	34	307	14.000	56.34	788.80	2025-11-06 07:50:25.893
3396	1	34	322	14.000	122.46	1714.50	2025-11-06 07:50:25.98
3397	1	34	1950	6.000	93.58	561.46	2025-11-06 07:50:25.988
3398	1	34	1949	2.000	93.58	187.15	2025-11-06 07:50:25.996
3399	1	34	1972	9.000	57.28	515.50	2025-11-06 07:50:26.082
3400	1	34	326	24.000	48.03	1152.75	2025-11-06 07:50:26.089
3401	1	34	1954	20.000	48.97	979.37	2025-11-06 07:50:26.096
3402	1	34	331	10.000	83.73	837.30	2025-11-06 07:50:26.181
3403	1	34	319	31.000	112.56	3489.38	2025-11-06 07:50:26.188
3404	1	34	1957	15.000	88.11	1321.67	2025-11-06 07:50:26.195
3405	1	34	336	14.000	77.07	1078.91	2025-11-06 07:50:26.203
3351	1	34	302	36.000	68.69	2472.93	2025-11-06 07:50:26.285
3406	1	34	1959	2.000	92.61	185.22	2025-11-06 07:50:26.292
3407	1	34	1960	3.000	72.73	218.18	2025-11-06 07:50:26.299
3408	1	34	1979	1.000	72.59	72.59	2025-11-06 07:50:26.385
3409	1	34	313	7.000	152.08	1064.54	2025-11-06 07:50:26.392
3410	1	34	314	10.000	102.76	1027.62	2025-11-06 07:50:26.4
3411	1	34	1966	2.000	80.70	161.39	2025-11-06 07:50:26.486
3412	1	34	1961	2.000	112.69	225.38	2025-11-06 07:50:26.496
3413	1	34	696	6.000	72.78	436.69	2025-11-06 07:50:26.581
3414	1	34	1983	2.000	72.64	145.28	2025-11-06 07:50:26.589
3415	1	34	1958	2.000	52.68	105.35	2025-11-06 07:50:26.596
3416	1	34	299	12.000	132.95	1595.40	2025-11-06 07:50:26.683
3417	1	34	687	1.000	153.20	153.20	2025-11-06 07:50:26.691
3418	1	34	330	28.000	132.34	3705.64	2025-11-06 07:50:26.698
3419	1	34	1981	4.000	94.42	377.67	2025-11-06 07:50:26.783
3420	1	34	1967	32.000	92.78	2969.06	2025-11-06 07:50:26.793
3421	1	34	694	9.000	112.80	1015.21	2025-11-06 07:50:26.881
3422	1	34	300	2.000	152.31	304.61	2025-11-06 07:50:26.891
3423	1	34	325	7.000	91.55	640.88	2025-11-06 07:50:26.902
3424	1	34	323	4.000	92.89	371.56	2025-11-06 07:50:26.985
3425	1	34	297	3.000	102.77	308.32	2025-11-06 07:50:26.993
3426	1	34	290	23.000	82.73	1902.86	2025-11-06 07:50:27
3427	1	34	1947	2.000	95.21	190.41	2025-11-06 07:50:27.087
3428	1	34	2004	4.000	86.00	344.00	2025-11-06 07:50:27.097
3429	1	34	334	3.000	74.46	223.38	2025-11-06 07:50:27.183
3430	1	34	306	4.000	71.60	286.38	2025-11-06 07:50:27.197
3431	1	34	324	1.000	88.41	88.41	2025-11-06 07:50:27.207
3432	1	34	335	1.000	68.41	68.41	2025-11-06 07:50:27.285
3433	1	35	153	7.000	329.19	2304.33	2025-11-06 08:09:12.89
3434	1	35	154	1.000	69.46	69.46	2025-11-06 08:09:12.898
3435	1	35	155	350.000	13.54	4739.00	2025-11-06 08:09:12.904
3436	1	35	79	1.000	65.83	65.83	2025-11-06 08:09:12.909
3437	1	35	83	27.000	149.99	4049.75	2025-11-06 08:09:12.987
3438	1	35	113	6.000	69.18	415.08	2025-11-06 08:09:12.993
3439	1	35	156	1.000	84.41	84.41	2025-11-06 08:09:13.002
3440	1	35	175	14.000	95.78	1340.94	2025-11-06 08:09:13.081
3441	1	35	185	11.000	80.80	888.85	2025-11-06 08:09:13.087
3442	1	35	166	1.000	115.74	115.74	2025-11-06 08:09:13.092
3443	1	35	184	8.000	105.84	846.72	2025-11-06 08:09:13.097
3444	1	35	158	22.000	65.85	1448.60	2025-11-06 08:09:13.102
3445	1	35	167	2.000	79.38	158.76	2025-11-06 08:09:13.107
3446	1	35	171	17.000	50.80	863.66	2025-11-06 08:09:13.184
3447	1	35	160	27.000	98.80	2667.55	2025-11-06 08:09:13.19
3448	1	35	163	1.000	230.62	230.62	2025-11-06 08:09:13.195
3449	1	35	169	3.000	105.83	317.50	2025-11-06 08:09:13.2
3450	1	35	165	2.000	130.79	261.58	2025-11-06 08:09:13.205
3451	1	35	174	1.000	160.87	160.87	2025-11-06 08:09:13.282
3452	1	35	162	1.000	170.78	170.78	2025-11-06 08:09:13.287
3453	1	35	183	3.000	130.92	392.75	2025-11-06 08:09:13.292
3454	1	35	182	8.000	126.62	1012.92	2025-11-06 08:09:13.296
3455	1	35	172	31.000	105.69	3276.40	2025-11-06 08:09:13.301
3456	1	35	159	7.000	65.61	459.24	2025-11-06 08:09:13.38
3457	1	35	170	5.000	70.94	354.71	2025-11-06 08:09:13.386
3458	1	35	176	2.000	55.94	111.87	2025-11-06 08:09:13.391
3459	1	35	181	2.000	65.81	131.62	2025-11-06 08:09:13.397
3460	1	35	168	48.000	70.85	3400.86	2025-11-06 08:09:13.402
3461	1	35	164	5.000	75.84	379.20	2025-11-06 08:09:13.482
3462	1	35	161	1.000	79.86	79.86	2025-11-06 08:09:13.488
3463	1	35	157	140.000	50.80	7112.64	2025-11-06 08:09:13.493
3464	1	35	177	1.000	205.79	205.79	2025-11-06 08:09:13.499
3465	1	35	178	1.000	205.75	205.75	2025-11-06 08:09:13.503
3466	1	35	179	1.000	210.89	210.89	2025-11-06 08:09:13.582
3467	1	35	173	3.000	243.25	729.75	2025-11-06 08:09:13.587
3468	1	35	180	1.000	280.62	280.62	2025-11-06 08:09:13.595
3469	1	35	188	10.000	135.43	1354.26	2025-11-06 08:09:13.601
3470	1	35	209	16.000	49.30	788.83	2025-11-06 08:09:13.685
3471	1	35	204	68.000	65.59	4459.97	2025-11-06 08:09:13.69
3472	1	35	212	12.000	51.73	620.76	2025-11-06 08:09:13.695
3473	1	35	223	235.000	48.18	11322.39	2025-11-06 08:09:13.7
3474	1	35	193	10.000	47.03	470.26	2025-11-06 08:09:13.706
3475	1	35	228	1.000	111.89	111.89	2025-11-06 08:09:13.784
3476	1	35	197	3.000	72.30	216.89	2025-11-06 08:09:13.79
3477	1	35	196	70.000	251.88	17631.60	2025-11-06 08:09:13.796
3478	1	35	187	46.000	50.86	2339.36	2025-11-06 08:09:13.881
3479	1	35	191	23.000	116.21	2672.79	2025-11-06 08:09:13.888
3480	1	35	192	5.000	51.17	255.85	2025-11-06 08:09:13.895
3481	1	35	189	1.000	81.77	81.77	2025-11-06 08:09:13.901
3482	1	35	235	29.000	101.52	2944.12	2025-11-06 08:09:13.982
3483	1	35	206	34.000	97.25	3306.37	2025-11-06 08:09:13.988
3484	1	35	205	68.000	66.59	4528.42	2025-11-06 08:09:13.993
3485	1	35	190	22.000	71.19	1566.24	2025-11-06 08:09:14.001
3486	1	35	203	2.000	233.07	466.13	2025-11-06 08:09:14.085
3487	1	35	220	108.000	257.16	27773.81	2025-11-06 08:09:14.091
3488	1	35	216	6.000	143.68	862.06	2025-11-06 08:09:14.097
3489	1	35	195	45.000	256.96	11563.31	2025-11-06 08:09:14.102
3490	1	35	230	1.000	296.24	296.24	2025-11-06 08:09:14.184
3491	1	35	225	2.000	333.00	665.99	2025-11-06 08:09:14.191
3492	1	35	194	20.000	258.72	5174.35	2025-11-06 08:09:14.197
3493	1	35	226	9.000	353.10	3177.93	2025-11-06 08:09:14.284
3494	1	35	207	5.000	182.99	914.97	2025-11-06 08:09:14.289
3495	1	35	215	4.000	153.24	612.94	2025-11-06 08:09:14.295
3496	1	35	221	1.000	182.70	182.70	2025-11-06 08:09:14.3
3497	1	35	213	1.000	183.60	183.60	2025-11-06 08:09:14.382
3498	1	35	219	6.000	258.07	1548.40	2025-11-06 08:09:14.387
3499	1	35	218	1.000	178.98	178.98	2025-11-06 08:09:14.393
3500	1	35	224	6.000	333.10	1998.62	2025-11-06 08:09:14.481
3501	1	35	234	45.000	50.39	2267.64	2025-11-06 08:09:14.486
3502	1	35	211	3.000	57.19	171.56	2025-11-06 08:09:14.492
3503	1	35	222	1.000	92.61	92.61	2025-11-06 08:09:14.498
3504	1	35	232	2.000	81.92	163.83	2025-11-06 08:09:14.585
3505	1	35	231	439.000	56.89	24975.16	2025-11-06 08:09:14.592
3506	1	35	199	7.000	71.81	502.69	2025-11-06 08:09:14.598
3507	1	35	214	1.000	46.63	46.63	2025-11-06 08:09:14.686
3508	1	35	233	1.000	61.42	61.42	2025-11-06 08:09:14.696
3509	1	35	200	6.000	152.37	914.23	2025-11-06 08:09:14.707
3510	1	35	202	1.000	129.93	129.93	2025-11-06 08:09:14.785
3511	1	35	201	25.000	72.39	1809.67	2025-11-06 08:09:14.793
3512	1	35	217	1.000	47.08	47.08	2025-11-06 08:09:14.799
3513	1	35	210	1.000	202.42	202.42	2025-11-06 08:09:14.881
3514	1	35	759	3.000	181.68	545.05	2025-11-06 08:09:14.887
3515	1	35	237	1.000	77.86	77.86	2025-11-06 08:09:14.893
3516	1	35	277	9.000	78.51	706.59	2025-11-06 08:09:14.899
3517	1	35	240	7.000	89.05	623.38	2025-11-06 08:09:14.985
3518	1	35	276	4.000	88.60	354.39	2025-11-06 08:09:14.99
3519	1	35	239	1.000	65.49	65.49	2025-11-06 08:09:14.997
3520	1	35	241	11.000	54.03	594.36	2025-11-06 08:09:15.003
3521	1	35	249	6.000	86.37	518.21	2025-11-06 08:09:15.083
3522	1	35	263	2.000	98.50	196.99	2025-11-06 08:09:15.09
3523	1	35	268	9.000	69.35	624.19	2025-11-06 08:09:15.096
3524	1	35	261	2.000	58.61	117.21	2025-11-06 08:09:15.18
3525	1	35	244	58.000	43.63	2530.41	2025-11-06 08:09:15.187
3526	1	35	265	21.000	48.37	1015.87	2025-11-06 08:09:15.193
3527	1	35	247	26.000	43.84	1139.77	2025-11-06 08:09:15.199
3528	1	35	248	5.000	43.51	217.55	2025-11-06 08:09:15.281
3529	1	35	257	1.000	178.55	178.55	2025-11-06 08:09:15.287
3530	1	35	271	1.000	128.56	128.56	2025-11-06 08:09:15.293
3531	1	35	272	6.000	49.09	294.56	2025-11-06 08:09:15.298
3532	1	35	275	6.000	39.09	234.56	2025-11-06 08:09:15.383
3533	1	35	238	4.000	108.52	434.06	2025-11-06 08:09:15.389
3534	1	35	242	1.000	78.20	78.20	2025-11-06 08:09:15.395
3535	1	35	266	7.000	39.14	273.99	2025-11-06 08:09:15.479
3536	1	35	1989	4.000	48.60	194.38	2025-11-06 08:09:15.487
3537	1	35	273	6.000	49.19	295.11	2025-11-06 08:09:15.493
3538	1	35	278	21.000	88.62	1860.98	2025-11-06 08:09:15.499
3539	1	35	245	22.000	64.18	1412.02	2025-11-06 08:09:15.505
3540	1	35	267	2.000	228.58	457.16	2025-11-06 08:09:15.585
3541	1	35	258	3.000	368.91	1106.72	2025-11-06 08:09:15.59
3542	1	35	260	80.000	68.60	5487.64	2025-11-06 08:09:15.596
3543	1	35	236	1.000	138.69	138.69	2025-11-06 08:09:15.601
3544	1	35	274	8.000	108.54	868.34	2025-11-06 08:09:15.682
3545	1	35	254	12.000	58.78	705.38	2025-11-06 08:09:15.69
3546	1	35	255	6.000	88.42	530.52	2025-11-06 08:09:15.697
3547	1	35	264	16.000	58.59	937.49	2025-11-06 08:09:15.781
3548	1	35	251	2.000	44.25	88.49	2025-11-06 08:09:15.786
3549	1	35	243	2.000	82.81	165.62	2025-11-06 08:09:15.793
3550	1	35	246	2.000	242.15	484.30	2025-11-06 08:09:15.799
3551	1	35	253	2.000	98.79	197.57	2025-11-06 08:09:15.882
3552	1	35	259	7.000	67.91	475.37	2025-11-06 08:09:15.888
3553	1	35	262	1.000	48.79	48.79	2025-11-06 08:09:15.894
3554	1	35	281	6.000	67.37	404.23	2025-11-06 08:09:15.985
3555	1	35	1990	9.000	91.40	822.63	2025-11-06 08:09:15.993
3556	1	35	282	7.000	103.44	724.08	2025-11-06 08:09:15.999
3557	1	35	279	4.000	144.22	576.86	2025-11-06 08:09:16.005
3558	1	35	284	1.000	139.26	139.26	2025-11-06 08:09:16.083
3559	1	35	283	4.000	59.22	236.86	2025-11-06 08:09:16.089
3560	1	35	285	7.000	140.50	983.49	2025-11-06 08:09:16.095
3561	1	35	286	1.000	74.49	74.49	2025-11-06 08:09:16.101
3562	1	35	287	4.000	78.90	315.59	2025-11-06 08:09:16.182
3563	1	35	288	2.000	127.12	254.24	2025-11-06 08:09:16.188
3564	1	35	289	4.000	75.07	300.29	2025-11-06 08:09:16.194
3565	1	35	312	1.000	56.66	56.66	2025-11-06 08:09:16.2
3566	1	35	321	1.000	74.39	74.39	2025-11-06 08:09:16.284
5143	1	46	722	3.000	45.81	137.43	2025-11-08 13:02:05.691
3568	1	35	328	30.000	103.82	3114.70	2025-11-06 08:09:16.296
3569	1	35	327	5.000	95.79	478.93	2025-11-06 08:09:16.301
3570	1	35	309	10.000	108.58	1085.76	2025-11-06 08:09:16.386
3571	1	35	1951	6.000	222.42	1334.53	2025-11-06 08:09:16.392
3572	1	35	1962	2.000	122.41	244.81	2025-11-06 08:09:16.399
3573	1	35	310	15.000	152.77	2291.60	2025-11-06 08:09:16.486
3574	1	35	292	3.000	92.75	278.24	2025-11-06 08:09:16.494
3575	1	35	332	13.000	132.76	1725.88	2025-11-06 08:09:16.509
3576	1	35	315	1.000	161.95	161.95	2025-11-06 08:09:16.585
3577	1	35	296	10.000	97.19	971.87	2025-11-06 08:09:16.592
3578	1	35	301	8.000	133.13	1065.06	2025-11-06 08:09:16.598
3579	1	35	295	10.000	142.79	1427.91	2025-11-06 08:09:16.605
3580	1	35	1964	2.000	123.83	247.65	2025-11-06 08:09:16.687
3581	1	35	1968	2.000	152.68	305.35	2025-11-06 08:09:16.694
3582	1	35	304	5.000	132.69	663.47	2025-11-06 08:09:16.78
3583	1	35	1974	3.000	152.92	458.76	2025-11-06 08:09:16.788
3584	1	35	1992	6.000	92.12	552.73	2025-11-06 08:09:16.795
3585	1	35	1971	2.000	232.43	464.85	2025-11-06 08:09:16.882
3586	1	35	329	28.000	132.78	3717.80	2025-11-06 08:09:16.889
3587	1	35	1973	3.000	133.80	401.40	2025-11-06 08:09:16.895
3588	1	35	1993	3.000	176.67	530.00	2025-11-06 08:09:16.983
3589	1	35	1976	3.000	153.00	459.00	2025-11-06 08:09:16.989
3590	1	35	318	56.000	61.06	3419.35	2025-11-06 08:09:16.997
3591	1	35	317	17.000	71.82	1220.86	2025-11-06 08:09:17.011
3592	1	35	1948	1.000	166.18	166.18	2025-11-06 08:09:17.089
3593	1	35	1980	8.000	72.68	581.44	2025-11-06 08:09:17.097
3594	1	35	1978	4.000	52.67	210.66	2025-11-06 08:09:17.185
3595	1	35	305	20.000	62.82	1256.33	2025-11-06 08:09:17.194
3596	1	35	316	83.000	53.35	4427.69	2025-11-06 08:09:17.203
3597	1	35	1956	16.000	52.79	844.59	2025-11-06 08:09:17.285
3598	1	35	688	21.000	49.98	1049.50	2025-11-06 08:09:17.295
3599	1	35	291	62.000	42.70	2647.41	2025-11-06 08:09:17.304
3600	1	35	320	100.000	47.40	4740.13	2025-11-06 08:09:17.48
3601	1	35	1953	27.000	62.74	1693.99	2025-11-06 08:09:17.489
3602	1	35	1975	58.000	70.45	4085.93	2025-11-06 08:09:17.498
3603	1	35	1952	23.000	132.59	3049.49	2025-11-06 08:09:17.59
3604	1	35	689	40.000	72.82	2912.82	2025-11-06 08:09:17.603
3605	1	35	311	35.000	72.67	2543.31	2025-11-06 08:09:17.684
3606	1	35	293	4.000	72.43	289.73	2025-11-06 08:09:17.691
3607	1	35	333	8.000	83.27	666.15	2025-11-06 08:09:17.697
3608	1	35	294	13.000	64.31	835.98	2025-11-06 08:09:17.784
3609	1	35	1969	3.000	76.65	229.96	2025-11-06 08:09:17.791
3610	1	35	1977	8.000	92.47	739.79	2025-11-06 08:09:17.798
3611	1	35	307	14.000	56.34	788.80	2025-11-06 08:09:17.882
3612	1	35	322	14.000	122.46	1714.50	2025-11-06 08:09:17.889
3613	1	35	1950	6.000	93.58	561.46	2025-11-06 08:09:17.896
3614	1	35	1949	2.000	93.58	187.15	2025-11-06 08:09:17.98
3615	1	35	1972	9.000	57.28	515.50	2025-11-06 08:09:17.991
3616	1	35	326	24.000	48.03	1152.75	2025-11-06 08:09:18.082
3617	1	35	1954	20.000	48.97	979.37	2025-11-06 08:09:18.093
3618	1	35	331	10.000	83.73	837.30	2025-11-06 08:09:18.101
3619	1	35	319	31.000	112.56	3489.38	2025-11-06 08:09:18.186
3620	1	35	1957	15.000	88.11	1321.67	2025-11-06 08:09:18.194
3621	1	35	336	14.000	77.07	1078.91	2025-11-06 08:09:18.201
3567	1	35	302	36.000	68.69	2472.93	2025-11-06 08:09:18.282
3622	1	35	1959	2.000	92.61	185.22	2025-11-06 08:09:18.289
3623	1	35	1960	3.000	72.73	218.18	2025-11-06 08:09:18.297
3624	1	35	1979	1.000	72.59	72.59	2025-11-06 08:09:18.384
3625	1	35	313	7.000	152.08	1064.54	2025-11-06 08:09:18.391
3626	1	35	314	10.000	102.76	1027.62	2025-11-06 08:09:18.398
3627	1	35	1966	2.000	80.70	161.39	2025-11-06 08:09:18.48
3628	1	35	1961	2.000	112.69	225.38	2025-11-06 08:09:18.488
3629	1	35	696	6.000	72.78	436.69	2025-11-06 08:09:18.497
3630	1	35	1983	2.000	72.64	145.28	2025-11-06 08:09:18.585
3631	1	35	1958	2.000	52.68	105.35	2025-11-06 08:09:18.595
3632	1	35	299	12.000	132.95	1595.40	2025-11-06 08:09:18.682
3633	1	35	687	1.000	153.20	153.20	2025-11-06 08:09:18.689
3634	1	35	330	28.000	132.34	3705.64	2025-11-06 08:09:18.697
3635	1	35	1981	4.000	94.42	377.67	2025-11-06 08:09:18.782
3636	1	35	1967	32.000	92.78	2969.06	2025-11-06 08:09:18.789
3637	1	35	694	9.000	112.80	1015.21	2025-11-06 08:09:18.797
3638	1	35	300	2.000	152.31	304.61	2025-11-06 08:09:18.88
3639	1	35	325	7.000	91.55	640.88	2025-11-06 08:09:18.888
3640	1	35	323	4.000	92.89	371.56	2025-11-06 08:09:18.896
3641	1	35	297	3.000	102.77	308.32	2025-11-06 08:09:18.985
3642	1	35	290	23.000	82.73	1902.86	2025-11-06 08:09:18.991
3643	1	35	1947	2.000	95.21	190.41	2025-11-06 08:09:18.998
3644	1	35	1965	4.000	86.00	344.00	2025-11-06 08:09:19.081
3645	1	35	334	3.000	74.46	223.38	2025-11-06 08:09:19.088
3646	1	35	306	4.000	71.60	286.38	2025-11-06 08:09:19.095
3647	1	35	324	1.000	88.41	88.41	2025-11-06 08:09:19.102
3648	1	35	335	1.000	68.41	68.41	2025-11-06 08:09:19.185
5144	1	46	178	2.000	205.55	411.09	2025-11-08 13:02:05.7
3650	1	36	154	1.000	69.46	69.46	2025-11-06 08:15:27.998
3651	1	36	155	350.000	13.54	4739.00	2025-11-06 08:15:28.003
3652	1	36	79	1.000	65.83	65.83	2025-11-06 08:15:28.091
5145	1	46	737	1.000	280.66	280.66	2025-11-08 13:02:05.786
3654	1	36	113	6.000	69.18	415.08	2025-11-06 08:15:28.11
3655	1	36	156	1.000	84.41	84.41	2025-11-06 08:15:28.183
3656	1	36	175	14.000	95.78	1340.94	2025-11-06 08:15:28.188
3657	1	36	185	11.000	80.80	888.85	2025-11-06 08:15:28.193
3658	1	36	166	1.000	115.74	115.74	2025-11-06 08:15:28.198
3659	1	36	184	8.000	105.84	846.72	2025-11-06 08:15:28.281
3660	1	36	158	22.000	65.85	1448.60	2025-11-06 08:15:28.287
3661	1	36	167	2.000	79.38	158.76	2025-11-06 08:15:28.292
3662	1	36	171	17.000	50.80	863.66	2025-11-06 08:15:28.297
3663	1	36	160	27.000	98.80	2667.55	2025-11-06 08:15:28.302
3664	1	36	163	1.000	230.62	230.62	2025-11-06 08:15:28.383
3665	1	36	169	3.000	105.83	317.50	2025-11-06 08:15:28.388
3666	1	36	165	2.000	130.79	261.58	2025-11-06 08:15:28.393
3667	1	36	174	1.000	160.87	160.87	2025-11-06 08:15:28.398
3668	1	36	162	1.000	170.78	170.78	2025-11-06 08:15:28.481
5146	1	46	180	3.000	280.50	841.50	2025-11-08 13:02:05.798
3670	1	36	182	8.000	126.62	1012.92	2025-11-06 08:15:28.491
3671	1	36	172	31.000	105.69	3276.40	2025-11-06 08:15:28.496
3672	1	36	159	7.000	65.61	459.24	2025-11-06 08:15:28.581
3673	1	36	170	5.000	70.94	354.71	2025-11-06 08:15:28.587
3674	1	36	176	2.000	55.94	111.87	2025-11-06 08:15:28.592
3675	1	36	181	2.000	65.81	131.62	2025-11-06 08:15:28.597
3676	1	36	168	48.000	70.85	3400.86	2025-11-06 08:15:28.603
3677	1	36	164	5.000	75.84	379.20	2025-11-06 08:15:28.683
3678	1	36	161	1.000	79.86	79.86	2025-11-06 08:15:28.689
3679	1	36	157	140.000	50.80	7112.64	2025-11-06 08:15:28.694
3680	1	36	177	1.000	205.79	205.79	2025-11-06 08:15:28.7
3681	1	36	178	1.000	205.75	205.75	2025-11-06 08:15:28.783
3682	1	36	179	1.000	210.89	210.89	2025-11-06 08:15:28.788
3683	1	36	173	3.000	243.25	729.75	2025-11-06 08:15:28.793
3684	1	36	180	1.000	280.62	280.62	2025-11-06 08:15:28.797
5147	1	46	743	2.000	397.02	794.04	2025-11-08 13:02:05.886
5148	1	46	741	8.000	64.84	518.72	2025-11-08 13:02:05.896
3687	1	36	204	68.000	65.59	4459.97	2025-11-06 08:15:28.898
3688	1	36	212	12.000	51.73	620.76	2025-11-06 08:15:28.905
5149	1	46	746	1.000	134.44	134.44	2025-11-08 13:02:05.904
3690	1	36	193	10.000	47.03	470.26	2025-11-06 08:15:28.987
3691	1	36	228	1.000	111.89	111.89	2025-11-06 08:15:28.993
3692	1	36	197	3.000	72.30	216.89	2025-11-06 08:15:29.082
5150	1	46	747	1.000	61.59	61.59	2025-11-08 13:02:05.911
3694	1	36	187	46.000	50.86	2339.36	2025-11-06 08:15:29.093
3695	1	36	191	23.000	116.21	2672.79	2025-11-06 08:15:29.099
5151	1	46	742	6.000	171.34	1028.04	2025-11-08 13:02:05.992
3697	1	36	189	1.000	81.77	81.77	2025-11-06 08:15:29.191
3698	1	36	235	29.000	101.52	2944.12	2025-11-06 08:15:29.204
5152	1	46	744	1.000	230.86	230.86	2025-11-08 13:02:06.003
5153	1	46	745	5.000	55.53	277.65	2025-11-08 13:02:06.087
3701	1	36	190	22.000	71.19	1566.24	2025-11-06 08:15:29.298
3702	1	36	203	2.000	233.07	466.13	2025-11-06 08:15:29.303
5154	1	46	748	8.000	65.96	527.68	2025-11-08 13:02:06.097
3704	1	36	216	6.000	143.68	862.06	2025-11-06 08:15:29.393
3705	1	36	195	45.000	256.96	11563.31	2025-11-06 08:15:29.399
3706	1	36	230	1.000	296.24	296.24	2025-11-06 08:15:29.405
3707	1	36	225	2.000	333.00	665.99	2025-11-06 08:15:29.484
3708	1	36	194	20.000	258.72	5174.35	2025-11-06 08:15:29.49
3709	1	36	226	9.000	353.10	3177.93	2025-11-06 08:15:29.497
3710	1	36	207	5.000	182.99	914.97	2025-11-06 08:15:29.582
3711	1	36	215	4.000	153.24	612.94	2025-11-06 08:15:29.588
3712	1	36	221	1.000	182.70	182.70	2025-11-06 08:15:29.594
3713	1	36	213	1.000	183.60	183.60	2025-11-06 08:15:29.68
3714	1	36	219	6.000	258.07	1548.40	2025-11-06 08:15:29.688
3715	1	36	218	1.000	178.98	178.98	2025-11-06 08:15:29.694
3716	1	36	224	6.000	333.10	1998.62	2025-11-06 08:15:29.701
5155	1	46	749	2.000	391.96	783.92	2025-11-08 13:02:06.183
3718	1	36	211	3.000	57.19	171.56	2025-11-06 08:15:29.79
3719	1	36	222	1.000	92.61	92.61	2025-11-06 08:15:29.796
3720	1	36	232	2.000	81.92	163.83	2025-11-06 08:15:29.88
5156	1	46	750	3.000	98.69	296.07	2025-11-08 13:02:06.192
3722	1	36	199	7.000	71.81	502.69	2025-11-06 08:15:29.892
3723	1	36	214	1.000	46.63	46.63	2025-11-06 08:15:29.897
3724	1	36	233	1.000	61.42	61.42	2025-11-06 08:15:29.979
3725	1	36	200	6.000	152.37	914.23	2025-11-06 08:15:29.986
3726	1	36	202	1.000	129.93	129.93	2025-11-06 08:15:29.992
3727	1	36	201	25.000	72.39	1809.67	2025-11-06 08:15:29.997
3728	1	36	217	1.000	47.08	47.08	2025-11-06 08:15:30.003
3729	1	36	210	1.000	202.42	202.42	2025-11-06 08:15:30.084
3730	1	36	759	3.000	181.68	545.05	2025-11-06 08:15:30.09
5157	1	46	751	1.000	112.82	112.82	2025-11-08 13:02:06.201
3732	1	36	277	9.000	78.51	706.59	2025-11-06 08:15:30.101
3733	1	36	240	7.000	89.05	623.38	2025-11-06 08:15:30.186
3734	1	36	276	4.000	88.60	354.39	2025-11-06 08:15:30.192
3735	1	36	239	1.000	65.49	65.49	2025-11-06 08:15:30.197
3736	1	36	241	11.000	54.03	594.36	2025-11-06 08:15:30.28
3737	1	36	249	6.000	86.37	518.21	2025-11-06 08:15:30.286
3738	1	36	263	2.000	98.50	196.99	2025-11-06 08:15:30.292
3739	1	36	268	9.000	69.35	624.19	2025-11-06 08:15:30.298
3740	1	36	261	2.000	58.61	117.21	2025-11-06 08:15:30.385
5158	1	46	188	8.000	135.56	1084.48	2025-11-08 13:02:06.285
3742	1	36	265	21.000	48.37	1015.87	2025-11-06 08:15:30.583
3743	1	36	247	26.000	43.84	1139.77	2025-11-06 08:15:30.683
3744	1	36	248	5.000	43.51	217.55	2025-11-06 08:15:30.785
3745	1	36	257	1.000	178.55	178.55	2025-11-06 08:15:30.886
3746	1	36	271	1.000	128.56	128.56	2025-11-06 08:15:30.984
3747	1	36	272	6.000	49.09	294.56	2025-11-06 08:15:30.99
3748	1	36	275	6.000	39.09	234.56	2025-11-06 08:15:30.998
3749	1	36	238	4.000	108.52	434.06	2025-11-06 08:15:31.085
3750	1	36	242	1.000	78.20	78.20	2025-11-06 08:15:31.091
3751	1	36	266	7.000	39.14	273.99	2025-11-06 08:15:31.097
3752	1	36	1989	4.000	48.60	194.38	2025-11-06 08:15:31.181
3753	1	36	273	6.000	49.19	295.11	2025-11-06 08:15:31.188
3754	1	36	278	21.000	88.62	1860.98	2025-11-06 08:15:31.194
3755	1	36	245	22.000	64.18	1412.02	2025-11-06 08:15:31.2
3756	1	36	267	2.000	228.58	457.16	2025-11-06 08:15:31.28
3757	1	36	258	3.000	368.91	1106.72	2025-11-06 08:15:31.287
3758	1	36	260	80.000	68.60	5487.64	2025-11-06 08:15:31.294
3759	1	36	236	1.000	138.69	138.69	2025-11-06 08:15:31.301
5159	1	46	755	1.000	124.78	124.78	2025-11-08 13:02:06.297
3761	1	36	254	12.000	58.78	705.38	2025-11-06 08:15:31.391
3762	1	36	255	6.000	88.42	530.52	2025-11-06 08:15:31.398
3763	1	36	264	16.000	58.59	937.49	2025-11-06 08:15:31.481
5160	1	46	753	1.000	94.86	94.86	2025-11-08 13:02:06.383
3765	1	36	243	2.000	82.81	165.62	2025-11-06 08:15:31.495
3766	1	36	246	2.000	242.15	484.30	2025-11-06 08:15:31.502
3767	1	36	253	2.000	98.79	197.57	2025-11-06 08:15:31.585
3768	1	36	259	7.000	67.91	475.37	2025-11-06 08:15:31.592
3769	1	36	262	1.000	48.79	48.79	2025-11-06 08:15:31.598
3770	1	36	281	6.000	67.37	404.23	2025-11-06 08:15:31.604
3771	1	36	1990	9.000	91.40	822.63	2025-11-06 08:15:31.686
3772	1	36	282	7.000	103.44	724.08	2025-11-06 08:15:31.692
3773	1	36	279	4.000	144.22	576.86	2025-11-06 08:15:31.698
3774	1	36	284	1.000	139.26	139.26	2025-11-06 08:15:31.784
3775	1	36	283	4.000	59.22	236.86	2025-11-06 08:15:31.791
3776	1	36	285	7.000	140.50	983.49	2025-11-06 08:15:31.799
3777	1	36	286	1.000	74.49	74.49	2025-11-06 08:15:31.884
3778	1	36	287	4.000	78.90	315.59	2025-11-06 08:15:31.89
3779	1	36	288	2.000	127.12	254.24	2025-11-06 08:15:31.896
3780	1	36	289	4.000	75.07	300.29	2025-11-06 08:15:31.902
3781	1	36	312	1.000	56.66	56.66	2025-11-06 08:15:31.986
3782	1	36	321	1.000	74.39	74.39	2025-11-06 08:15:31.992
5161	1	46	196	35.000	253.13	8859.54	2025-11-08 13:02:06.392
3784	1	36	328	30.000	103.82	3114.70	2025-11-06 08:15:32.082
5162	1	46	191	10.000	115.49	1154.89	2025-11-08 13:02:06.4
7500	1	57	66	6.000	82.71	496.27	2025-11-10 08:14:38.709
5163	1	46	208	10.000	82.54	825.40	2025-11-08 13:02:06.408
5164	1	46	206	12.000	98.91	1186.89	2025-11-08 13:02:06.487
5165	1	46	205	12.000	66.83	801.99	2025-11-08 13:02:06.496
3790	1	36	292	3.000	92.75	278.24	2025-11-06 08:15:32.284
3791	1	36	332	13.000	132.76	1725.88	2025-11-06 08:15:32.29
3792	1	36	315	1.000	161.95	161.95	2025-11-06 08:15:32.296
5166	1	46	190	21.000	71.29	1497.03	2025-11-08 13:02:06.506
3794	1	36	301	8.000	133.13	1065.06	2025-11-06 08:15:32.38
5167	1	46	761	1.000	145.83	145.83	2025-11-08 13:02:06.589
5168	1	46	762	1.000	115.20	115.20	2025-11-08 13:02:06.597
5169	1	46	216	2.000	144.39	288.78	2025-11-08 13:02:06.605
3798	1	36	304	5.000	132.69	663.47	2025-11-06 08:15:32.49
5170	1	46	756	7.000	256.99	1798.95	2025-11-08 13:02:06.688
5171	1	46	195	10.000	256.99	2569.92	2025-11-08 13:02:06.698
3801	1	36	1971	2.000	232.43	464.85	2025-11-06 08:15:32.594
5172	1	46	219	2.000	267.21	534.41	2025-11-08 13:02:06.782
5173	1	46	760	2.000	332.25	664.49	2025-11-08 13:02:06.791
3804	1	36	1993	3.000	176.67	530.00	2025-11-06 08:15:32.691
5174	1	46	764	1.000	151.96	151.96	2025-11-08 13:02:06.8
5175	1	46	234	1.000	50.32	50.32	2025-11-08 13:02:06.884
3807	1	36	317	17.000	71.82	1220.86	2025-11-06 08:15:32.785
5176	1	46	763	11.000	40.90	449.90	2025-11-08 13:02:06.893
3810	1	36	1978	4.000	52.67	210.66	2025-11-06 08:15:32.896
3811	1	36	305	20.000	62.82	1256.33	2025-11-06 08:15:32.981
3812	1	36	316	83.000	53.35	4427.69	2025-11-06 08:15:32.992
5177	1	46	202	5.000	104.24	521.21	2025-11-08 13:02:06.902
3814	1	36	688	21.000	49.98	1049.50	2025-11-06 08:15:33.093
3815	1	36	291	62.000	42.70	2647.41	2025-11-06 08:15:33.114
3808	1	36	1948	1.000	332.36	332.36	2025-11-06 08:15:32.797
15816	1	87	5036	1.000	50.00	50.00	2025-12-18 08:18:20.792
3822	1	36	293	4.000	72.43	289.73	2025-11-06 08:15:33.404
3823	1	36	333	8.000	83.27	666.15	2025-11-06 08:15:33.487
3824	1	36	294	13.000	64.31	835.98	2025-11-06 08:15:33.497
3827	1	36	307	14.000	56.34	788.80	2025-11-06 08:15:33.618
3832	1	36	326	24.000	48.03	1152.75	2025-11-06 08:15:33.806
3834	1	36	331	10.000	83.73	837.30	2025-11-06 08:15:33.895
3835	1	36	319	31.000	112.56	3489.38	2025-11-06 08:15:33.901
3837	1	36	336	14.000	77.07	1078.91	2025-11-06 08:15:33.994
3783	1	36	302	36.000	68.69	2472.93	2025-11-06 08:15:34.08
3845	1	36	696	6.000	72.78	436.69	2025-11-06 08:15:34.384
3848	1	36	299	12.000	132.95	1595.40	2025-11-06 08:15:34.487
3850	1	36	330	28.000	132.34	3705.64	2025-11-06 08:15:34.501
3851	1	36	1981	4.000	94.42	377.67	2025-11-06 08:15:34.585
3855	1	36	325	7.000	91.55	640.88	2025-11-06 08:15:34.79
3856	1	36	323	4.000	92.89	371.56	2025-11-06 08:15:34.799
3861	1	36	334	3.000	74.46	223.38	2025-11-06 08:15:35.001
3862	1	36	306	4.000	71.60	286.38	2025-11-06 08:15:35.086
3863	1	36	324	1.000	88.41	88.41	2025-11-06 08:15:35.097
3864	1	36	335	1.000	68.41	68.41	2025-11-06 08:15:35.182
3816	1	36	320	100.000	48.35	4834.93	2025-11-06 08:15:33.193
3858	1	36	290	23.000	89.93	2068.32	2025-11-06 08:15:34.893
3829	1	36	1950	6.000	187.16	1122.94	2025-11-06 08:15:33.696
3793	1	36	296	10.000	106.91	1069.06	2025-11-06 08:15:32.302
3795	1	36	295	10.000	271.30	2713.02	2025-11-06 08:15:32.388
3849	1	36	687	1.000	306.40	306.40	2025-11-06 08:15:34.494
3817	1	36	1953	27.000	85.98	2321.39	2025-11-06 08:15:33.28
3836	1	36	1957	15.000	176.22	2643.32	2025-11-06 08:15:33.987
3819	1	36	1952	23.000	265.18	6099.06	2025-11-06 08:15:33.298
3847	1	36	1958	2.000	105.35	210.71	2025-11-06 08:15:34.399
3833	1	36	1954	20.000	61.21	1224.22	2025-11-06 08:15:33.887
3787	1	36	1951	6.000	444.84	2669.05	2025-11-06 08:15:32.184
3785	1	36	327	5.000	114.94	574.72	2025-11-06 08:15:32.088
3843	1	36	1966	2.000	161.39	322.79	2025-11-06 08:15:34.291
3844	1	36	1961	2.000	225.38	450.76	2025-11-06 08:15:34.299
3796	1	36	1964	2.000	247.66	495.31	2025-11-06 08:15:32.395
3841	1	36	313	7.000	217.25	1520.78	2025-11-06 08:15:34.204
3852	1	36	1967	32.000	185.56	5938.02	2025-11-06 08:15:34.594
3831	1	36	1972	9.000	114.56	1031.02	2025-11-06 08:15:33.797
3826	1	36	1977	8.000	161.83	1294.61	2025-11-06 08:15:33.596
3797	1	36	1968	2.000	229.02	458.03	2025-11-06 08:15:32.483
3805	1	36	1976	3.000	255.00	765.00	2025-11-06 08:15:32.697
3813	1	36	1970	16.000	105.58	1689.23	2025-11-06 08:15:33.002
4519	1	44	548	7.000	89.61	627.29	2025-11-08 12:59:46.698
3860	1	36	1965	4.000	172.00	688.00	2025-11-06 08:15:34.991
3809	1	36	1980	8.000	145.36	1162.88	2025-11-06 08:15:32.886
3859	1	36	1947	2.000	190.41	380.83	2025-11-06 08:15:34.98
4520	1	44	532	1.000	87.66	87.66	2025-11-08 12:59:46.704
3803	1	36	1973	3.000	267.60	802.80	2025-11-06 08:15:32.684
3857	1	36	297	3.000	137.03	411.09	2025-11-06 08:15:34.885
4494	1	44	614	2.000	0.01	0.02	2025-11-08 12:59:46.121
4521	1	44	572	6.000	129.08	774.48	2025-11-08 12:59:46.71
3846	1	36	1983	2.000	145.28	290.56	2025-11-06 08:15:34.392
3806	1	36	318	58.000	61.06	3541.48	2025-11-06 08:49:32.89
3842	1	36	314	10.000	195.25	1952.46	2025-11-06 08:15:34.282
3818	1	36	1975	58.000	138.47	8031.13	2025-11-06 08:15:33.289
4495	1	44	612	2.000	129.26	258.51	2025-11-08 12:59:46.185
4496	1	44	515	25.000	79.33	1983.25	2025-11-08 12:59:46.192
3830	1	36	1949	2.000	140.37	280.73	2025-11-06 08:15:33.787
3696	1	36	192	5.000	92.11	460.53	2025-11-06 08:15:29.182
4497	1	44	516	2.000	47.69	95.37	2025-11-08 12:59:46.198
4498	1	44	584	3.000	138.77	416.31	2025-11-08 12:59:46.204
4499	1	44	153	1.000	328.59	328.59	2025-11-08 12:59:46.283
4500	1	44	555	4.000	134.82	539.27	2025-11-08 12:59:46.29
4501	1	44	523	2.000	152.34	304.67	2025-11-08 12:59:46.295
4502	1	44	550	1.000	72.43	72.43	2025-11-08 12:59:46.301
4503	1	44	536	3.000	129.19	387.57	2025-11-08 12:59:46.307
4504	1	44	570	3.000	303.40	910.21	2025-11-08 12:59:46.313
4505	1	44	580	14.000	211.46	2960.43	2025-11-08 12:59:46.388
4506	1	44	592	7.000	53.02	371.13	2025-11-08 12:59:46.394
4507	1	44	624	1.000	169.89	169.89	2025-11-08 12:59:46.401
4508	1	44	618	2.000	47.93	95.86	2025-11-08 12:59:46.407
4509	1	44	615	1.000	192.76	192.76	2025-11-08 12:59:46.485
4510	1	44	568	2.000	53.59	107.17	2025-11-08 12:59:46.491
4511	1	44	616	1.000	132.76	132.76	2025-11-08 12:59:46.498
4512	1	44	589	5.000	129.72	648.58	2025-11-08 12:59:46.504
4513	1	44	633	2.000	280.82	561.63	2025-11-08 12:59:46.584
4514	1	44	509	8.000	128.86	1030.89	2025-11-08 12:59:46.591
4515	1	44	519	9.000	89.34	804.02	2025-11-08 12:59:46.597
4516	1	44	511	8.000	98.87	790.92	2025-11-08 12:59:46.603
4517	1	44	520	7.000	49.52	346.64	2025-11-08 12:59:46.684
4518	1	44	512	4.000	49.34	197.34	2025-11-08 12:59:46.691
4522	1	44	535	5.000	149.55	747.75	2025-11-08 12:59:46.788
4523	1	44	573	1.000	79.46	79.46	2025-11-08 12:59:46.795
4524	1	44	629	3.000	108.04	324.12	2025-11-08 12:59:46.802
4525	1	44	622	2.000	95.15	190.29	2025-11-08 12:59:46.881
4526	1	44	562	3.000	228.57	685.71	2025-11-08 12:59:46.889
4527	1	44	569	4.000	228.40	913.59	2025-11-08 12:59:46.896
4528	1	44	585	3.000	129.22	387.66	2025-11-08 12:59:46.903
4529	1	44	634	1.000	76.63	76.63	2025-11-08 12:59:46.911
4530	1	44	513	3.000	188.77	566.31	2025-11-08 12:59:46.988
4531	1	44	556	7.000	129.64	907.49	2025-11-08 12:59:46.995
4532	1	44	586	5.000	107.12	535.58	2025-11-08 12:59:47.002
3854	1	36	300	2.000	228.46	456.92	2025-11-06 08:15:34.709
3839	1	36	1960	3.000	145.46	436.37	2025-11-06 08:15:34.099
3838	1	36	1959	2.000	185.22	370.44	2025-11-06 08:15:34.09
3800	1	36	693	6.000	168.89	1013.33	2025-11-06 08:15:32.586
3799	1	36	1974	3.000	305.84	917.52	2025-11-06 08:15:32.497
3828	1	36	322	14.000	236.18	3306.48	2025-11-06 08:15:33.687
3825	1	36	1969	3.000	153.30	459.91	2025-11-06 08:15:33.588
3788	1	36	1962	2.000	244.81	489.63	2025-11-06 08:15:32.191
3840	1	36	1979	1.000	145.18	145.18	2025-11-06 08:15:34.19
3802	1	36	329	28.000	137.52	3850.58	2025-11-06 08:15:32.602
3821	1	36	311	37.000	72.67	2688.79	2025-11-06 08:49:32.892
3700	1	36	205	68.000	67.57	4595.01	2025-11-06 08:15:29.29
7501	1	57	149	4.000	82.37	329.46	2025-11-10 08:14:38.717
3721	1	36	231	439.000	63.37	27819.66	2025-11-06 08:15:29.886
3649	1	36	153	7.000	423.24	2962.71	2025-11-06 08:15:27.992
2262	1	19	337	66.000	54.06	3567.85	2025-11-05 09:04:54.78
2207	1	19	579	96.000	153.47	14733.35	2025-11-05 09:04:53.405
2214	1	19	548	27.000	90.63	2447.01	2025-11-06 08:36:20.686
2187	1	19	514	105.000	240.70	25273.50	2025-11-06 08:38:16.794
2146	1	13	465	10.000	70.81	708.14	2025-11-05 09:03:07.087
2649	1	22	516	9.000	68.80	619.16	2025-11-05 09:06:16.689
2666	1	22	568	11.000	63.33	696.58	2025-11-05 09:06:17.088
2748	1	22	371	20.000	108.24	2164.82	2025-11-05 09:06:19.208
2581	1	21	843	5.000	80.11	400.56	2025-11-05 09:05:48.901
3866	1	21	291	0.000	0.00	0.00	2025-11-06 08:43:40.687
2453	1	21	404	29.000	97.95	2840.64	2025-11-05 09:05:44.604
5178	1	46	752	1.000	164.85	164.85	2025-11-08 13:02:06.986
2342	1	21	71	79.000	49.23	3889.17	2025-11-05 09:05:41.611
2337	1	21	91	13.000	77.60	1008.78	2025-11-05 09:05:41.51
2349	1	21	81	9.000	90.66	815.94	2025-11-05 09:05:41.784
2340	1	21	134	2.000	169.28	338.55	2025-11-05 09:05:41.596
5179	1	46	758	5.000	56.45	282.25	2025-11-08 13:02:06.996
5180	1	46	405	1.000	151.48	151.48	2025-11-08 13:02:07.005
5181	1	46	404	24.000	91.63	2199.21	2025-11-08 13:02:07.015
5182	1	46	792	1.000	161.59	161.59	2025-11-08 13:02:07.091
5183	1	46	397	10.000	96.63	966.30	2025-11-08 13:02:07.1
5184	1	46	791	1.000	91.26	91.26	2025-11-08 13:02:07.109
2295	1	21	337	87.000	60.81	5290.09	2025-11-06 08:38:16.799
2600	1	21	462	12.000	50.00	600.05	2025-11-05 09:05:50.682
2603	1	21	465	3.000	84.33	253.00	2025-11-05 09:05:50.902
2609	1	21	865	7.000	101.34	709.36	2025-11-05 09:05:51.187
2429	1	21	227	1.000	132.86	132.86	2025-11-05 09:05:43.982
2450	1	21	758	19.000	59.42	1129.00	2025-11-05 09:05:44.505
2430	1	21	196	38.000	259.79	9872.06	2025-11-05 09:05:43.99
2372	1	21	718	15.000	58.74	881.13	2025-11-05 09:05:42.299
2371	1	21	668	2.000	104.11	208.23	2025-11-05 09:05:42.291
2452	1	21	405	5.000	272.66	1363.31	2025-11-05 09:05:44.594
2508	1	21	408	25.000	175.78	4394.48	2025-11-05 09:05:46.296
2509	1	21	407	26.000	109.13	2837.28	2025-11-05 09:05:46.306
2511	1	21	798	1.000	184.68	184.68	2025-11-05 09:05:46.394
2454	1	21	792	3.000	215.46	646.37	2025-11-05 09:05:44.613
2312	1	21	52	7.000	81.38	569.69	2025-11-05 09:05:40.384
2346	1	21	113	16.000	77.71	1243.36	2025-11-05 09:05:41.7
2300	1	21	93	17.000	196.63	3342.68	2025-11-05 09:05:39.506
2311	1	21	700	40.000	77.21	3088.49	2025-11-05 09:05:40.183
2324	1	21	107	7.000	96.54	675.78	2025-11-05 09:05:41.214
2328	1	21	151	10.000	113.12	1131.19	2025-11-05 09:05:41.305
2343	1	21	85	18.000	79.07	1423.25	2025-11-05 09:05:41.618
2303	1	21	75	2.000	166.72	333.44	2025-11-05 09:05:39.6
2319	1	21	105	9.000	104.57	941.10	2025-11-05 09:05:41.101
2314	1	21	100	2.000	235.02	470.04	2025-11-05 09:05:40.587
2313	1	21	53	5.000	95.89	479.47	2025-11-05 09:05:40.485
2339	1	21	130	1.000	169.28	169.28	2025-11-05 09:05:41.589
2697	1	22	613	3.000	114.83	344.50	2025-11-05 09:06:17.883
2675	1	22	548	14.000	102.56	1435.90	2025-11-06 08:36:20.687
2689	1	22	556	9.000	144.05	1296.41	2025-11-05 09:06:17.616
2674	1	22	512	5.000	59.20	296.00	2025-11-05 09:06:17.283
2696	1	22	524	14.000	72.24	1011.35	2025-11-05 09:06:17.806
2656	1	22	571	1.000	159.24	159.24	2025-11-05 09:06:16.81
2678	1	22	510	5.000	63.98	319.92	2025-11-05 09:06:17.385
2741	1	22	357	14.000	211.97	2967.65	2025-11-05 09:06:19.006
2782	1	22	341	3.000	130.48	391.44	2025-11-05 09:06:20.095
2784	1	22	682	1.000	149.20	149.20	2025-11-05 09:06:20.185
2745	1	22	342	3.000	98.43	295.28	2025-11-05 09:06:19.183
2772	1	22	360	5.000	56.54	282.72	2025-11-05 09:06:19.807
2773	1	22	370	2.000	89.03	178.05	2025-11-05 09:06:19.881
2747	1	22	362	13.000	83.40	1084.18	2025-11-05 09:06:19.2
2814	1	22	314	9.000	113.55	1021.97	2025-11-05 09:06:21.504
2796	1	22	332	12.000	147.05	1764.58	2025-11-05 09:06:21.987
2799	1	22	329	6.000	154.16	924.98	2025-11-05 09:06:21.001
2807	1	22	293	6.000	83.38	500.27	2025-11-05 09:06:21.289
2811	1	22	308	10.000	68.45	684.45	2025-11-05 09:06:21.392
2711	1	22	600	3.000	218.85	656.55	2025-11-05 09:06:18.198
2725	1	22	658	11.000	153.24	1685.69	2025-11-05 09:06:18.514
2189	1	19	515	8.000	128.63	1029.08	2025-11-05 09:04:53.086
2220	1	19	535	17.000	158.01	2686.22	2025-11-05 09:04:53.688
2194	1	19	555	10.000	156.84	1568.40	2025-11-05 09:04:53.186
2206	1	19	589	15.000	156.63	2349.49	2025-11-05 09:04:53.398
2204	1	19	546	5.000	358.20	1790.99	2025-11-05 09:04:53.383
2205	1	19	568	25.000	58.38	1459.46	2025-11-05 09:04:53.391
2200	1	19	570	6.000	405.03	2430.16	2025-11-05 09:04:53.291
2196	1	19	561	10.000	141.81	1418.08	2025-11-05 09:04:53.199
2215	1	19	595	1.000	137.90	137.90	2025-11-05 09:04:53.589
2245	1	19	560	32.000	72.45	2318.49	2025-11-05 09:04:54.284
1993	1	13	114	10.000	114.82	1148.18	2025-11-05 09:03:03.191
2010	1	13	125	23.000	57.21	1315.75	2025-11-05 09:03:03.498
2009	1	13	128	68.000	56.37	3833.44	2025-11-05 09:03:03.491
2100	1	13	421	5.000	82.43	412.16	2025-11-05 09:03:05.88
1975	1	13	337	540.000	48.49	26184.60	2025-11-06 08:38:16.798
2094	1	13	407	13.000	109.19	1419.50	2025-11-05 09:03:05.687
2110	1	13	433	11.000	108.42	1192.57	2025-11-05 09:03:06.093
3699	1	36	206	34.000	100.11	3403.62	2025-11-06 08:15:29.284
3685	1	36	188	10.000	148.97	1489.69	2025-11-06 08:15:28.803
3686	1	36	209	16.000	77.03	1232.53	2025-11-06 08:15:28.886
3693	1	36	196	70.000	259.08	18135.36	2025-11-06 08:15:29.087
3689	1	36	223	235.000	48.59	11418.75	2025-11-06 08:15:28.982
3717	1	36	234	45.000	51.51	2318.03	2025-11-06 08:15:29.784
3741	1	36	244	58.000	44.38	2574.04	2025-11-06 08:15:30.48
3731	1	36	237	1.000	155.72	155.72	2025-11-06 08:15:30.095
3764	1	36	251	2.000	66.37	132.74	2025-11-06 08:15:31.488
3760	1	36	274	8.000	122.11	976.88	2025-11-06 08:15:31.384
3669	1	36	183	3.000	174.56	523.67	2025-11-06 08:15:28.486
3653	1	36	83	27.000	177.77	4799.70	2025-11-06 08:15:28.1
3789	1	36	310	15.000	162.96	2444.37	2025-11-06 08:15:32.198
3911	1	37	76	2.000	88.01	176.03	2025-11-08 17:46:50.691
3869	1	37	80	14.000	83.37	1167.17	2025-11-08 12:55:39.045
3870	1	37	146	6.000	234.09	1404.52	2025-11-08 12:55:39.057
3871	1	37	147	5.000	85.12	425.58	2025-11-08 12:55:39.063
3872	1	37	77	1.000	229.34	229.34	2025-11-08 12:55:39.07
7502	1	57	106	4.000	94.87	379.46	2025-11-10 08:14:38.785
3880	1	37	51	7.000	70.35	492.47	2025-11-08 12:55:39.2
7503	1	57	152	1.000	89.01	89.01	2025-11-10 08:14:38.793
7504	1	57	137	1.000	112.76	112.76	2025-11-10 08:14:38.802
3885	1	37	52	23.000	60.54	1392.34	2025-11-08 12:55:39.306
7505	1	57	60	3.000	112.53	337.59	2025-11-10 08:14:38.81
7506	1	57	89	11.000	112.33	1235.62	2025-11-10 08:14:38.885
3890	1	37	100	4.000	155.81	623.25	2025-11-08 12:55:39.482
10689	1	77	153	175.000	327.88	57379.00	2025-11-20 10:46:51.994
3895	1	37	1552	2.000	89.56	179.12	2025-11-08 12:55:39.592
3896	1	37	141	15.000	44.36	665.39	2025-11-08 12:55:39.599
3897	1	37	120	3.000	109.59	328.77	2025-11-08 12:55:39.605
3898	1	37	105	17.000	87.26	1483.50	2025-11-08 12:55:39.611
3899	1	37	73	21.000	193.54	4064.24	2025-11-08 12:55:39.683
3900	1	37	101	78.000	109.57	8546.14	2025-11-08 12:55:39.788
3905	1	37	702	1.000	91.72	91.72	2025-11-08 12:55:40.784
7508	1	57	148	2.000	72.32	144.63	2025-11-10 08:14:38.901
7509	1	57	71	100.000	47.39	4738.50	2025-11-10 08:14:38.909
7510	1	57	85	22.000	77.49	1704.72	2025-11-10 08:14:38.916
3914	1	37	106	18.000	92.14	1658.59	2025-11-08 12:55:41.386
3915	1	37	152	6.000	85.51	513.03	2025-11-08 12:55:41.395
7511	1	57	113	20.000	72.39	1447.70	2025-11-10 08:14:38.991
3919	1	37	70	81.000	119.43	9673.49	2025-11-08 12:55:41.487
7512	1	57	123	10.000	62.27	622.66	2025-11-10 08:14:38.999
7514	1	57	118	12.000	72.38	868.56	2025-11-10 08:14:39.015
7515	1	57	67	15.000	72.35	1085.26	2025-11-10 08:14:39.091
7516	1	57	115	4.000	50.37	201.46	2025-11-10 08:14:39.1
7517	1	57	338	3.000	50.53	151.59	2025-11-10 08:14:39.185
7518	1	57	50	8.000	57.12	456.94	2025-11-10 08:14:39.194
7519	1	57	143	5.000	57.27	286.33	2025-11-10 08:14:39.203
7520	1	57	128	64.000	54.76	3504.86	2025-11-10 08:14:39.211
7522	1	57	104	6.000	169.88	1019.28	2025-11-10 08:14:39.296
7523	1	57	145	2.000	244.82	489.63	2025-11-10 08:14:39.304
7524	1	57	339	10.000	80.26	802.61	2025-11-10 08:14:39.384
7525	1	57	357	6.000	165.24	991.46	2025-11-10 08:14:39.392
3946	1	37	90	41.000	69.43	2846.61	2025-11-08 12:55:42.188
7527	1	57	359	23.000	95.46	2195.58	2025-11-10 08:14:39.413
7529	1	57	366	21.000	102.23	2146.82	2025-11-10 08:14:39.494
7530	1	57	374	2.000	156.59	313.17	2025-11-10 08:14:39.503
7521	1	57	63	153.000	47.38	7297.04	2025-11-10 08:14:39.287
7528	1	57	371	28.000	98.89	2768.92	2025-11-15 10:00:10.089
7526	1	57	358	0.000	133.90	133.90	2025-11-10 08:14:39.401
3962	1	37	64	19.000	279.67	5313.65	2025-11-08 12:55:42.683
3965	1	37	132	1.000	195.18	195.18	2025-11-08 12:55:42.708
3867	1	13	673	0.000	0.00	0.00	2025-11-06 08:51:28.419
3874	1	37	79	2.000	64.01	128.03	2025-11-08 17:46:50.785
2315	1	21	111	1.000	451.20	451.20	2025-11-05 09:05:40.783
2333	1	21	92	14.000	171.79	2405.12	2025-11-05 09:05:41.48
2322	1	21	102	8.000	112.15	897.21	2025-11-05 09:05:41.2
2336	1	21	94	1.000	195.14	195.14	2025-11-05 09:05:41.503
2402	1	21	720	5.000	85.27	426.36	2025-11-05 09:05:43.186
3921	1	37	83	1.000	148.01	148.01	2025-11-08 17:46:50.885
2352	1	21	63	30.000	52.09	1562.72	2025-11-05 09:05:41.811
2326	1	21	133	5.000	155.37	776.83	2025-11-05 09:05:41.29
2325	1	21	76	8.000	100.89	807.09	2025-11-05 09:05:41.282
3877	1	37	84	2.000	54.01	108.03	2025-11-08 17:46:50.887
3868	1	37	78	3.000	254.32	762.96	2025-11-08 16:42:04.39
3963	1	37	95	1.000	368.01	368.01	2025-11-08 17:46:50.266
3964	1	37	104	3.000	165.51	496.54	2025-11-08 17:46:50.269
3883	1	37	55	4.000	108.01	432.05	2025-11-08 17:46:50.289
3881	1	37	57	3.000	178.01	534.04	2025-11-08 17:46:50.295
3906	1	37	66	4.000	78.01	312.05	2025-11-08 17:46:50.385
3887	1	37	68	1.000	128.01	128.01	2025-11-08 17:46:50.487
3902	1	37	74	6.000	78.01	468.08	2025-11-08 17:46:50.682
3876	1	37	75	1.000	109.26	109.26	2025-11-08 17:46:50.686
3878	1	37	87	5.000	67.01	335.06	2025-11-08 17:46:50.891
3922	1	37	88	1.000	198.01	198.01	2025-11-08 17:46:50.894
3910	1	37	108	8.000	108.01	864.10	2025-11-08 17:46:50.992
3889	1	37	97	4.000	148.01	592.05	2025-11-08 17:46:50.995
3903	1	37	102	5.000	98.01	490.06	2025-11-08 17:46:50.999
3891	1	37	111	2.000	228.01	456.03	2025-11-08 17:46:51.089
3901	1	37	116	1.000	68.01	68.01	2025-11-08 17:46:51.1
3904	1	37	126	3.000	133.01	399.04	2025-11-08 17:46:51.106
3912	1	37	133	2.000	128.01	256.03	2025-11-08 17:46:51.185
3916	1	37	137	1.000	108.01	108.01	2025-11-08 17:46:51.191
3893	1	37	138	1.000	108.01	108.01	2025-11-08 17:46:51.195
3894	1	37	708	1.000	128.01	128.01	2025-11-08 17:46:51.199
3924	1	37	139	12.000	118.01	1416.15	2025-11-08 17:46:51.205
3879	1	37	140	1.000	133.01	133.01	2025-11-08 17:46:51.209
3875	1	37	144	3.000	93.01	279.04	2025-11-08 17:46:51.212
3913	1	37	149	3.000	78.01	234.04	2025-11-08 17:46:51.288
3917	1	37	151	6.000	88.01	528.08	2025-11-08 17:46:51.292
3952	1	37	67	7.000	68.01	476.09	2025-11-08 17:46:51.301
3951	1	37	81	1.000	72.01	72.01	2025-11-08 17:46:51.388
3941	1	37	85	11.000	73.21	805.34	2025-11-08 17:46:51.391
3926	1	37	89	7.000	108.01	756.09	2025-11-08 17:46:51.394
3929	1	37	91	7.000	53.01	371.09	2025-11-08 17:46:51.397
3944	1	37	113	10.000	68.01	680.13	2025-11-08 17:46:51.495
3950	1	37	118	6.000	68.01	408.08	2025-11-08 17:46:51.501
3949	1	37	122	7.000	68.01	476.09	2025-11-08 17:46:51.504
3945	1	37	123	3.000	58.01	174.04	2025-11-08 17:46:51.585
3933	1	37	1547	4.000	78.01	312.05	2025-11-08 17:46:51.598
3935	1	37	142	6.000	82.81	496.88	2025-11-08 17:46:51.604
3936	1	37	148	1.000	68.01	68.01	2025-11-08 17:46:51.608
3938	1	37	150	4.000	68.01	272.05	2025-11-08 17:46:51.611
3956	1	37	50	6.000	53.01	318.08	2025-11-08 17:46:51.684
3954	1	37	115	2.000	46.01	92.03	2025-11-08 17:46:51.696
3957	1	37	143	2.000	53.01	106.03	2025-11-08 17:46:51.79
7531	1	57	363	4.000	60.37	241.49	2025-11-10 08:14:39.582
3968	1	37	121	10.000	279.33	2793.27	2025-11-08 12:55:42.886
3970	1	37	82	3.000	269.38	808.14	2025-11-08 12:55:42.902
3971	1	37	119	11.000	279.25	3071.72	2025-11-08 12:55:42.981
3972	1	37	99	131.000	192.20	25178.62	2025-11-08 12:55:42.988
7532	1	57	369	10.000	43.09	430.85	2025-11-10 08:14:39.591
3974	1	38	154	1.000	69.46	69.46	2025-11-08 12:55:56.735
3975	1	38	155	350.000	13.54	4739.00	2025-11-08 12:55:56.741
3976	1	38	79	1.000	65.83	65.83	2025-11-08 12:55:56.747
7533	1	57	352	17.000	81.50	1385.55	2025-11-10 08:14:39.6
3978	1	38	113	6.000	69.18	415.08	2025-11-08 12:55:56.791
3979	1	38	156	1.000	84.41	84.41	2025-11-08 12:55:56.797
3980	1	38	175	14.000	95.78	1340.94	2025-11-08 12:55:56.803
3981	1	38	185	11.000	80.80	888.85	2025-11-08 12:55:56.884
3982	1	38	166	1.000	115.74	115.74	2025-11-08 12:55:56.89
3983	1	38	184	8.000	105.84	846.72	2025-11-08 12:55:56.896
3984	1	38	158	22.000	65.85	1448.60	2025-11-08 12:55:56.901
3985	1	38	167	2.000	79.38	158.76	2025-11-08 12:55:56.906
3986	1	38	171	17.000	50.80	863.66	2025-11-08 12:55:56.983
3987	1	38	160	27.000	98.80	2667.55	2025-11-08 12:55:56.989
3988	1	38	163	1.000	230.62	230.62	2025-11-08 12:55:56.995
3989	1	38	169	3.000	105.83	317.50	2025-11-08 12:55:57.081
3990	1	38	165	2.000	130.79	261.58	2025-11-08 12:55:57.087
3991	1	38	174	1.000	160.87	160.87	2025-11-08 12:55:57.093
3992	1	38	162	1.000	170.78	170.78	2025-11-08 12:55:57.099
7534	1	57	343	5.000	74.19	370.97	2025-11-10 08:14:39.608
3994	1	38	182	8.000	126.62	1012.92	2025-11-08 12:55:57.11
3995	1	38	172	31.000	105.69	3276.40	2025-11-08 12:55:57.184
3996	1	38	159	7.000	65.61	459.24	2025-11-08 12:55:57.191
3997	1	38	170	5.000	70.94	354.71	2025-11-08 12:55:57.197
3998	1	38	176	2.000	55.94	111.87	2025-11-08 12:55:57.203
3999	1	38	181	2.000	65.81	131.62	2025-11-08 12:55:57.284
4000	1	38	168	48.000	70.85	3400.86	2025-11-08 12:55:57.291
4001	1	38	164	5.000	75.84	379.20	2025-11-08 12:55:57.296
4002	1	38	161	1.000	79.86	79.86	2025-11-08 12:55:57.302
4003	1	38	157	140.000	50.80	7112.64	2025-11-08 12:55:57.382
4004	1	38	177	1.000	205.79	205.79	2025-11-08 12:55:57.388
4005	1	38	178	1.000	205.75	205.75	2025-11-08 12:55:57.395
4006	1	38	179	1.000	210.89	210.89	2025-11-08 12:55:57.403
4007	1	38	173	3.000	243.25	729.75	2025-11-08 12:55:57.486
4008	1	38	180	1.000	280.62	280.62	2025-11-08 12:55:57.492
7535	1	57	344	10.000	74.42	744.22	2025-11-10 08:14:39.687
7536	1	57	346	1.000	84.84	84.84	2025-11-10 08:14:39.885
4011	1	38	204	68.000	65.59	4459.97	2025-11-08 12:55:57.602
4012	1	38	212	12.000	51.73	620.76	2025-11-08 12:55:57.609
7537	1	57	375	11.000	56.97	626.62	2025-11-10 08:14:39.99
4014	1	38	193	10.000	47.03	470.26	2025-11-08 12:55:57.696
4015	1	38	228	1.000	111.89	111.89	2025-11-08 12:55:57.703
4016	1	38	197	3.000	72.30	216.89	2025-11-08 12:55:57.713
4018	1	38	187	46.000	50.86	2339.36	2025-11-08 12:55:57.788
4019	1	38	191	23.000	116.21	2672.79	2025-11-08 12:55:57.794
4021	1	38	189	1.000	81.77	81.77	2025-11-08 12:55:57.883
4022	1	38	235	29.000	101.52	2944.12	2025-11-08 12:55:57.89
7539	1	57	347	10.000	0.10	1.00	2025-11-10 08:14:40.185
7540	1	57	349	15.000	51.65	774.70	2025-11-10 08:14:40.287
4025	1	38	190	22.000	71.19	1566.24	2025-11-08 12:55:57.981
4026	1	38	203	2.000	233.07	466.13	2025-11-08 12:55:57.988
7541	1	57	350	13.000	62.15	807.98	2025-11-10 08:14:40.782
4028	1	38	216	6.000	143.68	862.06	2025-11-08 12:55:58
4029	1	38	195	45.000	256.96	11563.31	2025-11-08 12:55:58.006
4030	1	38	230	1.000	296.24	296.24	2025-11-08 12:55:58.083
4031	1	38	225	2.000	333.00	665.99	2025-11-08 12:55:58.09
4032	1	38	194	20.000	258.72	5174.35	2025-11-08 12:55:58.096
4033	1	38	226	9.000	353.10	3177.93	2025-11-08 12:55:58.103
4034	1	38	207	5.000	182.99	914.97	2025-11-08 12:55:58.182
4035	1	38	215	4.000	153.24	612.94	2025-11-08 12:55:58.189
4036	1	38	221	1.000	182.70	182.70	2025-11-08 12:55:58.196
4037	1	38	213	1.000	183.60	183.60	2025-11-08 12:55:58.282
4038	1	38	219	6.000	258.07	1548.40	2025-11-08 12:55:58.29
4039	1	38	218	1.000	178.98	178.98	2025-11-08 12:55:58.297
4040	1	38	224	6.000	333.10	1998.62	2025-11-08 12:55:58.306
7542	1	57	361	4.000	49.87	199.49	2025-11-10 08:14:40.888
4042	1	38	211	3.000	57.19	171.56	2025-11-08 12:55:58.391
4043	1	38	222	1.000	92.61	92.61	2025-11-08 12:55:58.398
4044	1	38	232	2.000	81.92	163.83	2025-11-08 12:55:58.404
7543	1	57	360	18.000	48.20	867.51	2025-11-10 08:14:40.987
4046	1	38	199	7.000	71.81	502.69	2025-11-08 12:55:58.489
4047	1	38	214	1.000	46.63	46.63	2025-11-08 12:55:58.496
4048	1	38	233	1.000	61.42	61.42	2025-11-08 12:55:58.504
4049	1	38	200	6.000	152.37	914.23	2025-11-08 12:55:58.511
4050	1	38	202	1.000	129.93	129.93	2025-11-08 12:55:58.588
4051	1	38	201	25.000	72.39	1809.67	2025-11-08 12:55:58.595
4052	1	38	217	1.000	47.08	47.08	2025-11-08 12:55:58.602
4053	1	38	210	1.000	202.42	202.42	2025-11-08 12:55:58.61
4054	1	38	759	3.000	181.68	545.05	2025-11-08 12:55:58.683
21534	1	139	1489	0.000	176.66	0.00	2026-01-12 16:12:43.688
4056	1	38	277	9.000	78.51	706.59	2025-11-08 12:55:58.698
4057	1	38	240	7.000	89.05	623.38	2025-11-08 12:55:58.705
4058	1	38	276	4.000	88.60	354.39	2025-11-08 12:55:58.787
4059	1	38	239	1.000	65.49	65.49	2025-11-08 12:55:58.793
4060	1	38	241	11.000	54.03	594.36	2025-11-08 12:55:58.799
4061	1	38	249	6.000	86.37	518.21	2025-11-08 12:55:58.805
4062	1	38	263	2.000	98.50	196.99	2025-11-08 12:55:58.883
4063	1	38	268	9.000	69.35	624.19	2025-11-08 12:55:58.89
4064	1	38	261	2.000	58.61	117.21	2025-11-08 12:55:58.897
7545	1	57	365	6.000	56.87	341.23	2025-11-10 08:14:41.287
4066	1	38	265	21.000	48.37	1015.87	2025-11-08 12:55:58.996
4067	1	38	247	26.000	43.84	1139.77	2025-11-08 12:55:59.006
4068	1	38	248	5.000	43.51	217.55	2025-11-08 12:55:59.021
4069	1	38	257	1.000	178.55	178.55	2025-11-08 12:55:59.083
4070	1	38	271	1.000	128.56	128.56	2025-11-08 12:55:59.09
4071	1	38	272	6.000	49.09	294.56	2025-11-08 12:55:59.096
4072	1	38	275	6.000	39.09	234.56	2025-11-08 12:55:59.103
4020	1	38	192	5.000	165.79	828.97	2025-11-08 12:55:57.801
7538	1	57	345	10.000	85.06	850.60	2025-11-15 10:00:10.011
3969	1	37	131	1.000	203.01	203.01	2025-11-08 17:46:50.272
3967	1	37	145	1.000	240.51	240.51	2025-11-08 17:46:50.276
4073	1	38	238	4.000	108.52	434.06	2025-11-08 12:55:59.11
4074	1	38	242	1.000	78.20	78.20	2025-11-08 12:55:59.188
4075	1	38	266	7.000	39.14	273.99	2025-11-08 12:55:59.195
4076	1	38	2261	4.000	48.60	194.38	2025-11-08 12:55:59.205
4077	1	38	273	6.000	49.19	295.11	2025-11-08 12:55:59.287
4078	1	38	278	21.000	88.62	1860.98	2025-11-08 12:55:59.295
4079	1	38	245	22.000	64.18	1412.02	2025-11-08 12:55:59.302
4080	1	38	267	2.000	228.58	457.16	2025-11-08 12:55:59.308
4081	1	38	258	3.000	368.91	1106.72	2025-11-08 12:55:59.386
4082	1	38	260	80.000	68.60	5487.64	2025-11-08 12:55:59.393
4083	1	38	236	1.000	138.69	138.69	2025-11-08 12:55:59.4
7546	1	57	364	6.000	62.12	372.73	2025-11-10 08:14:41.385
4085	1	38	254	12.000	58.78	705.38	2025-11-08 12:55:59.491
4086	1	38	255	6.000	88.42	530.52	2025-11-08 12:55:59.498
4087	1	38	264	16.000	58.59	937.49	2025-11-08 12:55:59.506
21535	1	139	1490	0.000	66.66	0.00	2026-01-12 16:12:43.692
4089	1	38	243	2.000	82.81	165.62	2025-11-08 12:55:59.594
4090	1	38	246	2.000	242.15	484.30	2025-11-08 12:55:59.602
4091	1	38	253	2.000	98.79	197.57	2025-11-08 12:55:59.608
4092	1	38	259	7.000	67.91	475.37	2025-11-08 12:55:59.685
4093	1	38	262	1.000	48.79	48.79	2025-11-08 12:55:59.692
4094	1	38	281	6.000	67.37	404.23	2025-11-08 12:55:59.699
4095	1	38	280	9.000	91.40	822.63	2025-11-08 12:55:59.782
4096	1	38	282	7.000	103.44	724.08	2025-11-08 12:55:59.789
4097	1	38	279	4.000	144.22	576.86	2025-11-08 12:55:59.795
4098	1	38	284	1.000	139.26	139.26	2025-11-08 12:55:59.802
4099	1	38	283	4.000	59.22	236.86	2025-11-08 12:55:59.882
4100	1	38	285	7.000	140.50	983.49	2025-11-08 12:55:59.89
4101	1	38	286	1.000	74.49	74.49	2025-11-08 12:55:59.898
4102	1	38	287	4.000	78.90	315.59	2025-11-08 12:55:59.983
4103	1	38	288	2.000	127.12	254.24	2025-11-08 12:55:59.99
4104	1	38	289	4.000	75.07	300.29	2025-11-08 12:55:59.997
4105	1	38	312	1.000	56.66	56.66	2025-11-08 12:56:00.004
4106	1	38	321	1.000	74.39	74.39	2025-11-08 12:56:00.082
4108	1	38	328	30.000	103.82	3114.70	2025-11-08 12:56:00.188
7548	1	57	377	8.000	49.88	399.06	2025-11-10 08:14:41.402
4110	1	38	309	10.000	108.58	1085.76	2025-11-08 12:56:00.207
7549	1	57	373	51.000	74.21	3784.78	2025-11-10 08:14:41.484
7550	1	57	673	5.000	118.73	593.64	2025-11-10 08:14:41.493
7551	1	57	379	6.000	145.96	875.75	2025-11-10 08:14:41.502
4114	1	38	292	3.000	92.75	278.24	2025-11-08 12:56:00.39
4115	1	38	332	13.000	132.76	1725.88	2025-11-08 12:56:00.486
4116	1	38	315	1.000	161.95	161.95	2025-11-08 12:56:00.588
7552	1	57	380	1.000	284.96	284.96	2025-11-10 08:14:41.51
4118	1	38	301	8.000	133.13	1065.06	2025-11-08 12:56:00.794
7553	1	57	381	12.000	154.96	1859.52	2025-11-10 08:14:41.593
10692	1	77	633	20.000	277.88	5557.60	2025-11-20 10:46:52.088
7555	1	57	191	43.000	115.76	4977.68	2025-11-10 08:14:41.687
4122	1	38	304	5.000	132.69	663.47	2025-11-08 12:56:00.995
7556	1	57	206	99.000	96.97	9600.03	2025-11-10 08:14:41.702
7557	1	57	205	202.000	66.28	13388.56	2025-11-10 08:14:41.716
4125	1	38	1971	2.000	232.43	464.85	2025-11-08 12:56:01.097
7559	1	57	397	53.000	96.63	5121.64	2025-11-10 08:14:41.8
4128	1	38	1993	3.000	176.67	530.00	2025-11-08 12:56:01.199
7560	1	57	403	13.000	101.11	1314.44	2025-11-10 08:14:41.882
4131	1	38	317	17.000	71.82	1220.86	2025-11-08 12:56:01.382
7562	1	57	394	55.000	90.78	4992.86	2025-11-10 08:14:41.899
7563	1	57	382	15.000	112.36	1685.34	2025-11-10 08:14:41.909
4134	1	38	1978	4.000	52.67	210.66	2025-11-08 12:56:01.492
4135	1	38	305	20.000	62.82	1256.33	2025-11-08 12:56:01.502
4136	1	38	316	83.000	53.35	4427.69	2025-11-08 12:56:01.59
7564	1	57	383	2.000	119.90	239.79	2025-11-10 08:14:41.982
4138	1	38	688	21.000	49.98	1049.50	2025-11-08 12:56:01.607
4139	1	38	291	62.000	42.70	2647.41	2025-11-08 12:56:01.683
7566	1	57	385	78.000	110.88	8648.86	2025-11-10 08:14:42
7567	1	57	386	4.000	192.43	769.70	2025-11-10 08:14:42.009
7568	1	57	387	3.000	101.12	303.35	2025-11-10 08:14:42.084
7569	1	57	388	55.000	61.52	3383.41	2025-11-10 08:14:42.094
7570	1	57	390	24.000	81.13	1947.06	2025-11-10 08:14:42.103
4146	1	38	293	4.000	72.43	289.73	2025-11-08 12:56:01.895
4147	1	38	333	8.000	83.27	666.15	2025-11-08 12:56:01.903
4148	1	38	294	13.000	64.31	835.98	2025-11-08 12:56:01.985
7572	1	57	396	39.000	61.22	2387.42	2025-11-10 08:14:42.193
4151	1	38	307	14.000	56.34	788.80	2025-11-08 12:56:02.085
7573	1	57	398	5.000	120.62	603.11	2025-11-10 08:14:42.202
10693	1	77	562	45.000	227.88	10254.60	2025-11-20 10:46:52.097
7575	1	57	402	13.000	50.67	658.75	2025-11-10 08:14:42.292
7576	1	57	406	28.000	81.71	2287.85	2025-11-10 08:14:42.303
4156	1	38	326	24.000	48.03	1152.75	2025-11-08 12:56:02.201
10694	1	77	552	100.000	177.88	17788.00	2025-11-20 10:46:52.106
4158	1	38	331	10.000	83.73	837.30	2025-11-08 12:56:02.296
4159	1	38	319	31.000	112.56	3489.38	2025-11-08 12:56:02.306
4161	1	38	336	14.000	77.07	1078.91	2025-11-08 12:56:02.391
4107	1	38	302	36.000	68.69	2472.93	2025-11-08 12:56:02.401
7580	1	57	413	9.000	81.50	733.50	2025-11-10 08:14:42.41
7581	1	57	414	14.000	53.50	749.01	2025-11-10 08:14:42.485
7582	1	57	415	26.000	131.71	3424.54	2025-11-10 08:14:42.494
7584	1	57	391	2.000	88.34	176.68	2025-11-10 08:14:42.511
7585	1	57	392	1.000	0.10	0.10	2025-11-10 08:14:42.591
4169	1	38	696	6.000	72.78	436.69	2025-11-08 12:56:02.688
7586	1	57	411	1.000	0.10	0.10	2025-11-10 08:14:42.6
4172	1	38	299	12.000	132.95	1595.40	2025-11-08 12:56:02.788
4174	1	38	330	28.000	132.34	3705.64	2025-11-08 12:56:02.81
4175	1	38	1981	4.000	94.42	377.67	2025-11-08 12:56:02.886
10695	1	77	569	70.000	227.88	15951.60	2025-11-20 10:46:52.183
7590	1	57	416	6.000	75.36	452.13	2025-11-10 08:14:42.714
7591	1	57	244	243.000	43.63	10602.09	2025-11-10 08:14:42.788
4179	1	38	325	7.000	91.55	640.88	2025-11-08 12:56:03.002
7565	1	57	384	14.000	181.81	2727.15	2025-11-10 08:14:41.992
7571	1	57	395	17.000	77.66	1397.89	2025-11-10 08:14:42.112
7578	1	57	410	4.000	92.33	553.95	2025-11-10 08:14:42.391
7587	1	57	400	23.000	81.61	1958.56	2025-11-10 08:14:42.609
7583	1	57	417	0.000	82.35	0.00	2025-11-13 11:22:54.595
7558	1	57	404	140.000	91.66	13106.82	2025-11-10 08:14:41.79
7561	1	57	393	11.000	151.67	1668.37	2025-11-15 10:02:24.384
7588	1	57	408	38.000	156.10	5931.80	2025-11-15 10:02:24.391
7579	1	57	412	0.000	111.69	0.00	2025-11-15 10:02:24.398
4180	1	38	323	4.000	92.89	371.56	2025-11-08 12:56:03.086
10696	1	77	529	29.000	252.88	7333.52	2025-11-20 10:46:52.193
10697	1	77	578	77.000	227.88	17546.76	2025-11-20 10:46:52.202
10698	1	77	588	15.000	277.88	4168.20	2025-11-20 10:46:52.282
7595	1	57	421	3.000	68.69	206.08	2025-11-10 08:14:42.987
4185	1	38	334	3.000	74.46	223.38	2025-11-08 12:56:03.281
4186	1	38	306	4.000	71.60	286.38	2025-11-08 12:56:03.29
4187	1	38	324	1.000	88.41	88.41	2025-11-08 12:56:03.299
4188	1	38	335	1.000	68.41	68.41	2025-11-08 12:56:03.39
4190	1	39	93	21.000	154.39	3242.09	2025-11-08 12:57:54.687
4191	1	39	79	7.000	68.44	479.05	2025-11-08 12:57:54.783
4192	1	39	140	2.000	137.32	274.63	2025-11-08 12:57:54.79
4193	1	39	65	6.000	77.58	465.48	2025-11-08 12:57:54.883
4194	1	39	74	10.000	82.38	823.75	2025-11-08 12:57:54.89
4195	1	39	126	1.000	137.71	137.71	2025-11-08 12:57:54.896
4196	1	39	66	6.000	82.71	496.27	2025-11-08 12:57:54.903
4197	1	39	76	4.000	92.37	369.46	2025-11-08 12:57:54.987
4198	1	39	149	4.000	82.37	329.46	2025-11-08 12:57:54.994
4199	1	39	106	4.000	94.87	379.46	2025-11-08 12:57:55.001
4200	1	39	152	1.000	89.01	89.01	2025-11-08 12:57:55.009
4201	1	39	137	1.000	112.76	112.76	2025-11-08 12:57:55.085
4202	1	39	151	12.000	92.38	1108.56	2025-11-08 12:57:55.184
4203	1	39	60	3.000	112.53	337.59	2025-11-08 12:57:55.191
4204	1	39	139	5.000	122.31	611.54	2025-11-08 12:57:55.197
4205	1	39	89	11.000	112.33	1235.62	2025-11-08 12:57:55.203
4206	1	39	94	19.000	100.38	1907.22	2025-11-08 12:57:55.286
4208	1	39	148	2.000	72.32	144.63	2025-11-08 12:57:55.298
4209	1	39	71	100.000	47.39	4738.50	2025-11-08 12:57:55.304
4210	1	39	85	22.000	77.49	1704.72	2025-11-08 12:57:55.31
4211	1	39	103	16.000	62.25	996.04	2025-11-08 12:57:55.388
4212	1	39	113	20.000	72.39	1447.70	2025-11-08 12:57:55.394
4213	1	39	123	10.000	62.27	622.66	2025-11-08 12:57:55.401
4214	1	39	127	29.000	79.55	2306.87	2025-11-08 12:57:55.486
4215	1	39	58	20.000	82.38	1647.60	2025-11-08 12:57:55.492
4216	1	39	122	11.000	72.53	797.78	2025-11-08 12:57:55.499
4217	1	39	118	12.000	72.38	868.56	2025-11-08 12:57:55.506
4218	1	39	67	15.000	72.35	1085.26	2025-11-08 12:57:55.583
4219	1	39	115	4.000	50.37	201.46	2025-11-08 12:57:55.59
4220	1	39	338	3.000	50.53	151.59	2025-11-08 12:57:55.597
4221	1	39	50	8.000	57.12	456.94	2025-11-08 12:57:55.604
4222	1	39	143	5.000	57.27	286.33	2025-11-08 12:57:55.683
4225	1	39	63	154.000	47.38	7297.04	2025-11-08 12:57:55.783
4226	1	39	95	4.000	372.37	1489.46	2025-11-08 12:57:55.789
4227	1	39	104	6.000	169.88	1019.28	2025-11-08 12:57:55.795
4228	1	39	145	2.000	244.82	489.63	2025-11-08 12:57:55.803
4229	1	39	99	5.000	194.98	974.91	2025-11-08 12:57:55.883
4230	1	39	339	10.000	80.26	802.61	2025-11-08 12:57:55.89
4231	1	39	357	16.000	165.24	2643.90	2025-11-08 12:57:55.896
4232	1	39	358	2.000	133.91	267.81	2025-11-08 12:57:55.903
4233	1	39	359	23.000	95.46	2195.58	2025-11-08 12:57:55.981
4234	1	39	354	8.000	67.39	539.09	2025-11-08 12:57:55.988
4235	1	39	342	4.000	74.47	297.86	2025-11-08 12:57:55.995
4236	1	39	355	10.000	105.87	1058.72	2025-11-08 12:57:56.002
4237	1	39	362	5.000	77.97	389.86	2025-11-08 12:57:56.008
4238	1	39	371	34.000	98.89	3362.23	2025-11-08 12:57:56.085
4239	1	39	366	24.000	102.23	2453.51	2025-11-08 12:57:56.093
4240	1	39	340	3.000	109.37	328.12	2025-11-08 12:57:56.099
4241	1	39	348	3.000	102.40	307.21	2025-11-08 12:57:56.182
4242	1	39	374	2.000	156.59	313.17	2025-11-08 12:57:56.189
4243	1	39	363	4.000	60.37	241.49	2025-11-08 12:57:56.196
4244	1	39	368	8.000	67.37	538.98	2025-11-08 12:57:56.203
4245	1	39	369	10.000	43.09	430.85	2025-11-08 12:57:56.21
4246	1	39	372	103.000	58.82	6058.02	2025-11-08 12:57:56.287
4247	1	39	356	16.000	46.84	749.39	2025-11-08 12:57:56.294
4248	1	39	352	17.000	81.50	1385.55	2025-11-08 12:57:56.301
4249	1	39	343	10.000	74.19	741.93	2025-11-08 12:57:56.309
4250	1	39	344	10.000	74.42	744.22	2025-11-08 12:57:56.383
4251	1	39	346	1.000	84.84	84.84	2025-11-08 12:57:56.391
4252	1	39	375	11.000	56.97	626.62	2025-11-08 12:57:56.398
4253	1	39	345	14.000	85.06	1190.80	2025-11-08 12:57:56.405
4254	1	39	347	10.000	0.10	0.10	2025-11-08 12:57:56.482
4255	1	39	349	15.000	51.65	774.70	2025-11-08 12:57:56.489
4256	1	39	350	15.000	62.15	932.28	2025-11-08 12:57:56.496
4257	1	39	361	4.000	49.87	199.49	2025-11-08 12:57:56.504
4258	1	39	360	18.000	48.20	867.51	2025-11-08 12:57:56.585
4259	1	39	370	20.000	60.40	1207.90	2025-11-08 12:57:56.592
4260	1	39	365	6.000	56.87	341.23	2025-11-08 12:57:56.599
4261	1	39	364	6.000	62.12	372.73	2025-11-08 12:57:56.605
4262	1	39	376	7.000	74.54	521.76	2025-11-08 12:57:56.685
4263	1	39	351	5.000	56.94	284.72	2025-11-08 12:57:56.692
4264	1	39	378	41.000	44.42	1821.05	2025-11-08 12:57:56.7
4265	1	39	377	8.000	49.88	399.06	2025-11-08 12:57:56.784
4266	1	39	373	51.000	74.21	3784.78	2025-11-08 12:57:56.793
4267	1	39	341	22.000	98.90	2175.84	2025-11-08 12:57:56.8
4268	1	39	673	5.000	118.73	593.64	2025-11-08 12:57:56.881
4269	1	39	367	4.000	57.59	230.35	2025-11-08 12:57:56.894
4270	1	39	379	6.000	145.96	875.75	2025-11-08 12:57:56.904
4271	1	39	380	1.000	284.96	284.96	2025-11-08 12:57:56.913
4272	1	39	381	12.000	154.96	1859.52	2025-11-08 12:57:56.986
4273	1	39	209	155.000	49.89	7732.88	2025-11-08 12:57:56.993
4274	1	39	191	43.000	115.76	4977.68	2025-11-08 12:57:57.086
4275	1	39	206	99.000	96.97	9600.03	2025-11-08 12:57:57.093
4276	1	39	205	202.000	66.28	13388.56	2025-11-08 12:57:57.1
4277	1	39	404	159.000	91.66	14573.31	2025-11-08 12:57:57.107
4278	1	39	397	57.000	96.63	5508.18	2025-11-08 12:57:57.185
4279	1	39	403	13.000	101.11	1314.44	2025-11-08 12:57:57.193
4280	1	39	393	17.000	151.67	2578.31	2025-11-08 12:57:57.2
4281	1	39	394	55.000	90.78	4992.86	2025-11-08 12:57:57.21
4282	1	39	382	15.000	112.36	1685.34	2025-11-08 12:57:57.291
4283	1	39	383	2.000	119.90	239.79	2025-11-08 12:57:57.3
4284	1	39	384	15.000	181.81	2727.15	2025-11-08 12:57:57.308
4285	1	39	385	78.000	110.88	8648.86	2025-11-08 12:57:57.389
4286	1	39	386	4.000	192.43	769.70	2025-11-08 12:57:57.4
4207	1	39	114	10.000	126.30	1263.00	2025-11-08 12:57:55.292
4224	1	39	125	23.000	59.69	1372.96	2025-11-08 12:57:55.698
4223	1	39	128	68.000	58.03	3946.18	2025-11-08 12:57:55.691
4189	1	39	337	544.000	49.21	26769.62	2025-11-08 12:57:54.491
4287	1	39	387	3.000	101.12	303.35	2025-11-08 12:57:57.409
4288	1	39	388	55.000	61.52	3383.41	2025-11-08 12:57:57.486
4289	1	39	390	24.000	81.13	1947.06	2025-11-08 12:57:57.495
4290	1	39	395	28.000	77.66	2174.50	2025-11-08 12:57:57.503
4291	1	39	396	39.000	61.22	2387.42	2025-11-08 12:57:57.587
4292	1	39	398	5.000	120.62	603.11	2025-11-08 12:57:57.685
4293	1	39	401	129.000	112.37	14495.09	2025-11-08 12:57:57.693
4294	1	39	402	13.000	50.67	658.75	2025-11-08 12:57:57.701
4295	1	39	406	28.000	81.71	2287.85	2025-11-08 12:57:57.785
4296	1	39	409	15.000	92.32	1384.86	2025-11-08 12:57:57.794
4297	1	39	410	6.000	92.33	553.95	2025-11-08 12:57:57.801
4298	1	39	412	4.000	111.69	446.77	2025-11-08 12:57:57.883
4299	1	39	413	9.000	81.50	733.50	2025-11-08 12:57:57.892
4300	1	39	414	14.000	53.50	749.01	2025-11-08 12:57:57.902
4301	1	39	415	26.000	131.71	3424.54	2025-11-08 12:57:57.987
4302	1	39	417	60.000	82.35	4941.25	2025-11-08 12:57:57.996
4303	1	39	391	2.000	88.34	176.68	2025-11-08 12:57:58.008
4304	1	39	392	1.000	0.10	0.10	2025-11-08 12:57:58.094
4305	1	39	411	1.000	0.10	0.10	2025-11-08 12:57:58.104
4306	1	39	400	32.000	81.61	2611.42	2025-11-08 12:57:58.121
4307	1	39	408	50.000	156.10	7804.76	2025-11-08 12:57:58.193
10699	1	77	93	250.000	151.62	37905.00	2025-11-20 10:46:52.292
4309	1	39	416	6.000	75.36	452.13	2025-11-08 12:57:58.281
4310	1	39	244	243.000	43.63	10602.09	2025-11-08 12:57:58.29
4311	1	39	418	25.000	44.45	1111.27	2025-11-08 12:57:58.298
4312	1	39	419	36.000	54.10	1947.62	2025-11-08 12:57:58.306
4313	1	39	420	22.000	89.46	1968.09	2025-11-08 12:57:58.386
10700	1	77	104	90.000	167.93	15113.70	2025-11-20 10:46:52.301
4315	1	39	422	9.000	48.60	437.40	2025-11-08 12:57:58.403
4316	1	39	423	12.000	68.79	825.45	2025-11-08 12:57:58.489
4317	1	39	288	3.000	128.55	385.64	2025-11-08 12:57:58.496
4318	1	39	424	2.000	179.55	359.10	2025-11-08 12:57:58.503
4319	1	39	425	12.000	53.45	641.45	2025-11-08 12:57:58.581
4320	1	39	426	12.000	88.91	1066.88	2025-11-08 12:57:58.59
4321	1	39	427	3.000	76.96	230.88	2025-11-08 12:57:58.599
4322	1	39	431	4.000	56.30	225.19	2025-11-08 12:57:58.683
4323	1	39	432	2.000	85.37	170.73	2025-11-08 12:57:58.692
4325	1	39	434	1.000	83.41	83.41	2025-11-08 12:57:58.787
4326	1	39	435	4.000	57.57	230.26	2025-11-08 12:57:58.795
4327	1	39	436	22.000	63.38	1394.44	2025-11-08 12:57:58.805
4328	1	39	438	10.000	48.33	483.32	2025-11-08 12:57:58.884
4329	1	39	439	1.000	56.90	56.90	2025-11-08 12:57:58.892
4330	1	39	441	39.000	63.51	2477.00	2025-11-08 12:57:58.902
4331	1	39	444	1.000	119.67	119.67	2025-11-08 12:57:58.986
4332	1	39	446	1.000	241.69	241.69	2025-11-08 12:57:58.996
4333	1	39	447	3.000	54.55	163.65	2025-11-08 12:57:59.005
4334	1	39	448	12.000	49.55	594.54	2025-11-08 12:57:59.086
4335	1	39	449	6.000	69.73	418.38	2025-11-08 12:57:59.095
4336	1	39	450	28.000	148.82	4167.02	2025-11-08 12:57:59.182
4337	1	39	452	2.000	104.55	209.10	2025-11-08 12:57:59.192
4338	1	39	454	9.000	74.13	667.15	2025-11-08 12:57:59.201
4339	1	39	455	35.000	83.36	2917.53	2025-11-08 12:57:59.287
4340	1	39	457	3.000	76.96	230.88	2025-11-08 12:57:59.296
4341	1	39	458	1.000	148.70	148.70	2025-11-08 12:57:59.304
4342	1	39	289	6.000	76.99	461.94	2025-11-08 12:57:59.383
4343	1	39	460	6.000	56.99	341.94	2025-11-08 12:57:59.395
4344	1	39	461	17.000	78.96	1342.37	2025-11-08 12:57:59.406
4345	1	39	456	4.000	44.55	178.18	2025-11-08 12:57:59.481
4346	1	39	445	1.000	47.93	47.93	2025-11-08 12:57:59.49
4347	1	39	443	1.000	79.19	79.19	2025-11-08 12:57:59.498
4348	1	39	442	30.000	44.57	1337.10	2025-11-08 12:57:59.507
4349	1	39	440	4.000	242.05	968.20	2025-11-08 12:57:59.584
4350	1	39	437	6.000	49.18	295.08	2025-11-08 12:57:59.593
4351	1	39	430	3.000	47.93	143.79	2025-11-08 12:57:59.686
4352	1	39	429	1.000	85.43	85.43	2025-11-08 12:57:59.695
4353	1	39	428	1.000	141.69	141.69	2025-11-08 12:57:59.704
4354	1	39	451	1.000	109.91	109.91	2025-11-08 12:57:59.787
4355	1	39	453	9.000	89.50	805.50	2025-11-08 12:57:59.797
4356	1	39	459	1.000	0.10	0.10	2025-11-08 12:57:59.807
4357	1	39	462	33.000	44.78	1477.67	2025-11-08 12:57:59.888
4358	1	39	463	4.000	90.11	360.42	2025-11-08 12:57:59.898
4359	1	39	464	9.000	109.29	983.58	2025-11-08 12:57:59.907
7599	1	57	424	2.000	179.55	359.10	2025-11-10 08:14:43.093
4361	1	39	470	4.000	104.42	417.66	2025-11-08 12:57:59.994
4362	1	39	466	6.000	248.91	1493.46	2025-11-08 12:58:00.005
4363	1	39	467	5.000	55.24	276.18	2025-11-08 12:58:00.084
4364	1	39	468	22.000	169.66	3732.53	2025-11-08 12:58:00.094
4365	1	39	469	2.000	55.12	110.24	2025-11-08 12:58:00.102
4366	1	39	471	35.000	278.82	9758.83	2025-11-08 12:58:00.109
4367	1	39	472	1.000	429.18	429.18	2025-11-08 12:58:00.186
4368	1	39	475	4.000	154.55	618.21	2025-11-08 12:58:00.195
4369	1	39	477	90.000	44.42	3997.68	2025-11-08 12:58:00.203
4370	1	39	478	6.000	59.76	358.54	2025-11-08 12:58:00.287
4371	1	39	481	99.000	54.20	5366.06	2025-11-08 12:58:00.295
4372	1	39	484	10.000	49.20	491.99	2025-11-08 12:58:00.303
4373	1	39	485	4.000	69.36	277.44	2025-11-08 12:58:00.383
4374	1	39	487	12.000	254.18	3050.18	2025-11-08 12:58:00.393
4375	1	39	488	11.000	389.20	4281.17	2025-11-08 12:58:00.582
4376	1	39	489	3.000	150.10	450.29	2025-11-08 12:58:00.684
4377	1	39	491	1.000	119.64	119.64	2025-11-08 12:58:00.885
4378	1	39	492	3.000	59.96	179.87	2025-11-08 12:58:00.895
4379	1	39	495	2.000	228.86	457.72	2025-11-08 12:58:00.99
4380	1	39	496	3.000	59.00	177.01	2025-11-08 12:58:01.001
4381	1	39	497	12.000	179.09	2149.11	2025-11-08 12:58:01.087
4382	1	39	498	15.000	253.78	3806.64	2025-11-08 12:58:01.097
4383	1	39	500	7.000	253.82	1776.72	2025-11-08 12:58:01.109
4384	1	39	501	1.000	229.29	229.29	2025-11-08 12:58:01.183
4385	1	39	506	11.000	49.42	543.65	2025-11-08 12:58:01.193
4386	1	39	507	5.000	69.14	345.72	2025-11-08 12:58:01.203
4387	1	39	474	1.000	89.32	89.32	2025-11-08 12:58:01.291
4388	1	39	482	5.000	279.21	1396.03	2025-11-08 12:58:01.3
4389	1	39	493	3.000	44.21	132.63	2025-11-08 12:58:01.309
4390	1	39	508	3.000	89.52	268.55	2025-11-08 12:58:01.387
4391	1	39	503	8.000	60.27	482.15	2025-11-08 12:58:01.398
4392	1	39	490	10.000	129.86	1298.59	2025-11-08 12:58:01.408
4393	1	39	473	25.000	280.31	7007.86	2025-11-08 12:58:01.488
7598	1	57	288	2.000	128.55	385.64	2025-11-10 08:14:43.083
4394	1	39	476	13.000	140.21	1822.74	2025-11-08 12:58:01.501
4395	1	39	1988	2.000	49.79	99.58	2025-11-08 12:58:01.586
4396	1	39	480	1.000	0.10	0.10	2025-11-08 12:58:01.595
4397	1	39	483	6.000	190.40	1142.42	2025-11-08 12:58:01.605
4398	1	39	494	7.000	39.41	275.84	2025-11-08 12:58:01.686
5185	1	46	393	16.000	151.51	2424.23	2025-11-08 13:02:07.19
5186	1	46	788	1.000	52.10	52.10	2025-11-08 13:02:07.199
5187	1	46	394	15.000	91.01	1365.22	2025-11-08 13:02:07.283
5188	1	46	780	1.000	71.75	71.75	2025-11-08 13:02:07.294
5189	1	46	766	2.000	56.47	112.94	2025-11-08 13:02:07.381
5190	1	46	768	2.000	86.34	172.68	2025-11-08 13:02:07.391
5191	1	46	781	2.000	88.14	176.27	2025-11-08 13:02:07.401
5192	1	46	382	12.000	111.98	1343.81	2025-11-08 13:02:07.488
5193	1	46	789	1.000	92.10	92.10	2025-11-08 13:02:07.503
5194	1	46	383	2.000	120.04	240.07	2025-11-08 13:02:07.582
5195	1	46	767	4.000	66.46	265.84	2025-11-08 13:02:07.598
5196	1	46	384	3.000	181.81	545.43	2025-11-08 13:02:07.688
5197	1	46	385	6.000	108.20	649.18	2025-11-08 13:02:07.7
5198	1	46	386	2.000	191.91	383.81	2025-11-08 13:02:07.783
5199	1	46	770	5.000	152.06	760.30	2025-11-08 13:02:07.798
5200	1	46	387	3.000	99.95	299.84	2025-11-08 13:02:07.812
5201	1	46	389	12.000	81.21	974.55	2025-11-08 13:02:07.89
5202	1	46	390	10.000	81.15	811.52	2025-11-08 13:02:07.9
5203	1	46	773	4.000	139.90	559.60	2025-11-08 13:02:07.985
5204	1	46	774	34.000	96.48	3280.21	2025-11-08 13:02:07.995
5205	1	46	775	9.000	131.67	1184.99	2025-11-08 13:02:08.005
5206	1	46	776	5.000	74.99	374.93	2025-11-08 13:02:08.087
5207	1	46	777	2.000	191.94	383.87	2025-11-08 13:02:08.101
5208	1	46	778	3.000	141.40	424.19	2025-11-08 13:02:08.184
5209	1	46	779	1.000	120.98	120.98	2025-11-08 13:02:08.193
5210	1	46	395	6.000	77.87	467.21	2025-11-08 13:02:08.203
5211	1	46	396	18.000	60.89	1095.93	2025-11-08 13:02:08.287
5212	1	46	782	1.000	91.42	91.42	2025-11-08 13:02:08.297
5213	1	46	783	1.000	109.90	109.90	2025-11-08 13:02:08.388
5214	1	46	784	5.000	141.06	705.28	2025-11-08 13:02:08.397
5215	1	46	785	1.000	61.38	61.38	2025-11-08 13:02:08.405
5216	1	46	398	6.000	121.00	725.98	2025-11-08 13:02:08.486
5217	1	46	399	14.000	71.56	1001.77	2025-11-08 13:02:08.495
5218	1	46	787	1.000	111.10	111.10	2025-11-08 13:02:08.504
5219	1	46	401	12.000	107.71	1292.53	2025-11-08 13:02:08.586
5220	1	46	406	8.000	81.62	652.98	2025-11-08 13:02:08.597
5221	1	46	793	3.000	252.30	756.89	2025-11-08 13:02:08.683
5222	1	46	409	5.000	91.88	459.40	2025-11-08 13:02:08.694
5223	1	46	794	1.000	71.65	71.65	2025-11-08 13:02:08.703
5224	1	46	795	1.000	131.40	131.40	2025-11-08 13:02:08.789
5225	1	46	796	3.000	111.15	333.45	2025-11-08 13:02:08.798
5226	1	46	797	6.000	111.32	667.92	2025-11-08 13:02:08.885
5227	1	46	412	4.000	111.65	446.60	2025-11-08 13:02:08.894
5228	1	46	413	17.000	81.51	1385.75	2025-11-08 13:02:08.904
5229	1	46	415	9.000	131.74	1185.68	2025-11-08 13:02:08.994
5230	1	46	800	10.000	121.00	1210.03	2025-11-08 13:02:09.005
5231	1	46	769	1.000	0.10	0.10	2025-11-08 13:02:09.083
5232	1	46	391	1.000	84.77	84.77	2025-11-08 13:02:09.091
5233	1	46	790	1.000	131.20	131.20	2025-11-08 13:02:09.1
5234	1	46	400	16.000	81.61	1305.76	2025-11-08 13:02:09.183
5235	1	46	786	11.000	90.99	1000.90	2025-11-08 13:02:09.193
5236	1	46	408	11.000	146.48	1611.31	2025-11-08 13:02:09.202
5237	1	46	407	19.000	101.33	1925.30	2025-11-08 13:02:09.287
5238	1	46	799	3.000	131.29	393.88	2025-11-08 13:02:09.298
5239	1	46	416	13.000	75.03	975.39	2025-11-08 13:02:09.383
5240	1	46	801	2.000	74.56	149.12	2025-11-08 13:02:09.395
5241	1	46	802	1.000	43.76	43.76	2025-11-08 13:02:09.404
5242	1	46	803	1.000	114.16	114.16	2025-11-08 13:02:09.494
5243	1	46	237	3.000	78.40	235.20	2025-11-08 13:02:09.507
5244	1	46	807	3.000	108.66	325.98	2025-11-08 13:02:09.584
5245	1	46	240	6.000	88.97	533.79	2025-11-08 13:02:09.593
5246	1	46	813	2.000	58.51	117.02	2025-11-08 13:02:09.603
5247	1	46	817	3.000	68.76	206.28	2025-11-08 13:02:09.689
5248	1	46	804	4.000	88.95	355.81	2025-11-08 13:02:09.706
5249	1	46	820	5.000	128.61	643.03	2025-11-08 13:02:09.79
5250	1	46	808	2.000	108.42	216.84	2025-11-08 13:02:09.799
5251	1	46	239	6.000	68.30	409.80	2025-11-08 13:02:09.884
5252	1	46	241	4.000	53.94	215.74	2025-11-08 13:02:09.895
5253	1	46	805	4.000	69.03	276.11	2025-11-08 13:02:09.905
5254	1	46	263	7.000	98.63	690.39	2025-11-08 13:02:09.988
5255	1	46	268	3.000	69.35	208.05	2025-11-08 13:02:09.997
5256	1	46	810	1.000	53.60	53.60	2025-11-08 13:02:10.006
5257	1	46	244	1.000	43.41	43.41	2025-11-08 13:02:10.091
5258	1	46	265	6.000	48.42	290.49	2025-11-08 13:02:10.194
5259	1	46	819	10.000	98.43	984.30	2025-11-08 13:02:10.283
5260	1	46	247	5.000	43.71	218.54	2025-11-08 13:02:10.293
5261	1	46	266	11.000	39.01	429.15	2025-11-08 13:02:10.303
5262	1	46	273	2.000	48.76	97.52	2025-11-08 13:02:10.386
5263	1	46	278	9.000	88.68	798.15	2025-11-08 13:02:10.395
5264	1	46	250	1.000	228.75	228.75	2025-11-08 13:02:10.404
5265	1	46	260	14.000	68.80	963.17	2025-11-08 13:02:10.487
5266	1	46	236	4.000	138.71	554.85	2025-11-08 13:02:10.682
5267	1	46	252	5.000	241.70	1208.50	2025-11-08 13:02:10.789
5268	1	46	274	2.000	108.52	217.03	2025-11-08 13:02:10.984
5269	1	46	809	2.000	138.60	277.20	2025-11-08 13:02:11.084
5270	1	46	818	2.000	83.73	167.45	2025-11-08 13:02:11.11
5271	1	46	251	8.000	43.79	350.32	2025-11-08 13:02:11.184
5272	1	46	821	3.000	47.99	143.97	2025-11-08 13:02:11.193
5273	1	46	824	1.000	56.69	56.69	2025-11-08 13:02:11.283
5274	1	46	822	2.000	94.25	188.50	2025-11-08 13:02:11.294
5275	1	46	825	4.000	84.25	337.00	2025-11-08 13:02:11.306
5276	1	46	823	10.000	99.25	992.50	2025-11-08 13:02:11.4
5277	1	46	830	1.000	128.44	128.44	2025-11-08 13:02:11.417
5278	1	46	831	3.000	114.24	342.72	2025-11-08 13:02:11.489
5279	1	46	833	14.000	73.87	1034.13	2025-11-08 13:02:11.586
5280	1	46	834	2.000	57.22	114.44	2025-11-08 13:02:11.595
5281	1	46	832	1.000	83.83	83.83	2025-11-08 13:02:11.605
5282	1	46	829	2.000	69.22	138.44	2025-11-08 13:02:11.688
5283	1	46	827	2.000	138.90	277.79	2025-11-08 13:02:11.698
5284	1	46	826	3.000	83.95	251.84	2025-11-08 13:02:11.783
5285	1	46	828	1.000	88.83	88.83	2025-11-08 13:02:11.793
5286	1	46	418	6.000	43.25	259.48	2025-11-08 13:02:11.884
7600	1	57	425	12.000	53.45	641.45	2025-11-10 08:14:43.103
4402	1	40	517	2.000	127.95	255.90	2025-11-08 12:59:05.693
4404	1	40	516	255.000	49.41	12599.25	2025-11-08 12:59:05.713
4405	1	40	584	37.000	139.60	5165.21	2025-11-08 12:59:05.719
4406	1	40	153	116.000	329.19	38186.10	2025-11-08 12:59:05.787
4407	1	40	576	1.000	128.91	128.91	2025-11-08 12:59:05.794
7602	1	57	427	3.000	76.96	230.88	2025-11-10 08:14:43.19
4409	1	40	523	1.000	152.13	152.13	2025-11-08 12:59:05.807
7603	1	57	431	4.000	56.30	225.19	2025-11-10 08:14:43.203
4411	1	40	550	89.000	67.21	5982.12	2025-11-08 12:59:05.896
4412	1	40	565	11.000	88.18	969.96	2025-11-08 12:59:05.903
4413	1	40	542	1.000	127.44	127.44	2025-11-08 12:59:05.985
4415	1	40	580	109.000	212.49	23161.76	2025-11-08 12:59:05.999
4416	1	40	592	8.000	53.40	427.18	2025-11-08 12:59:06.006
4417	1	40	547	27.000	189.11	5105.93	2025-11-08 12:59:06.083
7606	1	57	434	1.000	83.41	83.41	2025-11-10 08:14:43.302
7607	1	57	435	4.000	57.57	230.26	2025-11-10 08:14:43.382
4422	1	40	623	1.000	98.92	98.92	2025-11-08 12:59:06.19
4423	1	40	509	17.000	128.25	2180.28	2025-11-08 12:59:06.197
4424	1	40	519	58.000	89.12	5168.79	2025-11-08 12:59:06.204
4425	1	40	511	37.000	98.47	3643.37	2025-11-08 12:59:06.283
4426	1	40	520	79.000	49.71	3927.04	2025-11-08 12:59:06.291
4427	1	40	512	89.000	49.43	4399.49	2025-11-08 12:59:06.298
4428	1	40	548	28.000	90.63	2537.53	2025-11-08 12:59:06.382
4430	1	40	587	3.000	66.36	199.09	2025-11-08 12:59:06.397
4431	1	40	510	39.000	53.32	2079.48	2025-11-08 12:59:06.403
4432	1	40	525	10.000	78.26	782.58	2025-11-08 12:59:06.481
4433	1	40	572	2.000	129.12	258.23	2025-11-08 12:59:06.489
7610	1	57	439	1.000	56.90	56.90	2025-11-10 08:14:43.491
4435	1	40	530	1.000	189.49	189.49	2025-11-08 12:59:06.503
4436	1	40	562	19.000	228.77	4346.64	2025-11-08 12:59:06.583
4437	1	40	552	3.000	156.36	469.09	2025-11-08 12:59:06.591
4438	1	40	569	11.000	228.77	2516.48	2025-11-08 12:59:06.597
4439	1	40	529	16.000	254.37	4069.90	2025-11-08 12:59:06.604
4440	1	40	537	3.000	281.70	845.10	2025-11-08 12:59:06.611
4441	1	40	564	1.000	254.03	254.03	2025-11-08 12:59:06.683
4442	1	40	526	1.000	403.84	403.84	2025-11-08 12:59:06.696
4443	1	40	522	1.000	207.71	207.71	2025-11-08 12:59:06.704
4444	1	40	544	1.000	95.71	95.71	2025-11-08 12:59:06.713
4445	1	40	585	2.000	129.07	258.13	2025-11-08 12:59:06.786
4446	1	40	593	1.000	112.71	112.71	2025-11-08 12:59:06.793
4447	1	40	521	6.000	77.74	466.44	2025-11-08 12:59:06.801
4448	1	40	581	2.000	47.71	95.42	2025-11-08 12:59:06.883
4449	1	40	518	1.000	220.71	220.71	2025-11-08 12:59:06.891
4450	1	40	528	6.000	217.15	1302.87	2025-11-08 12:59:06.898
4451	1	40	534	2.000	104.17	208.34	2025-11-08 12:59:06.906
4452	1	40	527	7.000	103.99	727.90	2025-11-08 12:59:06.913
4453	1	40	566	3.000	244.13	732.38	2025-11-08 12:59:06.989
4454	1	40	539	8.000	243.67	1949.36	2025-11-08 12:59:06.997
4455	1	40	577	1.000	47.71	47.71	2025-11-08 12:59:07.006
4456	1	40	590	1.000	107.71	107.71	2025-11-08 12:59:07.084
4457	1	40	540	1.000	128.30	128.30	2025-11-08 12:59:07.092
4458	1	40	541	95.000	69.58	6609.85	2025-11-08 12:59:07.1
14237	1	85	1959	0.000	99.19	198.39	2025-12-08 12:18:10.896
4460	1	40	567	1.000	39.23	39.23	2025-11-08 12:59:07.183
4461	1	40	513	1.000	188.96	188.96	2025-11-08 12:59:07.192
7612	1	57	444	1.000	119.67	119.67	2025-11-10 08:14:43.509
4463	1	40	586	13.000	103.71	1348.20	2025-11-08 12:59:07.288
4464	1	40	578	1.000	231.36	231.36	2025-11-08 12:59:07.299
4465	1	40	588	6.000	281.37	1688.22	2025-11-08 12:59:07.381
4466	1	40	621	1.000	229.24	229.24	2025-11-08 12:59:07.39
4467	1	40	575	14.000	328.79	4602.99	2025-11-08 12:59:07.483
4468	1	40	524	71.000	66.16	4697.65	2025-11-08 12:59:07.492
4469	1	40	557	22.000	69.60	1531.26	2025-11-08 12:59:07.502
4470	1	40	558	16.000	76.99	1231.83	2025-11-08 12:59:07.586
4471	1	40	545	3.000	69.33	207.98	2025-11-08 12:59:07.595
4472	1	40	554	9.000	69.31	623.81	2025-11-08 12:59:07.605
4473	1	40	583	15.000	78.66	1179.90	2025-11-08 12:59:07.686
4474	1	40	154	11.000	78.88	867.68	2025-11-08 12:59:07.693
4475	1	40	594	68.000	69.12	4699.99	2025-11-08 12:59:07.7
7613	1	57	446	1.000	241.69	241.69	2025-11-10 08:14:43.587
4477	1	40	563	35.000	57.60	2015.97	2025-11-08 12:59:07.787
4478	1	40	531	451.000	50.42	22738.63	2025-11-08 12:59:07.796
4479	1	40	628	2.000	78.22	156.44	2025-11-08 12:59:07.805
4480	1	40	597	1.000	361.30	361.30	2025-11-08 12:59:07.883
4481	1	40	598	3.000	441.30	1323.90	2025-11-08 12:59:07.891
4482	1	40	600	4.000	163.95	655.81	2025-11-08 12:59:07.899
4483	1	40	601	5.000	83.90	419.49	2025-11-08 12:59:07.906
4484	1	40	602	2.000	78.32	156.64	2025-11-08 12:59:07.989
4485	1	40	603	3.000	58.11	174.32	2025-11-08 12:59:07.998
4486	1	40	339	3.000	115.21	345.63	2025-11-08 12:59:08.082
4487	1	40	604	3.000	148.59	445.78	2025-11-08 12:59:08.091
4488	1	40	599	1.000	178.96	178.96	2025-11-08 12:59:08.102
4489	1	40	605	1.000	105.32	105.32	2025-11-08 12:59:08.183
4490	1	40	606	2.000	117.82	235.64	2025-11-08 12:59:08.191
4491	1	40	607	2.000	180.32	360.64	2025-11-08 12:59:08.199
4492	1	40	608	1.000	182.82	182.82	2025-11-08 12:59:08.281
4493	1	40	609	1.000	182.82	182.82	2025-11-08 12:59:08.289
5287	1	46	419	9.000	52.00	468.00	2025-11-08 13:02:11.896
5288	1	46	420	6.000	88.31	529.86	2025-11-08 13:02:11.907
5289	1	46	835	1.000	60.07	60.07	2025-11-08 13:02:11.993
5290	1	46	836	3.000	81.00	243.00	2025-11-08 13:02:12.083
5291	1	46	421	7.000	69.14	483.97	2025-11-08 13:02:12.093
5292	1	46	837	6.000	107.92	647.53	2025-11-08 13:02:12.104
5293	1	46	838	10.000	72.63	726.34	2025-11-08 13:02:12.187
5294	1	46	839	1.000	66.36	66.36	2025-11-08 13:02:12.197
5295	1	46	422	1.000	47.45	47.45	2025-11-08 13:02:12.284
5296	1	46	423	4.000	73.78	295.12	2025-11-08 13:02:12.294
5297	1	46	425	9.000	52.00	468.00	2025-11-08 13:02:12.304
5298	1	46	426	4.000	92.96	371.84	2025-11-08 13:02:12.392
5299	1	46	431	9.000	60.75	546.72	2025-11-08 13:02:12.402
5300	1	46	432	4.000	93.63	374.52	2025-11-08 13:02:12.487
7609	1	57	438	9.000	48.33	483.32	2025-11-10 08:14:43.402
7601	1	57	426	4.000	88.91	355.64	2025-11-13 11:22:54.49
7604	1	57	432	0.000	85.37	0.00	2025-11-13 11:22:54.495
9397	1	69	71	163.000	54.21	9160.74	2025-11-19 10:07:58.605
4533	1	44	619	2.000	188.51	377.01	2025-11-08 12:59:47.081
4534	1	44	578	1.000	229.73	229.73	2025-11-08 12:59:47.089
4535	1	44	574	2.000	229.04	458.07	2025-11-08 12:59:47.096
4536	1	44	620	4.000	92.76	371.04	2025-11-08 12:59:47.103
4537	1	44	575	3.000	324.32	972.96	2025-11-08 12:59:47.109
4538	1	44	524	9.000	67.42	606.81	2025-11-08 12:59:47.116
4539	1	44	613	1.000	68.90	68.90	2025-11-08 12:59:47.188
4540	1	44	557	8.000	69.54	556.30	2025-11-08 12:59:47.198
4541	1	44	558	2.000	71.58	143.15	2025-11-08 12:59:47.206
4542	1	44	554	3.000	69.51	208.52	2025-11-08 12:59:47.286
4543	1	44	631	2.000	69.46	138.92	2025-11-08 12:59:47.295
4544	1	44	594	7.000	69.39	485.74	2025-11-08 12:59:47.381
4545	1	44	337	2.000	50.67	101.33	2025-11-08 12:59:47.39
4546	1	44	563	2.000	53.92	107.84	2025-11-08 12:59:47.399
4547	1	44	636	3.000	67.78	203.34	2025-11-08 12:59:47.408
4548	1	44	637	3.000	94.83	284.50	2025-11-08 12:59:47.485
4549	1	44	639	3.000	78.88	236.65	2025-11-08 12:59:47.494
4550	1	44	640	3.000	98.21	294.63	2025-11-08 12:59:47.501
4551	1	44	600	2.000	164.14	328.28	2025-11-08 12:59:47.583
4552	1	44	601	9.000	84.12	757.11	2025-11-08 12:59:47.59
4553	1	44	644	1.000	87.73	87.73	2025-11-08 12:59:47.599
4554	1	44	645	1.000	141.81	141.81	2025-11-08 12:59:47.685
4555	1	44	647	1.000	142.63	142.63	2025-11-08 12:59:47.692
4556	1	44	648	3.000	368.65	1105.94	2025-11-08 12:59:47.699
4557	1	44	649	5.000	59.19	295.93	2025-11-08 12:59:47.783
4558	1	44	650	3.000	73.29	219.87	2025-11-08 12:59:47.791
4559	1	44	651	5.000	59.03	295.15	2025-11-08 12:59:47.798
4560	1	44	652	3.000	109.46	328.38	2025-11-08 12:59:47.806
4561	1	44	653	11.000	50.26	552.86	2025-11-08 12:59:47.885
4562	1	44	654	1.000	155.27	155.27	2025-11-08 12:59:47.892
4563	1	44	655	7.000	54.13	378.90	2025-11-08 12:59:47.899
4564	1	44	656	1.000	140.38	140.38	2025-11-08 12:59:47.906
4565	1	44	658	7.000	140.47	983.32	2025-11-08 12:59:47.985
4566	1	44	659	4.000	159.78	639.10	2025-11-08 12:59:47.993
4567	1	44	660	4.000	100.93	403.70	2025-11-08 12:59:48
4568	1	44	662	1.000	45.26	45.26	2025-11-08 12:59:48.09
4569	1	44	339	8.000	104.37	834.97	2025-11-08 12:59:48.099
4570	1	44	664	6.000	91.11	546.64	2025-11-08 12:59:48.107
4571	1	44	665	4.000	155.06	620.23	2025-11-08 12:59:48.184
4572	1	44	666	9.000	58.72	528.50	2025-11-08 12:59:48.192
4573	1	44	642	4.000	84.05	336.20	2025-11-08 12:59:48.2
4574	1	44	641	4.000	94.05	376.20	2025-11-08 12:59:48.207
4575	1	44	638	5.000	44.05	220.25	2025-11-08 12:59:48.283
4576	1	44	643	4.000	149.05	596.20	2025-11-08 12:59:48.291
4577	1	44	657	1.000	428.96	428.96	2025-11-08 12:59:48.3
4578	1	44	663	1.000	288.96	288.96	2025-11-08 12:59:48.307
4579	1	44	646	2.000	49.05	98.10	2025-11-08 12:59:48.386
4580	1	44	357	9.000	164.87	1483.82	2025-11-08 12:59:48.395
4581	1	44	359	10.000	94.36	943.60	2025-11-08 12:59:48.486
4582	1	44	354	5.000	66.58	332.88	2025-11-08 12:59:48.495
4583	1	44	342	2.000	73.82	147.64	2025-11-08 12:59:48.586
4584	1	44	672	2.000	72.07	144.14	2025-11-08 12:59:48.594
4585	1	44	362	7.000	77.44	542.09	2025-11-08 12:59:48.682
4586	1	44	371	15.000	98.40	1476.02	2025-11-08 12:59:48.691
4587	1	44	677	9.000	108.86	979.72	2025-11-08 12:59:48.7
4588	1	44	366	5.000	101.68	508.42	2025-11-08 12:59:48.709
4589	1	44	667	2.000	108.91	217.81	2025-11-08 12:59:48.788
4590	1	44	340	1.000	108.31	108.31	2025-11-08 12:59:48.797
4591	1	44	348	3.000	101.60	304.79	2025-11-08 12:59:48.805
4592	1	44	374	2.000	156.21	312.41	2025-11-08 12:59:48.89
4593	1	44	669	2.000	105.17	210.34	2025-11-08 12:59:48.898
4594	1	44	680	7.000	52.63	368.39	2025-11-08 12:59:48.982
4595	1	44	363	4.000	59.40	237.61	2025-11-08 12:59:48.991
4596	1	44	369	1.000	41.78	41.78	2025-11-08 12:59:48.999
4597	1	44	679	9.000	124.73	1122.59	2025-11-08 12:59:49.086
4598	1	44	674	1.000	61.29	61.29	2025-11-08 12:59:49.094
4599	1	44	352	4.000	80.31	321.24	2025-11-08 12:59:49.102
4600	1	44	343	6.000	73.71	442.25	2025-11-08 12:59:49.181
4601	1	44	344	8.000	73.35	586.76	2025-11-08 12:59:49.19
4602	1	44	346	2.000	83.81	167.61	2025-11-08 12:59:49.199
4603	1	44	375	3.000	55.80	167.40	2025-11-08 12:59:49.207
4604	1	44	345	1.000	83.87	83.87	2025-11-08 12:59:49.285
4605	1	44	349	3.000	50.60	151.80	2025-11-08 12:59:49.294
4606	1	44	350	7.000	61.09	427.63	2025-11-08 12:59:49.302
4607	1	44	670	3.000	59.83	179.48	2025-11-08 12:59:49.381
4608	1	44	361	4.000	48.97	195.86	2025-11-08 12:59:49.389
4609	1	44	360	4.000	47.12	188.48	2025-11-08 12:59:49.397
4610	1	44	370	1.000	59.35	59.35	2025-11-08 12:59:49.405
4611	1	44	365	3.000	55.81	167.42	2025-11-08 12:59:49.488
4612	1	44	364	2.000	61.08	122.16	2025-11-08 12:59:49.496
4613	1	44	683	1.000	63.01	63.01	2025-11-08 12:59:49.507
4614	1	44	376	3.000	73.31	219.93	2025-11-08 12:59:49.585
4615	1	44	351	3.000	56.30	168.91	2025-11-08 12:59:49.594
4616	1	44	378	10.000	42.93	429.28	2025-11-08 12:59:49.605
4617	1	44	377	3.000	48.80	146.40	2025-11-08 12:59:49.686
4618	1	44	681	4.000	91.34	365.37	2025-11-08 12:59:49.695
4619	1	44	341	1.000	97.86	97.86	2025-11-08 12:59:49.783
4620	1	44	671	2.000	109.07	218.13	2025-11-08 12:59:49.791
4621	1	44	673	5.000	118.81	594.05	2025-11-08 12:59:49.799
4622	1	44	367	4.000	56.66	226.65	2025-11-08 12:59:49.807
4623	1	44	676	7.000	55.69	389.83	2025-11-08 12:59:49.887
4624	1	44	321	1.000	92.12	92.12	2025-11-08 12:59:49.895
5301	1	46	840	2.000	92.00	184.00	2025-11-08 13:02:12.497
4627	1	44	309	10.000	101.10	1010.97	2025-11-08 12:59:49.994
4628	1	44	292	6.000	92.37	554.19	2025-11-08 12:59:50.002
4630	1	44	296	6.000	97.31	583.86	2025-11-08 12:59:50.097
4631	1	44	301	4.000	132.13	528.52	2025-11-08 12:59:50.105
4632	1	44	329	5.000	132.14	660.70	2025-11-08 12:59:50.112
4633	1	44	1993	1.000	179.21	179.21	2025-11-08 12:59:50.185
4634	1	44	318	7.000	60.12	420.85	2025-11-08 12:59:50.193
4635	1	44	317	13.000	72.06	936.72	2025-11-08 12:59:50.201
4636	1	44	305	16.000	61.38	982.01	2025-11-08 12:59:50.283
4637	1	44	316	8.000	52.60	420.78	2025-11-08 12:59:50.293
4638	1	44	688	2.000	48.23	96.46	2025-11-08 12:59:50.302
4639	1	44	311	4.000	72.14	288.54	2025-11-08 12:59:50.385
4626	1	44	328	14.000	94.48	1322.78	2025-11-08 12:59:51.5
4629	1	44	332	11.000	94.85	1043.37	2025-11-08 12:59:51.592
4640	1	44	293	3.000	71.47	214.40	2025-11-08 12:59:50.486
4641	1	44	333	8.000	82.36	658.91	2025-11-08 12:59:50.689
4642	1	44	294	5.000	61.56	307.80	2025-11-08 12:59:50.882
4643	1	44	691	6.000	63.42	380.54	2025-11-08 12:59:50.891
4644	1	44	308	3.000	62.22	186.67	2025-11-08 12:59:50.984
4645	1	44	307	13.000	56.30	731.94	2025-11-08 12:59:50.992
4646	1	44	319	19.000	112.33	2134.32	2025-11-08 12:59:51
4647	1	44	299	8.000	132.01	1056.09	2025-11-08 12:59:51.082
4649	1	44	697	11.000	68.13	749.43	2025-11-08 12:59:51.102
4650	1	44	694	2.000	112.55	225.10	2025-11-08 12:59:51.186
4651	1	44	297	4.000	102.16	408.64	2025-11-08 12:59:51.196
4652	1	44	290	8.000	82.15	657.22	2025-11-08 12:59:51.282
4653	1	44	334	6.000	73.00	438.00	2025-11-08 12:59:51.292
4654	1	44	1955	3.000	191.90	575.70	2025-11-08 12:59:51.305
4625	1	44	302	4.000	68.24	272.96	2025-11-08 12:59:51.387
4648	1	44	687	4.000	146.50	585.99	2025-11-08 12:59:51.396
4655	1	44	306	5.000	71.60	358.00	2025-11-08 12:59:51.404
4656	1	44	690	1.000	101.59	101.59	2025-11-08 12:59:51.491
4657	1	44	695	9.000	96.45	868.05	2025-11-08 12:59:51.583
4658	1	45	154	127.000	69.46	8821.42	2025-11-08 12:59:55.701
4659	1	45	55	80.000	109.94	8795.20	2025-11-08 12:59:55.708
4660	1	45	74	50.000	80.41	4020.50	2025-11-08 12:59:55.714
4661	1	45	151	150.000	94.35	14152.50	2025-11-08 12:59:55.781
4662	1	45	71	1000.000	44.64	44640.84	2025-11-08 12:59:55.788
4663	1	45	85	200.000	74.69	14938.00	2025-11-08 12:59:55.795
4664	1	45	103	100.000	69.40	6940.00	2025-11-08 12:59:55.801
4665	1	45	113	300.000	69.24	20772.00	2025-11-08 12:59:55.884
4666	1	45	118	98.000	69.42	6803.16	2025-11-08 12:59:55.892
4667	1	45	67	100.000	70.28	7028.00	2025-11-08 12:59:55.899
14257	1	85	1964	0.000	139.19	556.78	2025-12-08 12:18:11.303
4669	1	45	63	355.000	45.01	15977.31	2025-11-08 12:59:55.982
5302	1	46	841	3.000	105.07	315.21	2025-11-08 13:02:12.588
5303	1	46	434	1.000	81.90	81.90	2025-11-08 13:02:12.599
5304	1	46	435	7.000	57.19	400.34	2025-11-08 13:02:12.684
5305	1	46	842	6.000	63.55	381.27	2025-11-08 13:02:12.694
5306	1	46	843	2.000	50.07	100.14	2025-11-08 13:02:12.704
5307	1	46	844	5.000	60.07	300.35	2025-11-08 13:02:12.793
5308	1	46	846	3.000	75.07	225.21	2025-11-08 13:02:12.803
5309	1	46	847	2.000	105.76	211.52	2025-11-08 13:02:12.891
5310	1	46	848	2.000	97.82	195.64	2025-11-08 13:02:12.902
5311	1	46	849	3.000	93.69	281.07	2025-11-08 13:02:12.981
5312	1	46	851	1.000	130.66	130.66	2025-11-08 13:02:12.992
5313	1	46	853	2.000	68.75	137.49	2025-11-08 13:02:13.002
5314	1	46	854	1.000	241.69	241.69	2025-11-08 13:02:13.088
5315	1	46	855	6.000	89.15	534.87	2025-11-08 13:02:13.099
5316	1	46	450	7.000	146.21	1023.47	2025-11-08 13:02:13.185
5317	1	46	857	1.000	74.18	74.18	2025-11-08 13:02:13.195
5318	1	46	858	4.000	75.07	300.28	2025-11-08 13:02:13.284
5319	1	46	457	1.000	75.07	75.07	2025-11-08 13:02:13.296
5320	1	46	860	1.000	129.55	129.55	2025-11-08 13:02:13.381
5321	1	46	856	4.000	46.99	187.96	2025-11-08 13:02:13.392
5322	1	46	459	1.000	0.10	0.10	2025-11-08 13:02:13.402
5323	1	46	462	7.000	46.16	323.10	2025-11-08 13:02:13.486
5324	1	46	463	3.000	90.64	271.92	2025-11-08 13:02:13.501
5325	1	46	464	5.000	108.19	540.97	2025-11-08 13:02:13.583
5326	1	46	465	2.000	63.25	126.50	2025-11-08 13:02:13.593
5327	1	46	467	7.000	59.19	414.33	2025-11-08 13:02:13.607
5328	1	46	862	1.000	149.67	149.67	2025-11-08 13:02:13.69
5329	1	46	472	6.000	411.38	2468.26	2025-11-08 13:02:13.7
5330	1	46	475	2.000	153.17	306.34	2025-11-08 13:02:13.784
5331	1	46	477	2.000	46.50	92.99	2025-11-08 13:02:13.798
5332	1	46	865	5.000	88.67	443.35	2025-11-08 13:02:13.889
5333	1	46	478	7.000	58.72	411.01	2025-11-08 13:02:13.9
5334	1	46	481	6.000	54.38	326.29	2025-11-08 13:02:13.988
5335	1	46	484	6.000	49.37	296.19	2025-11-08 13:02:14
5336	1	46	487	13.000	254.12	3303.56	2025-11-08 13:02:14.089
5337	1	46	488	4.000	389.29	1557.14	2025-11-08 13:02:14.1
5338	1	46	869	5.000	178.69	893.43	2025-11-08 13:02:14.19
5339	1	46	489	16.000	150.52	2408.35	2025-11-08 13:02:14.203
5340	1	46	872	3.000	119.40	358.20	2025-11-08 13:02:14.292
5341	1	46	873	9.000	74.38	669.40	2025-11-08 13:02:14.383
5342	1	46	495	2.000	227.90	455.79	2025-11-08 13:02:14.393
5343	1	46	497	2.000	178.69	357.38	2025-11-08 13:02:14.402
5344	1	46	498	2.000	253.23	506.46	2025-11-08 13:02:14.484
5345	1	46	875	2.000	260.39	520.77	2025-11-08 13:02:14.494
5346	1	46	500	3.000	252.76	758.29	2025-11-08 13:02:14.504
5347	1	46	877	1.000	109.23	109.23	2025-11-08 13:02:14.591
5348	1	46	501	1.000	228.69	228.69	2025-11-08 13:02:14.601
5349	1	46	502	1.000	74.34	74.34	2025-11-08 13:02:14.688
5350	1	46	879	1.000	153.57	153.57	2025-11-08 13:02:14.7
5351	1	46	881	2.000	94.15	188.30	2025-11-08 13:02:14.787
5352	1	46	882	1.000	144.64	144.64	2025-11-08 13:02:14.891
5353	1	46	883	9.000	79.26	713.33	2025-11-08 13:02:14.901
5354	1	46	490	1.000	126.97	126.97	2025-11-08 13:02:14.984
5355	1	46	880	1.000	139.57	139.57	2025-11-08 13:02:14.994
5356	1	46	861	1.000	86.04	86.04	2025-11-08 13:02:15.085
5357	1	46	863	5.000	390.21	1951.03	2025-11-08 13:02:15.098
5358	1	46	476	8.000	140.74	1125.95	2025-11-08 13:02:15.189
5359	1	46	866	2.000	188.28	376.56	2025-11-08 13:02:15.204
5360	1	46	867	1.000	79.20	79.20	2025-11-08 13:02:15.29
5361	1	46	868	1.000	103.28	103.28	2025-11-08 13:02:15.302
5362	1	46	870	11.000	108.28	1191.08	2025-11-08 13:02:15.388
5363	1	46	871	3.000	73.28	219.84	2025-11-08 13:02:15.398
5364	1	46	874	1.000	350.38	350.38	2025-11-08 13:02:15.482
5365	1	46	878	7.000	391.96	2743.72	2025-11-08 13:02:15.493
5366	1	46	305	21.000	62.22	1306.62	2025-11-08 13:02:15.504
5367	1	46	291	34.000	40.95	1392.30	2025-11-08 13:02:15.588
3786	1	36	309	12.000	108.58	1302.96	2025-11-06 08:49:32.884
7614	1	57	447	3.000	54.55	163.65	2025-11-10 08:14:43.597
2803	1	22	1997	97.000	61.38	5953.86	2025-11-06 08:42:45.966
7616	1	57	449	6.000	69.73	418.38	2025-11-10 08:14:43.697
7618	1	57	452	2.000	104.55	209.10	2025-11-10 08:14:43.802
7619	1	57	454	9.000	74.13	667.15	2025-11-10 08:14:43.882
4183	1	38	1947	2.000	380.82	761.65	2025-11-08 12:56:03.191
3853	1	36	694	11.000	112.80	1240.80	2025-11-06 08:49:32.886
7615	1	57	448	0.000	49.55	0.00	2025-11-13 11:22:54.589
7617	1	57	450	18.000	148.82	2678.76	2025-11-15 10:33:46.714
4671	1	42	514	3.000	240.65	721.95	2025-11-08 13:00:55.282
4672	1	42	516	34.000	48.30	1642.03	2025-11-08 13:00:55.289
4673	1	42	153	14.000	328.87	4604.21	2025-11-08 13:00:55.346
4674	1	42	550	10.000	72.43	724.30	2025-11-08 13:00:55.353
4675	1	42	624	10.000	169.89	1698.90	2025-11-08 13:00:55.387
4676	1	42	579	17.000	143.03	2431.59	2025-11-08 13:00:55.393
4677	1	42	699	1.000	82.71	82.71	2025-11-08 13:00:55.399
4678	1	42	562	5.000	228.45	1142.25	2025-11-08 13:00:55.406
4679	1	42	529	8.000	253.87	2030.96	2025-11-08 13:00:55.481
4680	1	42	631	6.000	69.46	416.76	2025-11-08 13:00:55.488
4681	1	42	337	88.000	49.41	4348.49	2025-11-08 13:00:55.495
4682	1	42	531	35.000	50.64	1772.37	2025-11-08 13:00:55.501
4683	1	42	155	49.000	13.54	663.46	2025-11-08 13:00:55.507
4684	1	42	704	2.000	168.31	336.62	2025-11-08 13:00:55.589
4685	1	42	2263	39.000	159.93	6237.44	2025-11-08 13:00:55.601
4686	1	42	93	6.000	151.94	911.64	2025-11-08 13:00:55.607
4687	1	42	79	10.000	65.75	657.53	2025-11-08 13:00:55.684
4688	1	42	144	7.000	95.14	666.00	2025-11-08 13:00:55.691
4689	1	42	75	1.000	111.15	111.15	2025-11-08 13:00:55.698
4690	1	42	84	9.000	55.73	501.57	2025-11-08 13:00:55.706
4691	1	42	86	3.000	55.17	165.51	2025-11-08 13:00:55.713
4692	1	42	87	12.000	68.97	827.58	2025-11-08 13:00:55.793
4693	1	42	140	7.000	134.64	942.46	2025-11-08 13:00:55.801
4694	1	42	57	11.000	179.55	1975.07	2025-11-08 13:00:55.809
4695	1	42	56	15.000	98.08	1471.23	2025-11-08 13:00:55.887
4696	1	42	55	12.000	110.68	1328.16	2025-11-08 13:00:55.895
4697	1	42	700	27.000	70.19	1895.21	2025-11-08 13:00:55.902
4698	1	42	52	4.000	63.30	253.20	2025-11-08 13:00:55.984
4699	1	42	53	3.000	79.91	239.73	2025-11-08 13:00:55.991
4700	1	42	100	1.000	156.68	156.68	2025-11-08 13:00:55.997
4701	1	42	138	21.000	110.32	2316.75	2025-11-08 13:00:56.004
4702	1	42	141	2.000	44.45	88.89	2025-11-08 13:00:56.01
4703	1	42	120	3.000	110.10	330.29	2025-11-08 13:00:56.088
4704	1	42	105	7.000	94.11	658.77	2025-11-08 13:00:56.095
4705	1	42	73	3.000	194.42	583.26	2025-11-08 13:00:56.102
4706	1	42	74	11.000	79.67	876.32	2025-11-08 13:00:56.109
4707	1	42	102	2.000	99.69	199.38	2025-11-08 13:00:56.188
4708	1	42	66	1.000	80.16	80.16	2025-11-08 13:00:56.195
4709	1	42	107	5.000	75.09	375.43	2025-11-08 13:00:56.281
4710	1	42	76	7.000	89.68	627.74	2025-11-08 13:00:56.289
4711	1	42	149	5.000	80.88	404.42	2025-11-08 13:00:56.296
4712	1	42	151	7.000	102.83	719.84	2025-11-08 13:00:56.303
4713	1	42	60	7.000	109.69	767.83	2025-11-08 13:00:56.31
4714	1	42	70	10.000	120.09	1200.93	2025-11-08 13:00:56.386
4715	1	42	703	1.000	69.53	69.53	2025-11-08 13:00:56.394
4716	1	42	83	12.000	150.48	1805.76	2025-11-08 13:00:56.403
4717	1	42	92	10.000	150.32	1503.20	2025-11-08 13:00:56.412
4718	1	42	139	12.000	112.78	1353.36	2025-11-08 13:00:56.42
4719	1	42	54	8.000	74.71	597.69	2025-11-08 13:00:56.488
4720	1	42	91	5.000	56.04	280.22	2025-11-08 13:00:56.495
4721	1	42	114	3.000	101.33	304.00	2025-11-08 13:00:56.502
4722	1	42	142	16.000	85.12	1361.90	2025-11-08 13:00:56.581
4723	1	42	71	56.000	46.86	2624.01	2025-11-08 13:00:56.59
4724	1	42	85	7.000	74.91	524.35	2025-11-08 13:00:56.597
4725	1	42	103	1.000	59.45	59.45	2025-11-08 13:00:56.605
4726	1	42	109	6.000	84.36	506.13	2025-11-08 13:00:56.612
4727	1	42	113	12.000	69.08	828.90	2025-11-08 13:00:56.619
4728	1	42	123	10.000	59.56	595.60	2025-11-08 13:00:56.687
4729	1	42	58	12.000	79.80	957.60	2025-11-08 13:00:56.695
4730	1	42	81	7.000	74.18	519.23	2025-11-08 13:00:56.703
4731	1	42	67	15.000	69.76	1046.40	2025-11-08 13:00:56.711
4732	1	42	143	5.000	54.83	274.15	2025-11-08 13:00:56.789
4733	1	42	63	16.000	44.65	714.38	2025-11-08 13:00:56.799
4734	1	42	95	8.000	369.57	2956.57	2025-11-08 13:00:56.806
4735	1	42	104	2.000	166.59	333.18	2025-11-08 13:00:56.889
4736	1	42	706	2.000	370.43	740.85	2025-11-08 13:00:56.897
4737	1	42	96	8.000	179.51	1436.05	2025-11-08 13:00:56.906
4738	1	42	145	2.000	242.25	484.49	2025-11-08 13:00:56.987
4739	1	42	131	4.000	205.89	823.54	2025-11-08 13:00:56.994
4740	1	42	119	2.000	280.26	560.52	2025-11-08 13:00:57.088
4741	1	42	99	4.000	191.59	766.36	2025-11-08 13:00:57.095
4742	1	42	601	5.000	83.90	419.50	2025-11-08 13:00:57.103
4743	1	42	653	16.000	72.79	1164.64	2025-11-08 13:00:57.184
4744	1	42	709	1.000	166.09	166.09	2025-11-08 13:00:57.193
4745	1	42	711	2.000	95.73	191.46	2025-11-08 13:00:57.201
4746	1	42	714	4.000	120.79	483.15	2025-11-08 13:00:57.288
4747	1	42	715	2.000	90.25	180.50	2025-11-08 13:00:57.299
4748	1	42	710	1.000	70.38	70.38	2025-11-08 13:00:57.309
4749	1	42	712	2.000	205.75	411.50	2025-11-08 13:00:57.385
4750	1	42	713	1.000	95.44	95.44	2025-11-08 13:00:57.486
4751	1	42	716	3.000	112.02	336.06	2025-11-08 13:00:57.494
4752	1	42	717	16.000	105.21	1683.35	2025-11-08 13:00:57.503
4753	1	42	372	103.000	58.82	6058.46	2025-11-08 13:00:57.511
4754	1	42	356	16.000	46.84	749.44	2025-11-08 13:00:57.591
4755	1	42	341	22.000	98.90	2175.80	2025-11-08 13:00:57.599
4756	1	42	718	1.000	38.31	38.31	2025-11-08 13:00:57.61
4757	1	42	725	5.000	85.78	428.90	2025-11-08 13:00:57.689
4758	1	42	175	7.000	95.78	670.47	2025-11-08 13:00:57.698
4759	1	42	185	9.000	80.75	726.73	2025-11-08 13:00:57.784
4760	1	42	728	1.000	51.83	51.83	2025-11-08 13:00:57.791
4761	1	42	184	4.000	105.71	422.83	2025-11-08 13:00:57.799
4762	1	42	732	1.000	120.72	120.72	2025-11-08 13:00:57.883
4763	1	42	158	9.000	65.70	591.28	2025-11-08 13:00:57.891
4764	1	42	719	1.000	75.77	75.77	2025-11-08 13:00:57.899
4765	1	42	167	4.000	79.32	317.28	2025-11-08 13:00:57.984
4766	1	42	726	3.000	75.76	227.28	2025-11-08 13:00:58.007
4767	1	42	171	2.000	50.84	101.68	2025-11-08 13:00:58.085
4768	1	42	160	7.000	98.69	690.84	2025-11-08 13:00:58.097
4769	1	42	735	2.000	115.68	231.35	2025-11-08 13:00:58.106
4770	1	42	727	2.000	150.74	301.48	2025-11-08 13:00:58.189
4771	1	42	730	3.000	152.72	458.16	2025-11-08 13:00:58.205
4772	1	42	169	2.000	105.58	211.16	2025-11-08 13:00:58.292
4773	1	42	165	8.000	130.80	1046.43	2025-11-08 13:00:58.302
4774	1	42	162	3.000	170.48	511.44	2025-11-08 13:00:58.311
4775	1	42	183	2.000	130.82	261.64	2025-11-08 13:00:58.386
4776	1	42	182	4.000	126.34	505.36	2025-11-08 13:00:58.395
4777	1	42	172	7.000	105.63	739.43	2025-11-08 13:00:58.404
4778	1	42	159	7.000	65.63	459.39	2025-11-08 13:00:58.489
4779	1	42	723	12.000	45.87	550.42	2025-11-08 13:00:58.5
4780	1	42	724	6.000	55.85	335.08	2025-11-08 13:00:58.583
4781	1	42	170	10.000	70.78	707.80	2025-11-08 13:00:58.592
4782	1	42	176	12.000	55.85	670.23	2025-11-08 13:00:58.601
4783	1	42	734	2.000	65.80	131.60	2025-11-08 13:00:58.684
4784	1	42	729	4.000	55.81	223.23	2025-11-08 13:00:58.693
4785	1	42	720	4.000	71.06	284.24	2025-11-08 13:00:58.702
4786	1	42	168	11.000	70.52	775.72	2025-11-08 13:00:58.784
4787	1	42	738	3.000	60.91	182.73	2025-11-08 13:00:58.794
4788	1	42	740	5.000	90.52	452.61	2025-11-08 13:00:58.803
4789	1	42	164	9.000	75.78	682.02	2025-11-08 13:00:58.886
4790	1	42	161	1.000	79.81	79.81	2025-11-08 13:00:58.895
4791	1	42	731	6.000	93.75	562.52	2025-11-08 13:00:58.985
4792	1	42	733	1.000	102.78	102.78	2025-11-08 13:00:58.993
4793	1	42	157	6.000	50.87	305.22	2025-11-08 13:00:59.003
4794	1	42	722	3.000	45.81	137.43	2025-11-08 13:00:59.083
4795	1	42	178	2.000	205.55	411.09	2025-11-08 13:00:59.092
4796	1	42	737	1.000	280.66	280.66	2025-11-08 13:00:59.1
4797	1	42	180	3.000	280.50	841.50	2025-11-08 13:00:59.183
4798	1	42	743	2.000	397.02	794.04	2025-11-08 13:00:59.192
4799	1	42	741	8.000	64.84	518.72	2025-11-08 13:00:59.201
4800	1	42	746	1.000	134.44	134.44	2025-11-08 13:00:59.285
4801	1	42	747	1.000	61.59	61.59	2025-11-08 13:00:59.295
4802	1	42	742	6.000	171.34	1028.04	2025-11-08 13:00:59.304
4803	1	42	744	1.000	230.86	230.86	2025-11-08 13:00:59.382
4804	1	42	745	5.000	55.53	277.65	2025-11-08 13:00:59.394
4805	1	42	748	8.000	65.96	527.68	2025-11-08 13:00:59.406
4806	1	42	749	2.000	391.96	783.92	2025-11-08 13:00:59.495
4807	1	42	750	3.000	98.69	296.07	2025-11-08 13:00:59.582
4808	1	42	751	1.000	112.82	112.82	2025-11-08 13:00:59.592
4809	1	42	188	8.000	135.56	1084.48	2025-11-08 13:00:59.602
4810	1	42	755	1.000	124.78	124.78	2025-11-08 13:00:59.691
4811	1	42	753	1.000	94.86	94.86	2025-11-08 13:00:59.701
4812	1	42	196	35.000	253.13	8859.54	2025-11-08 13:00:59.783
4813	1	42	191	10.000	115.49	1154.89	2025-11-08 13:00:59.798
4814	1	42	208	10.000	82.54	825.40	2025-11-08 13:00:59.809
4815	1	42	206	12.000	98.91	1186.89	2025-11-08 13:00:59.894
4816	1	42	205	12.000	66.83	801.99	2025-11-08 13:00:59.987
4817	1	42	190	21.000	71.29	1497.03	2025-11-08 13:00:59.998
4818	1	42	761	1.000	145.83	145.83	2025-11-08 13:01:00.086
4819	1	42	762	1.000	115.20	115.20	2025-11-08 13:01:00.188
4820	1	42	216	2.000	144.39	288.78	2025-11-08 13:01:00.198
4821	1	42	756	7.000	256.99	1798.95	2025-11-08 13:01:00.293
4822	1	42	195	10.000	256.99	2569.92	2025-11-08 13:01:00.303
4823	1	42	219	2.000	267.21	534.41	2025-11-08 13:01:00.39
4824	1	42	760	2.000	332.25	664.49	2025-11-08 13:01:00.582
4825	1	42	764	1.000	151.96	151.96	2025-11-08 13:01:00.689
4826	1	42	234	1.000	50.32	50.32	2025-11-08 13:01:00.792
4827	1	42	763	11.000	40.90	449.90	2025-11-08 13:01:00.89
4828	1	42	202	5.000	104.24	521.21	2025-11-08 13:01:00.899
4829	1	42	752	1.000	164.85	164.85	2025-11-08 13:01:00.986
4830	1	42	758	5.000	56.45	282.25	2025-11-08 13:01:00.994
4831	1	42	405	1.000	151.48	151.48	2025-11-08 13:01:01.086
4832	1	42	404	24.000	91.63	2199.21	2025-11-08 13:01:01.094
4833	1	42	792	1.000	161.59	161.59	2025-11-08 13:01:01.104
4834	1	42	397	10.000	96.63	966.30	2025-11-08 13:01:01.186
4835	1	42	791	1.000	91.26	91.26	2025-11-08 13:01:01.196
4836	1	42	393	16.000	151.51	2424.23	2025-11-08 13:01:01.206
4837	1	42	788	1.000	52.10	52.10	2025-11-08 13:01:01.29
4838	1	42	394	15.000	91.01	1365.22	2025-11-08 13:01:01.299
4839	1	42	780	1.000	71.75	71.75	2025-11-08 13:01:01.308
4840	1	42	766	2.000	56.47	112.94	2025-11-08 13:01:01.39
4841	1	42	768	2.000	86.34	172.68	2025-11-08 13:01:01.398
4842	1	42	781	2.000	88.14	176.27	2025-11-08 13:01:01.406
4843	1	42	382	12.000	111.98	1343.81	2025-11-08 13:01:01.491
4844	1	42	789	1.000	92.10	92.10	2025-11-08 13:01:01.499
4845	1	42	383	2.000	120.04	240.07	2025-11-08 13:01:01.508
4846	1	42	767	4.000	66.46	265.84	2025-11-08 13:01:01.587
4847	1	42	384	3.000	181.81	545.43	2025-11-08 13:01:01.596
4848	1	42	385	6.000	108.20	649.18	2025-11-08 13:01:01.685
4849	1	42	386	2.000	191.91	383.81	2025-11-08 13:01:01.696
4850	1	42	770	5.000	152.06	760.30	2025-11-08 13:01:01.783
4851	1	42	387	3.000	99.95	299.84	2025-11-08 13:01:01.792
4852	1	42	389	12.000	81.21	974.55	2025-11-08 13:01:01.802
4853	1	42	390	10.000	81.15	811.52	2025-11-08 13:01:01.886
4854	1	42	773	4.000	139.90	559.60	2025-11-08 13:01:01.896
4855	1	42	774	34.000	96.48	3280.21	2025-11-08 13:01:01.983
4856	1	42	775	9.000	131.67	1184.99	2025-11-08 13:01:01.995
4857	1	42	776	5.000	74.99	374.93	2025-11-08 13:01:02.007
4858	1	42	777	2.000	191.94	383.87	2025-11-08 13:01:02.09
4859	1	42	778	3.000	141.40	424.19	2025-11-08 13:01:02.099
4860	1	42	779	1.000	120.98	120.98	2025-11-08 13:01:02.108
4861	1	42	395	6.000	77.87	467.21	2025-11-08 13:01:02.188
4862	1	42	396	18.000	60.89	1095.93	2025-11-08 13:01:02.198
4863	1	42	782	1.000	91.42	91.42	2025-11-08 13:01:02.283
4864	1	42	783	1.000	109.90	109.90	2025-11-08 13:01:02.293
4865	1	42	784	5.000	141.06	705.28	2025-11-08 13:01:02.303
4866	1	42	785	1.000	61.38	61.38	2025-11-08 13:01:02.387
4867	1	42	398	6.000	121.00	725.98	2025-11-08 13:01:02.396
4868	1	42	399	14.000	71.56	1001.77	2025-11-08 13:01:02.405
4869	1	42	787	1.000	111.10	111.10	2025-11-08 13:01:02.491
4870	1	42	401	12.000	107.71	1292.53	2025-11-08 13:01:02.501
4871	1	42	406	8.000	81.62	652.98	2025-11-08 13:01:02.51
4872	1	42	793	3.000	252.30	756.89	2025-11-08 13:01:02.589
4873	1	42	409	5.000	91.88	459.40	2025-11-08 13:01:02.599
4874	1	42	794	1.000	71.65	71.65	2025-11-08 13:01:02.608
4875	1	42	795	1.000	131.40	131.40	2025-11-08 13:01:02.689
4876	1	42	796	3.000	111.15	333.45	2025-11-08 13:01:02.699
4877	1	42	797	6.000	111.32	667.92	2025-11-08 13:01:02.785
4878	1	42	412	4.000	111.65	446.60	2025-11-08 13:01:02.797
4879	1	42	413	17.000	81.51	1385.75	2025-11-08 13:01:02.887
4880	1	42	415	9.000	131.74	1185.68	2025-11-08 13:01:02.898
4881	1	42	800	10.000	121.00	1210.03	2025-11-08 13:01:02.907
4882	1	42	769	1.000	0.10	0.10	2025-11-08 13:01:02.989
4883	1	42	391	1.000	84.77	84.77	2025-11-08 13:01:03
4884	1	42	790	1.000	131.20	131.20	2025-11-08 13:01:03.01
4885	1	42	400	16.000	81.61	1305.76	2025-11-08 13:01:03.091
4886	1	42	786	11.000	90.99	1000.90	2025-11-08 13:01:03.101
4887	1	42	408	11.000	146.48	1611.31	2025-11-08 13:01:03.19
4888	1	42	407	19.000	101.33	1925.30	2025-11-08 13:01:03.202
4889	1	42	799	3.000	131.29	393.88	2025-11-08 13:01:03.213
4890	1	42	416	13.000	75.03	975.39	2025-11-08 13:01:03.292
4891	1	42	801	2.000	74.56	149.12	2025-11-08 13:01:03.304
4892	1	42	802	1.000	43.76	43.76	2025-11-08 13:01:03.384
4893	1	42	803	1.000	114.16	114.16	2025-11-08 13:01:03.396
4894	1	42	237	3.000	78.40	235.20	2025-11-08 13:01:03.483
4895	1	42	807	3.000	108.66	325.98	2025-11-08 13:01:03.494
4896	1	42	240	6.000	88.97	533.79	2025-11-08 13:01:03.589
4897	1	42	813	2.000	58.51	117.02	2025-11-08 13:01:03.603
4898	1	42	817	3.000	68.76	206.28	2025-11-08 13:01:03.689
4899	1	42	804	4.000	88.95	355.81	2025-11-08 13:01:03.702
4900	1	42	820	5.000	128.61	643.03	2025-11-08 13:01:03.786
4901	1	42	808	2.000	108.42	216.84	2025-11-08 13:01:03.796
4902	1	42	239	6.000	68.30	409.80	2025-11-08 13:01:03.883
4903	1	42	241	4.000	53.94	215.74	2025-11-08 13:01:03.894
4904	1	42	805	4.000	69.03	276.11	2025-11-08 13:01:03.984
4905	1	42	263	7.000	98.63	690.39	2025-11-08 13:01:03.994
4906	1	42	268	3.000	69.35	208.05	2025-11-08 13:01:04.003
4907	1	42	810	1.000	53.60	53.60	2025-11-08 13:01:04.088
4908	1	42	244	1.000	43.41	43.41	2025-11-08 13:01:04.097
4909	1	42	265	6.000	48.42	290.49	2025-11-08 13:01:04.106
4910	1	42	819	10.000	98.43	984.30	2025-11-08 13:01:04.189
4911	1	42	247	5.000	43.71	218.54	2025-11-08 13:01:04.25
4912	1	42	266	11.000	39.01	429.15	2025-11-08 13:01:04.283
4913	1	42	273	2.000	48.76	97.52	2025-11-08 13:01:04.296
4914	1	42	278	9.000	88.68	798.15	2025-11-08 13:01:04.384
4915	1	42	250	1.000	228.75	228.75	2025-11-08 13:01:04.397
4916	1	42	260	14.000	68.80	963.17	2025-11-08 13:01:04.488
4917	1	42	236	4.000	138.71	554.85	2025-11-08 13:01:04.5
4918	1	42	252	5.000	241.70	1208.50	2025-11-08 13:01:04.583
4919	1	42	274	2.000	108.52	217.03	2025-11-08 13:01:04.596
4920	1	42	809	2.000	138.60	277.20	2025-11-08 13:01:04.691
4921	1	42	818	2.000	83.73	167.45	2025-11-08 13:01:04.713
4922	1	42	251	8.000	43.79	350.32	2025-11-08 13:01:04.789
4923	1	42	821	3.000	47.99	143.97	2025-11-08 13:01:04.883
4924	1	42	824	1.000	56.69	56.69	2025-11-08 13:01:04.895
4925	1	42	822	2.000	94.25	188.50	2025-11-08 13:01:04.906
4926	1	42	825	4.000	84.25	337.00	2025-11-08 13:01:04.989
4927	1	42	823	10.000	99.25	992.50	2025-11-08 13:01:05.087
4928	1	42	830	1.000	128.44	128.44	2025-11-08 13:01:05.105
4929	1	42	831	3.000	114.24	342.72	2025-11-08 13:01:05.182
4930	1	42	833	14.000	73.87	1034.13	2025-11-08 13:01:05.195
4931	1	42	834	2.000	57.22	114.44	2025-11-08 13:01:05.284
4932	1	42	832	1.000	83.83	83.83	2025-11-08 13:01:05.384
4933	1	42	829	2.000	69.22	138.44	2025-11-08 13:01:05.401
4934	1	42	827	2.000	138.90	277.79	2025-11-08 13:01:05.484
4935	1	42	826	3.000	83.95	251.84	2025-11-08 13:01:05.495
4936	1	42	828	1.000	88.83	88.83	2025-11-08 13:01:05.582
4937	1	42	418	6.000	43.25	259.48	2025-11-08 13:01:05.593
4938	1	42	419	9.000	52.00	468.00	2025-11-08 13:01:05.604
4939	1	42	420	6.000	88.31	529.86	2025-11-08 13:01:05.687
4940	1	42	835	1.000	60.07	60.07	2025-11-08 13:01:05.698
4941	1	42	836	3.000	81.00	243.00	2025-11-08 13:01:05.788
4942	1	42	421	7.000	69.14	483.97	2025-11-08 13:01:05.799
4943	1	42	837	6.000	107.92	647.53	2025-11-08 13:01:05.886
4944	1	42	838	10.000	72.63	726.34	2025-11-08 13:01:05.898
4945	1	42	839	1.000	66.36	66.36	2025-11-08 13:01:05.984
4946	1	42	422	1.000	47.45	47.45	2025-11-08 13:01:05.994
4947	1	42	423	4.000	73.78	295.12	2025-11-08 13:01:06.004
4948	1	42	425	9.000	52.00	468.00	2025-11-08 13:01:06.091
4949	1	42	426	4.000	92.96	371.84	2025-11-08 13:01:06.103
4950	1	42	431	9.000	60.75	546.72	2025-11-08 13:01:06.188
4951	1	42	432	4.000	93.63	374.52	2025-11-08 13:01:06.197
4952	1	42	840	2.000	92.00	184.00	2025-11-08 13:01:06.287
4953	1	42	841	3.000	105.07	315.21	2025-11-08 13:01:06.298
4954	1	42	434	1.000	81.90	81.90	2025-11-08 13:01:06.381
4955	1	42	435	7.000	57.19	400.34	2025-11-08 13:01:06.393
4956	1	42	842	6.000	63.55	381.27	2025-11-08 13:01:06.402
4957	1	42	843	2.000	50.07	100.14	2025-11-08 13:01:06.484
4958	1	42	844	5.000	60.07	300.35	2025-11-08 13:01:06.493
4959	1	42	846	3.000	75.07	225.21	2025-11-08 13:01:06.503
4960	1	42	847	2.000	105.76	211.52	2025-11-08 13:01:06.587
4961	1	42	848	2.000	97.82	195.64	2025-11-08 13:01:06.6
4962	1	42	849	3.000	93.69	281.07	2025-11-08 13:01:06.691
4963	1	42	851	1.000	130.66	130.66	2025-11-08 13:01:06.701
4964	1	42	853	2.000	68.75	137.49	2025-11-08 13:01:06.79
4965	1	42	854	1.000	241.69	241.69	2025-11-08 13:01:06.8
4966	1	42	855	6.000	89.15	534.87	2025-11-08 13:01:06.888
4967	1	42	450	7.000	146.21	1023.47	2025-11-08 13:01:06.899
4968	1	42	857	1.000	74.18	74.18	2025-11-08 13:01:06.984
4969	1	42	858	4.000	75.07	300.28	2025-11-08 13:01:06.995
4970	1	42	457	1.000	75.07	75.07	2025-11-08 13:01:07.008
4971	1	42	860	1.000	129.55	129.55	2025-11-08 13:01:07.088
4972	1	42	856	4.000	46.99	187.96	2025-11-08 13:01:07.1
4973	1	42	459	1.000	0.10	0.10	2025-11-08 13:01:07.189
4974	1	42	462	7.000	46.16	323.10	2025-11-08 13:01:07.21
4975	1	42	463	3.000	90.64	271.92	2025-11-08 13:01:07.289
4976	1	42	464	5.000	108.19	540.97	2025-11-08 13:01:07.3
4977	1	42	465	2.000	63.25	126.50	2025-11-08 13:01:07.383
4978	1	42	467	7.000	59.19	414.33	2025-11-08 13:01:07.394
4979	1	42	862	1.000	149.67	149.67	2025-11-08 13:01:07.488
4980	1	42	472	6.000	411.38	2468.26	2025-11-08 13:01:07.5
4981	1	42	475	2.000	153.17	306.34	2025-11-08 13:01:07.591
4982	1	42	477	2.000	46.50	92.99	2025-11-08 13:01:07.604
4983	1	42	865	5.000	88.67	443.35	2025-11-08 13:01:07.691
4984	1	42	478	7.000	58.72	411.01	2025-11-08 13:01:07.703
4985	1	42	481	6.000	54.38	326.29	2025-11-08 13:01:07.79
4986	1	42	484	6.000	49.37	296.19	2025-11-08 13:01:07.883
4987	1	42	487	13.000	254.12	3303.56	2025-11-08 13:01:07.893
4988	1	42	488	4.000	389.29	1557.14	2025-11-08 13:01:07.905
4989	1	42	869	5.000	178.69	893.43	2025-11-08 13:01:07.989
4990	1	42	489	16.000	150.52	2408.35	2025-11-08 13:01:08
4991	1	42	872	3.000	119.40	358.20	2025-11-08 13:01:08.09
4992	1	42	873	9.000	74.38	669.40	2025-11-08 13:01:08.102
4993	1	42	495	2.000	227.90	455.79	2025-11-08 13:01:08.19
4994	1	42	497	2.000	178.69	357.38	2025-11-08 13:01:08.2
4995	1	42	498	2.000	253.23	506.46	2025-11-08 13:01:08.289
4996	1	42	875	2.000	260.39	520.77	2025-11-08 13:01:08.301
4997	1	42	500	3.000	252.76	758.29	2025-11-08 13:01:08.389
4998	1	42	877	1.000	109.23	109.23	2025-11-08 13:01:08.4
4999	1	42	501	1.000	228.69	228.69	2025-11-08 13:01:08.484
5000	1	42	502	1.000	74.34	74.34	2025-11-08 13:01:08.494
5001	1	42	879	1.000	153.57	153.57	2025-11-08 13:01:08.503
5002	1	42	881	2.000	94.15	188.30	2025-11-08 13:01:08.587
5003	1	42	882	1.000	144.64	144.64	2025-11-08 13:01:08.598
5004	1	42	883	9.000	79.26	713.33	2025-11-08 13:01:08.685
5005	1	42	490	1.000	126.97	126.97	2025-11-08 13:01:08.696
5006	1	42	880	1.000	139.57	139.57	2025-11-08 13:01:08.784
5007	1	42	861	1.000	86.04	86.04	2025-11-08 13:01:08.797
5008	1	42	863	5.000	390.21	1951.03	2025-11-08 13:01:08.885
5009	1	42	476	8.000	140.74	1125.95	2025-11-08 13:01:08.896
5010	1	42	866	2.000	188.28	376.56	2025-11-08 13:01:08.983
5011	1	42	867	1.000	79.20	79.20	2025-11-08 13:01:09
5012	1	42	868	1.000	103.28	103.28	2025-11-08 13:01:09.085
5013	1	42	870	11.000	108.28	1191.08	2025-11-08 13:01:09.099
5014	1	42	871	3.000	73.28	219.84	2025-11-08 13:01:09.184
5015	1	42	874	1.000	350.38	350.38	2025-11-08 13:01:09.197
5016	1	42	878	7.000	391.96	2743.72	2025-11-08 13:01:09.283
5017	1	42	305	21.000	62.22	1306.62	2025-11-08 13:01:09.296
5018	1	42	291	34.000	40.95	1392.30	2025-11-08 13:01:09.382
4184	1	38	1965	4.000	344.00	1376.00	2025-11-08 12:56:03.2
7621	1	57	457	3.000	76.96	230.88	2025-11-10 08:14:43.903
7622	1	57	458	1.000	148.70	148.70	2025-11-10 08:14:43.985
7623	1	57	289	6.000	76.99	461.94	2025-11-10 08:14:43.994
7624	1	57	460	5.000	56.99	284.95	2025-11-10 08:14:44.004
4177	1	38	694	9.000	402.46	3622.17	2025-11-08 12:56:02.904
7625	1	57	461	17.000	78.96	1342.37	2025-11-10 08:14:44.087
7626	1	57	456	4.000	44.55	178.18	2025-11-10 08:14:44.096
7627	1	57	445	1.000	47.93	47.93	2025-11-10 08:14:44.105
7628	1	57	443	1.000	79.19	79.19	2025-11-10 08:14:44.182
7630	1	57	440	4.000	242.05	968.20	2025-11-10 08:14:44.202
7632	1	57	430	3.000	47.93	143.79	2025-11-10 08:14:44.295
7633	1	57	429	1.000	85.43	85.43	2025-11-10 08:14:44.306
7634	1	57	428	1.000	141.69	141.69	2025-11-10 08:14:44.315
7635	1	57	453	9.000	89.50	805.50	2025-11-10 08:14:44.391
7636	1	57	459	1.000	0.10	0.10	2025-11-10 08:14:44.401
7638	1	57	463	4.000	90.11	360.42	2025-11-10 08:14:44.492
7639	1	57	464	9.000	109.29	983.58	2025-11-10 08:14:44.502
7641	1	57	470	2.000	104.42	208.83	2025-11-10 08:14:44.59
7642	1	57	466	6.000	248.91	1493.46	2025-11-10 08:14:44.602
7643	1	57	467	5.000	55.24	276.18	2025-11-10 08:14:44.689
7644	1	57	468	22.000	169.66	3732.53	2025-11-10 08:14:44.71
7645	1	57	469	2.000	55.12	110.24	2025-11-10 08:14:44.789
7646	1	57	471	35.000	278.82	9758.83	2025-11-10 08:14:44.8
7647	1	57	472	1.000	429.18	429.18	2025-11-10 08:14:44.887
7648	1	57	475	4.000	154.55	618.21	2025-11-10 08:14:44.901
7650	1	57	478	6.000	59.76	358.54	2025-11-10 08:14:44.998
7651	1	57	481	99.000	54.20	5366.06	2025-11-10 08:14:45.008
7652	1	57	484	10.000	49.20	491.99	2025-11-10 08:14:45.091
7654	1	57	487	12.000	254.18	3050.18	2025-11-10 08:14:45.113
4181	1	38	297	3.000	182.71	548.12	2025-11-08 12:56:03.096
4119	1	38	295	10.000	515.47	5154.72	2025-11-08 12:56:00.887
4178	1	38	300	2.000	342.69	685.38	2025-11-08 12:56:02.993
7655	1	57	488	11.000	389.20	4281.17	2025-11-10 08:14:45.195
7656	1	57	489	3.000	150.10	450.29	2025-11-10 08:14:45.206
14266	1	85	1969	0.000	84.19	252.58	2025-12-08 12:18:11.495
3865	1	21	305	3.000	62.22	186.66	2025-11-06 08:43:40.685
4173	1	38	687	1.000	612.80	612.80	2025-11-08 12:56:02.798
7659	1	57	495	2.000	228.86	457.72	2025-11-10 08:14:45.304
7660	1	57	497	12.000	179.09	2149.11	2025-11-10 08:14:45.384
7661	1	57	498	12.000	253.78	3045.31	2025-11-10 08:14:45.395
7662	1	57	500	7.000	253.82	1776.72	2025-11-10 08:14:45.407
7663	1	57	501	1.000	229.29	229.29	2025-11-10 08:14:45.485
4127	1	38	1973	3.000	535.20	1605.60	2025-11-08 12:56:01.189
3953	1	37	62	32.000	74.43	2381.86	2025-11-08 17:46:51.687
4141	1	38	1953	27.000	117.82	3181.19	2025-11-08 12:56:01.703
7640	1	57	465	3.000	64.38	257.50	2025-11-10 08:14:44.512
3888	1	37	65	5.000	77.80	389.00	2025-11-08 17:46:50.305
7631	1	57	437	5.000	49.18	245.90	2025-11-13 11:45:45.993
7658	1	57	492	0.000	59.96	179.87	2025-11-10 08:14:45.294
14247	1	85	1967	0.000	99.19	3670.21	2025-12-08 12:18:11.088
7649	1	57	477	88.000	44.42	3997.68	2025-11-10 08:14:44.988
7620	1	57	455	34.000	83.36	2917.53	2025-11-10 08:14:43.893
9392	1	69	94	0.000	703.31	703.31	2025-11-22 10:03:29.677
4160	1	38	1957	15.000	352.44	5286.62	2025-11-08 12:56:02.382
4157	1	38	1954	20.000	76.51	1530.27	2025-11-08 12:56:02.286
4143	1	38	1952	23.000	530.36	12198.20	2025-11-08 12:56:01.796
4111	1	38	1951	6.000	889.68	5338.09	2025-11-08 12:56:00.29
4163	1	38	1960	3.000	290.92	872.75	2025-11-08 12:56:02.489
4109	1	38	2262	5.000	137.93	689.66	2025-11-08 12:56:00.198
4162	1	38	1959	2.000	370.44	740.88	2025-11-08 12:56:02.411
4167	1	38	1966	2.000	322.78	645.57	2025-11-08 12:56:02.594
4168	1	38	1961	2.000	450.76	901.52	2025-11-08 12:56:02.611
4120	1	38	1964	2.000	495.31	990.63	2025-11-08 12:56:00.896
4176	1	38	1967	32.000	371.12	11875.94	2025-11-08 12:56:02.895
4124	1	38	693	6.000	309.63	1857.78	2025-11-08 12:56:01.088
4123	1	38	1974	3.000	611.68	1835.04	2025-11-08 12:56:01.004
4152	1	38	322	14.000	455.49	6376.82	2025-11-08 12:56:02.093
4155	1	38	1972	9.000	229.12	2062.06	2025-11-08 12:56:02.191
4150	1	38	1977	8.000	283.20	2265.59	2025-11-08 12:56:02.002
4129	1	38	1976	3.000	425.00	1275.00	2025-11-08 12:56:01.209
4121	1	38	1968	2.000	343.52	687.05	2025-11-08 12:56:00.988
4149	1	38	1969	3.000	306.60	919.81	2025-11-08 12:56:01.994
4137	1	38	1970	16.000	211.16	3378.51	2025-11-08 12:56:01.599
4144	1	38	689	40.000	284.04	11361.78	2025-11-08 12:56:01.805
4112	1	38	1962	2.000	489.63	979.25	2025-11-08 12:56:00.299
4164	1	38	1979	1.000	290.36	290.36	2025-11-08 12:56:02.499
7664	1	57	506	11.000	49.42	543.65	2025-11-10 08:14:45.496
7665	1	57	507	5.000	69.14	345.72	2025-11-10 08:14:45.506
4410	1	40	561	10.000	155.99	1559.89	2025-11-08 12:59:05.889
7666	1	57	474	1.000	89.32	89.32	2025-11-10 08:14:45.593
4429	1	40	595	1.000	275.80	275.80	2025-11-08 12:59:06.389
7667	1	57	482	5.000	279.21	1396.03	2025-11-10 08:14:45.604
7668	1	57	493	3.000	44.21	132.63	2025-11-10 08:14:45.687
4459	1	40	560	32.000	81.51	2608.29	2025-11-08 12:59:07.107
7670	1	57	503	8.000	60.27	482.15	2025-11-10 08:14:45.788
7671	1	57	490	10.000	129.86	1298.59	2025-11-10 08:14:45.799
4142	1	38	1975	58.000	272.16	15785.45	2025-11-08 12:56:01.787
4154	1	38	1949	2.000	210.55	421.10	2025-11-08 12:56:02.181
4024	1	38	205	68.000	68.57	4662.58	2025-11-08 12:55:57.902
7672	1	57	473	25.000	280.31	7007.86	2025-11-10 08:14:45.81
4023	1	38	206	34.000	103.05	3503.73	2025-11-08 12:55:57.896
4009	1	38	188	10.000	163.87	1638.66	2025-11-08 12:55:57.583
4010	1	38	209	16.000	120.36	1925.80	2025-11-08 12:55:57.594
4017	1	38	196	70.000	266.48	18653.52	2025-11-08 12:55:57.781
4027	1	38	220	108.000	281.53	30404.96	2025-11-08 12:55:57.994
4013	1	38	223	235.000	49.00	11515.93	2025-11-08 12:55:57.686
4041	1	38	234	45.000	52.66	2369.54	2025-11-08 12:55:58.383
7673	1	57	476	13.000	140.21	1822.74	2025-11-10 08:14:45.891
7674	1	57	1988	2.000	49.79	99.58	2025-11-10 08:14:45.902
7675	1	57	480	1.000	0.10	0.10	2025-11-10 08:14:45.99
4045	1	38	231	439.000	70.59	30988.16	2025-11-08 12:55:58.481
7676	1	57	483	6.000	190.40	1142.42	2025-11-10 08:14:46.001
3973	1	38	153	7.000	544.17	3809.19	2025-11-08 12:55:56.729
4065	1	38	244	58.000	45.15	2618.42	2025-11-08 12:55:58.983
4055	1	38	237	1.000	311.44	311.44	2025-11-08 12:55:58.691
4088	1	38	251	2.000	99.56	199.11	2025-11-08 12:55:59.588
4084	1	38	274	8.000	137.37	1098.99	2025-11-08 12:55:59.483
3993	1	38	183	3.000	232.74	698.23	2025-11-08 12:55:57.104
3977	1	38	83	27.000	210.69	5688.55	2025-11-08 12:55:56.786
4113	1	38	310	15.000	173.82	2607.33	2025-11-08 12:56:00.307
7677	1	57	494	7.000	39.41	275.84	2025-11-10 08:14:46.088
4314	1	39	421	5.000	98.92	494.59	2025-11-08 12:57:58.395
8229	1	60	391	1.000	84.77	84.77	2025-11-10 08:39:56.892
4360	1	39	465	10.000	77.90	778.95	2025-11-08 12:57:59.984
4308	1	39	407	13.000	117.59	1528.69	2025-11-08 12:57:58.203
4324	1	39	433	11.000	128.13	1409.41	2025-11-08 12:57:58.7
8230	1	60	790	1.000	131.20	131.20	2025-11-10 08:39:56.904
14258	1	85	1968	0.000	159.19	318.39	2025-12-08 12:18:11.382
14261	1	85	1973	1.000	139.19	417.58	2025-12-08 12:18:11.397
8235	1	60	799	3.000	131.29	393.88	2025-11-10 08:39:57.19
8236	1	60	416	13.000	75.03	975.39	2025-11-10 08:39:57.202
8237	1	60	801	2.000	74.56	149.12	2025-11-10 08:39:57.289
8238	1	60	802	1.000	43.76	43.76	2025-11-10 08:39:57.301
8239	1	60	803	1.000	114.16	114.16	2025-11-10 08:39:57.389
8240	1	60	237	3.000	78.40	235.20	2025-11-10 08:39:57.403
8241	1	60	807	3.000	108.66	325.98	2025-11-10 08:39:57.49
8242	1	60	240	6.000	88.97	533.79	2025-11-10 08:39:57.584
8243	1	60	813	2.000	58.51	117.02	2025-11-10 08:39:57.598
8244	1	60	817	3.000	68.76	206.28	2025-11-10 08:39:57.689
8245	1	60	804	4.000	88.95	355.81	2025-11-10 08:39:57.7
8247	1	60	808	2.000	108.42	216.84	2025-11-10 08:39:57.805
8248	1	60	239	6.000	68.30	409.80	2025-11-10 08:39:57.89
8249	1	60	241	3.000	53.94	161.81	2025-11-10 08:39:57.902
8250	1	60	805	4.000	69.03	276.11	2025-11-10 08:39:57.991
8251	1	60	263	7.000	98.63	690.39	2025-11-10 08:39:58.003
8253	1	60	810	1.000	53.60	53.60	2025-11-10 08:39:58.183
8254	1	60	244	1.000	43.41	43.41	2025-11-10 08:39:58.196
8256	1	60	819	10.000	98.43	984.30	2025-11-10 08:39:58.298
8257	1	60	247	10.000	43.72	437.17	2025-11-10 08:39:58.382
8259	1	60	273	2.000	48.76	97.52	2025-11-10 08:39:58.485
8260	1	60	278	9.000	88.68	798.15	2025-11-10 08:39:58.496
8262	1	60	250	1.000	228.75	228.75	2025-11-10 08:39:58.601
8264	1	60	236	4.000	138.71	554.85	2025-11-10 08:39:58.703
8265	1	60	252	5.000	241.70	1208.50	2025-11-10 08:39:58.795
8266	1	60	274	2.000	108.52	217.03	2025-11-10 08:39:58.885
8268	1	60	818	2.000	83.73	167.45	2025-11-10 08:39:58.989
8269	1	60	251	8.000	43.79	350.32	2025-11-10 08:39:59.001
8270	1	60	821	3.000	47.99	143.97	2025-11-10 08:39:59.092
4401	1	40	514	107.000	273.22	29235.06	2025-11-08 12:59:05.686
4403	1	40	515	8.000	209.03	1672.23	2025-11-08 12:59:05.7
9360	1	69	93	17.000	232.71	3956.13	2025-11-18 09:22:24.91
4476	1	40	337	66.000	58.97	3892.21	2025-11-08 12:59:07.707
4434	1	40	535	17.000	167.31	2844.23	2025-11-08 12:59:06.496
4408	1	40	555	10.000	188.21	1882.08	2025-11-08 12:59:05.801
4462	1	40	556	17.000	145.68	2476.49	2025-11-08 12:59:07.201
8272	1	60	822	2.000	94.25	188.50	2025-11-10 08:39:59.19
4421	1	40	579	96.000	164.66	15807.64	2025-11-08 12:59:06.182
4420	1	40	589	15.000	187.96	2819.38	2025-11-08 12:59:06.103
4418	1	40	546	5.000	716.40	3581.99	2025-11-08 12:59:06.09
4419	1	40	568	25.000	63.05	1576.22	2025-11-08 12:59:06.096
4414	1	40	570	6.000	540.04	3240.22	2025-11-08 12:59:05.991
8273	1	60	825	4.000	84.25	337.00	2025-11-10 08:39:59.201
8274	1	60	823	10.000	99.25	992.50	2025-11-10 08:39:59.289
8275	1	60	830	1.000	128.44	128.44	2025-11-10 08:39:59.3
8276	1	60	831	3.000	114.24	342.72	2025-11-10 08:39:59.312
8277	1	60	833	14.000	73.87	1034.13	2025-11-10 08:39:59.393
8278	1	60	834	2.000	57.22	114.44	2025-11-10 08:39:59.405
8279	1	60	832	1.000	83.83	83.83	2025-11-10 08:39:59.491
8280	1	60	829	2.000	69.22	138.44	2025-11-10 08:39:59.505
8281	1	60	827	2.000	138.90	277.79	2025-11-10 08:39:59.592
8282	1	60	826	3.000	83.95	251.84	2025-11-10 08:39:59.604
7669	1	57	508	2.000	89.52	268.55	2025-11-10 08:14:45.702
8263	1	60	260	13.000	68.80	963.17	2025-11-10 08:39:58.69
8246	1	60	820	2.000	128.61	643.03	2025-11-10 08:39:57.793
8267	1	60	809	1.000	138.60	277.20	2025-11-10 08:39:58.899
8261	1	60	245	2.000	64.07	640.71	2025-11-10 08:39:58.589
8255	1	60	265	4.000	48.42	290.49	2025-11-10 08:39:58.286
8258	1	60	266	7.000	39.01	429.15	2025-11-10 08:39:58.397
17254	8	116	5969	0.000	139.51	0.00	2026-01-05 01:38:53.797541
5369	1	47	514	3.000	240.65	721.95	2025-11-08 13:21:30.083
5370	1	47	516	34.000	48.30	1642.03	2025-11-08 13:21:30.091
5371	1	47	153	14.000	328.87	4604.21	2025-11-08 13:21:30.184
5372	1	47	550	10.000	72.43	724.30	2025-11-08 13:21:30.192
5373	1	47	624	10.000	169.89	1698.90	2025-11-08 13:21:30.2
5374	1	47	579	17.000	143.03	2431.59	2025-11-08 13:21:30.282
5375	1	47	699	1.000	82.71	82.71	2025-11-08 13:21:30.289
5376	1	47	562	5.000	228.45	1142.25	2025-11-08 13:21:30.296
5377	1	47	529	8.000	253.87	2030.96	2025-11-08 13:21:30.302
5378	1	47	631	6.000	69.46	416.76	2025-11-08 13:21:30.309
5379	1	47	337	88.000	49.41	4348.49	2025-11-08 13:21:30.387
5380	1	47	531	35.000	50.64	1772.37	2025-11-08 13:21:30.395
5381	1	47	155	49.000	13.54	663.46	2025-11-08 13:23:49.395
5382	1	47	704	2.000	168.31	336.62	2025-11-08 13:23:49.402
5383	1	47	707	39.000	159.93	6237.44	2025-11-08 13:23:49.409
5384	1	47	93	6.000	151.94	911.64	2025-11-08 13:23:49.489
5385	1	47	79	10.000	65.75	657.53	2025-11-08 13:23:49.495
5386	1	47	144	7.000	95.14	666.00	2025-11-08 13:23:49.501
5387	1	47	75	1.000	111.15	111.15	2025-11-08 13:23:49.508
5388	1	47	84	9.000	55.73	501.57	2025-11-08 13:23:49.589
5389	1	47	86	3.000	55.17	165.51	2025-11-08 13:23:49.596
5390	1	47	87	12.000	68.97	827.58	2025-11-08 13:23:49.603
5391	1	47	140	7.000	134.64	942.46	2025-11-08 13:23:49.685
5392	1	47	57	11.000	179.55	1975.07	2025-11-08 13:23:49.691
5393	1	47	56	15.000	98.08	1471.23	2025-11-08 13:23:49.698
5394	1	47	55	12.000	110.68	1328.16	2025-11-08 13:23:49.705
5395	1	47	700	27.000	70.19	1895.21	2025-11-08 13:23:49.784
5396	1	47	52	4.000	63.30	253.20	2025-11-08 13:23:49.792
5397	1	47	53	3.000	79.91	239.73	2025-11-08 13:23:49.8
5398	1	47	100	1.000	156.68	156.68	2025-11-08 13:23:49.807
5399	1	47	138	21.000	110.32	2316.75	2025-11-08 13:23:49.889
5400	1	47	141	2.000	44.45	88.89	2025-11-08 13:23:49.896
5401	1	47	120	3.000	110.10	330.29	2025-11-08 13:23:49.903
5402	1	47	105	7.000	94.11	658.77	2025-11-08 13:23:49.985
5403	1	47	73	3.000	194.42	583.26	2025-11-08 13:23:49.993
5404	1	47	74	11.000	79.67	876.32	2025-11-08 13:23:50
5405	1	47	102	2.000	99.69	199.38	2025-11-08 13:23:50.007
5406	1	47	66	1.000	80.16	80.16	2025-11-08 13:23:50.014
5407	1	47	107	5.000	75.09	375.43	2025-11-08 13:23:50.085
5408	1	47	76	7.000	89.68	627.74	2025-11-08 13:23:50.189
5409	1	47	149	5.000	80.88	404.42	2025-11-08 13:23:50.196
5410	1	47	151	7.000	102.83	719.84	2025-11-08 13:23:50.286
5411	1	47	60	7.000	109.69	767.83	2025-11-08 13:23:50.293
5412	1	47	70	10.000	120.09	1200.93	2025-11-08 13:23:50.3
5413	1	47	703	1.000	69.53	69.53	2025-11-08 13:23:50.307
5414	1	47	83	12.000	150.48	1805.76	2025-11-08 13:23:50.383
5415	1	47	92	10.000	150.32	1503.20	2025-11-08 13:23:50.39
5416	1	47	139	12.000	112.78	1353.36	2025-11-08 13:23:50.396
5417	1	47	54	8.000	74.71	597.69	2025-11-08 13:23:50.403
5418	1	47	91	5.000	56.04	280.22	2025-11-08 13:23:50.409
5419	1	47	114	3.000	101.33	304.00	2025-11-08 13:23:50.483
5420	1	47	142	16.000	85.12	1361.90	2025-11-08 13:23:50.492
5421	1	47	71	56.000	46.86	2624.01	2025-11-08 13:23:50.684
5422	1	47	85	7.000	74.91	524.35	2025-11-08 13:23:50.785
5423	1	47	103	1.000	59.45	59.45	2025-11-08 13:23:50.887
5424	1	47	109	6.000	84.36	506.13	2025-11-08 13:23:50.894
5425	1	47	113	12.000	69.08	828.90	2025-11-08 13:23:50.984
5426	1	47	123	10.000	59.56	595.60	2025-11-08 13:23:50.991
5427	1	47	58	12.000	79.80	957.60	2025-11-08 13:23:50.998
5428	1	47	81	7.000	74.18	519.23	2025-11-08 13:23:51.004
5429	1	47	67	15.000	69.76	1046.40	2025-11-08 13:23:51.084
5430	1	47	143	5.000	54.83	274.15	2025-11-08 13:23:51.091
5431	1	47	63	16.000	44.65	714.38	2025-11-08 13:23:51.098
5432	1	47	95	8.000	369.57	2956.57	2025-11-08 13:23:51.105
5433	1	47	104	2.000	166.59	333.18	2025-11-08 13:23:51.188
5434	1	47	706	2.000	370.43	740.85	2025-11-08 13:23:51.195
5435	1	47	96	8.000	179.51	1436.05	2025-11-08 13:23:51.203
5436	1	47	145	2.000	242.25	484.49	2025-11-08 13:23:51.288
5437	1	47	131	4.000	205.89	823.54	2025-11-08 13:23:51.296
5438	1	47	119	2.000	280.26	560.52	2025-11-08 13:23:51.303
5439	1	47	99	4.000	191.59	766.36	2025-11-08 13:23:51.309
5440	1	47	601	5.000	83.90	419.50	2025-11-08 13:31:02.489
5441	1	47	653	16.000	72.79	1164.64	2025-11-08 13:31:02.497
5442	1	47	709	1.000	166.09	166.09	2025-11-08 13:31:02.505
5443	1	47	711	2.000	95.73	191.46	2025-11-08 13:31:02.588
5444	1	47	714	4.000	120.79	483.15	2025-11-08 13:31:02.599
5445	1	47	715	2.000	90.25	180.50	2025-11-08 13:31:02.685
5446	1	47	710	1.000	70.38	70.38	2025-11-08 13:31:02.692
5447	1	47	712	2.000	205.75	411.50	2025-11-08 13:31:02.699
5448	1	47	713	1.000	95.44	95.44	2025-11-08 13:31:02.707
5449	1	47	716	3.000	112.03	336.09	2025-11-08 13:31:02.714
5450	1	47	717	16.000	105.21	1683.36	2025-11-08 13:31:02.793
5451	1	47	751	1.000	112.82	112.81	2025-11-08 13:31:02.801
5452	1	47	801	2.000	74.56	149.12	2025-11-08 13:31:02.886
5453	1	47	802	1.000	43.76	43.76	2025-11-08 13:31:02.896
5454	1	47	803	1.000	114.16	114.16	2025-11-08 13:31:02.905
5455	1	47	743	2.000	397.02	794.04	2025-11-08 13:31:02.915
5456	1	47	741	8.000	64.84	518.72	2025-11-08 13:31:02.983
5457	1	47	746	1.000	134.44	134.44	2025-11-08 13:31:02.992
5458	1	47	747	1.000	61.59	61.59	2025-11-08 13:31:03.001
5459	1	47	742	6.000	171.34	1028.04	2025-11-08 13:31:03.086
5460	1	47	744	1.000	230.86	230.86	2025-11-08 13:31:03.095
5461	1	47	745	5.000	55.53	277.65	2025-11-08 13:31:03.102
5462	1	47	748	8.000	65.96	527.68	2025-11-08 13:31:03.186
5463	1	47	749	2.000	391.96	783.92	2025-11-08 13:31:03.193
5464	1	47	750	3.000	98.69	296.07	2025-11-08 13:31:03.201
5465	1	47	372	103.000	58.82	6058.46	2025-11-08 13:42:20.105
5466	1	47	356	16.000	46.84	749.44	2025-11-08 13:42:20.192
5467	1	47	341	22.000	98.90	2175.80	2025-11-08 13:42:20.202
5468	1	47	718	1.000	38.31	38.31	2025-11-08 13:42:20.286
5469	1	47	725	5.000	85.78	428.90	2025-11-08 13:43:39.191
5470	1	47	175	7.000	95.78	670.47	2025-11-08 13:43:39.198
5471	1	47	185	9.000	80.75	726.73	2025-11-08 13:43:39.206
5472	1	47	728	1.000	51.83	51.83	2025-11-08 13:43:39.289
5473	1	47	184	4.000	105.71	422.83	2025-11-08 13:43:39.296
5474	1	47	732	1.000	120.72	120.72	2025-11-08 13:43:39.303
5475	1	47	158	9.000	65.70	591.28	2025-11-08 13:43:39.384
5476	1	47	719	1.000	75.77	75.77	2025-11-08 13:43:39.398
5477	1	47	167	4.000	79.32	317.28	2025-11-08 13:43:39.407
5478	1	47	726	3.000	75.76	227.28	2025-11-08 13:43:39.415
5479	1	47	171	2.000	50.84	101.68	2025-11-08 13:43:39.492
5480	1	47	160	7.000	98.69	690.84	2025-11-08 13:43:39.499
5481	1	47	735	2.000	115.68	231.35	2025-11-08 13:43:39.507
5482	1	47	727	2.000	150.74	301.48	2025-11-08 13:43:39.587
5483	1	47	730	3.000	152.72	458.16	2025-11-08 13:43:39.594
5484	1	47	169	2.000	105.58	211.16	2025-11-08 13:43:39.6
5485	1	47	165	8.000	130.80	1046.43	2025-11-08 13:43:39.684
5486	1	47	162	3.000	170.48	511.44	2025-11-08 13:43:39.788
5487	1	47	183	2.000	130.82	261.64	2025-11-08 13:43:39.986
5488	1	47	182	4.000	126.34	505.36	2025-11-08 13:43:40.389
5489	1	47	172	7.000	105.63	739.43	2025-11-08 13:43:40.589
5490	1	47	159	7.000	65.63	459.39	2025-11-08 13:43:40.789
5491	1	47	723	12.000	45.87	550.42	2025-11-08 13:43:41.088
5492	1	47	724	6.000	55.85	335.08	2025-11-08 13:43:41.286
5493	1	47	170	10.000	70.78	707.80	2025-11-08 13:43:41.296
5494	1	47	176	12.000	55.85	670.23	2025-11-08 13:43:41.386
5495	1	47	734	2.000	65.80	131.60	2025-11-08 13:43:41.394
5496	1	47	729	4.000	55.81	223.23	2025-11-08 13:43:41.402
5497	1	47	720	4.000	71.06	284.24	2025-11-08 13:43:41.485
5498	1	47	168	11.000	70.52	775.72	2025-11-08 13:43:41.492
5499	1	47	738	3.000	60.91	182.73	2025-11-08 13:43:41.499
5500	1	47	740	5.000	90.52	452.61	2025-11-08 13:43:41.506
5501	1	47	164	9.000	75.78	682.02	2025-11-08 13:43:41.589
5502	1	47	161	1.000	79.81	79.81	2025-11-08 13:43:41.599
5503	1	47	731	6.000	93.75	562.52	2025-11-08 13:43:41.689
5504	1	47	733	1.000	102.78	102.78	2025-11-08 13:43:41.698
5505	1	47	157	6.000	50.87	305.22	2025-11-08 13:43:41.789
5506	1	47	722	3.000	45.81	137.43	2025-11-08 13:43:41.799
5507	1	47	178	2.000	205.55	411.09	2025-11-08 13:43:41.888
5508	1	47	737	1.000	280.66	280.66	2025-11-08 13:43:41.898
5509	1	47	180	3.000	280.50	841.50	2025-11-08 13:43:41.906
5510	1	47	188	8.000	135.56	1084.48	2025-11-08 13:50:48.76
5511	1	47	755	1.000	124.78	124.78	2025-11-08 13:50:48.784
5512	1	47	753	1.000	94.86	94.86	2025-11-08 13:50:48.792
5513	1	47	196	35.000	253.13	8859.54	2025-11-08 13:50:48.801
5514	1	47	191	10.000	115.49	1154.89	2025-11-08 13:50:48.809
5515	1	47	208	10.000	82.54	825.40	2025-11-08 13:50:48.888
5516	1	47	206	12.000	98.91	1186.89	2025-11-08 13:50:48.897
5517	1	47	205	12.000	66.83	801.99	2025-11-08 13:50:48.917
5518	1	47	190	21.000	71.29	1497.03	2025-11-08 13:50:48.993
5519	1	47	761	1.000	145.83	145.83	2025-11-08 13:50:49.002
5520	1	47	762	1.000	115.20	115.20	2025-11-08 13:50:49.01
5521	1	47	216	2.000	144.39	288.78	2025-11-08 13:50:49.089
5522	1	47	756	7.000	256.99	1798.95	2025-11-08 13:50:49.097
5523	1	47	195	10.000	256.99	2569.92	2025-11-08 13:50:49.105
5524	1	47	219	2.000	267.21	534.41	2025-11-08 13:50:49.113
5525	1	47	760	2.000	332.25	664.49	2025-11-08 13:50:49.191
5526	1	47	764	1.000	151.96	151.96	2025-11-08 13:50:49.2
5527	1	47	234	1.000	50.32	50.32	2025-11-08 13:50:49.209
5528	1	47	763	11.000	40.90	449.90	2025-11-08 13:50:49.291
5529	1	47	202	5.000	104.24	521.21	2025-11-08 13:50:49.3
5530	1	47	752	1.000	164.85	164.85	2025-11-08 13:50:49.309
5531	1	47	758	5.000	56.45	282.25	2025-11-08 13:50:49.386
5532	1	47	405	1.000	151.48	151.48	2025-11-08 13:53:12.39
5533	1	47	404	24.000	91.63	2199.21	2025-11-08 13:53:12.401
5534	1	47	792	1.000	161.59	161.59	2025-11-08 13:53:12.412
5535	1	47	397	10.000	96.63	966.30	2025-11-08 13:53:12.495
5536	1	47	791	1.000	91.26	91.26	2025-11-08 13:53:12.505
5537	1	47	393	16.000	151.51	2424.23	2025-11-08 13:53:12.589
5538	1	47	788	1.000	52.10	52.10	2025-11-08 13:53:12.598
5539	1	47	394	15.000	91.01	1365.22	2025-11-08 13:53:12.609
5540	1	47	780	1.000	71.75	71.75	2025-11-08 13:53:12.69
5541	1	47	766	2.000	56.47	112.94	2025-11-08 13:53:12.701
5542	1	47	768	2.000	86.34	172.68	2025-11-08 13:53:12.787
5543	1	47	781	2.000	88.14	176.27	2025-11-08 13:53:12.796
5544	1	47	382	12.000	111.98	1343.81	2025-11-08 13:53:12.885
5545	1	47	789	1.000	92.10	92.10	2025-11-08 13:53:12.894
5546	1	47	383	2.000	120.04	240.07	2025-11-08 13:53:12.903
5547	1	47	767	4.000	66.46	265.84	2025-11-08 13:53:12.987
5548	1	47	384	3.000	181.81	545.43	2025-11-08 13:53:12.997
5549	1	47	385	6.000	108.20	649.18	2025-11-08 13:53:13.005
5550	1	47	386	2.000	191.91	383.81	2025-11-08 13:53:13.088
5551	1	47	770	5.000	152.06	760.30	2025-11-08 13:53:13.098
5552	1	47	387	3.000	99.95	299.84	2025-11-08 13:53:13.184
5553	1	47	389	12.000	81.21	974.55	2025-11-08 13:53:13.197
5554	1	47	390	10.000	81.15	811.52	2025-11-08 13:53:13.207
5555	1	47	773	4.000	139.90	559.60	2025-11-08 13:53:13.293
5556	1	47	774	34.000	96.48	3280.21	2025-11-08 13:53:13.303
5557	1	47	775	9.000	131.67	1184.99	2025-11-08 13:53:13.39
5558	1	47	776	5.000	74.99	374.93	2025-11-08 13:53:13.4
5559	1	47	777	2.000	191.94	383.87	2025-11-08 13:53:13.489
5560	1	47	778	3.000	141.40	424.19	2025-11-08 13:53:13.498
5561	1	47	779	1.000	120.98	120.98	2025-11-08 13:53:13.589
5562	1	47	395	6.000	77.87	467.21	2025-11-08 13:53:13.6
5563	1	47	396	18.000	60.89	1095.93	2025-11-08 13:53:13.613
5564	1	47	782	1.000	91.42	91.42	2025-11-08 13:53:13.69
5565	1	47	783	1.000	109.90	109.90	2025-11-08 13:53:13.699
5566	1	47	784	5.000	141.06	705.28	2025-11-08 13:53:13.708
5567	1	47	785	1.000	61.38	61.38	2025-11-08 13:53:13.791
5568	1	47	398	6.000	121.00	725.98	2025-11-08 13:53:13.8
5569	1	47	399	14.000	71.56	1001.77	2025-11-08 13:53:13.809
5570	1	47	787	1.000	111.10	111.10	2025-11-08 13:53:13.89
5571	1	47	401	12.000	107.71	1292.53	2025-11-08 13:53:13.899
5572	1	47	406	8.000	81.62	652.98	2025-11-08 13:53:13.985
5573	1	47	793	3.000	252.30	756.89	2025-11-08 13:53:13.995
5574	1	47	409	5.000	91.88	459.40	2025-11-08 13:53:14.085
5575	1	47	794	1.000	71.65	71.65	2025-11-08 13:53:14.095
5576	1	47	795	1.000	131.40	131.40	2025-11-08 13:53:14.106
5577	1	47	796	3.000	111.15	333.45	2025-11-08 13:53:14.19
5578	1	47	797	6.000	111.32	667.92	2025-11-08 13:53:14.201
5579	1	47	412	4.000	111.65	446.60	2025-11-08 13:53:14.29
5580	1	47	413	17.000	81.51	1385.75	2025-11-08 13:53:14.3
5581	1	47	415	9.000	131.74	1185.68	2025-11-08 13:53:14.386
5582	1	47	800	10.000	121.00	1210.03	2025-11-08 13:53:14.396
5583	1	47	769	1.000	0.10	0.10	2025-11-08 13:53:14.485
5584	1	47	391	1.000	84.77	84.77	2025-11-08 13:53:14.496
5585	1	47	790	1.000	131.20	131.20	2025-11-08 13:53:14.506
5586	1	47	400	16.000	81.61	1305.76	2025-11-08 13:53:14.591
5587	1	47	786	11.000	90.99	1000.90	2025-11-08 13:53:14.602
5588	1	47	408	11.000	146.48	1611.31	2025-11-08 13:53:14.613
5589	1	47	407	19.000	101.33	1925.30	2025-11-08 13:53:14.695
5590	1	47	799	3.000	131.29	393.88	2025-11-08 13:53:14.707
5591	1	47	416	13.000	75.03	975.39	2025-11-08 13:53:14.79
5592	1	47	824	1.000	56.69	56.69	2025-11-08 13:54:11.101
5593	1	47	822	2.000	94.25	188.50	2025-11-08 13:54:11.19
5594	1	47	825	4.000	84.25	337.00	2025-11-08 13:54:11.202
5595	1	47	823	10.000	99.25	992.50	2025-11-08 13:54:11.286
5596	1	47	830	1.000	128.44	128.44	2025-11-08 13:54:11.297
5597	1	47	831	3.000	114.24	342.72	2025-11-08 13:54:11.384
5598	1	47	833	14.000	73.87	1034.13	2025-11-08 13:54:11.395
5599	1	47	834	2.000	57.22	114.44	2025-11-08 13:54:11.405
5600	1	47	832	1.000	83.83	83.83	2025-11-08 13:54:11.486
5601	1	47	829	2.000	69.22	138.44	2025-11-08 13:54:11.497
5602	1	47	827	2.000	138.90	277.79	2025-11-08 13:54:11.511
5603	1	47	826	3.000	83.95	251.84	2025-11-08 13:54:11.589
5604	1	47	828	1.000	88.83	88.83	2025-11-08 13:54:11.599
5605	1	47	418	6.000	43.25	259.48	2025-11-08 13:54:11.61
5606	1	47	419	9.000	52.00	468.00	2025-11-08 13:54:11.692
5607	1	47	420	6.000	88.31	529.86	2025-11-08 13:54:11.702
5608	1	47	835	1.000	60.07	60.07	2025-11-08 13:54:11.791
5609	1	47	836	3.000	81.00	243.00	2025-11-08 13:54:11.802
5610	1	47	421	7.000	69.14	483.97	2025-11-08 13:54:11.887
5611	1	47	837	6.000	107.92	647.53	2025-11-08 13:54:11.897
5612	1	47	838	10.000	72.63	726.34	2025-11-08 13:54:11.907
5613	1	47	839	1.000	66.36	66.36	2025-11-08 13:54:11.99
5614	1	47	422	1.000	47.45	47.45	2025-11-08 13:54:12.001
5615	1	47	423	4.000	73.78	295.12	2025-11-08 13:54:12.01
5616	1	47	425	9.000	52.00	468.00	2025-11-08 13:54:12.089
5617	1	47	426	4.000	92.96	371.84	2025-11-08 13:54:12.099
5618	1	47	431	9.000	60.75	546.72	2025-11-08 13:54:12.108
5619	1	47	432	4.000	93.63	374.52	2025-11-08 13:54:12.19
5620	1	47	840	2.000	92.00	184.00	2025-11-08 13:54:12.199
5621	1	47	841	3.000	105.07	315.21	2025-11-08 13:54:12.29
5622	1	47	434	1.000	81.90	81.90	2025-11-08 13:54:12.3
5623	1	47	435	7.000	57.19	400.34	2025-11-08 13:54:12.31
5624	1	47	842	6.000	63.55	381.27	2025-11-08 13:54:12.391
5625	1	47	843	2.000	50.07	100.14	2025-11-08 13:54:12.401
5626	1	47	844	5.000	60.07	300.35	2025-11-08 13:54:12.493
5627	1	47	846	3.000	75.07	225.21	2025-11-08 13:54:12.509
5628	1	47	847	2.000	105.76	211.52	2025-11-08 13:54:12.591
5629	1	47	848	2.000	97.82	195.64	2025-11-08 13:54:12.601
5630	1	47	849	3.000	93.69	281.07	2025-11-08 13:54:12.696
5631	1	47	851	1.000	130.66	130.66	2025-11-08 13:54:12.708
5632	1	47	853	2.000	68.75	137.49	2025-11-08 13:54:12.791
5633	1	47	854	1.000	241.69	241.69	2025-11-08 13:54:12.803
5634	1	47	855	6.000	89.15	534.87	2025-11-08 13:54:12.892
5635	1	47	450	7.000	146.21	1023.47	2025-11-08 13:54:12.902
5636	1	47	857	1.000	74.18	74.18	2025-11-08 13:54:12.985
5637	1	47	858	4.000	75.07	300.28	2025-11-08 13:54:13.046
5638	1	47	457	1.000	75.07	75.07	2025-11-08 13:54:13.057
5639	1	47	860	1.000	129.55	129.55	2025-11-08 13:54:13.087
5640	1	47	856	4.000	46.99	187.96	2025-11-08 13:55:47.004
5641	1	47	459	1.000	0.10	0.10	2025-11-08 13:55:47.086
5642	1	47	462	7.000	46.16	323.10	2025-11-08 13:55:47.096
5643	1	47	463	3.000	90.64	271.92	2025-11-08 13:55:47.106
5644	1	47	464	5.000	108.19	540.97	2025-11-08 13:55:47.186
5645	1	47	465	2.000	63.25	126.50	2025-11-08 13:55:47.196
5646	1	47	467	7.000	59.19	414.33	2025-11-08 13:55:47.287
5647	1	47	862	1.000	149.67	149.67	2025-11-08 13:55:47.298
5648	1	47	472	6.000	411.38	2468.26	2025-11-08 13:55:47.384
5649	1	47	475	2.000	153.17	306.34	2025-11-08 13:55:47.394
5650	1	47	477	2.000	46.50	92.99	2025-11-08 13:55:47.405
5651	1	47	865	5.000	88.67	443.35	2025-11-08 13:55:47.49
5652	1	47	478	7.000	58.72	411.01	2025-11-08 13:55:47.501
5653	1	47	481	6.000	54.38	326.29	2025-11-08 13:55:47.59
5654	1	47	484	6.000	49.37	296.19	2025-11-08 13:55:47.603
5655	1	47	487	13.000	254.12	3303.56	2025-11-08 13:55:47.69
5656	1	47	488	4.000	389.29	1557.14	2025-11-08 13:55:47.699
5657	1	47	869	5.000	178.69	893.43	2025-11-08 13:55:47.709
5658	1	47	489	16.000	150.52	2408.35	2025-11-08 13:55:47.793
5659	1	47	872	3.000	119.40	358.20	2025-11-08 13:55:47.803
5660	1	47	873	9.000	74.38	669.40	2025-11-08 13:55:47.884
5661	1	47	495	2.000	227.90	455.79	2025-11-08 13:55:47.894
5662	1	47	497	2.000	178.69	357.38	2025-11-08 13:55:47.903
5663	1	47	498	2.000	253.23	506.46	2025-11-08 13:55:47.985
5664	1	47	875	2.000	260.39	520.77	2025-11-08 13:55:47.995
5665	1	47	500	3.000	252.76	758.29	2025-11-08 13:55:48.006
5666	1	47	877	1.000	109.23	109.23	2025-11-08 13:55:48.087
5667	1	47	501	1.000	228.69	228.69	2025-11-08 13:55:48.1
5668	1	47	502	1.000	74.34	74.34	2025-11-08 13:55:48.192
5669	1	47	879	1.000	153.57	153.57	2025-11-08 13:55:48.203
5670	1	47	881	2.000	94.15	188.30	2025-11-08 13:55:48.293
5671	1	47	882	1.000	144.64	144.64	2025-11-08 13:55:48.304
5672	1	47	883	9.000	79.26	713.33	2025-11-08 13:55:48.391
5673	1	47	490	1.000	126.97	126.97	2025-11-08 13:55:48.401
5674	1	47	880	1.000	139.57	139.57	2025-11-08 13:55:48.486
5675	1	47	861	1.000	86.04	86.04	2025-11-08 13:55:48.497
5676	1	47	863	5.000	390.21	1951.03	2025-11-08 13:55:48.509
5677	1	47	476	8.000	140.74	1125.95	2025-11-08 13:55:48.596
5678	1	47	866	2.000	188.28	376.56	2025-11-08 13:55:48.684
5679	1	47	867	1.000	79.20	79.20	2025-11-08 13:55:48.696
5680	1	47	868	1.000	103.28	103.28	2025-11-08 13:55:48.707
5681	1	47	870	11.000	108.28	1191.08	2025-11-08 13:55:48.793
5682	1	47	871	3.000	73.28	219.84	2025-11-08 13:55:48.803
5683	1	47	874	1.000	350.38	350.38	2025-11-08 13:55:48.885
5684	1	47	878	7.000	391.96	2743.72	2025-11-08 13:55:48.898
5685	1	47	305	21.000	62.22	1306.62	2025-11-08 13:55:48.986
5686	1	47	291	34.000	40.95	1392.30	2025-11-08 13:55:48.998
2020	1	13	353	15.000	81.38	1220.70	2025-11-06 08:50:51.471
2296	1	21	531	39.000	53.24	2076.21	2025-11-05 09:05:39.415
2282	1	21	515	2.000	162.88	325.75	2025-11-05 09:05:39.105
21536	1	139	630	0.000	57.18	0.00	2026-01-12 16:12:43.697
2344	1	21	103	9.000	85.87	772.84	2025-11-05 09:05:41.685
2646	1	22	514	13.000	512.22	6658.90	2025-11-06 08:35:26.835
2654	1	22	561	6.000	150.41	902.48	2025-11-05 09:06:16.795
2248	1	19	556	17.000	137.58	2338.91	2025-11-05 09:04:54.307
3820	1	36	689	42.000	72.82	3058.44	2025-11-06 08:49:32.888
3703	1	36	220	108.000	269.07	29059.61	2025-11-06 08:15:29.385
1739	1	11	62	2.000	112.27	224.55	2025-11-05 09:02:22.493
1674	1	11	65	15.000	84.68	1270.17	2025-11-05 09:02:20.907
1718	1	11	130	12.000	98.55	1182.60	2025-11-05 09:02:21.994
1752	1	11	96	22.000	187.67	4128.74	2025-11-05 09:02:22.804
21537	1	139	568	0.000	60.25	0.00	2026-01-12 16:12:43.784
3927	1	37	98	21.000	84.75	1779.65	2025-11-08 17:46:51.403
3923	1	37	92	6.000	149.80	898.83	2025-11-08 17:46:50.901
5725	1	48	586	5.000	107.12	535.58	2025-11-08 17:02:55.894
4165	1	38	313	7.000	310.36	2172.53	2025-11-08 12:56:02.508
5687	1	48	614	2.000	0.01	0.02	2025-11-08 17:02:53.895
5688	1	48	612	2.000	129.26	258.51	2025-11-08 17:02:53.903
5689	1	48	515	25.000	79.33	1983.25	2025-11-08 17:02:53.983
5690	1	48	516	2.000	47.69	95.37	2025-11-08 17:02:54.086
5691	1	48	584	3.000	138.77	416.31	2025-11-08 17:02:54.286
5692	1	48	153	1.000	328.59	328.59	2025-11-08 17:02:54.39
5693	1	48	555	4.000	134.82	539.27	2025-11-08 17:02:54.49
5694	1	48	523	2.000	152.34	304.67	2025-11-08 17:02:54.498
5695	1	48	550	1.000	72.43	72.43	2025-11-08 17:02:54.684
5696	1	48	536	3.000	129.19	387.57	2025-11-08 17:02:54.787
5697	1	48	570	3.000	303.40	910.21	2025-11-08 17:02:54.983
5698	1	48	580	14.000	211.46	2960.43	2025-11-08 17:02:55.083
5699	1	48	592	7.000	53.02	371.13	2025-11-08 17:02:55.097
5700	1	48	624	1.000	169.89	169.89	2025-11-08 17:02:55.205
5701	1	48	618	2.000	47.93	95.86	2025-11-08 17:02:55.212
5702	1	48	615	1.000	192.76	192.76	2025-11-08 17:02:55.285
5703	1	48	568	2.000	53.59	107.17	2025-11-08 17:02:55.292
5704	1	48	616	1.000	132.76	132.76	2025-11-08 17:02:55.298
5705	1	48	589	5.000	129.72	648.58	2025-11-08 17:02:55.304
5706	1	48	633	2.000	280.82	561.63	2025-11-08 17:02:55.384
5707	1	48	509	8.000	128.86	1030.89	2025-11-08 17:02:55.391
5708	1	48	519	9.000	89.34	804.02	2025-11-08 17:02:55.398
5709	1	48	511	8.000	98.87	790.92	2025-11-08 17:02:55.404
5710	1	48	520	7.000	49.52	346.64	2025-11-08 17:02:55.41
5711	1	48	512	4.000	49.34	197.34	2025-11-08 17:02:55.488
5712	1	48	548	7.000	89.61	627.29	2025-11-08 17:02:55.494
5713	1	48	532	1.000	87.66	87.66	2025-11-08 17:02:55.501
5714	1	48	572	6.000	129.08	774.48	2025-11-08 17:02:55.584
5715	1	48	535	5.000	149.55	747.75	2025-11-08 17:02:55.592
5716	1	48	573	1.000	79.46	79.46	2025-11-08 17:02:55.599
5717	1	48	629	3.000	108.04	324.12	2025-11-08 17:02:55.606
5718	1	48	622	2.000	95.15	190.29	2025-11-08 17:02:55.691
5719	1	48	562	3.000	228.57	685.71	2025-11-08 17:02:55.701
5720	1	48	569	4.000	228.40	913.59	2025-11-08 17:02:55.709
5721	1	48	585	3.000	129.22	387.66	2025-11-08 17:02:55.789
5722	1	48	634	1.000	76.63	76.63	2025-11-08 17:02:55.796
5723	1	48	513	3.000	188.77	566.31	2025-11-08 17:02:55.803
5724	1	48	556	7.000	129.64	907.49	2025-11-08 17:02:55.884
5726	1	48	619	2.000	188.51	377.01	2025-11-08 17:02:55.903
5727	1	48	578	1.000	229.73	229.73	2025-11-08 17:02:55.985
5728	1	48	574	2.000	229.04	458.07	2025-11-08 17:02:55.993
5729	1	48	620	4.000	92.76	371.04	2025-11-08 17:02:56.001
5730	1	48	575	3.000	324.32	972.96	2025-11-08 17:02:56.083
5731	1	48	524	9.000	67.42	606.81	2025-11-08 17:02:56.09
5732	1	48	613	1.000	68.90	68.90	2025-11-08 17:02:56.096
5733	1	48	557	8.000	69.54	556.30	2025-11-08 17:02:56.103
5734	1	48	558	2.000	71.58	143.15	2025-11-08 17:02:56.182
5735	1	48	554	3.000	69.51	208.52	2025-11-08 17:02:56.19
5736	1	48	631	2.000	69.46	138.92	2025-11-08 17:02:56.197
5737	1	48	594	7.000	69.39	485.74	2025-11-08 17:02:56.203
5738	1	48	337	2.000	50.67	101.33	2025-11-08 17:02:56.286
5739	1	48	563	2.000	53.92	107.84	2025-11-08 17:02:56.293
3908	1	37	59	7.000	166.41	1164.84	2025-11-08 17:46:50.299
3918	1	37	60	6.000	115.53	693.16	2025-11-08 17:46:50.302
3948	1	37	58	17.000	78.31	1331.29	2025-11-08 17:46:51.298
3925	1	37	54	5.000	74.18	370.90	2025-11-08 17:46:51.295
3940	1	37	71	53.000	43.16	2287.52	2025-11-08 17:46:51.384
3931	1	37	112	8.000	109.75	877.99	2025-11-08 17:46:51.489
3942	1	37	103	11.000	58.42	642.62	2025-11-08 17:46:51.406
3947	1	37	127	16.000	78.11	1249.78	2025-11-08 17:46:51.595
3932	1	37	130	8.000	86.75	693.98	2025-11-08 17:46:51.485
3960	1	37	125	12.000	50.66	607.93	2025-11-08 17:46:51.706
3882	1	37	56	4.000	97.56	390.25	2025-11-08 17:46:50.292
3907	1	37	110	4.000	114.80	459.19	2025-11-08 17:46:51.007
3928	1	37	94	17.000	97.46	1656.83	2025-11-08 17:46:51.4
3934	1	37	134	6.000	86.04	516.25	2025-11-08 17:46:51.601
3937	1	37	1539	2.000	81.22	162.45	2025-11-08 17:46:51.508
3958	1	37	1538	4.000	88.97	355.87	2025-11-08 17:46:51.702
3892	1	37	129	6.000	172.00	1031.99	2025-11-08 17:46:51.086
3943	1	37	109	11.000	82.46	907.05	2025-11-08 17:46:51.409
3939	1	37	1541	9.000	100.28	902.54	2025-11-08 17:46:51.588
3959	1	37	128	11.000	53.15	584.70	2025-11-08 17:46:51.709
3886	1	37	53	2.000	81.23	162.46	2025-11-08 17:46:50.282
3966	1	37	96	22.000	196.20	4316.41	2025-11-08 12:55:42.788
3930	1	37	114	16.000	107.17	1714.71	2025-11-08 17:46:51.492
3920	1	37	72	2.000	185.42	370.84	2025-11-08 17:46:50.585
3955	1	37	338	4.000	82.51	330.05	2025-11-08 17:46:51.69
4140	1	38	320	100.000	49.32	4931.63	2025-11-08 12:56:01.694
4182	1	38	290	23.000	97.75	2248.18	2025-11-08 12:56:03.182
4132	1	38	1948	1.000	664.72	664.72	2025-11-08 12:56:01.394
4153	1	38	1950	6.000	374.32	2245.90	2025-11-08 12:56:02.101
4117	1	38	296	10.000	117.60	1175.97	2025-11-08 12:56:00.785
4133	1	38	1980	8.000	290.72	2325.76	2025-11-08 12:56:01.481
4126	1	38	329	28.000	142.43	3988.10	2025-11-08 12:56:01.106
4145	1	38	311	35.000	114.84	4019.49	2025-11-08 12:56:01.886
4170	1	38	1983	2.000	290.56	581.12	2025-11-08 12:56:02.697
4130	1	38	318	56.000	67.78	3795.52	2025-11-08 12:56:01.291
4171	1	38	1958	2.000	210.70	421.41	2025-11-08 12:56:02.705
4166	1	38	314	10.000	370.97	3709.71	2025-11-08 12:56:02.583
3873	1	37	93	21.000	150.46	3159.62	2025-11-08 17:46:50.982
5740	1	48	636	3.000	67.78	203.34	2025-11-08 17:02:56.301
5741	1	48	637	3.000	94.83	284.50	2025-11-08 17:02:56.384
5742	1	48	639	3.000	78.88	236.65	2025-11-08 17:02:56.391
5743	1	48	640	3.000	98.21	294.63	2025-11-08 17:02:56.398
5744	1	48	600	2.000	164.14	328.28	2025-11-08 17:02:56.405
5745	1	48	601	9.000	84.12	757.11	2025-11-08 17:02:56.412
5746	1	48	644	1.000	87.73	87.73	2025-11-08 17:02:56.49
5747	1	48	645	1.000	141.81	141.81	2025-11-08 17:02:56.498
5748	1	48	647	1.000	142.63	142.63	2025-11-08 17:02:56.583
5749	1	48	648	3.000	368.65	1105.94	2025-11-08 17:02:56.59
5750	1	48	649	5.000	59.19	295.93	2025-11-08 17:02:56.597
5751	1	48	650	3.000	73.29	219.87	2025-11-08 17:02:56.604
5752	1	48	651	5.000	59.03	295.15	2025-11-08 17:02:56.685
5753	1	48	652	3.000	109.46	328.38	2025-11-08 17:02:56.692
5754	1	48	653	11.000	50.26	552.86	2025-11-08 17:02:56.699
5755	1	48	654	1.000	155.27	155.27	2025-11-08 17:02:56.783
5756	1	48	655	7.000	54.13	378.90	2025-11-08 17:02:56.791
5757	1	48	656	1.000	140.38	140.38	2025-11-08 17:02:56.797
5758	1	48	658	7.000	140.47	983.32	2025-11-08 17:02:56.804
5759	1	48	659	4.000	159.78	639.10	2025-11-08 17:02:56.884
5760	1	48	660	4.000	100.93	403.70	2025-11-08 17:02:56.892
5761	1	48	662	1.000	45.26	45.26	2025-11-08 17:02:56.899
5762	1	48	339	8.000	104.37	834.97	2025-11-08 17:02:56.984
5763	1	48	664	6.000	91.11	546.64	2025-11-08 17:02:56.992
5764	1	48	665	4.000	155.06	620.23	2025-11-08 17:02:57
5765	1	48	666	9.000	58.72	528.50	2025-11-08 17:02:57.007
5766	1	48	642	4.000	84.05	336.20	2025-11-08 17:02:57.088
5767	1	48	641	4.000	94.05	376.20	2025-11-08 17:02:57.096
5768	1	48	638	5.000	44.05	220.25	2025-11-08 17:02:57.187
5769	1	48	643	4.000	149.05	596.20	2025-11-08 17:02:57.195
5770	1	48	657	1.000	428.96	428.96	2025-11-08 17:02:57.203
5771	1	48	663	1.000	288.96	288.96	2025-11-08 17:02:57.296
5772	1	48	646	2.000	49.05	98.10	2025-11-08 17:02:57.32
5773	1	48	357	9.000	164.87	1483.82	2025-11-08 17:02:57.33
5774	1	48	359	10.000	94.36	943.60	2025-11-08 17:02:57.401
5775	1	48	354	5.000	66.58	332.88	2025-11-08 17:02:57.417
5776	1	48	342	2.000	73.82	147.64	2025-11-08 17:02:57.487
5777	1	48	672	2.000	72.07	144.14	2025-11-08 17:02:57.498
5778	1	48	362	7.000	77.44	542.09	2025-11-08 17:02:57.584
5779	1	48	371	15.000	98.40	1476.02	2025-11-08 17:02:57.599
5780	1	48	677	9.000	108.86	979.72	2025-11-08 17:02:57.615
5781	1	48	366	5.000	101.68	508.42	2025-11-08 17:02:57.689
5782	1	48	667	2.000	108.91	217.81	2025-11-08 17:02:57.701
5783	1	48	340	1.000	108.31	108.31	2025-11-08 17:02:57.785
5784	1	48	348	3.000	101.60	304.79	2025-11-08 17:02:57.795
5785	1	48	374	2.000	156.21	312.41	2025-11-08 17:02:57.887
5786	1	48	669	2.000	105.17	210.34	2025-11-08 17:02:57.895
5787	1	48	680	7.000	52.63	368.39	2025-11-08 17:02:57.902
5788	1	48	363	4.000	59.40	237.61	2025-11-08 17:02:57.989
5789	1	48	369	1.000	41.78	41.78	2025-11-08 17:02:57.999
5790	1	48	679	9.000	124.73	1122.59	2025-11-08 17:02:58.01
5791	1	48	674	1.000	61.29	61.29	2025-11-08 17:02:58.091
5792	1	48	352	4.000	80.31	321.24	2025-11-08 17:02:58.101
5793	1	48	343	6.000	73.71	442.25	2025-11-08 17:02:58.109
5794	1	48	344	8.000	73.35	586.76	2025-11-08 17:02:58.191
5795	1	48	346	2.000	83.81	167.61	2025-11-08 17:02:58.198
5796	1	48	375	3.000	55.80	167.40	2025-11-08 17:02:58.285
5797	1	48	345	1.000	83.87	83.87	2025-11-08 17:02:58.294
5798	1	48	349	3.000	50.60	151.80	2025-11-08 17:02:58.302
5799	1	48	350	7.000	61.09	427.63	2025-11-08 17:02:58.385
5800	1	48	670	3.000	59.83	179.48	2025-11-08 17:02:58.394
5801	1	48	361	4.000	48.97	195.86	2025-11-08 17:02:58.406
5802	1	48	360	4.000	47.12	188.48	2025-11-08 17:02:58.49
5803	1	48	370	1.000	59.35	59.35	2025-11-08 17:02:58.498
5804	1	48	365	3.000	55.81	167.42	2025-11-08 17:02:58.506
5805	1	48	364	2.000	61.08	122.16	2025-11-08 17:02:58.59
5806	1	48	683	1.000	63.01	63.01	2025-11-08 17:02:58.598
5807	1	48	376	3.000	73.31	219.93	2025-11-08 17:02:58.606
5808	1	48	351	3.000	56.30	168.91	2025-11-08 17:02:58.684
5809	1	48	378	10.000	42.93	429.28	2025-11-08 17:02:58.694
5810	1	48	377	3.000	48.80	146.40	2025-11-08 17:02:58.702
5811	1	48	681	4.000	91.34	365.37	2025-11-08 17:02:58.789
5812	1	48	341	1.000	97.86	97.86	2025-11-08 17:02:58.805
5813	1	48	671	2.000	109.07	218.13	2025-11-08 17:02:58.893
5814	1	48	673	5.000	118.81	594.05	2025-11-08 17:02:58.907
5815	1	48	367	4.000	56.66	226.65	2025-11-08 17:02:58.985
5816	1	48	676	7.000	55.69	389.83	2025-11-08 17:02:58.993
5817	1	48	321	1.000	92.12	92.12	2025-11-08 17:02:59
10701	1	77	144	100.000	94.67	9467.00	2025-11-20 11:07:28.991
5820	1	48	309	10.000	101.10	1010.97	2025-11-08 17:02:59.098
5821	1	48	292	6.000	92.37	554.19	2025-11-08 17:02:59.183
5823	1	48	296	6.000	97.31	583.86	2025-11-08 17:02:59.201
5824	1	48	301	4.000	132.13	528.52	2025-11-08 17:02:59.21
5825	1	48	329	5.000	132.14	660.70	2025-11-08 17:02:59.288
5826	1	48	1993	1.000	179.21	179.21	2025-11-08 17:02:59.296
5827	1	48	318	7.000	60.12	420.85	2025-11-08 17:02:59.304
5828	1	48	317	13.000	72.06	936.72	2025-11-08 17:02:59.391
5829	1	48	305	16.000	61.38	982.01	2025-11-08 17:02:59.402
5830	1	48	316	8.000	52.60	420.78	2025-11-08 17:02:59.493
5831	1	48	688	2.000	48.23	96.46	2025-11-08 17:02:59.584
5832	1	48	311	4.000	72.14	288.54	2025-11-08 17:02:59.595
5833	1	48	293	3.000	71.47	214.40	2025-11-08 17:02:59.604
5834	1	48	333	8.000	82.36	658.91	2025-11-08 17:02:59.688
5835	1	48	294	5.000	61.56	307.80	2025-11-08 17:02:59.697
5836	1	48	691	6.000	63.42	380.54	2025-11-08 17:02:59.705
5837	1	48	308	3.000	62.22	186.67	2025-11-08 17:02:59.785
5838	1	48	307	13.000	56.30	731.94	2025-11-08 17:02:59.794
5839	1	48	319	19.000	112.33	2134.32	2025-11-08 17:02:59.803
5840	1	48	299	8.000	132.01	1056.09	2025-11-08 17:02:59.887
5842	1	48	697	11.000	68.13	749.43	2025-11-08 17:02:59.905
5843	1	48	694	2.000	112.55	225.10	2025-11-08 17:02:59.989
5844	1	48	297	4.000	102.16	408.64	2025-11-08 17:02:59.998
5845	1	48	290	8.000	82.15	657.22	2025-11-08 17:03:00.007
5846	1	48	334	6.000	73.00	438.00	2025-11-08 17:03:00.088
5841	1	48	687	4.000	146.50	585.99	2025-11-08 17:03:00.192
5819	1	48	328	14.000	94.48	1322.78	2025-11-08 17:03:00.294
5822	1	48	332	11.000	94.85	1043.37	2025-11-08 17:03:00.388
5847	1	48	1955	3.000	191.90	575.70	2025-11-08 17:03:00.097
5818	1	48	302	4.000	68.24	272.96	2025-11-08 17:03:00.105
5848	1	48	306	5.000	71.60	358.00	2025-11-08 17:03:00.201
5849	1	48	690	1.000	101.59	101.59	2025-11-08 17:03:00.285
5850	1	48	695	9.000	96.45	868.05	2025-11-08 17:03:00.302
5851	1	49	614	2.000	0.01	0.02	2025-11-08 17:09:31.893
5853	1	49	612	2.000	129.26	258.51	2025-11-08 17:09:31.907
5854	1	49	515	37.000	79.33	2935.22	2025-11-08 17:09:31.989
5856	1	49	584	3.000	138.77	416.31	2025-11-08 17:09:32.002
5857	1	49	153	1.000	328.59	328.59	2025-11-08 17:09:32.084
5858	1	49	555	5.000	134.82	674.09	2025-11-08 17:09:32.09
5859	1	49	523	2.000	152.34	304.67	2025-11-08 17:09:32.097
14274	1	85	1970	0.000	59.19	414.36	2025-12-08 12:18:11.68
5861	1	49	550	1.000	72.43	72.43	2025-11-08 17:09:32.184
5863	1	49	536	3.000	129.19	387.57	2025-11-08 17:09:32.198
5864	1	49	570	3.000	303.40	910.21	2025-11-08 17:09:32.205
5865	1	49	580	14.000	211.46	2960.43	2025-11-08 17:09:32.286
5866	1	49	592	7.000	53.02	371.13	2025-11-08 17:09:32.293
5867	1	49	547	7.000	189.32	1325.25	2025-11-08 17:09:32.299
5868	1	49	624	1.000	169.89	169.89	2025-11-08 17:09:32.306
5869	1	49	626	4.000	86.07	344.26	2025-11-08 17:09:32.386
5870	1	49	618	2.000	47.93	95.86	2025-11-08 17:09:32.393
5871	1	49	615	1.000	192.76	192.76	2025-11-08 17:09:32.4
7685	1	58	584	35.000	139.60	4886.01	2025-11-10 08:17:31.792
5873	1	49	616	1.000	132.76	132.76	2025-11-08 17:09:32.489
5874	1	49	589	7.000	129.72	908.02	2025-11-08 17:09:32.496
5875	1	49	633	3.000	280.82	842.45	2025-11-08 17:09:32.503
5876	1	49	509	8.000	128.86	1030.89	2025-11-08 17:09:32.585
5877	1	49	519	9.000	89.34	804.02	2025-11-08 17:09:32.592
5878	1	49	511	9.000	98.87	889.79	2025-11-08 17:09:32.599
5879	1	49	520	8.000	49.52	396.16	2025-11-08 17:09:32.606
7687	1	58	576	2.000	129.07	258.13	2025-11-10 08:17:31.807
5882	1	49	532	2.000	87.66	175.32	2025-11-08 17:09:32.698
5883	1	49	625	1.000	231.36	231.36	2025-11-08 17:09:32.705
5885	1	49	572	6.000	129.08	774.48	2025-11-08 17:09:32.796
5886	1	49	535	5.000	149.55	747.75	2025-11-08 17:09:32.803
5887	1	49	573	1.000	79.46	79.46	2025-11-08 17:09:32.886
5888	1	49	629	3.000	108.04	324.12	2025-11-08 17:09:32.893
5889	1	49	622	2.000	95.15	190.29	2025-11-08 17:09:32.9
5890	1	49	562	3.000	228.57	685.71	2025-11-08 17:09:32.985
5891	1	49	569	4.000	228.40	913.59	2025-11-08 17:09:32.992
5892	1	49	585	3.000	129.22	387.66	2025-11-08 17:09:32.999
5893	1	49	634	2.000	76.63	153.26	2025-11-08 17:09:33.006
5894	1	49	513	3.000	188.77	566.31	2025-11-08 17:09:33.088
5896	1	49	586	5.000	107.12	535.58	2025-11-08 17:09:33.106
5897	1	49	619	2.000	188.51	377.01	2025-11-08 17:09:33.186
5898	1	49	578	1.000	229.73	229.73	2025-11-08 17:09:33.194
5899	1	49	574	2.000	229.04	458.07	2025-11-08 17:09:33.203
5900	1	49	620	4.000	92.76	371.04	2025-11-08 17:09:33.289
5901	1	49	575	3.000	324.32	972.96	2025-11-08 17:09:33.297
5904	1	49	557	10.000	69.54	695.38	2025-11-08 17:09:33.4
5905	1	49	558	2.000	71.58	143.15	2025-11-08 17:09:33.407
5906	1	49	554	3.000	69.51	208.52	2025-11-08 17:09:33.491
5907	1	49	631	2.000	69.46	138.92	2025-11-08 17:09:33.498
5908	1	49	154	4.000	75.44	301.76	2025-11-08 17:09:33.505
5909	1	49	594	7.000	69.39	485.74	2025-11-08 17:09:33.587
5910	1	49	337	2.000	50.67	101.33	2025-11-08 17:09:33.596
5911	1	49	563	4.000	53.92	215.67	2025-11-08 17:09:33.605
5912	1	49	531	4.000	52.64	210.56	2025-11-08 17:09:33.688
5913	1	49	636	3.000	67.78	203.34	2025-11-08 17:10:18.305
5914	1	49	637	3.000	94.83	284.50	2025-11-08 17:10:18.39
5915	1	49	639	3.000	78.88	236.65	2025-11-08 17:10:18.398
5916	1	49	640	3.000	98.21	294.63	2025-11-08 17:10:18.484
5918	1	49	601	9.000	84.12	757.11	2025-11-08 17:10:18.5
5919	1	49	644	1.000	87.73	87.73	2025-11-08 17:10:18.508
5920	1	49	645	1.000	141.81	141.81	2025-11-08 17:10:18.596
5921	1	49	647	1.000	142.63	142.63	2025-11-08 17:10:18.608
5922	1	49	648	3.000	368.65	1105.94	2025-11-08 17:10:18.685
5923	1	49	649	5.000	59.19	295.93	2025-11-08 17:10:18.694
5924	1	49	650	3.000	73.29	219.87	2025-11-08 17:10:18.784
5925	1	49	651	5.000	59.03	295.15	2025-11-08 17:10:18.793
5926	1	49	652	3.000	109.46	328.38	2025-11-08 17:10:18.801
5927	1	49	653	11.000	50.26	552.86	2025-11-08 17:10:18.884
5928	1	49	654	1.000	155.27	155.27	2025-11-08 17:10:18.897
5929	1	49	655	7.000	54.13	378.90	2025-11-08 17:10:18.909
5930	1	49	656	1.000	140.38	140.38	2025-11-08 17:10:18.984
5932	1	49	659	4.000	159.78	639.10	2025-11-08 17:10:19
5933	1	49	660	4.000	100.93	403.70	2025-11-08 17:10:19.085
5934	1	49	662	3.000	45.26	135.78	2025-11-08 17:10:19.093
5935	1	49	339	8.000	104.37	834.97	2025-11-08 17:10:19.101
5936	1	49	664	6.000	91.11	546.64	2025-11-08 17:10:19.185
5937	1	49	665	4.000	155.06	620.23	2025-11-08 17:10:19.193
5938	1	49	666	9.000	58.72	528.50	2025-11-08 17:10:19.201
5939	1	49	642	4.000	84.05	336.20	2025-11-08 17:10:19.285
5940	1	49	641	4.000	94.05	376.20	2025-11-08 17:10:19.293
5941	1	49	638	5.000	44.05	220.25	2025-11-08 17:10:19.301
5942	1	49	643	4.000	149.05	596.20	2025-11-08 17:10:19.384
5943	1	49	657	1.000	428.96	428.96	2025-11-08 17:10:19.392
5944	1	49	661	1.000	368.96	368.96	2025-11-08 17:10:19.4
5945	1	49	663	1.000	288.96	288.96	2025-11-08 17:10:19.484
5946	1	49	646	2.000	49.05	98.10	2025-11-08 17:10:19.492
5948	1	49	359	10.000	94.36	943.60	2025-11-08 17:12:41.485
5949	1	49	353	2.000	80.61	161.21	2025-11-08 17:12:41.493
5950	1	49	354	7.000	66.58	466.04	2025-11-08 17:12:41.5
5952	1	49	672	2.000	72.07	144.14	2025-11-08 17:12:41.593
7691	1	58	523	3.000	151.28	453.83	2025-11-13 09:11:34.095
5903	1	49	613	3.000	114.83	344.50	2025-11-08 17:09:33.393
7694	1	58	571	2.000	79.45	158.91	2025-11-13 09:11:34.68
7684	1	58	516	37.000	49.50	1831.50	2025-11-15 10:02:24.222
7686	1	58	153	131.000	329.41	43152.22	2025-11-13 09:11:33.983
7681	1	58	517	4.000	128.44	513.75	2025-11-13 09:11:34.084
7689	1	58	555	4.000	122.19	488.77	2025-11-13 09:11:34.089
7693	1	58	550	99.000	67.05	6638.19	2025-11-13 09:11:34.481
10691	1	77	1477	58.000	252.88	14667.04	2025-11-22 12:19:38.991
17257	8	116	5972	0.000	69.41	0.00	2026-01-05 01:38:53.797541
5955	1	49	677	9.000	108.86	979.72	2025-11-08 17:12:41.694
5956	1	49	366	7.000	101.68	711.79	2025-11-08 17:12:41.703
5957	1	49	667	3.000	108.91	326.72	2025-11-08 17:12:41.788
5958	1	49	340	2.000	108.31	216.61	2025-11-08 17:12:41.801
5959	1	49	348	4.000	101.60	406.39	2025-11-08 17:12:41.883
5960	1	49	374	2.000	156.21	312.41	2025-11-08 17:12:41.891
5961	1	49	669	2.000	105.17	210.34	2025-11-08 17:12:41.898
5962	1	49	680	7.000	52.63	368.39	2025-11-08 17:12:41.905
5963	1	49	363	4.000	59.40	237.61	2025-11-08 17:12:41.986
5964	1	49	369	1.000	41.78	41.78	2025-11-08 17:12:41.994
5965	1	49	668	2.000	69.41	138.82	2025-11-08 17:12:42.003
5966	1	49	679	9.000	124.73	1122.59	2025-11-08 17:12:42.084
5967	1	49	674	1.000	61.29	61.29	2025-11-08 17:12:42.092
5968	1	49	352	4.000	80.31	321.24	2025-11-08 17:12:42.099
5969	1	49	343	6.000	73.71	442.25	2025-11-08 17:12:42.182
5970	1	49	344	8.000	73.35	586.76	2025-11-08 17:12:42.29
5971	1	49	346	2.000	83.81	167.61	2025-11-08 17:12:42.299
5972	1	49	375	3.000	55.80	167.40	2025-11-08 17:12:42.384
5973	1	49	345	1.000	83.87	83.87	2025-11-08 17:12:42.392
5974	1	49	349	3.000	50.60	151.80	2025-11-08 17:12:42.401
5975	1	49	350	7.000	61.09	427.63	2025-11-08 17:12:42.484
5976	1	49	670	7.000	59.83	418.78	2025-11-08 17:12:42.492
5977	1	49	361	4.000	48.97	195.86	2025-11-08 17:12:42.5
5980	1	49	365	3.000	55.81	167.42	2025-11-08 17:12:42.599
5981	1	49	364	2.000	61.08	122.16	2025-11-08 17:12:42.607
5982	1	49	683	1.000	63.01	63.01	2025-11-08 17:12:42.686
5983	1	49	376	3.000	73.31	219.93	2025-11-08 17:12:42.694
5984	1	49	351	6.000	56.30	337.82	2025-11-08 17:12:42.702
5985	1	49	378	10.000	42.93	429.28	2025-11-08 17:12:42.792
5986	1	49	377	3.000	48.80	146.40	2025-11-08 17:12:42.884
5987	1	49	681	4.000	91.34	365.37	2025-11-08 17:12:42.892
5989	1	49	671	2.000	109.07	218.13	2025-11-08 17:12:42.983
5991	1	49	673	5.000	118.81	594.05	2025-11-08 17:12:42.998
5992	1	49	678	1.000	52.81	52.81	2025-11-08 17:12:43.006
5993	1	49	367	5.000	56.66	283.32	2025-11-08 17:12:43.089
5994	1	49	676	7.000	55.69	389.83	2025-11-08 17:12:43.097
5995	1	49	487	1.000	389.28	389.28	2025-11-08 17:18:33.805
5996	1	49	321	1.000	92.12	92.12	2025-11-08 17:18:33.883
5999	1	49	309	10.000	101.10	1010.97	2025-11-08 17:18:33.984
6000	1	49	310	8.000	152.11	1216.87	2025-11-08 17:18:33.991
6001	1	49	292	7.000	92.36	646.55	2025-11-08 17:18:33.999
6003	1	49	296	6.000	97.31	583.86	2025-11-08 17:18:34.089
6004	1	49	301	4.000	132.13	528.52	2025-11-08 17:18:34.096
6006	1	49	1993	1.000	179.21	179.21	2025-11-08 17:18:34.188
6007	1	49	318	7.000	60.12	420.85	2025-11-08 17:18:34.197
6008	1	49	317	14.000	72.06	1008.77	2025-11-08 17:18:34.204
6009	1	49	305	23.000	61.38	1411.64	2025-11-08 17:18:34.29
6010	1	49	316	8.000	52.60	420.78	2025-11-08 17:18:34.301
6011	1	49	688	2.000	48.23	96.46	2025-11-08 17:18:34.383
6012	1	49	311	4.000	72.14	288.54	2025-11-08 17:18:34.39
7697	1	58	542	2.000	127.73	255.45	2025-11-10 08:17:32.289
6014	1	49	333	8.000	82.36	658.91	2025-11-08 17:18:34.406
6015	1	49	294	5.000	61.56	307.80	2025-11-08 17:18:34.49
6016	1	49	691	6.000	63.42	380.54	2025-11-08 17:18:34.499
6018	1	49	307	13.000	56.30	731.94	2025-11-08 17:18:34.592
6019	1	49	319	19.000	112.33	2134.32	2025-11-08 17:18:34.602
6021	1	49	299	8.000	132.01	1056.09	2025-11-08 17:18:34.699
6023	1	49	697	11.000	68.13	749.43	2025-11-08 17:18:34.805
6024	1	49	694	2.000	112.55	225.10	2025-11-08 17:18:34.892
6025	1	49	297	4.000	102.16	408.64	2025-11-08 17:18:34.907
6026	1	49	290	8.000	82.15	657.22	2025-11-08 17:18:34.984
6027	1	49	334	6.000	73.00	438.00	2025-11-08 17:18:34.992
6028	1	49	1955	3.000	191.90	575.70	2025-11-08 17:18:35.002
5997	1	49	302	4.000	68.24	272.96	2025-11-08 17:18:35.084
6022	1	49	687	4.000	146.50	585.99	2025-11-08 17:18:35.096
6029	1	49	306	5.000	71.60	358.00	2025-11-08 17:18:35.186
6030	1	49	690	1.000	101.59	101.59	2025-11-08 17:18:35.197
5998	1	49	328	14.000	94.48	1322.78	2025-11-08 17:18:35.285
6031	1	49	695	9.000	96.45	868.05	2025-11-08 17:18:35.296
5988	1	49	341	3.000	130.48	391.44	2025-11-08 17:12:42.899
6032	1	50	698	1.000	0.01	0.01	2025-11-08 17:32:53.492
7699	1	58	580	107.000	212.49	22736.77	2025-11-10 08:17:32.304
6035	1	50	516	54.000	48.30	2607.94	2025-11-08 17:32:53.583
6036	1	50	153	19.000	328.87	6248.56	2025-11-08 17:32:53.59
6037	1	50	550	10.000	72.43	724.30	2025-11-08 17:32:53.598
6038	1	50	547	10.000	189.33	1893.30	2025-11-08 17:32:53.605
6039	1	50	624	10.000	169.89	1698.90	2025-11-08 17:32:53.689
7701	1	58	592	8.000	53.40	427.18	2025-11-10 08:17:32.389
6041	1	50	699	1.000	82.71	82.71	2025-11-08 17:32:53.707
6042	1	50	562	5.000	228.45	1142.25	2025-11-08 17:32:53.784
6043	1	50	529	9.000	253.87	2284.83	2025-11-08 17:32:53.791
6045	1	50	631	6.000	69.46	416.76	2025-11-08 17:32:53.804
6046	1	50	154	20.000	76.11	1522.12	2025-11-08 17:32:53.886
14264	1	85	689	0.000	79.19	3405.38	2025-12-08 12:18:11.482
6049	1	50	155	49.000	13.54	663.46	2025-11-08 17:32:54.085
6050	1	50	704	2.000	168.31	336.62	2025-11-08 17:32:54.286
6051	1	50	707	39.000	159.93	6237.44	2025-11-08 17:32:54.388
6053	1	50	79	10.000	65.75	657.53	2025-11-08 17:32:54.786
6054	1	50	144	9.000	95.14	856.28	2025-11-08 17:32:54.887
14267	1	85	1977	0.000	99.18	892.66	2025-12-08 12:18:11.498
6056	1	50	84	9.000	55.73	501.57	2025-11-08 17:32:55.085
6057	1	50	86	3.000	55.17	165.51	2025-11-08 17:32:55.095
6058	1	50	87	12.000	68.97	827.58	2025-11-08 17:32:55.187
6059	1	50	140	7.000	134.64	942.46	2025-11-08 17:32:55.194
5954	1	49	371	20.000	108.24	2164.82	2025-11-08 17:12:41.687
5990	1	49	682	1.000	149.20	149.20	2025-11-08 17:12:42.99
5978	1	49	360	5.000	56.54	282.72	2025-11-08 17:12:42.585
5979	1	49	370	2.000	89.03	178.05	2025-11-08 17:12:42.592
5953	1	49	362	13.000	83.40	1084.18	2025-11-08 17:12:41.601
6020	1	49	314	9.000	113.55	1021.97	2025-11-08 17:18:34.689
7695	1	58	536	2.000	129.34	258.67	2025-11-13 09:11:34.483
7703	1	58	582	2.000	129.51	259.02	2025-11-13 09:11:34.101
7705	1	58	626	4.000	88.80	355.19	2025-11-13 09:11:34.181
7696	1	58	565	13.000	88.36	1148.69	2025-11-13 09:11:34.485
7698	1	58	570	4.000	304.02	1520.09	2025-11-13 09:11:33.985
6060	1	50	57	11.000	179.55	1975.07	2025-11-08 17:32:55.201
6061	1	50	56	15.000	98.08	1471.23	2025-11-08 17:32:55.286
6062	1	50	55	12.000	110.68	1328.16	2025-11-08 17:32:55.293
14269	1	85	322	2.000	129.19	1808.73	2025-12-08 12:18:11.583
6068	1	50	138	21.000	110.32	2316.75	2025-11-08 17:32:55.406
6069	1	50	141	2.000	44.45	88.89	2025-11-08 17:32:55.487
6070	1	50	120	3.000	110.10	330.29	2025-11-08 17:32:55.493
6072	1	50	73	3.000	194.42	583.26	2025-11-08 17:32:55.583
6073	1	50	74	12.000	79.67	955.98	2025-11-08 17:32:55.591
6075	1	50	66	1.000	80.16	80.16	2025-11-08 17:32:55.605
14239	1	85	1979	0.000	79.19	79.19	2025-12-08 12:18:10.979
6079	1	50	149	5.000	80.88	404.42	2025-11-08 17:32:55.789
6081	1	50	60	7.000	109.69	767.83	2025-11-08 17:32:55.805
6082	1	50	70	11.000	120.09	1321.03	2025-11-08 17:32:55.812
6083	1	50	703	3.000	69.53	208.59	2025-11-08 17:32:55.888
6084	1	50	83	14.000	150.48	2106.73	2025-11-08 17:32:55.896
6086	1	50	139	20.000	112.78	2255.60	2025-11-08 17:32:55.992
6087	1	50	54	11.000	74.71	821.82	2025-11-08 17:32:56
14253	1	85	1962	0.000	129.19	258.39	2025-12-08 12:18:11.282
6090	1	50	114	7.000	101.33	709.33	2025-11-08 17:32:56.094
14286	1	85	1965	0.000	86.55	346.20	2025-12-09 14:08:17.896
6093	1	50	142	16.000	85.12	1361.90	2025-11-08 17:32:56.192
6097	1	50	109	12.000	84.35	1012.25	2025-11-08 17:32:56.299
6099	1	50	123	10.000	59.56	595.60	2025-11-08 17:32:56.39
6100	1	50	58	18.000	79.80	1436.40	2025-11-08 17:32:56.396
6102	1	50	67	15.000	69.76	1046.40	2025-11-08 17:32:56.485
6103	1	50	143	5.000	54.83	274.15	2025-11-08 17:32:56.493
14249	1	85	1963	0.000	99.19	99.19	2025-12-08 12:18:11.096
6105	1	50	95	9.000	369.57	3326.14	2025-11-08 17:32:56.508
6106	1	50	104	2.000	166.59	333.18	2025-11-08 17:32:56.587
6107	1	50	706	2.000	370.43	740.85	2025-11-08 17:32:56.595
6108	1	50	96	9.000	179.51	1615.56	2025-11-08 17:32:56.603
6109	1	50	145	3.000	242.24	726.73	2025-11-08 17:32:56.69
6110	1	50	131	4.000	205.89	823.54	2025-11-08 17:32:56.699
6111	1	50	119	2.000	280.26	560.52	2025-11-08 17:32:56.785
6112	1	50	99	4.000	191.59	766.36	2025-11-08 17:32:56.792
6113	1	50	653	16.000	72.79	1164.64	2025-11-08 17:34:37.397
6114	1	50	709	1.000	166.09	166.09	2025-11-08 17:34:37.407
6115	1	50	711	2.000	95.73	191.46	2025-11-08 17:34:37.487
6116	1	50	714	4.000	120.79	483.15	2025-11-08 17:34:37.495
6117	1	50	715	2.000	90.25	180.50	2025-11-08 17:34:37.502
6118	1	50	710	1.000	70.38	70.38	2025-11-08 17:34:37.584
6119	1	50	712	2.000	205.75	411.50	2025-11-08 17:34:37.593
6120	1	50	713	1.000	95.44	95.44	2025-11-08 17:34:37.604
6121	1	50	716	3.000	112.02	336.06	2025-11-08 17:34:37.69
6122	1	50	717	16.000	105.21	1683.35	2025-11-08 17:34:37.703
6125	1	50	725	5.000	85.78	428.90	2025-11-08 17:34:37.8
6126	1	50	175	7.000	95.78	670.47	2025-11-08 17:34:37.883
6127	1	50	185	9.000	80.75	726.73	2025-11-08 17:34:37.891
6128	1	50	728	1.000	51.83	51.83	2025-11-08 17:34:37.899
6129	1	50	184	7.000	105.71	739.95	2025-11-08 17:34:37.907
6130	1	50	732	1.000	120.72	120.72	2025-11-08 17:34:37.99
6131	1	50	158	9.000	65.70	591.28	2025-11-08 17:34:37.998
6132	1	50	719	1.000	75.77	75.77	2025-11-08 17:34:38.006
6133	1	50	167	4.000	79.32	317.28	2025-11-08 17:34:38.085
6134	1	50	726	3.000	75.76	227.28	2025-11-08 17:34:38.096
6135	1	50	171	3.000	50.84	152.52	2025-11-08 17:34:38.184
6136	1	50	160	7.000	98.69	690.84	2025-11-08 17:34:38.193
6137	1	50	735	2.000	115.68	231.35	2025-11-08 17:34:38.202
6138	1	50	727	3.000	150.74	452.22	2025-11-08 17:34:38.284
6139	1	50	730	3.000	152.72	458.16	2025-11-08 17:34:38.292
6140	1	50	721	1.000	160.57	160.57	2025-11-08 17:34:38.3
6141	1	50	169	2.000	105.58	211.16	2025-11-08 17:34:38.308
6142	1	50	165	8.000	130.80	1046.43	2025-11-08 17:34:38.389
6143	1	50	162	3.000	170.48	511.44	2025-11-08 17:34:38.398
6144	1	50	183	5.000	130.82	654.09	2025-11-08 17:34:38.407
6145	1	50	182	4.000	126.34	505.36	2025-11-08 17:34:38.491
6146	1	50	172	7.000	105.63	739.43	2025-11-08 17:34:38.498
6147	1	50	159	7.000	65.63	459.39	2025-11-08 17:34:38.505
6148	1	50	723	13.000	45.87	596.29	2025-11-08 17:34:38.586
6149	1	50	724	6.000	55.85	335.08	2025-11-08 17:34:38.595
6150	1	50	170	10.000	70.78	707.80	2025-11-08 17:34:38.603
6151	1	50	176	12.000	55.85	670.23	2025-11-08 17:34:38.687
6152	1	50	734	2.000	65.80	131.60	2025-11-08 17:34:38.696
6153	1	50	729	7.000	55.81	390.65	2025-11-08 17:34:38.704
6155	1	50	168	11.000	70.52	775.72	2025-11-08 17:34:38.798
6156	1	50	738	3.000	60.91	182.73	2025-11-08 17:34:38.806
6157	1	50	740	5.000	90.52	452.61	2025-11-08 17:34:38.887
6158	1	50	164	9.000	75.78	682.02	2025-11-08 17:34:38.896
6159	1	50	161	1.000	79.81	79.81	2025-11-08 17:34:38.904
6160	1	50	731	6.000	93.75	562.52	2025-11-08 17:34:38.989
6161	1	50	733	1.000	102.78	102.78	2025-11-08 17:34:39
6162	1	50	157	6.000	50.87	305.22	2025-11-08 17:34:39.087
6163	1	50	722	5.000	45.81	229.05	2025-11-08 17:34:39.098
6164	1	50	178	2.000	205.55	411.09	2025-11-08 17:34:39.187
6165	1	50	737	1.000	280.66	280.66	2025-11-08 17:34:39.196
6166	1	50	180	3.000	280.50	841.50	2025-11-08 17:34:39.205
7722	1	58	610	1.000	109.45	109.45	2025-11-13 09:11:34.2
20067	1	134	1542	12.000	60.89	730.70	2026-01-14 07:40:17.293
7718	1	58	633	2.000	280.56	561.11	2025-11-13 09:11:33.991
7726	1	58	512	98.000	49.63	4913.80	2025-11-13 09:11:34.496
7708	1	58	568	6.000	53.45	374.18	2025-11-13 09:11:34.487
7725	1	58	520	107.000	49.83	5331.70	2025-11-13 09:11:34.494
7727	1	58	611	0.000	89.45	0.00	2025-11-15 10:00:10.118
7723	1	58	519	73.000	89.24	6514.53	2025-11-13 09:11:34.28
17262	8	116	5978	0.000	69.53	0.00	2026-01-05 01:38:53.797541
7724	1	58	511	42.000	98.63	4142.46	2025-11-13 09:11:34.282
7731	1	58	543	2.000	109.19	436.75	2025-11-13 09:11:34.691
17265	8	116	5982	0.000	69.37	0.00	2026-01-05 01:38:53.797541
7714	1	58	589	7.000	130.24	1302.35	2025-11-13 09:11:34.192
7709	1	58	551	2.000	89.37	357.47	2025-11-13 09:11:34.489
7719	1	58	579	55.000	143.02	8581.42	2025-11-13 09:11:34.196
7716	1	58	1515	0.000	154.35	308.70	2025-11-13 09:11:34.194
6167	1	50	743	2.000	397.02	794.04	2025-11-08 17:34:39.287
6168	1	50	741	8.000	64.84	518.72	2025-11-08 17:34:39.297
6169	1	50	746	1.000	134.44	134.44	2025-11-08 17:34:39.306
6170	1	50	747	1.000	61.59	61.59	2025-11-08 17:34:39.388
6171	1	50	742	6.000	171.34	1028.04	2025-11-08 17:34:39.397
6172	1	50	744	1.000	230.86	230.86	2025-11-08 17:34:39.405
6173	1	50	745	5.000	55.53	277.65	2025-11-08 17:34:39.487
6174	1	50	748	8.000	65.96	527.68	2025-11-08 17:34:39.496
6175	1	50	749	2.000	391.96	783.92	2025-11-08 17:34:39.504
6176	1	50	750	3.000	98.69	296.07	2025-11-08 17:34:39.591
6177	1	50	751	1.000	112.82	112.82	2025-11-08 17:34:39.599
6178	1	50	188	8.000	135.56	1084.48	2025-11-08 17:36:36.504
6179	1	50	755	1.000	124.78	124.78	2025-11-08 17:36:36.512
6180	1	50	753	1.000	94.86	94.86	2025-11-08 17:36:36.586
6183	1	50	191	10.000	115.49	1154.89	2025-11-08 17:36:36.692
6184	1	50	208	10.000	82.54	825.40	2025-11-08 17:36:36.7
6185	1	50	206	12.000	98.91	1186.89	2025-11-08 17:36:36.784
6186	1	50	205	12.000	66.83	801.99	2025-11-08 17:36:36.793
6187	1	50	190	21.000	71.29	1497.03	2025-11-08 17:36:36.803
6188	1	50	761	1.000	145.83	145.83	2025-11-08 17:36:36.887
6189	1	50	762	1.000	115.20	115.20	2025-11-08 17:36:36.897
6190	1	50	220	3.000	256.96	770.88	2025-11-08 17:36:36.905
6191	1	50	216	2.000	144.39	288.78	2025-11-08 17:36:36.987
6192	1	50	756	7.000	256.99	1798.95	2025-11-08 17:36:36.996
6193	1	50	195	10.000	256.99	2569.92	2025-11-08 17:36:37.004
6194	1	50	219	2.000	267.21	534.41	2025-11-08 17:36:37.083
6195	1	50	760	2.000	332.25	664.49	2025-11-08 17:36:37.093
6196	1	50	764	1.000	151.96	151.96	2025-11-08 17:36:37.102
6197	1	50	234	9.000	50.32	452.84	2025-11-08 17:36:37.182
6198	1	50	763	11.000	40.90	449.90	2025-11-08 17:36:37.192
6199	1	50	202	5.000	104.24	521.21	2025-11-08 17:36:37.201
6200	1	50	752	1.000	164.85	164.85	2025-11-08 17:36:37.284
6201	1	50	765	1.000	81.90	81.90	2025-11-08 17:36:37.301
6203	1	50	757	1.000	132.04	132.04	2025-11-08 17:36:37.387
14248	1	85	694	0.000	119.19	0.00	2025-12-10 13:06:57.99
6207	1	50	397	10.000	96.63	966.30	2025-11-08 17:36:37.506
6208	1	50	791	1.000	91.26	91.26	2025-11-08 17:36:37.592
6209	1	50	393	25.000	151.51	3787.87	2025-11-08 17:36:37.606
6210	1	50	788	3.000	52.10	156.29	2025-11-08 17:36:37.687
6211	1	50	394	15.000	91.01	1365.22	2025-11-08 17:36:37.695
6212	1	50	780	1.000	71.75	71.75	2025-11-08 17:36:37.704
6213	1	50	766	2.000	56.47	112.94	2025-11-08 17:36:37.785
6214	1	50	768	2.000	86.34	172.68	2025-11-08 17:36:37.794
6215	1	50	781	2.000	88.14	176.27	2025-11-08 17:36:37.802
6216	1	50	382	12.000	111.98	1343.81	2025-11-08 17:36:37.884
6217	1	50	789	5.000	92.10	460.51	2025-11-08 17:36:37.894
6218	1	50	383	2.000	120.04	240.07	2025-11-08 17:36:37.903
6219	1	50	767	4.000	66.46	265.84	2025-11-08 17:36:37.985
6220	1	50	384	3.000	181.81	545.43	2025-11-08 17:36:37.995
6221	1	50	385	6.000	108.20	649.18	2025-11-08 17:36:38.085
6222	1	50	386	2.000	191.91	383.81	2025-11-08 17:36:38.095
6223	1	50	770	5.000	152.06	760.30	2025-11-08 17:36:38.103
6224	1	50	387	3.000	99.95	299.84	2025-11-08 17:36:38.182
6225	1	50	389	12.000	81.21	974.55	2025-11-08 17:36:38.193
6226	1	50	390	10.000	81.15	811.52	2025-11-08 17:36:38.206
6227	1	50	773	4.000	139.90	559.60	2025-11-08 17:36:38.285
6228	1	50	774	35.000	96.48	3376.69	2025-11-08 17:36:38.294
6229	1	50	775	9.000	131.67	1184.99	2025-11-08 17:36:38.303
6230	1	50	776	5.000	74.99	374.93	2025-11-08 17:36:38.384
6231	1	50	777	2.000	191.94	383.87	2025-11-08 17:36:38.393
6232	1	50	778	3.000	141.40	424.19	2025-11-08 17:36:38.402
6233	1	50	779	2.000	120.98	241.96	2025-11-08 17:36:38.49
6234	1	50	395	8.000	77.87	622.94	2025-11-08 17:36:38.499
6235	1	50	396	18.000	60.89	1095.93	2025-11-08 17:36:38.586
6236	1	50	782	1.000	91.42	91.42	2025-11-08 17:36:38.595
6237	1	50	783	1.000	109.90	109.90	2025-11-08 17:36:38.604
6238	1	50	784	5.000	141.06	705.28	2025-11-08 17:36:38.686
6239	1	50	785	1.000	61.38	61.38	2025-11-08 17:36:38.697
6240	1	50	398	6.000	121.00	725.98	2025-11-08 17:36:38.707
6241	1	50	399	14.000	71.56	1001.77	2025-11-08 17:36:38.787
6242	1	50	787	1.000	111.10	111.10	2025-11-08 17:36:38.797
6243	1	50	401	14.000	107.71	1507.95	2025-11-08 17:36:38.884
6244	1	50	406	8.000	81.62	652.98	2025-11-08 17:36:38.899
6245	1	50	793	3.000	252.30	756.89	2025-11-08 17:36:38.983
6246	1	50	409	6.000	91.88	551.28	2025-11-08 17:36:38.993
6247	1	50	794	1.000	71.65	71.65	2025-11-08 17:36:39.002
6248	1	50	795	1.000	131.40	131.40	2025-11-08 17:36:39.013
6249	1	50	796	3.000	111.15	333.45	2025-11-08 17:36:39.091
6250	1	50	797	6.000	111.32	667.92	2025-11-08 17:36:39.1
6251	1	50	412	5.000	111.65	558.25	2025-11-08 17:36:39.109
6252	1	50	413	17.000	81.51	1385.75	2025-11-08 17:36:39.189
6253	1	50	415	9.000	131.74	1185.68	2025-11-08 17:36:39.198
6254	1	50	800	11.000	121.00	1331.03	2025-11-08 17:36:39.207
6255	1	50	769	1.000	0.10	0.10	2025-11-08 17:36:39.289
6256	1	50	391	1.000	84.77	84.77	2025-11-08 17:36:39.299
6257	1	50	790	1.000	131.20	131.20	2025-11-08 17:36:39.383
6258	1	50	400	16.000	81.61	1305.76	2025-11-08 17:36:39.393
6259	1	50	786	11.000	90.99	1000.90	2025-11-08 17:36:39.402
6262	1	50	799	3.000	131.29	393.88	2025-11-08 17:36:39.582
6264	1	50	416	13.000	75.03	975.39	2025-11-08 17:36:39.6
6265	1	50	801	2.000	74.56	149.12	2025-11-08 17:37:48.308
6266	1	50	802	1.000	43.76	43.76	2025-11-08 17:37:48.384
6267	1	50	803	1.000	114.16	114.16	2025-11-08 17:37:48.394
6268	1	50	237	3.000	78.40	235.20	2025-11-08 17:37:48.403
6269	1	50	807	3.000	108.66	325.98	2025-11-08 17:37:48.487
6270	1	50	240	6.000	88.97	533.79	2025-11-08 17:37:48.498
6271	1	50	812	10.000	49.27	492.70	2025-11-08 17:37:48.585
6272	1	50	813	2.000	58.51	117.02	2025-11-08 17:37:48.595
6273	1	50	817	3.000	68.76	206.28	2025-11-08 17:37:48.682
7732	1	58	587	5.000	66.22	331.09	2025-11-13 09:11:34.897
7735	1	58	635	2.000	44.45	88.91	2025-11-13 09:11:34.907
7739	1	58	510	20.000	53.32	1066.40	2025-11-15 10:00:10.183
7733	1	58	625	1.000	229.45	229.45	2025-11-13 09:11:34.902
14208	1	85	1562	0.000	0.00	149.40	2025-12-06 08:28:55.994
17269	8	116	5986	0.000	107.94	0.00	2026-01-05 01:38:53.797541
6274	1	50	804	4.000	88.95	355.81	2025-11-08 17:37:48.692
6275	1	50	820	5.000	128.61	643.03	2025-11-08 17:37:48.702
6276	1	50	808	2.000	108.42	216.84	2025-11-08 17:37:48.784
6277	1	50	239	6.000	68.30	409.80	2025-11-08 17:37:48.794
6278	1	50	241	4.000	53.94	215.74	2025-11-08 17:37:48.804
6279	1	50	805	4.000	69.03	276.11	2025-11-08 17:37:48.888
6280	1	50	263	7.000	98.63	690.39	2025-11-08 17:37:48.898
6281	1	50	268	3.000	69.35	208.05	2025-11-08 17:37:48.908
6282	1	50	810	1.000	53.60	53.60	2025-11-08 17:37:48.99
6283	1	50	244	1.000	43.41	43.41	2025-11-08 17:37:49.001
6284	1	50	265	6.000	48.42	290.49	2025-11-08 17:37:49.085
6285	1	50	819	10.000	98.43	984.30	2025-11-08 17:37:49.096
6286	1	50	247	6.000	43.71	262.25	2025-11-08 17:37:49.106
6287	1	50	266	11.000	39.01	429.15	2025-11-08 17:37:49.188
6288	1	50	273	2.000	48.76	97.52	2025-11-08 17:37:49.198
6289	1	50	278	9.000	88.68	798.15	2025-11-08 17:37:49.283
6290	1	50	245	4.000	63.80	255.20	2025-11-08 17:37:49.294
6291	1	50	250	1.000	228.75	228.75	2025-11-08 17:37:49.304
6292	1	50	260	14.000	68.80	963.17	2025-11-08 17:37:49.388
6293	1	50	236	4.000	138.71	554.85	2025-11-08 17:37:49.398
6294	1	50	252	5.000	241.70	1208.50	2025-11-08 17:37:49.483
6295	1	50	274	2.000	108.52	217.03	2025-11-08 17:37:49.494
6296	1	50	809	2.000	138.60	277.20	2025-11-08 17:37:49.582
6297	1	50	818	2.000	83.73	167.45	2025-11-08 17:37:49.594
6298	1	50	251	8.000	43.79	350.32	2025-11-08 17:37:49.604
6299	1	50	821	3.000	47.99	143.97	2025-11-08 17:37:49.693
6300	1	50	824	2.000	56.69	113.38	2025-11-08 17:37:49.784
6301	1	50	822	2.000	94.25	188.50	2025-11-08 17:37:49.794
6302	1	50	825	4.000	84.25	337.00	2025-11-08 17:37:49.804
6303	1	50	823	10.000	99.25	992.50	2025-11-08 17:37:49.89
6304	1	50	830	1.000	128.44	128.44	2025-11-08 17:37:49.899
6305	1	50	831	3.000	114.24	342.72	2025-11-08 17:37:49.984
6306	1	50	833	14.000	73.87	1034.13	2025-11-08 17:37:49.994
6307	1	50	834	2.000	57.22	114.44	2025-11-08 17:37:50.005
6308	1	50	832	2.000	83.83	167.66	2025-11-08 17:37:50.092
6309	1	50	829	2.000	69.22	138.44	2025-11-08 17:37:50.103
6310	1	50	827	2.000	138.90	277.79	2025-11-08 17:37:50.188
6311	1	50	826	3.000	83.95	251.84	2025-11-08 17:37:50.199
6312	1	50	828	1.000	88.83	88.83	2025-11-08 17:37:50.284
6313	1	50	418	6.000	43.25	259.48	2025-11-08 17:37:50.295
6314	1	50	419	9.000	52.00	468.00	2025-11-08 17:37:50.305
6315	1	50	420	6.000	88.31	529.86	2025-11-08 17:37:50.39
6316	1	50	835	1.000	60.07	60.07	2025-11-08 17:37:50.483
6317	1	50	836	3.000	81.00	243.00	2025-11-08 17:37:50.683
6318	1	50	421	7.000	69.14	483.97	2025-11-08 17:37:50.885
6319	1	50	837	6.000	107.92	647.53	2025-11-08 17:37:50.896
6320	1	50	838	10.000	72.63	726.34	2025-11-08 17:37:50.988
6321	1	50	839	1.000	66.36	66.36	2025-11-08 17:37:50.998
6322	1	50	422	1.000	47.45	47.45	2025-11-08 17:37:51.008
6323	1	50	423	4.000	73.78	295.12	2025-11-08 17:37:51.088
6324	1	50	425	9.000	52.00	468.00	2025-11-08 17:37:51.1
6325	1	50	426	4.000	92.96	371.84	2025-11-08 17:37:51.188
6326	1	50	431	9.000	60.75	546.72	2025-11-08 17:37:51.199
6327	1	50	432	4.000	93.63	374.52	2025-11-08 17:37:51.285
6328	1	50	840	2.000	92.00	184.00	2025-11-08 17:37:51.297
6329	1	50	841	3.000	105.07	315.21	2025-11-08 17:37:51.385
6330	1	50	434	1.000	81.90	81.90	2025-11-08 17:37:51.395
6331	1	50	435	7.000	57.19	400.34	2025-11-08 17:37:51.405
6332	1	50	842	16.000	63.55	1016.72	2025-11-08 17:37:51.493
21538	1	139	571	0.000	86.65	0.00	2026-01-12 16:12:43.789
6334	1	50	844	5.000	60.07	300.35	2025-11-08 17:37:51.593
6335	1	50	846	3.000	75.07	225.21	2025-11-08 17:37:51.603
6336	1	50	847	2.000	105.76	211.52	2025-11-08 17:37:51.688
6337	1	50	848	2.000	97.82	195.64	2025-11-08 17:37:51.698
6338	1	50	849	4.000	93.69	374.77	2025-11-08 17:37:51.708
6339	1	50	850	1.000	181.88	181.88	2025-11-08 17:37:51.793
6340	1	50	851	1.000	130.66	130.66	2025-11-08 17:37:51.883
6341	1	50	853	2.000	68.75	137.49	2025-11-08 17:37:51.894
6342	1	50	854	1.000	241.69	241.69	2025-11-08 17:37:51.906
6343	1	50	855	6.000	89.15	534.87	2025-11-08 17:37:51.991
6344	1	50	450	8.000	146.21	1169.68	2025-11-08 17:37:52.004
6345	1	50	857	1.000	74.18	74.18	2025-11-08 17:37:52.086
6346	1	50	858	4.000	75.07	300.28	2025-11-08 17:37:52.099
6347	1	50	859	1.000	85.80	85.80	2025-11-08 17:37:52.192
6348	1	50	457	1.000	75.07	75.07	2025-11-08 17:37:52.206
6349	1	50	860	1.000	129.55	129.55	2025-11-08 17:37:52.284
6350	1	50	856	4.000	46.99	187.96	2025-11-08 17:37:52.297
6351	1	50	459	1.000	0.10	0.10	2025-11-08 17:37:52.389
8490	1	56	298	0.000	0.00	0.00	2025-11-14 12:48:27.707054
6353	1	50	463	3.000	90.64	271.92	2025-11-08 17:37:52.485
6354	1	50	464	5.000	108.19	540.97	2025-11-08 17:37:52.495
6356	1	50	467	7.000	59.19	414.33	2025-11-08 17:37:52.593
6357	1	50	862	1.000	149.67	149.67	2025-11-08 17:37:52.604
6358	1	50	472	6.000	411.38	2468.26	2025-11-08 17:37:52.683
6359	1	50	475	2.000	153.17	306.34	2025-11-08 17:37:52.695
6360	1	50	477	2.000	46.50	92.99	2025-11-08 17:37:52.751
6362	1	50	478	7.000	58.72	411.01	2025-11-08 17:37:52.806
6363	1	50	481	15.000	54.38	815.72	2025-11-08 17:37:52.89
6364	1	50	484	6.000	49.37	296.19	2025-11-08 17:37:52.9
6365	1	50	487	13.000	254.12	3303.56	2025-11-08 17:37:52.911
6366	1	50	488	4.000	389.29	1557.14	2025-11-08 17:37:52.993
6367	1	50	869	5.000	178.69	893.43	2025-11-08 17:37:53.004
6368	1	50	489	16.000	150.52	2408.35	2025-11-08 17:37:53.088
6369	1	50	872	3.000	119.40	358.20	2025-11-08 17:37:53.099
6370	1	50	873	9.000	74.38	669.40	2025-11-08 17:37:53.184
6371	1	50	495	3.000	227.90	683.69	2025-11-08 17:37:53.196
6372	1	50	497	2.000	178.69	357.38	2025-11-08 17:37:53.282
6373	1	50	498	2.000	253.23	506.46	2025-11-08 17:37:53.294
6374	1	50	875	2.000	260.39	520.77	2025-11-08 17:37:53.306
6375	1	50	500	3.000	252.76	758.29	2025-11-08 17:37:53.393
6376	1	50	877	1.000	109.23	109.23	2025-11-08 17:37:53.404
6377	1	50	501	1.000	228.69	228.69	2025-11-08 17:37:53.491
6378	1	50	502	1.000	74.34	74.34	2025-11-08 17:37:53.512
6379	1	50	879	1.000	153.57	153.57	2025-11-08 17:37:53.595
6380	1	50	881	2.000	94.15	188.30	2025-11-08 17:37:53.683
6381	1	50	882	1.000	144.64	144.64	2025-11-08 17:37:53.695
8604	1	68	2285	1.000	0.10	0.10	2025-11-18 08:46:14.722
7743	1	58	535	18.000	149.33	2687.89	2025-11-13 09:11:34.297
6382	1	50	883	9.000	79.26	713.33	2025-11-08 17:37:53.707
6383	1	50	490	1.000	126.97	126.97	2025-11-08 17:37:53.79
6384	1	50	880	1.000	139.57	139.57	2025-11-08 17:37:53.801
6385	1	50	861	1.000	86.04	86.04	2025-11-08 17:37:53.884
6386	1	50	863	5.000	390.21	1951.03	2025-11-08 17:37:53.896
6387	1	50	476	8.000	140.74	1125.95	2025-11-08 17:37:53.984
6388	1	50	866	2.000	188.28	376.56	2025-11-08 17:37:54.183
6389	1	50	867	1.000	79.20	79.20	2025-11-08 17:37:54.582
6390	1	50	868	1.000	103.28	103.28	2025-11-08 17:37:54.685
6391	1	50	870	11.000	108.28	1191.08	2025-11-08 17:37:54.893
6392	1	50	871	3.000	73.28	219.84	2025-11-08 17:37:54.998
6393	1	50	874	1.000	350.38	350.38	2025-11-08 17:37:55.084
6394	1	50	878	7.000	391.96	2743.72	2025-11-08 17:37:55.095
6396	1	50	291	34.000	40.95	1392.30	2025-11-08 17:37:55.196
21539	1	139	574	0.000	236.66	0.00	2026-01-12 16:12:43.794
6040	1	50	579	10.000	200.24	2002.43	2025-11-08 17:32:53.697
6204	1	50	405	5.000	272.66	1363.31	2025-11-08 17:36:37.398
6205	1	50	404	29.000	97.95	2840.64	2025-11-08 17:36:37.488
6096	1	50	103	9.000	85.87	772.84	2025-11-08 17:32:56.291
6089	1	50	91	13.000	77.60	1008.78	2025-11-08 17:32:56.086
6101	1	50	81	9.000	90.66	815.94	2025-11-08 17:32:56.404
6098	1	50	113	16.000	77.71	1243.36	2025-11-08 17:32:56.307
6402	1	37	1528	2.000	68.01	136.03	2025-11-08 17:46:50.989
6094	1	50	71	79.000	49.23	3889.17	2025-11-08 17:32:56.2
6044	1	50	575	1.000	648.64	648.64	2025-11-08 17:32:53.798
7679	1	58	559	0.000	0.10	0.10	2025-11-10 08:17:31.673
5881	1	49	548	13.000	103.40	1344.19	2025-11-08 17:09:32.692
5872	1	49	568	11.000	63.33	696.58	2025-11-08 17:09:32.407
6397	1	37	1516	1.000	84.26	84.26	2025-11-08 17:46:50.286
6398	1	37	61	18.000	238.01	4284.23	2025-11-08 17:46:50.393
6399	1	37	1519	1.000	138.01	138.01	2025-11-08 17:46:50.483
6400	1	37	1526	1.000	148.01	148.01	2025-11-08 17:46:50.897
6401	1	37	1529	2.000	138.01	276.03	2025-11-08 17:46:50.986
6403	1	37	117	2.000	140.01	280.03	2025-11-08 17:46:51.082
6404	1	37	705	6.000	163.01	978.08	2025-11-08 17:46:51.093
6405	1	37	1535	1.000	154.01	154.01	2025-11-08 17:46:51.097
6406	1	37	1546	1.000	48.01	48.01	2025-11-08 17:46:51.182
6407	1	37	135	1.000	148.01	148.01	2025-11-08 17:46:51.189
6408	1	37	1548	2.000	170.01	340.03	2025-11-08 17:46:51.202
6409	1	37	1551	1.000	115.51	115.51	2025-11-08 17:46:51.285
6410	1	37	1520	2.000	88.01	176.03	2025-11-08 17:46:51.304
6411	1	37	1521	31.000	148.01	4588.39	2025-11-08 17:46:51.309
6412	1	37	1537	4.000	82.81	331.25	2025-11-08 17:46:51.481
6413	1	37	1545	2.000	73.21	146.43	2025-11-08 17:46:51.498
6414	1	37	1540	3.000	72.81	218.44	2025-11-08 17:46:51.511
6415	1	37	124	6.000	73.21	439.28	2025-11-08 17:46:51.591
6416	1	37	1532	24.000	49.01	1176.30	2025-11-08 17:46:51.693
6417	1	37	1543	2.000	76.01	152.03	2025-11-08 17:46:51.699
6418	1	37	1549	1.000	53.01	53.01	2025-11-08 17:46:51.786
6419	1	51	78	3.000	254.32	762.97	2025-11-08 18:17:33.484
6420	1	51	80	14.000	83.37	1167.17	2025-11-08 18:17:33.494
5855	1	49	516	9.000	68.80	619.16	2025-11-08 17:09:31.996
5895	1	49	556	9.000	144.05	1296.41	2025-11-08 17:09:33.096
5860	1	49	561	6.000	150.41	902.48	2025-11-08 17:09:32.104
5880	1	49	512	5.000	59.20	296.00	2025-11-08 17:09:32.685
5902	1	49	524	14.000	72.24	1011.35	2025-11-08 17:09:33.384
5862	1	49	571	1.000	159.24	159.24	2025-11-08 17:09:32.192
5884	1	49	510	5.000	63.98	319.92	2025-11-08 17:09:32.789
5947	1	49	357	14.000	211.97	2967.65	2025-11-08 17:12:41.4
5951	1	49	342	3.000	98.43	295.28	2025-11-08 17:12:41.584
6002	1	49	332	12.000	147.05	1764.58	2025-11-08 17:18:35.306
6005	1	49	329	6.000	154.16	924.98	2025-11-08 17:18:34.104
6013	1	49	293	6.000	83.38	500.27	2025-11-08 17:18:34.398
6017	1	49	308	10.000	68.45	684.45	2025-11-08 17:18:34.583
5917	1	49	600	3.000	218.85	656.55	2025-11-08 17:10:18.493
5931	1	49	658	11.000	153.24	1685.69	2025-11-08 17:10:18.992
6048	1	50	531	39.000	53.24	2076.21	2025-11-08 17:32:53.902
6047	1	50	337	83.000	61.38	5094.65	2025-11-08 17:32:53.894
6033	1	50	514	38.000	240.64	9144.32	2025-11-08 17:42:00.337
6333	1	50	843	5.000	80.11	400.56	2025-11-08 17:37:51.582
6352	1	50	462	12.000	50.00	600.05	2025-11-08 17:37:52.4
6355	1	50	465	3.000	84.33	253.00	2025-11-08 17:37:52.506
6361	1	50	865	7.000	101.34	709.36	2025-11-08 17:37:52.794
6181	1	50	227	1.000	132.86	132.86	2025-11-08 17:36:36.595
6202	1	50	758	19.000	59.42	1129.00	2025-11-08 17:36:37.353
6182	1	50	196	38.000	259.79	9872.06	2025-11-08 17:36:36.603
6124	1	50	718	15.000	58.74	881.13	2025-11-08 17:34:37.793
6123	1	50	668	2.000	104.11	208.23	2025-11-08 17:34:37.784
6395	1	50	305	37.000	67.26	2488.80	2025-11-08 17:37:55.182
6260	1	50	408	25.000	175.78	4394.48	2025-11-08 17:36:39.488
6261	1	50	407	26.000	109.13	2837.28	2025-11-08 17:36:39.498
6263	1	50	798	1.000	184.68	184.68	2025-11-08 17:36:39.591
6206	1	50	792	3.000	215.46	646.37	2025-11-08 17:36:37.497
6104	1	50	63	30.000	52.09	1562.72	2025-11-08 17:32:56.501
6064	1	50	52	7.000	81.38	569.69	2025-11-08 17:32:55.307
6052	1	50	93	17.000	196.63	3342.68	2025-11-08 17:32:54.582
6063	1	50	700	40.000	77.21	3088.49	2025-11-08 17:32:55.301
6076	1	50	107	7.000	96.54	675.78	2025-11-08 17:32:55.612
6080	1	50	151	10.000	113.12	1131.19	2025-11-08 17:32:55.798
6095	1	50	85	18.000	79.07	1423.25	2025-11-08 17:32:56.284
6055	1	50	75	2.000	166.72	333.44	2025-11-08 17:32:54.989
6071	1	50	105	9.000	104.57	941.10	2025-11-08 17:32:55.5
6066	1	50	100	2.000	235.02	470.04	2025-11-08 17:32:55.393
6065	1	50	53	5.000	95.89	479.47	2025-11-08 17:32:55.386
6091	1	50	130	1.000	169.28	169.28	2025-11-08 17:32:56.101
6067	1	50	111	1.000	451.20	451.20	2025-11-08 17:32:55.4
6085	1	50	92	14.000	171.79	2405.12	2025-11-08 17:32:55.984
6074	1	50	102	8.000	112.15	897.21	2025-11-08 17:32:55.598
6088	1	50	94	1.000	195.14	195.14	2025-11-08 17:32:56.008
6154	1	50	720	5.000	85.27	426.36	2025-11-08 17:34:38.789
6078	1	50	133	5.000	155.37	776.83	2025-11-08 17:32:55.699
6077	1	50	76	8.000	100.89	807.09	2025-11-08 17:32:55.691
3961	1	37	63	85.000	43.17	3669.07	2025-11-08 17:46:51.794
3884	1	37	700	7.000	88.38	618.66	2025-11-08 17:46:50.279
6421	1	51	146	6.000	234.09	1404.52	2025-11-08 18:17:33.502
6422	1	51	147	5.000	85.12	425.58	2025-11-08 18:17:33.583
6423	1	51	77	1.000	229.34	229.34	2025-11-08 18:17:33.592
6424	1	51	93	275.000	151.49	41660.42	2025-11-08 18:17:33.599
6425	1	51	79	100.000	65.61	6561.34	2025-11-08 18:17:33.683
6426	1	51	144	98.000	94.61	9271.63	2025-11-08 18:17:33.69
6427	1	51	75	2.000	110.53	221.05	2025-11-08 18:17:33.699
6428	1	51	84	33.000	56.32	1858.54	2025-11-08 18:17:33.782
6429	1	51	87	108.000	69.43	7498.25	2025-11-08 18:17:33.79
6430	1	51	140	15.000	134.46	2016.88	2025-11-08 18:17:33.797
6431	1	51	51	7.000	70.35	492.47	2025-11-08 18:17:33.804
6432	1	51	57	80.000	179.52	14361.50	2025-11-08 18:17:33.885
6433	1	51	56	127.000	97.60	12395.24	2025-11-08 18:17:33.891
6434	1	51	55	64.000	109.99	7039.33	2025-11-08 18:17:33.897
6435	1	51	52	23.000	60.54	1392.34	2025-11-08 18:17:33.904
6436	1	51	53	15.000	79.48	1192.26	2025-11-08 18:17:33.984
6437	1	51	68	5.000	129.46	647.30	2025-11-08 18:17:33.991
6438	1	51	65	13.000	74.72	971.30	2025-11-08 18:17:33.998
6439	1	51	97	10.000	149.56	1495.62	2025-11-08 18:17:34.004
6440	1	51	100	4.000	155.81	623.25	2025-11-08 18:17:34.085
6441	1	51	111	2.000	229.58	459.16	2025-11-08 18:17:34.092
6442	1	51	129	1.000	141.58	141.58	2025-11-08 18:17:34.099
6443	1	51	138	103.000	110.00	11329.95	2025-11-08 18:17:34.181
6444	1	51	708	10.000	129.66	1296.56	2025-11-08 18:17:34.189
6445	1	51	1552	2.000	89.56	179.12	2025-11-08 18:17:34.195
6446	1	51	141	15.000	44.36	665.39	2025-11-08 18:17:34.201
6447	1	51	120	3.000	109.59	328.77	2025-11-08 18:17:34.208
6448	1	51	105	17.000	87.26	1483.50	2025-11-08 18:17:34.289
6449	1	51	73	21.000	193.54	4064.24	2025-11-08 18:17:34.296
6450	1	51	101	78.000	109.57	8546.14	2025-11-08 18:17:34.305
6451	1	51	116	5.000	69.40	347.02	2025-11-08 18:17:34.311
6452	1	51	74	58.000	80.51	4669.81	2025-11-08 18:17:34.385
6453	1	51	102	72.000	99.76	7183.03	2025-11-08 18:17:34.392
6454	1	51	126	60.000	134.46	8067.62	2025-11-08 18:17:34.397
6455	1	51	702	1.000	91.72	91.72	2025-11-08 18:17:34.403
6456	1	51	66	6.000	79.41	476.48	2025-11-08 18:17:34.483
6457	1	51	110	2.000	79.42	158.83	2025-11-08 18:17:34.49
6458	1	51	59	7.000	164.94	1154.61	2025-11-08 18:17:34.496
6459	1	51	107	53.000	74.81	3964.98	2025-11-08 18:17:34.502
6460	1	51	108	1.000	109.50	109.50	2025-11-08 18:17:34.508
6461	1	51	76	30.000	89.38	2681.28	2025-11-08 18:17:34.595
6462	1	51	133	2.000	129.41	258.82	2025-11-08 18:17:34.605
6463	1	51	149	48.000	79.53	3817.47	2025-11-08 18:17:34.688
6464	1	51	106	18.000	92.14	1658.59	2025-11-08 18:17:34.698
6465	1	51	152	6.000	85.51	513.03	2025-11-08 18:17:34.706
6466	1	51	137	5.000	109.36	546.81	2025-11-08 18:17:34.787
6467	1	51	151	111.000	94.11	10446.71	2025-11-08 18:17:34.794
6468	1	51	60	68.000	109.53	7447.74	2025-11-08 18:17:34.801
6469	1	51	70	81.000	119.43	9673.49	2025-11-08 18:17:34.809
6470	1	51	72	2.000	159.63	319.25	2025-11-08 18:17:34.886
6471	1	51	83	122.000	149.87	18284.38	2025-11-08 18:17:34.893
6472	1	51	88	5.000	200.05	1000.23	2025-11-08 18:17:34.903
6473	1	51	92	65.000	148.94	9681.22	2025-11-08 18:17:34.983
6474	1	51	139	190.000	115.88	22017.39	2025-11-08 18:17:34.993
6475	1	51	54	21.000	74.66	1567.87	2025-11-08 18:17:35
6476	1	51	89	99.000	110.44	10933.89	2025-11-08 18:17:35.081
6477	1	51	98	3.000	69.54	208.61	2025-11-08 18:17:35.089
6478	1	51	94	16.000	97.49	1559.81	2025-11-08 18:17:35.095
6479	1	51	91	60.000	55.99	3359.43	2025-11-08 18:17:35.102
6480	1	51	114	11.000	101.56	1117.16	2025-11-08 18:17:35.184
6481	1	51	112	1.000	104.60	104.60	2025-11-08 18:17:35.191
6482	1	51	130	10.000	84.47	844.71	2025-11-08 18:17:35.197
6483	1	51	1547	1.000	79.48	79.48	2025-11-08 18:17:35.204
6484	1	51	134	20.000	84.42	1688.45	2025-11-08 18:17:35.285
6485	1	51	142	75.000	84.66	6349.67	2025-11-08 18:17:35.387
6486	1	51	148	7.000	69.46	486.22	2025-11-08 18:17:35.483
6487	1	51	150	1.000	69.68	69.68	2025-11-08 18:17:35.49
6488	1	51	1541	1.000	74.65	74.65	2025-11-08 18:17:35.497
6489	1	51	71	171.000	44.86	7670.77	2025-11-08 18:17:35.504
6490	1	51	85	41.000	74.75	3064.68	2025-11-08 18:17:35.584
6491	1	51	103	20.000	59.65	1192.91	2025-11-08 18:17:35.592
6492	1	51	109	183.000	83.56	15292.00	2025-11-08 18:17:35.598
6493	1	51	113	50.000	69.47	3473.46	2025-11-08 18:17:35.606
6494	1	51	123	96.000	59.54	5715.74	2025-11-08 18:17:35.687
6495	1	51	90	41.000	69.43	2846.61	2025-11-08 18:17:35.701
6496	1	51	127	447.000	79.41	35498.32	2025-11-08 18:17:35.783
6497	1	51	58	153.000	79.52	12167.05	2025-11-08 18:17:35.791
6498	1	51	122	135.000	69.69	9408.13	2025-11-08 18:17:35.798
6499	1	51	118	8.000	69.52	556.18	2025-11-08 18:17:35.805
6500	1	51	81	42.000	73.73	3096.73	2025-11-08 18:17:35.887
6501	1	51	67	16.000	70.43	1126.80	2025-11-08 18:17:35.895
6502	1	51	62	1.000	74.85	74.85	2025-11-08 18:17:35.902
6503	1	51	115	17.000	47.34	804.79	2025-11-08 18:17:35.986
6504	1	51	50	23.000	54.79	1260.13	2025-11-08 18:17:35.993
6505	1	51	143	45.000	55.38	2492.12	2025-11-08 18:17:36.082
6506	1	51	1538	3.000	74.80	224.41	2025-11-08 18:17:36.089
6507	1	51	128	358.000	54.42	19481.47	2025-11-08 18:17:36.098
6508	1	51	125	246.000	52.08	12811.66	2025-11-08 18:17:36.105
6509	1	51	63	761.000	44.47	33839.39	2025-11-08 18:17:36.185
6510	1	51	64	19.000	279.67	5313.65	2025-11-08 18:17:36.193
6511	1	51	95	67.000	369.29	24742.36	2025-11-08 18:17:36.201
6512	1	51	104	85.000	167.74	14257.88	2025-11-08 18:17:36.287
6513	1	51	132	1.000	195.18	195.18	2025-11-08 18:17:36.295
6514	1	51	96	21.000	179.51	3769.72	2025-11-08 18:17:36.302
6515	1	51	145	22.000	242.53	5335.70	2025-11-08 18:17:36.389
6516	1	51	121	10.000	279.33	2793.27	2025-11-08 18:17:36.397
6517	1	51	131	18.000	204.97	3689.41	2025-11-08 18:17:36.405
6518	1	51	82	3.000	269.38	808.14	2025-11-08 18:17:36.484
6519	1	51	119	11.000	279.25	3071.72	2025-11-08 18:17:36.491
6520	1	51	99	131.000	192.20	25178.62	2025-11-08 18:17:36.499
7748	1	58	553	0.000	79.45	476.73	2025-11-13 09:11:34.502
20000	1	134	1548	3.000	178.20	534.60	2026-01-14 07:40:16.503
7746	1	58	573	3.000	79.45	238.36	2025-11-13 09:11:34.498
17275	8	116	5994	0.000	57.59	0.00	2026-01-05 01:38:53.797541
7762	1	58	526	1.000	403.84	403.84	2025-11-10 08:17:34.298
7763	1	58	522	1.000	207.71	207.71	2025-11-10 08:17:34.307
7764	1	58	544	1.000	95.71	95.71	2025-11-10 08:17:34.385
7767	1	58	521	6.000	77.74	466.44	2025-11-10 08:17:34.412
7770	1	58	518	1.000	220.71	220.71	2025-11-10 08:17:34.502
14292	1	81	1581	7.000	79.84	558.88	2025-12-10 07:33:40.385806
14291	1	81	678	5.000	56.63	339.78	2025-12-10 07:33:40.385806
14293	1	81	404	0.000	91.66	0.00	2025-12-10 07:37:58.89
14288	1	81	1561	19.000	55.10	1267.36	2025-12-12 07:46:56.621
14290	1	81	1569	7.000	49.53	396.24	2025-12-10 07:33:40.385806
7780	1	58	539	8.000	243.67	1949.36	2025-11-10 08:17:34.982
7781	1	58	577	1.000	47.71	47.71	2025-11-10 08:17:34.992
7782	1	58	590	1.000	107.71	107.71	2025-11-10 08:17:35.002
14287	1	81	1559	0.000	118.89	1188.90	2025-12-10 07:33:40.385806
20019	1	134	149	12.000	83.52	1002.20	2026-01-14 07:40:16.599
21486	8	120	5949	1.000	179.28	179.28	2026-01-10 14:23:06.59
19950	7	113	5336	2.000	86.40	172.80	2026-01-08 08:34:02.386
20702	1	137	1474	5.000	80.71	403.55	2026-01-09 07:46:56.605
7803	1	58	621	1.000	229.24	229.24	2025-11-10 08:17:35.793
21485	8	120	6046	1.000	139.28	139.28	2026-01-10 14:23:06.587
19925	7	113	5300	1.000	101.40	101.40	2026-01-08 08:34:01.881
19969	7	113	5366	0.000	71.40	0.00	2026-01-08 08:34:02.797
21482	8	120	5966	5.000	99.28	496.40	2026-01-10 14:23:06.492
19954	7	113	5340	28.000	66.40	1859.20	2026-01-08 08:34:02.495
21449	1	137	564	0.000	266.66	0.00	2026-01-09 07:46:56.394
19947	7	113	5328	9.000	71.40	642.60	2026-01-08 08:34:02.286
21490	8	120	6039	4.000	89.28	357.12	2026-01-10 14:23:06.994
20023	1	134	137	6.000	112.89	677.36	2026-01-14 07:40:16.492
21487	8	120	6059	0.000	169.28	0.00	2026-01-10 14:23:06.894
7826	1	58	628	2.000	78.22	156.44	2025-11-10 08:17:36.596
7827	1	58	597	1.000	361.30	361.30	2025-11-10 08:17:36.605
7828	1	58	598	3.000	441.30	1323.90	2025-11-10 08:17:36.685
7829	1	58	600	4.000	163.95	655.81	2025-11-10 08:17:36.695
7830	1	58	602	2.000	78.32	156.64	2025-11-10 08:17:36.704
7831	1	58	603	3.000	58.11	174.32	2025-11-10 08:17:36.787
7832	1	58	339	3.000	115.21	345.63	2025-11-10 08:17:36.796
7833	1	58	604	3.000	148.59	445.78	2025-11-10 08:17:36.805
7834	1	58	599	1.000	178.96	178.96	2025-11-10 08:17:36.888
7835	1	58	605	1.000	105.32	105.32	2025-11-10 08:17:36.897
7836	1	58	606	2.000	117.82	235.64	2025-11-10 08:17:36.906
7837	1	58	607	2.000	180.32	360.64	2025-11-10 08:17:36.987
7838	1	58	608	1.000	182.82	182.82	2025-11-10 08:17:36.996
20058	1	134	1520	10.000	95.72	957.20	2026-01-14 07:40:16.698
7839	1	58	609	1.000	182.82	182.82	2025-11-10 08:17:37.005
8283	1	60	828	1.000	88.83	88.83	2025-11-10 08:39:59.692
8286	1	60	420	6.000	88.31	529.86	2025-11-10 08:39:59.811
8287	1	60	835	1.000	60.07	60.07	2025-11-10 08:39:59.891
8288	1	60	836	3.000	81.00	243.00	2025-11-10 08:39:59.902
8289	1	60	421	6.000	69.14	414.83	2025-11-10 08:39:59.991
8290	1	60	837	6.000	107.92	647.53	2025-11-10 08:40:00.005
8291	1	60	838	10.000	72.63	726.34	2025-11-10 08:40:00.093
8292	1	60	839	1.000	66.36	66.36	2025-11-10 08:40:00.106
7799	1	58	578	3.000	230.92	692.77	2025-11-13 09:11:34
7819	1	58	154	20.000	78.33	2036.60	2025-11-10 08:17:36.39
7800	1	58	588	9.000	281.41	2532.73	2025-11-13 09:11:34.002
7812	1	58	632	1.000	79.45	158.91	2025-11-13 09:11:34.781
7766	1	58	634	3.000	79.45	397.27	2025-11-13 09:11:34.993
7809	1	58	575	16.000	328.95	5263.25	2025-11-13 09:11:34.004
7784	1	58	540	1.000	128.49	256.98	2025-11-10 08:17:35.096
7765	1	58	585	1.000	130.92	392.77	2025-11-13 09:11:34.991
7813	1	58	557	24.000	69.61	1670.64	2025-11-15 10:00:09.911
21447	1	137	1492	0.000	291.66	0.00	2026-01-09 07:46:56.385
7793	1	58	1484	1.000	189.45	189.45	2025-11-13 09:11:34.387
7796	1	58	586	10.000	102.71	1027.12	2025-11-13 09:11:34.391
8285	1	60	419	2.000	52.00	468.00	2025-11-10 08:39:59.792
21448	1	137	537	0.000	291.66	0.00	2026-01-09 07:46:56.39
21483	8	120	5948	1.000	239.28	239.28	2026-01-10 14:23:06.502
7779	1	58	566	3.000	244.39	977.56	2025-11-10 08:17:34.9
21484	8	120	5974	1.000	119.28	119.28	2026-01-10 14:23:06.583
21492	8	120	6041	0.000	129.28	0.00	2026-01-10 14:23:07.095
8284	1	60	418	0.000	43.25	0.00	2025-11-10 08:39:59.706
7805	1	58	1501	1.000	229.45	229.45	2025-11-13 09:11:34.398
7755	1	58	562	21.000	228.94	4807.65	2025-11-13 09:11:33.993
20043	1	134	134	4.000	91.20	364.80	2026-01-14 07:40:17.102
21491	8	120	5956	0.000	89.28	0.00	2026-01-10 14:23:06.999
7756	1	58	552	3.000	155.92	467.77	2025-11-13 09:11:33.995
7757	1	58	569	13.000	228.95	2976.37	2025-11-13 09:11:33.997
7758	1	58	529	20.000	254.56	5091.17	2025-11-13 09:11:33.998
7808	1	58	1464	1.000	169.45	169.45	2025-11-13 09:11:34.4
7795	1	58	1465	3.000	109.34	328.03	2025-11-13 09:11:34.584
7753	1	58	1490	1.000	59.45	59.45	2025-11-13 09:11:34.685
7810	1	58	524	9.000	64.45	580.09	2025-11-13 09:11:34.695
7815	1	58	545	5.000	69.59	347.93	2025-11-13 09:11:34.789
7816	1	58	554	13.000	69.44	902.75	2025-11-13 09:11:34.791
7820	1	58	594	67.000	69.17	4634.31	2025-11-13 09:11:34.796
7760	1	58	537	3.000	282.73	848.19	2025-11-13 09:11:34.986
21489	8	120	5950	0.000	159.28	0.00	2026-01-10 14:23:06.991
20716	1	137	556	0.000	131.71	0.00	2026-01-09 07:46:55.291
7769	1	58	1505	1.000	224.45	224.45	2025-11-13 09:11:34.996
7786	1	58	541	116.000	70.29	8153.49	2025-11-13 09:11:35.097
7754	1	58	1481	3.000	59.38	237.52	2025-11-13 09:11:34.582
17279	8	116	6002	0.000	70.11	0.00	2026-01-05 01:38:53.797541
17280	8	116	6003	0.000	53.25	0.00	2026-01-05 01:38:53.797541
7840	1	61	614	2.000	0.01	0.02	2025-11-10 08:21:09.825
7841	1	61	612	2.000	129.26	258.51	2025-11-10 08:21:09.834
7844	1	61	584	3.000	138.77	416.31	2025-11-10 08:21:09.904
7846	1	61	555	10.000	134.39	1343.92	2025-11-10 08:21:09.99
7847	1	61	523	2.000	152.34	304.67	2025-11-10 08:21:09.998
7849	1	61	550	1.000	72.43	72.43	2025-11-10 08:21:10.087
14289	1	81	1562	24.000	38.03	1216.96	2025-12-12 07:46:56.616
7853	1	61	592	7.000	53.02	371.13	2025-11-10 08:21:10.183
7854	1	61	624	1.000	169.89	169.89	2025-11-10 08:21:10.192
7855	1	61	618	2.000	47.93	95.86	2025-11-10 08:21:10.201
7856	1	61	615	1.000	192.76	192.76	2025-11-10 08:21:10.284
7858	1	61	616	1.000	132.76	132.76	2025-11-10 08:21:10.302
7860	1	61	633	2.000	280.82	561.63	2025-11-10 08:21:10.387
7861	1	61	509	8.000	128.86	1030.89	2025-11-10 08:21:10.396
7863	1	61	511	8.000	98.87	790.92	2025-11-10 08:21:10.692
7864	1	61	520	8.000	49.52	396.16	2025-11-10 08:21:10.891
7865	1	61	512	10.000	49.35	493.45	2025-11-10 08:21:11.085
7869	1	61	572	6.000	129.08	774.48	2025-11-10 08:21:11.195
7870	1	61	535	5.000	149.55	747.75	2025-11-10 08:21:11.205
7873	1	61	622	2.000	95.15	190.29	2025-11-10 08:21:11.306
7874	1	61	562	3.000	228.57	685.71	2025-11-10 08:21:11.314
7875	1	61	569	4.000	228.40	913.59	2025-11-10 08:21:11.39
7876	1	61	585	3.000	129.22	387.66	2025-11-10 08:21:11.398
7877	1	61	593	1.000	112.71	112.71	2025-11-10 08:21:11.407
7879	1	61	513	3.000	188.77	566.31	2025-11-10 08:21:11.495
7885	1	61	620	4.000	92.76	371.04	2025-11-10 08:21:11.693
7886	1	61	575	3.000	324.32	972.96	2025-11-10 08:21:11.701
7890	1	61	554	3.000	69.51	208.52	2025-11-10 08:21:11.803
7892	1	61	631	2.000	69.46	138.92	2025-11-10 08:21:11.899
20367	1	135	1685	0.000	82.36	0.00	2026-01-08 09:48:14.195
7896	1	61	636	3.000	67.78	203.34	2025-11-10 08:21:12.008
7898	1	61	639	3.000	78.88	236.65	2025-11-10 08:21:12.097
7899	1	61	640	3.000	98.21	294.63	2025-11-10 08:21:12.105
7900	1	61	600	2.000	164.14	328.28	2025-11-10 08:21:12.114
7901	1	61	601	9.000	84.12	757.11	2025-11-10 08:21:12.191
7902	1	61	644	1.000	87.73	87.73	2025-11-10 08:21:12.2
7903	1	61	645	1.000	141.81	141.81	2025-11-10 08:21:12.208
7905	1	61	648	3.000	368.65	1105.94	2025-11-10 08:21:12.294
7906	1	61	649	5.000	59.19	295.93	2025-11-10 08:21:12.307
7909	1	61	652	3.000	109.46	328.38	2025-11-10 08:21:12.403
7910	1	61	653	11.000	50.26	552.86	2025-11-10 08:21:12.411
7911	1	61	654	1.000	155.27	155.27	2025-11-10 08:21:12.482
7913	1	61	656	1.000	140.38	140.38	2025-11-10 08:21:12.501
7918	1	61	339	8.000	104.37	834.97	2025-11-10 08:21:12.612
7919	1	61	664	6.000	91.11	546.64	2025-11-10 08:21:12.687
7920	1	61	665	4.000	155.06	620.23	2025-11-10 08:21:12.696
7921	1	61	666	9.000	58.72	528.50	2025-11-10 08:21:12.705
7922	1	61	642	4.000	84.05	336.20	2025-11-10 08:21:12.714
7923	1	61	641	4.000	94.05	376.20	2025-11-10 08:21:12.793
7924	1	61	638	5.000	44.05	220.25	2025-11-10 08:21:12.802
7925	1	61	643	4.000	149.05	596.20	2025-11-10 08:21:12.811
7926	1	61	657	1.000	428.96	428.96	2025-11-10 08:21:12.888
7927	1	61	663	1.000	288.96	288.96	2025-11-10 08:21:12.897
7928	1	61	646	2.000	49.05	98.10	2025-11-10 08:21:12.907
7916	1	61	660	0.000	100.93	403.70	2025-11-10 08:21:12.594
7852	1	61	580	13.000	211.46	2960.43	2025-11-10 08:21:10.111
7871	1	61	573	3.000	79.35	238.06	2025-11-13 08:51:51.298
7894	1	61	337	161.000	48.50	7809.07	2025-11-13 11:22:54.68
20276	1	135	193	44.000	49.58	2181.52	2026-01-15 09:08:46.467
20333	1	135	202	1.000	137.56	137.56	2026-01-13 12:36:56.688
20281	1	135	187	4.000	56.41	225.64	2026-01-13 12:36:56.387
20364	1	135	759	9.000	185.87	1672.83	2026-01-13 12:36:57.093
7872	1	61	629	2.000	108.04	324.12	2025-11-10 08:21:11.298
7859	1	61	589	2.000	129.72	648.58	2025-11-10 08:21:10.31
7882	1	61	619	1.000	188.51	377.01	2025-11-10 08:21:11.594
7880	1	61	556	5.000	129.64	907.49	2025-11-10 08:21:11.504
7867	1	61	532	0.000	87.66	87.66	2025-11-10 08:21:11.103
7907	1	61	650	2.000	73.29	219.87	2025-11-10 08:21:12.386
7912	1	61	655	5.000	54.13	378.90	2025-11-10 08:21:12.492
7884	1	61	574	0.000	229.04	458.07	2025-11-10 08:21:11.685
7848	1	61	561	0.000	128.92	1160.32	2025-11-10 08:21:10.006
7887	1	61	524	59.000	77.97	5847.42	2025-11-13 08:46:37.806
7862	1	61	519	7.000	89.34	804.02	2025-11-10 08:21:10.586
19229	1	125	79	7.000	68.44	479.05	2026-01-06 21:25:56.799
7888	1	61	557	11.000	75.89	834.81	2025-11-15 10:00:09.914
7883	1	61	578	4.000	225.74	902.96	2025-11-15 10:00:09.921
7895	1	61	563	4.000	54.24	433.91	2025-11-10 08:21:11.999
7889	1	61	558	7.000	72.15	577.17	2025-11-10 08:21:11.793
7881	1	61	586	7.000	106.44	1064.35	2025-11-10 08:21:11.585
7845	1	61	153	7.000	325.01	2275.05	2025-11-15 10:00:10.099
19231	1	125	65	2.000	77.58	155.16	2026-01-06 21:25:56.894
7868	1	61	510	4.000	181.29	906.44	2025-11-15 10:00:10.186
7915	1	61	659	2.000	159.78	639.10	2025-11-10 08:21:12.585
7908	1	61	651	4.000	59.03	295.15	2025-11-10 08:21:12.394
7914	1	61	658	5.000	140.47	983.32	2025-11-10 08:21:12.51
17313	8	116	6053	0.000	70.23	0.00	2026-01-05 01:38:53.797541
19232	1	125	74	10.000	82.38	823.75	2026-01-06 21:25:56.984
19233	1	125	66	2.000	82.71	165.42	2026-01-06 21:25:56.992
19234	1	125	149	4.000	82.37	329.46	2026-01-06 21:25:56.998
19235	1	125	152	1.000	89.01	89.01	2026-01-06 21:25:57.086
19236	1	125	89	11.000	112.33	1235.62	2026-01-06 21:25:57.093
19237	1	125	148	2.000	72.32	144.63	2026-01-06 21:25:57.183
19238	1	125	71	100.000	47.39	4738.50	2026-01-06 21:25:57.19
17314	8	116	6054	0.000	119.96	0.00	2026-01-05 01:38:53.797541
20291	1	135	190	11.000	74.44	818.84	2026-01-13 12:36:56.394
19230	1	125	87	3.000	70.20	210.60	2026-01-06 21:25:56.886
20283	1	135	192	55.000	54.33	2988.15	2026-01-13 12:36:56.482
20274	1	135	1687	14.000	147.56	2065.84	2026-01-13 12:36:56.592
20310	1	135	1691	1.000	73.56	73.56	2026-01-13 12:36:56.792
20268	1	135	227	4.000	72.56	290.24	2026-01-15 09:08:46.463
20316	1	135	1738	0.000	99.12	0.00	2026-01-08 09:48:10.29
7931	1	61	354	13.000	66.90	869.73	2025-11-10 08:21:13.004
7933	1	61	672	2.000	72.07	144.14	2025-11-10 08:21:13.091
7934	1	61	355	10.000	105.87	1058.70	2025-11-10 08:21:13.1
7937	1	61	677	9.000	108.86	979.72	2025-11-10 08:21:13.199
7939	1	61	667	2.000	108.91	217.81	2025-11-10 08:21:13.298
7940	1	61	340	4.000	108.76	435.05	2025-11-10 08:21:13.307
10501	1	76	194	25.000	258.01	7740.18	2025-11-20 12:32:14.387
7942	1	61	374	2.000	156.21	312.41	2025-11-10 08:21:13.397
7943	1	61	669	2.000	105.17	210.34	2025-11-10 08:21:13.406
7944	1	61	680	7.000	52.63	368.39	2025-11-10 08:21:13.487
7945	1	61	363	4.000	59.40	237.61	2025-11-10 08:21:13.496
7947	1	61	369	1.000	41.78	41.78	2025-11-10 08:21:13.588
7949	1	61	674	1.000	61.29	61.29	2025-11-10 08:21:13.607
7950	1	61	352	4.000	80.31	321.24	2025-11-10 08:21:13.687
7951	1	61	343	11.000	73.84	812.26	2025-11-10 08:21:13.697
7952	1	61	344	7.000	73.35	513.42	2025-11-10 08:21:13.706
7953	1	61	346	2.000	83.81	167.61	2025-11-10 08:21:13.786
7954	1	61	375	3.000	55.80	167.40	2025-11-10 08:21:13.797
7956	1	61	349	3.000	50.60	151.80	2025-11-10 08:21:13.885
7957	1	61	350	7.000	61.09	427.63	2025-11-10 08:21:13.895
7959	1	61	361	4.000	48.97	195.86	2025-11-10 08:21:13.913
7960	1	61	360	4.000	47.12	188.48	2025-11-10 08:21:13.993
7962	1	61	365	3.000	55.81	167.42	2025-11-10 08:21:14.085
7963	1	61	364	2.000	61.08	122.16	2025-11-10 08:21:14.095
7964	1	61	683	1.000	63.01	63.01	2025-11-10 08:21:14.105
7965	1	61	376	3.000	73.31	219.93	2025-11-10 08:21:14.189
7968	1	61	377	3.000	48.80	146.40	2025-11-10 08:21:14.308
7969	1	61	681	4.000	91.34	365.37	2025-11-10 08:21:14.39
7970	1	61	341	1.000	97.86	97.86	2025-11-10 08:21:14.399
7971	1	61	671	2.000	109.07	218.13	2025-11-10 08:21:14.409
7972	1	61	673	5.000	118.81	594.05	2025-11-10 08:21:14.49
7973	1	61	367	8.000	56.86	454.87	2025-11-10 08:21:14.499
7974	1	61	676	7.000	55.69	389.83	2025-11-10 08:21:14.584
7975	1	61	321	1.000	92.12	92.12	2025-11-10 08:21:14.598
7976	1	61	302	4.000	67.26	269.02	2025-11-10 08:21:14.608
7977	1	61	328	14.000	92.24	1291.32	2025-11-10 08:21:14.688
7980	1	61	332	9.000	122.34	1101.02	2025-11-10 08:21:14.813
7981	1	61	296	6.000	97.31	583.86	2025-11-10 08:21:14.884
7982	1	61	301	4.000	132.13	528.52	2025-11-10 08:21:14.897
7984	1	61	1993	1.000	179.21	179.21	2025-11-10 08:21:14.994
14294	1	81	408	0.000	178.40	0.00	2025-12-10 07:37:58.896
7986	1	61	317	13.000	72.06	936.72	2025-11-10 08:21:15.087
7988	1	61	316	8.000	52.60	420.78	2025-11-10 08:21:15.188
7990	1	61	311	4.000	72.14	288.54	2025-11-10 08:21:15.29
7993	1	61	294	5.000	61.56	307.80	2025-11-10 08:21:15.393
7994	1	61	691	6.000	63.42	380.54	2025-11-10 08:21:15.404
20450	1	135	1977	0.000	94.14	0.00	2026-01-08 09:52:06.095
7998	1	61	299	8.000	132.01	1056.09	2025-11-10 08:21:15.594
8000	1	61	697	11.000	68.13	749.43	2025-11-10 08:21:15.688
8001	1	61	1981	4.000	93.00	371.98	2025-11-10 08:21:15.699
8002	1	61	694	2.000	112.55	225.10	2025-11-10 08:21:15.709
8003	1	61	297	4.000	102.16	408.64	2025-11-10 08:21:15.794
8004	1	61	290	8.000	82.15	657.22	2025-11-10 08:21:15.805
10486	1	76	197	6.000	84.55	507.29	2025-11-27 06:03:11.202
8006	1	61	1955	3.000	191.90	575.70	2025-11-10 08:21:15.899
8007	1	61	306	5.000	71.60	358.00	2025-11-10 08:21:15.909
8008	1	61	690	1.000	101.59	101.59	2025-11-10 08:21:15.992
20312	1	135	234	14.000	53.93	755.04	2026-01-13 12:36:57.681
20311	1	135	1696	0.000	67.56	0.00	2026-01-13 12:36:56.89
20264	1	135	229	6.000	186.02	1116.12	2026-01-13 12:36:57.484
20338	1	135	1700	0.000	72.56	0.00	2026-01-13 12:36:56.988
20431	1	135	328	27.000	101.51	2740.77	2026-01-08 09:52:04.894
20340	1	135	1728	0.000	107.56	0.00	2026-01-13 12:36:57.288
20330	1	135	1727	0.000	187.56	0.00	2026-01-13 12:36:57.286
20353	1	135	1717	0.000	237.56	0.00	2026-01-13 12:36:57.28
20354	1	135	1720	0.000	137.56	0.00	2026-01-13 12:36:57.384
20350	1	135	1722	0.000	87.56	0.00	2026-01-13 12:36:57.389
20345	1	135	1718	3.000	60.63	181.89	2026-01-13 12:36:57.293
8294	1	60	423	3.000	73.78	295.12	2025-11-10 08:40:00.202
10482	1	76	204	118.000	62.57	7383.37	2025-11-27 06:03:11.305
8293	1	60	422	0.000	47.45	47.45	2025-11-10 08:40:00.19
7961	1	61	370	11.000	71.10	782.05	2025-11-13 08:51:51.181
8295	1	60	425	7.000	52.00	468.00	2025-11-10 08:40:00.29
7948	1	61	679	8.000	124.73	1122.59	2025-11-10 08:21:13.597
7946	1	61	368	7.000	67.25	537.99	2025-11-10 08:21:13.51
7955	1	61	345	5.000	84.82	424.11	2025-11-15 10:00:10.083
17247	8	116	5952	0.000	248.63	0.00	2026-01-05 01:38:53.797541
7932	1	61	342	5.000	73.94	443.65	2025-11-10 08:21:13.014
7966	1	61	351	6.000	56.37	450.93	2025-11-10 08:21:14.287
7958	1	61	670	0.000	59.83	179.48	2025-11-10 08:21:13.904
7999	1	61	687	3.000	147.58	590.33	2025-11-10 08:21:15.604
7992	1	61	333	9.000	82.36	823.63	2025-11-10 08:21:15.382
7979	1	61	292	4.000	92.37	554.19	2025-11-10 08:21:14.712
8009	1	61	695	8.000	96.45	868.05	2025-11-10 08:21:16.003
7978	1	61	309	15.000	102.81	1850.54	2025-11-10 08:21:14.701
10489	1	76	191	18.000	114.96	2069.19	2025-11-27 06:03:11.092
7938	1	61	366	5.000	101.81	916.29	2025-11-10 08:21:13.287
7935	1	61	362	5.000	77.52	930.23	2025-11-10 08:21:13.11
10494	1	76	205	89.000	82.82	7371.18	2025-11-27 06:03:11.307
10483	1	76	212	12.000	50.76	609.11	2025-11-27 06:03:11.501
20358	1	135	1701	4.000	74.68	298.72	2026-01-13 12:36:56.997
20241	1	135	1641	0.000	84.05	0.00	2026-01-08 09:47:19.987
21540	1	139	1508	0.000	156.66	0.00	2026-01-12 16:12:43.885
20383	1	135	244	0.000	47.64	0.00	2026-01-08 12:38:28.687
21503	8	120	5963	0.000	159.28	0.00	2026-01-10 14:23:07.498
20382	1	135	810	1.000	59.57	59.57	2026-01-08 12:38:28.681
20049	1	134	85	17.000	79.36	1349.15	2026-01-14 07:40:16.791
20243	1	135	1605	0.000	0.00	0.00	2026-01-08 11:51:54.192
21541	1	139	1509	0.000	81.97	0.00	2026-01-12 16:12:43.889
20190	1	135	1632	0.000	90.28	0.00	2026-01-08 11:51:53.897
20073	1	134	1532	24.000	57.20	1372.80	2026-01-14 07:40:17.285
21542	1	139	586	0.000	102.77	0.00	2026-01-12 16:12:43.893
20378	1	135	1818	3.000	62.12	186.36	2026-01-08 12:38:28.884
20537	1	136	718	10.000	41.42	414.20	2026-01-08 10:28:53.397
8010	1	60	698	1.000	0.01	0.01	2025-11-10 08:38:29.014
8014	1	60	550	10.000	72.43	724.30	2025-11-10 08:38:29.11
8016	1	60	579	17.000	143.03	2431.59	2025-11-10 08:38:29.19
8017	1	60	699	1.000	82.71	82.71	2025-11-10 08:38:29.198
8018	1	60	562	5.000	228.45	1142.25	2025-11-10 08:38:29.206
8019	1	60	529	8.000	253.87	2030.96	2025-11-10 08:38:29.214
8020	1	60	631	6.000	69.46	416.76	2025-11-10 08:38:29.287
8024	1	60	704	2.000	168.31	336.62	2025-11-10 08:38:29.388
8025	1	60	707	39.000	159.93	6237.44	2025-11-10 08:38:29.396
8027	1	60	79	10.000	65.75	657.53	2025-11-10 08:38:29.484
8028	1	60	144	7.000	95.14	666.00	2025-11-10 08:38:29.493
8030	1	60	84	9.000	55.73	501.57	2025-11-10 08:38:29.511
8032	1	60	87	12.000	68.97	827.58	2025-11-10 08:38:29.594
8033	1	60	140	7.000	134.64	942.46	2025-11-10 08:38:29.602
8035	1	60	56	15.000	98.08	1471.23	2025-11-10 08:38:29.685
8043	1	60	138	21.000	110.32	2316.75	2025-11-10 08:38:29.891
8044	1	60	141	5.000	44.42	222.09	2025-11-10 08:38:29.899
8045	1	60	120	3.000	110.10	330.29	2025-11-10 08:38:29.908
8047	1	60	73	7.000	193.98	1357.86	2025-11-10 08:38:29.985
8050	1	60	66	1.000	80.16	80.16	2025-11-10 08:38:30.082
10500	1	76	225	3.000	329.95	1319.80	2025-11-20 12:32:15.086
8054	1	60	149	5.000	80.88	404.42	2025-11-10 08:38:30.118
8056	1	60	60	7.000	109.69	767.83	2025-11-10 08:38:30.2
8057	1	60	70	10.000	120.09	1200.93	2025-11-10 08:38:30.209
8058	1	60	703	1.000	69.53	69.53	2025-11-10 08:38:30.283
10509	1	76	224	10.000	330.83	3308.26	2025-11-27 06:03:11.903
8012	1	60	516	151.000	53.94	8198.60	2025-11-15 10:02:24.224
8064	1	60	91	11.000	56.03	616.33	2025-11-15 08:37:39.054
8015	1	60	624	9.000	169.89	1698.90	2025-11-10 08:38:29.119
8040	1	60	97	0.000	149.31	447.92	2025-11-10 08:38:29.805
8013	1	60	153	13.000	328.95	7894.70	2025-11-10 08:38:29.102
8060	1	60	92	11.000	162.55	1950.65	2025-11-15 10:02:24.286
10497	1	76	216	8.000	143.31	1146.49	2025-11-27 06:03:11.591
8029	1	60	75	0.000	111.10	222.20	2025-11-10 08:38:29.501
8053	1	60	133	0.000	129.47	129.47	2025-11-10 08:38:30.109
10507	1	76	219	4.000	254.65	1018.61	2025-11-27 06:03:11.697
20236	1	135	1660	0.000	0.00	0.00	2026-01-08 11:51:54.786
21275	1	138	524	0.000	71.65	0.00	2026-01-12 16:12:44.491
21493	8	120	6042	0.000	139.28	0.00	2026-01-10 14:23:07.185
20242	1	135	1654	3.000	82.62	247.86	2026-01-08 11:51:54.799
20467	1	135	694	0.000	114.05	0.00	2026-01-08 09:52:07.296
20207	1	135	1623	0.000	139.45	0.00	2026-01-08 11:51:53.4
20439	1	135	318	26.000	62.78	1632.28	2026-01-08 09:52:05.487
20743	1	137	1473	0.000	66.66	0.00	2026-01-12 16:12:44.69
20724	1	137	574	0.000	236.66	0.00	2026-01-12 16:12:45.091
20486	1	136	63	18.000	45.97	827.46	2026-01-10 06:49:13.633
21498	8	120	6056	0.000	169.28	0.00	2026-01-10 14:23:07.383
21272	1	138	153	3.000	335.34	1006.02	2026-01-12 16:12:44.583
21274	1	138	1466	4.000	155.09	620.36	2026-01-12 16:12:44.596
21589	1	138	1467	3.000	96.66	289.98	2026-01-12 16:12:44.686
21511	8	120	6044	1.000	179.28	179.28	2026-01-10 14:23:07.784
20374	1	135	804	2.000	92.95	185.90	2026-01-08 12:38:28.307
20048	1	134	71	533.000	46.38	24720.54	2026-01-14 07:40:16.784
21335	1	134	69	3.000	76.20	228.60	2026-01-14 07:40:15.885
21341	1	134	108	9.000	116.20	1045.80	2026-01-14 07:40:16.097
19994	1	134	705	4.000	171.20	684.80	2026-01-14 07:40:16.386
21495	8	120	6057	1.000	179.28	179.28	2026-01-10 14:23:07.283
20267	1	135	1686	29.000	80.47	2333.63	2026-01-13 12:36:56.588
8031	1	60	86	2.000	55.17	165.51	2025-11-10 08:38:29.585
10498	1	76	756	2.000	254.41	508.83	2025-11-27 06:03:11.691
8048	1	60	74	10.000	79.67	876.32	2025-11-10 08:38:29.994
10508	1	76	218	1.000	178.72	178.72	2025-11-27 06:03:11.694
10518	1	76	214	0.000	134.19	134.19	2025-11-20 12:32:14.598
8034	1	60	57	10.000	179.55	1975.07	2025-11-10 08:38:29.611
8026	1	60	93	16.000	152.44	4115.87	2025-11-10 08:38:29.404
8023	1	60	155	46.000	13.54	663.46	2025-11-10 08:38:29.312
8066	1	60	130	6.000	179.95	1439.63	2025-11-15 10:02:24.406
8037	1	60	700	14.000	70.19	1965.41	2025-11-10 08:38:29.704
10517	1	76	1693	0.000	237.31	237.31	2025-11-20 12:32:14.595
8041	1	60	100	0.000	156.68	156.68	2025-11-10 08:38:29.814
8065	1	60	114	6.000	116.16	813.15	2025-11-13 11:26:51.898
10484	1	76	223	219.000	54.58	11953.61	2025-11-27 06:03:11.893
10502	1	76	226	14.000	351.46	4920.46	2025-11-27 06:03:11.993
8083	1	60	104	2.000	166.59	333.18	2025-11-10 08:38:31.385
8084	1	60	706	2.000	370.43	740.85	2025-11-10 08:38:31.395
8076	1	60	122	1.000	69.79	767.72	2025-11-10 08:38:31.183
20520	1	136	1562	0.000	36.92	0.00	2026-01-08 10:28:52.602
20530	1	136	1590	0.000	53.78	0.00	2026-01-08 10:28:53.095
20475	1	136	87	2.000	70.20	140.40	2026-01-08 10:28:50.289
21359	1	135	1869	0.000	94.57	0.00	2026-01-08 12:38:27.9
21360	1	135	1870	0.000	59.57	0.00	2026-01-08 12:38:27.982
19281	1	125	364	6.000	64.28	385.66	2026-01-06 21:25:58.994
19282	1	125	351	4.000	57.62	230.47	2026-01-06 21:25:59.083
19283	1	125	377	9.000	51.53	463.78	2026-01-06 21:25:59.091
17260	8	116	5976	0.000	97.74	0.00	2026-01-05 01:38:53.797541
17261	8	116	5977	0.000	108.53	0.00	2026-01-05 01:38:53.797541
17264	8	116	5980	0.000	56.24	0.00	2026-01-05 01:38:53.797541
17268	8	116	5985	0.000	84.75	0.00	2026-01-05 01:38:53.797541
17272	8	116	5991	0.000	63.66	0.00	2026-01-05 01:38:53.797541
17274	8	116	5993	0.000	55.15	0.00	2026-01-05 01:38:53.797541
17278	8	116	5997	0.000	69.36	0.00	2026-01-05 01:38:53.797541
17286	8	116	6011	0.000	58.45	0.00	2026-01-05 01:38:53.797541
17292	8	116	6018	0.000	219.88	0.00	2026-01-05 01:38:53.797541
17561	8	116	6076	0.000	127.99	0.00	2026-01-05 01:38:53.797541
17300	8	116	6030	0.000	240.84	0.00	2026-01-05 01:38:53.797541
17306	8	116	6043	0.000	117.15	0.00	2026-01-05 01:38:53.797541
17319	8	116	6067	0.000	56.22	0.00	2026-01-05 01:38:53.797541
19284	1	125	373	63.000	75.00	4724.96	2026-01-06 21:25:59.098
17273	8	116	5992	1.000	54.02	54.02	2026-01-05 01:38:53.797541
19239	1	125	127	28.000	79.55	2227.33	2026-01-06 21:25:57.196
19240	1	125	118	12.000	72.38	868.56	2026-01-06 21:25:57.286
19241	1	125	63	7.000	47.38	331.68	2026-01-06 21:25:57.291
19242	1	125	145	2.000	244.82	489.63	2026-01-06 21:25:57.382
19243	1	125	339	10.000	80.26	802.61	2026-01-06 21:25:57.389
19244	1	125	357	4.000	166.67	666.66	2026-01-06 21:25:57.396
19245	1	125	359	25.000	97.38	2434.46	2026-01-06 21:25:57.485
19247	1	125	354	12.000	70.52	846.20	2026-01-06 21:25:57.498
19248	1	125	1569	33.000	48.95	1615.22	2026-01-06 21:25:57.586
19249	1	125	672	2.000	72.99	145.97	2026-01-06 21:25:57.593
19250	1	125	1571	35.000	117.41	4109.47	2026-01-06 21:25:57.683
19251	1	125	362	11.000	80.56	886.17	2026-01-06 21:25:57.69
19253	1	125	1576	26.000	73.40	1908.39	2026-01-06 21:25:57.786
19254	1	125	1579	5.000	91.10	455.50	2026-01-06 21:25:57.792
19255	1	125	371	81.000	100.60	8148.31	2026-01-06 21:25:57.882
19256	1	125	677	10.000	112.12	1121.18	2026-01-06 21:25:57.89
19257	1	125	667	17.000	111.49	1895.41	2026-01-06 21:25:57.898
19259	1	125	348	4.000	104.55	418.21	2026-01-06 21:25:57.995
19260	1	125	374	2.000	156.59	313.17	2026-01-06 21:25:58.084
19263	1	125	363	16.000	62.61	1001.70	2026-01-06 21:25:58.194
8074	1	60	123	13.000	73.34	953.44	2025-11-15 10:02:24.307
19265	1	125	1585	1.000	59.79	59.79	2026-01-06 21:25:58.286
19266	1	125	1584	30.000	52.53	1575.85	2026-01-06 21:25:58.382
19267	1	125	1564	26.000	45.20	1175.31	2026-01-06 21:25:58.394
19268	1	125	1577	1.000	119.18	119.18	2026-01-06 21:25:58.483
19269	1	125	679	79.000	127.50	10072.38	2026-01-06 21:25:58.493
19270	1	125	344	33.000	76.63	2528.88	2026-01-06 21:25:58.584
19272	1	125	347	13.000	0.01	0.13	2026-01-06 21:25:58.683
19273	1	125	1563	5.000	45.54	227.70	2026-01-06 21:25:58.691
19276	1	125	350	12.000	62.15	745.82	2026-01-06 21:25:58.793
19277	1	125	361	14.000	52.03	728.38	2026-01-06 21:25:58.883
19278	1	125	360	28.000	49.23	1378.40	2026-01-06 21:25:58.89
19279	1	125	370	38.000	62.44	2372.80	2026-01-06 21:25:58.897
19280	1	125	365	18.000	59.11	1063.91	2026-01-06 21:25:58.986
19286	1	125	1567	1.000	38.19	38.19	2026-01-06 21:25:59.193
19287	1	125	671	2.000	111.88	223.75	2026-01-06 21:25:59.285
19288	1	125	678	23.000	56.30	1294.90	2026-01-06 21:25:59.292
19289	1	125	367	34.000	60.30	2050.35	2026-01-06 21:25:59.383
19290	1	125	676	9.000	57.67	519.01	2026-01-06 21:25:59.391
19293	1	125	1578	22.000	51.90	1141.85	2026-01-06 21:25:59.583
8071	1	60	103	3.000	59.65	1014.09	2025-11-10 08:38:31.002
19294	1	125	1581	96.000	78.84	7568.39	2026-01-06 21:25:59.591
19295	1	125	380	1.000	284.96	284.96	2026-01-06 21:25:59.598
10511	1	76	763	4.000	37.16	148.65	2025-11-27 06:03:12.103
8075	1	60	58	25.000	79.75	2552.10	2025-11-10 08:38:31.106
10492	1	76	235	34.000	100.95	3432.16	2025-11-27 06:03:12.287
19296	1	125	381	12.000	154.96	1859.52	2026-01-06 21:25:59.688
19297	1	125	191	32.000	115.76	3704.32	2026-01-06 21:25:59.694
8085	1	60	96	6.000	179.51	1436.05	2025-11-10 08:38:31.404
19298	1	125	206	99.000	96.97	9600.03	2026-01-06 21:25:59.783
19299	1	125	205	190.000	66.28	12593.20	2026-01-06 21:25:59.792
19300	1	125	397	53.000	96.63	5121.64	2026-01-06 21:25:59.799
19301	1	125	403	13.000	101.11	1314.44	2026-01-06 21:25:59.884
19302	1	125	382	15.000	112.36	1685.34	2026-01-06 21:25:59.891
19303	1	125	383	2.000	119.90	239.79	2026-01-06 21:25:59.985
19304	1	125	387	3.000	101.12	303.35	2026-01-06 21:25:59.995
19305	1	125	388	55.000	61.52	3383.41	2026-01-06 21:26:00.086
19306	1	125	390	24.000	81.13	1947.06	2026-01-06 21:26:00.094
19307	1	125	396	39.000	61.22	2387.42	2026-01-06 21:26:00.185
19308	1	125	401	127.000	112.37	14270.36	2026-01-06 21:26:00.194
8079	1	60	143	4.000	54.83	274.15	2025-11-10 08:38:31.211
8082	1	60	95	9.000	369.97	4439.66	2025-11-10 08:38:31.308
21442	1	135	808	0.000	0.00	0.00	2026-01-12 11:06:12.69
8068	1	60	142	15.000	85.12	1361.90	2025-11-10 08:38:30.909
8078	1	60	67	14.000	69.76	1046.40	2025-11-10 08:38:31.202
19275	1	125	1562	15.000	36.92	553.80	2026-01-06 21:25:58.786
21371	1	135	1792	0.000	134.57	0.00	2026-01-08 12:38:28.394
20519	1	136	349	33.000	53.85	1777.05	2026-01-08 10:28:52.594
19271	1	125	345	0.000	0.00	0.01	2026-01-06 21:25:58.594
19246	1	125	353	0.000	0.00	-0.02	2026-01-06 21:25:57.492
19252	1	125	675	4.000	104.82	419.29	2026-01-06 21:25:57.697
19264	1	125	369	0.000	0.00	-0.04	2026-01-06 21:25:58.202
19261	1	125	680	4.000	54.61	218.45	2026-01-06 21:25:58.092
19262	1	125	1588	33.000	88.58	2923.14	2026-01-06 21:25:58.184
19291	1	125	1560	10.000	52.57	525.70	2026-01-06 21:25:59.484
19258	1	125	1559	15.000	117.25	1758.75	2026-01-06 21:25:57.987
19285	1	125	1590	1.000	53.78	53.78	2026-01-06 21:25:59.187
19274	1	125	349	43.000	53.85	2315.55	2026-01-06 21:25:58.698
19292	1	125	718	94.000	41.42	3893.48	2026-01-06 21:25:59.496
8086	1	60	145	2.000	242.25	484.49	2025-11-10 08:38:31.413
8087	1	60	131	4.000	205.89	823.54	2025-11-10 08:38:31.485
8088	1	60	119	2.000	280.26	560.52	2025-11-10 08:38:31.494
8090	1	60	601	5.000	83.90	419.50	2025-11-10 08:38:31.582
8091	1	60	653	16.000	72.79	1164.64	2025-11-10 08:38:31.592
19342	1	125	463	4.000	90.47	361.87	2026-01-06 21:26:02.185
19343	1	125	465	6.000	65.51	393.03	2026-01-06 21:26:02.192
19344	1	125	467	10.000	54.85	548.54	2026-01-06 21:26:02.283
8092	1	60	709	1.000	166.09	166.09	2025-11-10 08:38:31.601
17343	8	115	5488	43.000	57.46	2470.78	2026-01-04 20:49:19.595
17348	8	115	5541	54.000	72.93	3938.22	2026-01-04 20:49:19.793
17342	8	115	5492	16.000	98.04	1568.64	2026-01-04 20:49:19.59
8093	1	60	711	2.000	95.73	191.46	2025-11-10 08:38:31.61
17356	8	115	5537	23.000	197.61	4545.03	2026-01-04 20:49:20.097
8094	1	60	714	4.000	120.79	483.15	2025-11-10 08:38:31.686
17363	8	115	5545	3.000	146.72	440.16	2026-01-04 20:49:20.585
8095	1	60	715	2.000	90.25	180.50	2025-11-10 08:38:31.695
17397	8	115	5544	15.000	117.41	1761.15	2026-01-04 20:49:22.381
17433	8	115	5567	10.000	237.55	2375.50	2026-01-04 20:49:23.981
17446	8	115	5614	14.000	57.08	799.12	2026-01-04 20:49:24.496
8098	1	60	713	1.000	95.44	95.44	2025-11-10 08:38:31.793
17429	8	115	5607	25.000	104.95	2623.75	2026-01-04 20:49:23.79
10768	1	77	187	7.000	47.79	334.50	2025-11-20 12:33:21.688
10769	1	77	1674	7.000	47.79	334.50	2025-11-20 12:33:21.691
8099	1	60	716	3.000	112.02	336.06	2025-11-10 08:38:31.802
17440	8	115	5495	17.000	76.68	1303.56	2026-01-04 20:49:24.29
17422	8	115	5572	98.000	48.12	4715.76	2026-01-04 20:49:23.485
17528	8	115	5927	2.000	163.76	327.52	2026-01-04 20:49:29.594
19309	1	125	406	26.000	81.71	2124.43	2026-01-06 21:26:00.285
19310	1	125	409	9.000	92.32	830.92	2026-01-06 21:26:00.292
19311	1	125	410	4.000	92.33	369.30	2026-01-06 21:26:00.382
19312	1	125	413	9.000	81.50	733.50	2026-01-06 21:26:00.39
19313	1	125	414	14.000	53.50	749.01	2026-01-06 21:26:00.582
19314	1	125	415	26.000	131.71	3424.54	2026-01-06 21:26:00.686
19315	1	125	411	1.000	0.10	0.10	2026-01-06 21:26:00.785
19317	1	125	391	2.000	88.34	176.68	2026-01-06 21:26:00.985
19318	1	125	459	1.000	0.10	0.10	2026-01-06 21:26:01.084
19319	1	125	420	8.000	89.46	715.67	2026-01-06 21:26:01.092
19320	1	125	423	5.000	68.79	343.94	2026-01-06 21:26:01.182
19321	1	125	427	3.000	76.96	230.88	2026-01-06 21:26:01.191
19322	1	125	431	4.000	56.30	225.19	2026-01-06 21:26:01.282
19323	1	125	433	8.000	91.74	733.88	2026-01-06 21:26:01.297
19324	1	125	434	1.000	83.41	83.41	2026-01-06 21:26:01.386
19325	1	125	435	4.000	57.57	230.26	2026-01-06 21:26:01.4
19326	1	125	438	7.000	48.33	338.33	2026-01-06 21:26:01.491
19327	1	125	446	1.000	241.69	241.69	2026-01-06 21:26:01.582
17246	8	116	5951	1.000	170.26	170.26	2026-01-05 01:38:53.797541
17321	8	116	6070	2.000	54.69	109.38	2026-01-05 01:38:53.797541
17298	8	116	6025	1.000	99.25	99.25	2026-01-05 01:38:53.797541
19345	1	125	478	10.000	60.86	608.56	2026-01-06 21:26:02.291
19346	1	125	487	13.000	255.12	3316.59	2026-01-06 21:26:02.383
19347	1	125	488	15.000	389.86	5847.86	2026-01-06 21:26:02.391
19348	1	125	869	4.000	180.11	720.43	2026-01-06 21:26:02.484
10770	1	77	1676	1.000	77.79	77.79	2025-11-20 12:33:21.694
19349	1	125	1904	1.000	139.69	139.69	2026-01-06 21:26:02.492
10771	1	77	190	7.000	67.79	474.50	2025-11-20 12:33:21.697
19350	1	125	1906	1.000	99.75	99.75	2026-01-06 21:26:02.583
19351	1	125	489	4.000	150.26	601.04	2026-01-06 21:26:02.592
19352	1	125	1912	1.000	199.77	199.77	2026-01-06 21:26:02.685
19353	1	125	495	3.000	230.08	690.25	2026-01-06 21:26:02.694
19328	1	125	452	2.000	104.55	209.10	2026-01-06 21:26:01.592
19329	1	125	454	9.000	74.13	667.15	2026-01-06 21:26:01.607
19330	1	125	455	34.000	83.36	2834.17	2026-01-06 21:26:01.685
19331	1	125	457	3.000	76.96	230.88	2026-01-06 21:26:01.692
19332	1	125	289	6.000	76.99	461.94	2026-01-06 21:26:01.698
19333	1	125	460	4.000	56.99	227.96	2026-01-06 21:26:01.789
19334	1	125	461	17.000	78.96	1342.37	2026-01-06 21:26:01.796
19335	1	125	456	4.000	44.55	178.18	2026-01-06 21:26:01.886
10773	1	77	191	12.000	112.79	1353.43	2025-11-20 12:33:21.781
19336	1	125	445	1.000	47.93	47.93	2026-01-06 21:26:01.893
19337	1	125	440	4.000	242.05	968.20	2026-01-06 21:26:01.985
19338	1	125	437	5.000	49.18	245.90	2026-01-06 21:26:01.992
19339	1	125	429	1.000	85.43	85.43	2026-01-06 21:26:02.083
19340	1	125	428	1.000	141.69	141.69	2026-01-06 21:26:02.09
19341	1	125	453	9.000	89.50	805.50	2026-01-06 21:26:02.097
19354	1	125	497	15.000	179.89	2698.37	2026-01-06 21:26:02.787
19355	1	125	498	14.000	254.49	3562.81	2026-01-06 21:26:02.883
19356	1	125	500	6.000	254.63	1527.76	2026-01-06 21:26:02.891
19357	1	125	501	3.000	230.37	691.11	2026-01-06 21:26:02.898
19358	1	125	1946	2.000	89.58	179.15	2026-01-06 21:26:02.987
19359	1	125	506	16.000	49.84	797.44	2026-01-06 21:26:03.081
19360	1	125	507	9.000	69.77	627.92	2026-01-06 21:26:03.09
19361	1	125	482	5.000	279.73	1398.66	2026-01-06 21:26:03.183
19362	1	125	504	8.000	59.77	478.16	2026-01-06 21:26:03.191
19363	1	125	508	1.000	89.68	89.68	2026-01-06 21:26:03.198
19364	1	125	503	14.000	60.64	848.95	2026-01-06 21:26:03.29
19365	1	125	490	12.000	130.26	1563.06	2026-01-06 21:26:03.383
19366	1	125	473	25.000	280.31	7007.86	2026-01-06 21:26:03.391
8100	1	60	717	15.000	105.21	1683.35	2025-11-10 08:38:31.81
19367	1	125	494	1.000	39.41	39.41	2026-01-06 21:26:03.399
19316	1	125	400	0.000	0.00	-0.02	2026-01-06 21:26:00.792
20474	1	136	79	7.000	68.44	479.05	2026-01-08 10:28:50.207
20477	1	136	74	10.000	82.38	823.75	2026-01-08 10:28:50.302
20479	1	136	149	4.000	82.37	329.46	2026-01-08 10:28:50.485
10775	1	77	1681	0.000	107.79	0.00	2025-11-22 07:43:55.803
20480	1	136	152	1.000	89.01	89.01	2026-01-08 10:28:50.492
20481	1	136	89	11.000	112.33	1235.62	2026-01-08 10:28:50.782
20482	1	136	148	2.000	72.32	144.63	2026-01-08 10:28:50.883
20483	1	136	71	100.000	47.39	4738.50	2026-01-08 10:28:50.991
20484	1	136	127	28.000	79.55	2227.33	2026-01-08 10:28:51.083
20478	1	136	66	1.000	82.71	82.71	2026-01-08 10:28:50.387
20476	1	136	65	1.000	77.58	77.58	2026-01-08 10:28:50.296
8096	1	60	710	0.000	70.38	70.38	2025-11-10 08:38:31.705
8097	1	60	712	0.000	205.75	411.50	2025-11-10 08:38:31.782
8089	1	60	99	8.000	193.47	1741.26	2025-11-10 08:38:31.503
10777	1	77	1682	2.000	107.79	215.57	2025-11-20 12:33:21.8
10778	1	77	193	11.000	42.79	470.65	2025-11-20 12:33:21.805
8103	1	60	341	22.000	98.90	2175.80	2025-11-10 08:39:18.187
8104	1	60	718	1.000	38.31	38.31	2025-11-10 08:39:18.197
19381	1	123	140	41.000	135.30	5547.32	2026-01-06 21:29:05.189
19382	1	123	51	7.000	70.35	492.47	2026-01-06 21:29:05.281
19383	1	123	57	5.000	180.25	901.24	2026-01-06 21:29:05.288
19384	1	123	55	113.000	110.69	12507.98	2026-01-06 21:29:05.294
19386	1	123	52	1.000	60.68	60.68	2026-01-06 21:29:05.39
19387	1	123	53	9.000	80.32	722.84	2026-01-06 21:29:05.397
19389	1	123	1524	1.000	131.39	131.39	2026-01-06 21:29:05.498
8105	1	60	725	5.000	85.78	428.90	2025-11-10 08:39:18.207
19390	1	123	97	16.000	150.47	2407.53	2026-01-06 21:29:05.591
8106	1	60	175	7.000	95.78	670.47	2025-11-10 08:39:18.287
19395	1	123	129	1.000	142.33	142.33	2026-01-06 21:29:05.798
19396	1	123	117	5.000	142.14	710.71	2026-01-06 21:29:05.889
8107	1	60	185	9.000	80.75	726.73	2025-11-10 08:39:18.297
19399	1	123	138	123.000	110.33	13570.64	2026-01-06 21:29:05.991
19400	1	123	708	22.000	130.35	2867.68	2026-01-06 21:29:05.998
19402	1	123	141	3.000	44.37	133.11	2026-01-06 21:29:06.098
8108	1	60	728	1.000	51.83	51.83	2025-11-10 08:39:18.306
19403	1	123	105	5.000	86.98	434.92	2026-01-06 21:29:06.187
19404	1	123	73	45.000	149.61	6732.29	2026-01-06 21:29:06.195
19405	1	123	101	78.000	109.57	8546.14	2026-01-06 21:29:06.284
19406	1	123	116	19.000	69.81	1326.33	2026-01-06 21:29:06.292
19407	1	123	74	91.000	81.86	7448.92	2026-01-06 21:29:06.384
19408	1	123	102	81.000	100.56	8145.55	2026-01-06 21:29:06.392
19409	1	123	126	34.000	134.95	4588.18	2026-01-06 21:29:06.399
19410	1	123	702	1.000	92.11	92.11	2026-01-06 21:29:06.489
8110	1	60	732	1.000	120.72	120.72	2025-11-10 08:39:18.401
19411	1	123	66	39.000	80.05	3121.81	2026-01-06 21:29:06.497
19412	1	123	110	26.000	80.12	2083.20	2026-01-06 21:29:06.585
19413	1	123	59	2.000	165.77	331.53	2026-01-06 21:29:06.593
19415	1	123	76	34.000	90.19	3066.58	2026-01-06 21:29:06.691
19416	1	123	133	1.000	130.21	130.21	2026-01-06 21:29:06.698
19418	1	123	106	26.000	92.60	2407.47	2026-01-06 21:29:06.881
19419	1	123	136	1.000	149.99	149.99	2026-01-06 21:29:06.888
19420	1	123	152	7.000	86.22	603.57	2026-01-06 21:29:06.895
8112	1	60	719	1.000	75.77	75.77	2025-11-10 08:39:18.488
17431	8	115	5596	13.000	156.12	2029.56	2026-01-04 20:49:23.887
19368	1	123	78	3.000	254.32	762.97	2026-01-06 21:29:04.593
19369	1	123	80	14.000	83.37	1167.17	2026-01-06 21:29:04.599
19370	1	123	146	6.000	234.09	1404.52	2026-01-06 21:29:04.689
19371	1	123	147	5.000	85.12	425.58	2026-01-06 21:29:04.695
19372	1	123	77	1.000	229.34	229.34	2026-01-06 21:29:04.787
20615	1	137	612	0.000	0.00	0.00	2026-01-09 07:46:55.482
19374	1	123	79	151.000	66.13	9985.96	2026-01-06 21:29:04.884
19375	1	123	144	12.000	95.18	1142.15	2026-01-06 21:29:04.892
20675	1	137	530	1.000	195.91	195.91	2026-01-09 07:46:55.193
19377	1	123	75	1.000	111.38	111.38	2026-01-06 21:29:04.992
20657	1	137	520	195.000	51.75	10091.97	2026-01-09 07:46:55.687
19379	1	123	86	16.000	56.06	896.91	2026-01-06 21:29:05.092
20713	1	137	513	0.000	196.66	0.00	2026-01-09 07:46:55.284
20621	1	137	153	0.000	336.66	0.00	2026-01-12 16:12:44.501
19422	1	123	151	226.000	93.91	21224.60	2026-01-06 21:29:06.992
8113	1	60	167	4.000	79.32	317.28	2025-11-10 08:39:18.498
8114	1	60	726	3.000	75.76	227.28	2025-11-10 08:39:18.509
8116	1	60	160	7.000	98.69	690.84	2025-11-10 08:39:18.6
19423	1	123	60	34.000	110.20	3746.92	2026-01-06 21:29:07.083
8117	1	60	735	2.000	115.68	231.35	2025-11-10 08:39:18.684
19424	1	123	1546	1.000	50.25	50.25	2026-01-06 21:29:07.09
8118	1	60	727	2.000	150.74	301.48	2025-11-10 08:39:18.694
19425	1	123	70	81.000	119.43	9673.49	2026-01-06 21:29:07.097
19427	1	123	88	23.000	201.15	4626.49	2026-01-06 21:29:07.192
8119	1	60	730	3.000	152.72	458.16	2025-11-10 08:39:18.703
8120	1	60	169	2.000	105.58	211.16	2025-11-10 08:39:18.787
19428	1	123	1523	2.000	112.42	224.84	2026-01-06 21:29:07.285
19430	1	123	139	103.000	117.83	12136.07	2026-01-06 21:29:07.384
19431	1	123	54	19.000	75.62	1436.80	2026-01-06 21:29:07.392
19432	1	123	89	195.000	111.65	21771.89	2026-01-06 21:29:07.486
8121	1	60	165	8.000	130.80	1046.43	2025-11-10 08:39:18.797
19435	1	123	91	107.000	56.93	6091.91	2026-01-06 21:29:07.682
19436	1	123	124	71.000	75.65	5370.94	2026-01-06 21:29:07.689
19437	1	123	114	36.000	102.34	3684.06	2026-01-06 21:29:07.696
19391	1	123	100	3.000	157.11	471.34	2026-01-06 21:29:05.684
19393	1	123	111	3.000	230.50	691.51	2026-01-06 21:29:05.784
19397	1	123	1535	4.000	156.20	624.79	2026-01-06 21:29:05.896
19414	1	123	107	23.000	75.41	1734.35	2026-01-06 21:29:06.684
8115	1	60	171	1.000	50.84	101.68	2025-11-10 08:39:18.589
20663	1	137	543	3.000	115.44	346.32	2026-01-09 07:46:55.991
20648	1	137	1477	1.000	260.54	260.54	2026-01-09 07:46:54.5
8111	1	60	158	9.000	65.70	656.98	2025-11-10 08:39:18.41
8109	1	60	184	2.000	105.71	422.83	2025-11-10 08:39:18.391
20670	1	137	1472	0.000	186.66	0.00	2026-01-09 07:46:56.303
20649	1	137	633	0.000	286.66	0.00	2026-01-09 07:46:54.582
20636	1	137	626	0.000	96.66	0.00	2026-01-09 07:46:54.795
8605	1	68	2283	1.000	0.10	0.10	2025-11-18 08:46:14.732
8609	1	68	633	20.000	277.88	5557.60	2025-11-18 08:46:14.801
8610	1	68	562	45.000	227.88	10254.60	2025-11-18 08:46:14.81
8612	1	68	569	70.000	227.88	15951.60	2025-11-18 08:46:14.896
8613	1	68	529	29.000	252.88	7333.52	2025-11-18 08:46:14.904
8614	1	68	578	77.000	227.88	17546.76	2025-11-18 08:46:14.911
8615	1	68	588	15.000	277.88	4168.20	2025-11-18 08:46:14.988
8616	1	68	93	250.000	151.62	37905.00	2025-11-18 08:46:14.996
8617	1	68	104	90.000	167.93	15113.70	2025-11-18 08:46:15.006
9177	1	70	614	2.000	0.01	0.02	2025-11-18 09:08:42.133
8611	1	68	552	100.000	177.88	17788.00	2025-11-19 10:04:18.584
8607	1	68	570	38.000	302.75	11504.50	2025-11-19 13:17:52.301
10780	1	77	1686	19.000	72.79	1382.93	2025-11-20 12:33:21.885
8620	1	67	517	6.000	128.67	772.03	2025-11-26 16:43:11.505
19473	1	123	95	9.000	369.89	3329.03	2026-01-06 21:29:09.483
19474	1	123	104	52.000	168.86	8780.90	2026-01-06 21:29:09.494
19475	1	123	132	1.000	194.76	194.76	2026-01-06 21:29:09.585
19476	1	123	96	5.000	180.10	900.50	2026-01-06 21:29:09.592
19477	1	123	145	38.000	243.74	9262.12	2026-01-06 21:29:09.685
19479	1	123	131	26.000	206.39	5366.21	2026-01-06 21:29:09.784
19480	1	123	82	1.000	270.07	270.07	2026-01-06 21:29:09.792
19481	1	123	119	2.000	279.25	558.49	2026-01-06 21:29:09.888
19482	1	123	99	30.000	192.51	5775.30	2026-01-06 21:29:09.981
20490	1	136	359	25.000	97.38	2434.46	2026-01-08 10:28:51.301
20493	1	136	1569	33.000	48.95	1615.22	2026-01-08 10:28:51.493
20494	1	136	672	2.000	72.99	145.97	2026-01-08 10:28:51.582
19470	1	123	125	115.000	52.91	6084.65	2026-01-06 21:29:09.289
20501	1	136	677	10.000	112.12	1121.18	2026-01-08 10:28:51.886
17398	8	115	5559	2.000	130.24	260.48	2026-01-04 20:49:22.39
17400	8	115	5549	8.000	67.81	542.48	2026-01-04 20:49:22.494
17366	8	115	5609	12.000	96.89	1162.68	2026-01-04 20:49:20.991
17365	8	115	5608	43.000	157.28	6763.04	2026-01-04 20:49:20.984
17408	8	115	5605	80.000	85.09	6807.20	2026-01-04 20:49:22.888
19456	1	123	1520	5.000	90.18	450.90	2026-01-06 21:29:08.592
20502	1	136	667	17.000	111.49	1895.41	2026-01-08 10:28:51.894
19469	1	123	128	73.000	54.88	4006.24	2026-01-06 21:29:09.281
17477	8	115	5658	11.000	111.93	1231.28	2026-01-05 15:20:32.59
17483	8	115	5654	58.000	63.39	3676.91	2026-01-05 15:20:32.99
19438	1	123	112	31.000	105.36	3266.10	2026-01-06 21:29:07.785
19440	1	123	1547	11.000	80.20	882.22	2026-01-06 21:29:07.885
19443	1	123	148	23.000	69.97	1609.40	2026-01-06 21:29:07.992
19444	1	123	150	2.000	70.31	140.61	2026-01-06 21:29:08.001
19445	1	123	1541	10.000	75.70	757.02	2026-01-06 21:29:08.089
8621	1	67	612	17.000	130.68	3136.36	2025-11-26 16:43:12.001
19448	1	123	103	49.000	60.42	2960.81	2026-01-06 21:29:08.198
19451	1	123	123	159.000	60.44	9610.35	2026-01-06 21:29:08.385
19452	1	123	127	588.000	79.98	47025.89	2026-01-06 21:29:08.393
19454	1	123	122	60.000	70.57	4234.32	2026-01-06 21:29:08.491
19457	1	123	81	50.000	74.37	3718.59	2026-01-06 21:29:08.682
19458	1	123	67	110.000	71.59	7874.54	2026-01-06 21:29:08.691
19462	1	123	1543	3.000	77.19	231.58	2026-01-06 21:29:08.891
19463	1	123	115	38.000	48.23	1832.82	2026-01-06 21:29:08.986
19464	1	123	338	11.000	48.12	529.28	2026-01-06 21:29:08.993
19467	1	123	143	81.000	56.47	4574.40	2026-01-06 21:29:09.183
20505	1	136	374	2.000	156.59	313.17	2026-01-08 10:28:52.084
19439	1	123	130	22.000	85.33	1877.16	2026-01-06 21:29:07.793
8122	1	60	162	3.000	170.48	511.44	2025-11-10 08:39:18.806
19442	1	123	142	139.000	85.18	11840.60	2026-01-06 21:29:07.982
19468	1	123	1538	21.000	75.65	1588.66	2026-01-06 21:29:09.191
8482	1	60	417	0.000	0.00	0.00	2025-11-13 11:30:16.225039
8124	1	60	182	4.000	126.34	505.36	2025-11-10 08:39:18.897
8483	1	60	442	0.000	0.00	0.00	2025-11-13 11:30:16.225039
8125	1	60	172	7.000	105.63	739.43	2025-11-10 08:39:18.907
19460	1	123	62	79.000	75.72	5981.88	2026-01-06 21:29:08.793
8126	1	60	159	7.000	65.63	459.39	2025-11-10 08:39:18.987
19472	1	123	63	863.000	45.21	39016.23	2026-01-06 21:29:09.387
8127	1	60	723	12.000	45.87	550.42	2025-11-10 08:39:18.996
19471	1	123	1532	14.000	51.33	718.62	2026-01-06 21:29:09.296
8128	1	60	724	6.000	55.85	335.08	2025-11-10 08:39:19.006
19478	1	123	121	9.000	279.33	2513.97	2026-01-06 21:29:09.692
8130	1	60	176	13.000	55.85	726.08	2025-11-10 08:39:19.09
8131	1	60	734	2.000	65.80	131.60	2025-11-10 08:39:19.099
8133	1	60	720	4.000	71.06	284.24	2025-11-10 08:39:19.188
19455	1	123	118	47.000	70.41	3309.27	2026-01-06 21:29:08.585
19465	1	123	1542	10.000	59.83	598.30	2026-01-06 21:29:09.082
19449	1	123	109	78.000	84.41	6583.98	2026-01-06 21:29:08.285
19466	1	123	50	142.000	56.82	8068.44	2026-01-06 21:29:09.091
19450	1	123	113	190.000	70.37	13370.30	2026-01-06 21:29:08.293
19459	1	123	1533	2.000	94.15	188.30	2026-01-06 21:29:08.785
19446	1	123	71	797.000	45.69	36414.93	2026-01-06 21:29:08.182
19461	1	123	1549	1.000	55.05	55.05	2026-01-06 21:29:08.883
19441	1	123	134	4.000	85.09	340.36	2026-01-06 21:29:07.893
19453	1	123	58	144.000	80.38	11574.72	2026-01-06 21:29:08.483
19447	1	123	85	21.000	75.48	1585.08	2026-01-06 21:29:08.189
20508	1	136	363	16.000	62.61	1001.70	2026-01-08 10:28:52.185
20485	1	136	118	12.000	72.38	868.56	2026-01-08 10:28:51.09
20487	1	136	145	2.000	244.82	489.63	2026-01-08 10:28:51.191
8132	1	60	729	3.000	148.82	446.46	2025-11-15 08:39:35.022
8123	1	60	183	0.000	130.82	130.82	2025-11-10 08:39:18.887
20488	1	136	339	10.000	80.26	802.61	2026-01-08 10:28:51.284
20510	1	136	1585	1.000	59.79	59.79	2026-01-08 10:28:52.198
20511	1	136	1584	30.000	52.53	1575.85	2026-01-08 10:28:52.287
20513	1	136	1577	1.000	119.18	119.18	2026-01-08 10:28:52.383
8493	1	63	2289	1.000	0.10	0.10	2025-11-14 14:49:25.151
8129	1	60	170	7.000	70.78	495.46	2025-11-15 08:37:39.047
20518	1	136	1563	5.000	45.54	227.70	2026-01-08 10:28:52.588
20516	1	136	345	0.000	0.00	0.01	2026-01-08 10:28:52.493
20491	1	136	353	0.000	0.00	-0.02	2026-01-08 10:28:51.388
20509	1	136	369	0.000	0.00	-0.04	2026-01-08 10:28:52.192
20514	1	136	679	77.000	127.50	9817.50	2026-01-08 10:28:52.39
20512	1	136	1564	25.000	45.20	1130.00	2026-01-08 10:28:52.293
8624	1	67	584	35.000	139.60	4886.01	2025-11-18 08:49:56.508
20515	1	136	344	0.000	76.63	0.00	2026-01-09 07:55:21.474
20500	1	136	371	68.000	100.60	6840.80	2026-01-12 16:12:45.395
20504	1	136	348	0.000	0.00	0.01	2026-01-08 10:28:51.994
20492	1	136	354	8.000	70.52	564.12	2026-01-08 10:28:51.484
20495	1	136	1571	30.000	117.41	3522.42	2026-01-08 10:28:51.595
20496	1	136	362	0.000	0.00	0.00	2026-01-12 16:12:45.294
20498	1	136	1576	16.000	73.40	1174.40	2026-01-08 10:28:51.782
20517	1	136	347	0.000	0.10	0.00	2026-01-09 07:55:21.477
20489	1	136	357	0.000	0.09	0.00	2026-01-10 12:08:56.692
10781	1	77	1687	7.000	137.79	964.50	2025-11-20 12:33:21.888
10782	1	77	194	5.000	252.79	1263.93	2025-11-20 12:33:21.892
10783	1	77	196	22.000	247.79	5451.29	2025-11-20 12:33:21.895
10784	1	77	197	1.000	67.79	67.79	2025-11-20 12:33:21.898
20715	1	137	1484	0.000	189.46	0.00	2026-01-08 10:31:16.583
10786	1	77	201	3.000	67.79	203.36	2025-11-20 12:33:21.904
17241	8	116	5943	0.000	60.07	0.00	2026-01-05 01:38:53.797541
10787	1	77	203	2.000	227.79	455.57	2025-11-20 12:33:21.906
19483	1	124	2289	1.000	1.00	0.10	2026-01-06 21:33:38.722
19484	1	124	2285	1.000	0.10	0.10	2026-01-06 21:33:38.788
19485	1	124	2283	1.000	0.10	0.10	2026-01-06 21:33:38.881
19486	1	124	570	33.000	302.75	9990.75	2026-01-06 21:33:38.889
10789	1	77	204	30.000	57.79	1733.58	2025-11-20 12:33:21.985
19487	1	124	633	3.000	277.88	833.64	2026-01-06 21:33:38.895
8135	1	60	738	3.000	60.91	182.73	2025-11-10 08:39:19.405
10790	1	77	205	22.000	62.79	1381.29	2025-11-20 12:33:21.988
8136	1	60	740	5.000	90.52	452.61	2025-11-10 08:39:19.487
8137	1	60	164	9.000	75.78	682.02	2025-11-10 08:39:19.498
19488	1	124	562	44.000	227.88	10026.72	2026-01-06 21:33:38.989
8138	1	60	161	1.000	79.81	79.81	2025-11-10 08:39:19.584
8139	1	60	731	5.000	93.75	468.76	2025-11-10 08:39:19.596
8140	1	60	733	1.000	102.78	102.78	2025-11-10 08:39:19.606
19489	1	124	552	100.000	177.88	17788.00	2026-01-06 21:33:39.018
19490	1	124	569	70.000	227.88	15951.60	2026-01-06 21:33:39.09
19491	1	124	529	29.000	252.88	7333.52	2026-01-06 21:33:39.102
10791	1	77	206	12.000	92.79	1113.43	2025-11-20 12:33:21.991
19492	1	124	578	77.000	227.88	17546.76	2026-01-06 21:33:39.114
19493	1	124	588	15.000	277.88	4168.20	2026-01-06 21:33:39.185
19494	1	124	154	1.000	69.46	69.46	2026-01-06 21:33:39.192
19495	1	124	155	350.000	13.54	4739.00	2026-01-06 21:33:39.199
19496	1	124	93	202.000	151.62	30627.24	2026-01-06 21:33:39.287
19497	1	124	79	1.000	65.83	65.83	2026-01-06 21:33:39.294
19498	1	124	144	82.000	94.75	7769.83	2026-01-06 21:33:39.383
19499	1	124	87	4.000	69.68	278.72	2026-01-06 21:33:39.391
19500	1	124	57	1.000	179.94	179.94	2026-01-06 21:33:39.485
8143	1	60	737	1.000	280.66	280.66	2025-11-10 08:39:19.783
10793	1	77	1690	1.000	87.79	87.79	2025-11-20 12:33:21.997
8144	1	60	180	3.000	280.50	841.50	2025-11-10 08:39:19.793
8145	1	60	743	2.000	397.02	794.04	2025-11-10 08:39:19.804
19501	1	124	74	80.000	80.84	6467.20	2026-01-06 21:33:39.493
19502	1	124	126	2.000	134.55	269.10	2026-01-06 21:33:39.582
19503	1	124	139	193.000	116.41	22467.13	2026-01-06 21:33:39.589
19505	1	124	63	5.000	47.38	236.90	2026-01-06 21:33:39.687
19506	1	124	95	67.000	369.38	24748.46	2026-01-06 21:33:39.695
8146	1	60	741	8.000	64.84	518.72	2025-11-10 08:39:19.884
19507	1	124	104	90.000	167.93	15113.70	2026-01-06 21:33:39.787
19508	1	124	99	129.000	192.32	24809.28	2026-01-06 21:33:39.885
8147	1	60	746	1.000	134.44	134.44	2025-11-10 08:39:19.894
8149	1	60	742	6.000	171.34	1028.04	2025-11-10 08:39:19.984
8150	1	60	744	1.000	230.86	230.86	2025-11-10 08:39:19.995
8151	1	60	745	5.000	55.53	277.65	2025-11-10 08:39:20.004
8152	1	60	748	8.000	65.96	527.68	2025-11-10 08:39:20.014
8153	1	60	749	2.000	391.96	783.92	2025-11-10 08:39:20.091
8154	1	60	750	3.000	98.69	296.07	2025-11-10 08:39:20.101
20671	1	137	1485	0.000	80.11	0.00	2026-01-08 10:31:14.389
8155	1	60	751	1.000	112.82	112.82	2025-11-10 08:39:20.183
8296	1	60	426	4.000	92.96	371.84	2025-11-10 08:40:00.303
8297	1	60	431	9.000	60.75	546.72	2025-11-10 08:40:00.39
8298	1	60	432	4.000	93.63	374.52	2025-11-10 08:40:00.403
8134	1	60	168	10.000	70.52	775.72	2025-11-10 08:39:19.394
10798	1	77	757	1.000	127.79	127.79	2025-11-20 12:33:22.085
10799	1	77	1692	9.000	67.79	610.07	2025-11-20 12:33:22.088
8302	1	60	435	6.000	57.19	400.34	2025-11-10 08:40:00.986
8148	1	60	747	0.000	61.59	61.59	2025-11-10 08:39:19.903
10800	1	77	211	2.000	54.04	108.07	2025-11-20 12:33:22.091
10801	1	77	212	1.000	47.79	47.79	2025-11-20 12:33:22.094
21375	1	135	1795	0.000	0.00	0.00	2026-01-08 12:38:28.489
21368	1	135	806	0.000	74.57	0.00	2026-01-08 12:38:28.382
19504	1	124	58	94.000	79.23	7447.62	2026-01-06 21:33:39.597
8299	1	60	840	1.000	92.00	184.00	2025-11-10 08:40:00.493
21378	1	135	239	0.000	64.57	0.00	2026-01-08 12:38:28.504
21374	1	135	1796	0.000	164.57	0.00	2026-01-08 12:38:28.485
20734	1	137	558	0.000	86.66	0.00	2026-01-12 16:12:44.797
8141	1	60	157	0.000	50.87	305.22	2025-11-10 08:39:19.685
20711	1	137	1510	0.000	53.66	0.00	2026-01-09 07:46:56.723
8142	1	60	178	1.000	205.55	411.09	2025-11-10 08:39:19.696
21376	1	135	1797	18.000	94.57	1702.26	2026-01-08 12:38:28.493
21396	1	135	1830	0.000	64.57	0.00	2026-01-08 12:38:29.194
20682	1	137	1478	0.000	114.67	0.00	2026-01-09 07:46:55.208
8300	1	60	841	3.000	105.07	315.21	2025-11-10 08:40:00.587
8301	1	60	434	1.000	81.90	81.90	2025-11-10 08:40:00.784
20714	1	137	1503	0.000	206.66	0.00	2026-01-09 07:46:55.288
21380	1	135	1807	0.000	214.57	0.00	2026-01-08 12:38:28.6
21379	1	135	1802	0.000	134.57	0.00	2026-01-08 12:38:28.584
8303	1	60	842	3.000	63.55	190.64	2025-11-10 08:40:01.085
20647	1	137	1515	0.000	161.66	0.00	2026-01-09 07:46:54.982
21385	1	135	1816	0.000	184.57	0.00	2026-01-08 12:38:28.798
8304	1	60	843	5.000	50.07	250.35	2025-11-10 08:40:01.097
20739	1	137	594	52.000	69.98	3638.86	2026-01-09 07:46:56.103
8305	1	60	844	5.000	60.07	300.35	2025-11-10 08:40:01.193
8306	1	60	846	3.000	75.07	225.21	2025-11-10 08:40:01.286
17263	8	116	5979	0.000	71.08	0.00	2026-01-05 01:38:53.797541
20833	1	138	653	1.000	60.00	60.00	2026-01-08 10:34:16.998
7091	1	55	80	14.000	83.37	1167.17	2025-11-10 08:02:35.799
10802	1	77	1693	1.000	77.79	77.79	2025-11-20 12:33:22.097
10803	1	77	214	1.000	42.79	42.79	2025-11-20 12:33:22.1
21416	1	135	1857	0.000	79.57	0.00	2026-01-08 12:38:29.694
10805	1	77	1696	1.000	57.79	57.79	2025-11-20 12:33:22.106
10806	1	77	1697	1.000	67.79	67.79	2025-11-20 12:33:22.183
10808	1	77	216	1.000	140.29	140.29	2025-11-20 12:33:22.189
20837	1	138	657	0.000	428.96	0.00	2026-01-08 10:34:17.194
20896	1	138	1572	1.000	42.57	42.57	2026-01-08 10:34:20.186
7113	1	55	65	19.000	74.88	1647.26	2025-11-12 06:47:51.894
20818	1	138	558	3.000	86.66	259.98	2026-01-12 16:12:44.883
21426	1	135	1871	0.000	0.00	0.00	2026-01-08 12:38:29.987
20781	1	138	511	10.000	99.31	993.10	2026-01-08 10:34:14.694
21388	1	135	1833	0.000	74.57	0.00	2026-01-08 12:38:28.893
21411	1	135	816	0.000	104.57	0.00	2026-01-08 12:38:29.587
10812	1	77	1710	2.000	102.79	205.57	2025-11-20 12:33:22.201
20759	1	138	515	45.000	84.43	3799.35	2026-01-12 16:12:44.59
21414	1	135	1853	0.000	124.57	0.00	2026-01-12 11:06:12.68
21400	1	135	1836	0.000	104.57	0.00	2026-01-08 12:38:29.291
21409	1	135	1845	0.000	54.57	0.00	2026-01-08 12:38:29.496
7092	1	55	146	6.000	234.09	1404.52	2025-11-10 08:02:35.807
7093	1	55	147	5.000	85.12	425.58	2025-11-10 08:02:35.882
19587	1	124	188	3.000	135.43	406.28	2026-01-06 21:33:45.083
7094	1	55	77	1.000	229.34	229.34	2025-11-10 08:02:35.891
10814	1	77	756	1.000	252.79	252.79	2025-11-20 12:33:22.286
10815	1	77	218	1.000	177.79	177.79	2025-11-20 12:33:22.289
7098	1	55	1516	0.000	86.04	172.07	2025-11-12 06:47:51.384
7111	1	55	68	0.000	129.63	777.80	2025-11-12 06:47:51.486
7099	1	55	84	37.000	56.36	2198.00	2025-11-12 06:47:51.504
19590	1	124	204	67.000	65.88	4413.63	2026-01-06 21:33:45.185
7138	1	55	66	10.000	79.68	1035.84	2025-11-12 06:47:51.484
7108	1	55	52	11.000	60.52	665.72	2025-11-13 11:26:51.864
19593	1	124	212	11.000	52.69	579.61	2026-01-06 21:33:45.295
7123	1	55	138	105.000	110.02	11552.23	2025-11-12 06:47:51.783
10816	1	77	219	2.000	252.79	505.57	2025-11-20 12:33:22.292
19595	1	124	1723	9.000	183.10	1647.91	2026-01-06 21:33:45.483
10818	1	77	758	3.000	52.79	158.36	2025-11-20 12:33:22.298
19596	1	124	1689	2.000	172.83	345.65	2026-01-06 21:33:45.493
7105	1	55	56	130.000	97.67	12696.79	2025-11-12 06:47:51.389
7106	1	55	55	70.000	110.05	7813.76	2025-11-12 06:47:51.896
7103	1	55	51	7.000	70.35	492.47	2025-11-10 08:02:36.187
7136	1	55	126	46.000	134.53	6457.44	2025-11-14 11:15:47.508
7129	1	55	120	0.000	109.59	328.77	2025-11-10 08:02:36.811
19597	1	124	1684	1.000	172.26	172.26	2026-01-06 21:33:45.581
21408	1	135	1844	0.000	99.57	0.00	2026-01-08 12:38:29.491
7109	1	55	53	14.000	79.60	1193.99	2025-11-12 06:47:51.307
5852	1	49	514	13.000	332.71	4325.20	2025-11-08 17:42:00.338
6034	1	50	515	2.000	162.88	325.75	2025-11-08 17:32:53.505
6092	1	50	134	2.000	169.28	338.55	2025-11-08 17:32:56.184
3909	1	37	107	5.000	73.81	369.05	2025-11-08 17:46:51.003
7090	1	55	78	3.000	254.32	762.97	2025-11-10 08:02:35.79
21410	1	135	1846	0.000	164.57	0.00	2026-01-08 12:38:29.582
21415	1	135	261	0.000	64.57	0.00	2026-01-08 12:38:29.687
10823	1	77	1709	4.000	47.79	191.14	2025-11-20 12:33:22.485
10824	1	77	1711	2.000	147.79	295.57	2025-11-20 12:33:22.488
21404	1	135	1840	0.000	69.57	0.00	2026-01-08 12:38:29.391
7116	1	55	100	4.000	155.81	623.25	2025-11-10 08:02:36.51
20913	1	138	1971	0.000	232.32	0.00	2026-01-08 10:34:21.591
19598	1	124	1687	13.000	143.89	1870.57	2026-01-06 21:33:45.59
19589	1	124	209	57.000	50.34	2869.38	2026-01-06 21:33:45.097
19594	1	124	223	265.000	49.02	12990.30	2026-01-06 21:33:45.391
21405	1	135	1841	0.000	94.57	0.00	2026-01-08 12:38:29.395
7127	1	55	1552	3.000	89.77	269.30	2025-11-10 08:02:36.795
7128	1	55	141	12.000	44.36	532.31	2025-11-10 08:02:36.803
7131	1	55	73	17.000	193.54	3290.10	2025-11-10 08:02:36.895
7132	1	55	101	78.000	109.57	8546.14	2025-11-10 08:02:36.903
7133	1	55	116	6.000	69.45	416.71	2025-11-10 08:02:36.91
19588	1	124	229	12.000	182.94	2195.28	2026-01-06 21:33:45.09
19591	1	124	1686	39.000	78.27	3052.53	2026-01-06 21:33:45.194
10826	1	77	1713	0.000	77.79	0.00	2025-11-22 07:43:55.797
7124	1	55	708	13.000	129.75	1686.79	2025-11-12 06:47:51.786
7125	1	55	1550	1.000	139.92	419.77	2025-11-12 06:47:51.809
19592	1	124	227	15.000	67.69	1015.35	2026-01-06 21:33:45.286
21394	1	135	1827	0.000	189.57	0.00	2026-01-08 12:38:29.186
20799	1	138	529	7.000	255.73	1790.14	2026-01-08 10:34:15.589
20821	1	138	1514	3.000	85.06	255.18	2026-01-12 16:12:45.287
20824	1	138	563	12.000	57.87	694.46	2026-01-08 10:34:16.686
20784	1	138	611	0.000	96.65	0.00	2026-01-12 16:12:44.498
20847	1	138	362	4.000	80.52	322.08	2026-01-12 16:12:45.296
21407	1	135	1843	0.000	174.57	0.00	2026-01-08 12:38:29.487
7130	1	55	105	16.000	86.78	1388.45	2025-11-12 06:47:51.583
21413	1	135	1852	0.000	234.57	0.00	2026-01-08 12:38:29.597
7097	1	55	144	100.000	94.65	9465.03	2025-11-12 06:47:51.805
21398	1	135	1835	0.000	134.57	0.00	2026-01-08 12:38:29.282
20849	1	138	1576	8.000	73.82	590.53	2026-01-08 10:34:17.787
20826	1	138	591	2.000	49.38	98.76	2026-01-08 10:34:16.783
7126	1	55	1554	0.000	79.57	79.57	2025-11-10 08:02:36.787
21397	1	135	1829	0.000	101.57	0.00	2026-01-12 11:06:12.688
10830	1	77	223	22.000	42.79	941.29	2025-11-20 12:33:22.507
14275	1	85	1972	0.000	64.19	449.36	2025-12-08 12:18:11.685
14268	1	85	693	0.000	99.19	793.56	2025-12-08 12:18:11.578
10833	1	77	224	3.000	327.79	983.36	2025-11-20 12:33:22.589
10835	1	77	225	1.000	327.79	327.79	2025-11-20 12:33:22.596
7149	1	55	137	6.000	109.41	656.44	2025-11-10 08:02:37.308
14240	1	85	313	0.000	159.19	955.17	2025-12-08 12:18:10.983
14270	1	85	1980	1.000	79.19	395.97	2025-12-08 12:18:11.587
7154	1	55	70	81.000	119.43	9673.49	2025-11-10 08:02:37.485
10840	1	77	226	3.000	347.79	1043.36	2025-11-20 12:33:22.691
21307	1	135	1636	0.000	147.28	0.00	2026-01-08 11:51:53.59
10843	1	77	227	5.000	62.79	313.93	2025-11-20 12:33:22.701
21146	1	139	412	0.000	111.66	0.00	2026-01-08 10:41:52.297
10846	1	77	1723	4.000	177.79	711.14	2025-11-20 12:33:22.786
10848	1	77	1726	15.000	92.79	1391.79	2025-11-20 12:33:22.885
10850	1	77	1732	1.000	47.79	47.79	2025-11-20 12:33:22.891
10853	1	77	763	2.000	35.29	70.57	2025-11-20 12:33:22.899
10855	1	77	1734	2.000	87.79	175.57	2025-11-20 12:33:22.905
10856	1	77	233	2.000	57.79	115.57	2025-11-20 12:33:22.981
10857	1	77	234	8.000	45.79	366.29	2025-11-20 12:33:22.985
10858	1	77	1735	7.000	77.79	544.50	2025-11-20 12:33:22.988
10859	1	77	1736	6.000	52.79	316.72	2025-11-20 12:33:22.991
10860	1	77	1740	1.000	87.79	87.79	2025-11-20 12:33:22.994
10861	1	77	235	2.000	97.79	195.57	2025-11-20 12:33:22.997
10862	1	77	1742	4.000	42.79	171.14	2025-11-20 12:33:23
20969	1	139	129	0.000	141.32	0.00	2026-01-08 10:36:27.885
10864	1	77	765	1.000	77.79	77.79	2025-11-20 12:33:23.005
10510	1	76	234	23.000	48.45	1114.29	2025-11-27 06:03:12.192
7208	1	55	132	1.000	195.18	195.18	2025-11-10 08:02:39.088
7212	1	55	121	10.000	279.33	2793.27	2025-11-10 08:02:39.196
7215	1	55	119	11.000	279.25	3071.72	2025-11-10 08:02:39.309
20981	1	139	133	0.000	129.52	0.00	2026-01-08 10:36:28.391
20093	10	131	6233	176.000	191.35	33677.07	2026-01-15 08:54:23.381
21150	1	139	769	0.000	0.10	0.00	2026-01-08 10:41:52.493
21136	1	139	784	4.000	141.06	564.24	2026-01-08 10:41:51.886
21126	1	139	789	0.000	92.10	0.00	2026-01-08 10:41:50.188
21395	1	135	1828	0.000	124.57	0.00	2026-01-08 12:38:29.19
21002	1	139	58	13.000	80.64	1048.32	2026-01-08 10:36:29.295
20389	1	135	248	13.000	48.95	636.35	2026-01-08 12:38:28.182
20121	10	131	6264	23.000	73.15	1682.55	2026-01-15 08:54:23.496
21387	1	135	813	0.000	64.57	0.00	2026-01-08 12:38:28.889
21412	1	135	1847	0.000	64.57	0.00	2026-01-08 12:38:29.59
21356	1	135	256	1.000	54.57	54.57	2026-01-08 12:38:27.884
21355	1	135	1839	0.000	84.57	0.00	2026-01-08 12:38:27.8
7148	1	55	152	3.000	85.69	428.44	2025-11-12 06:47:51.883
7158	1	55	69	1.000	69.89	209.67	2025-11-12 06:47:51.399
7207	1	55	104	4.000	167.85	671.40	2025-11-14 12:58:47.52
21362	1	135	270	0.000	64.57	0.00	2026-01-08 12:38:27.994
7214	1	55	82	3.000	269.61	1348.07	2025-11-12 06:47:51.281
7197	1	55	115	19.000	47.46	996.72	2025-11-12 06:47:52.307
21057	1	139	1661	0.000	140.91	0.00	2026-01-08 10:39:24.793
21295	1	135	719	0.000	80.28	0.00	2026-01-08 11:51:53.187
7193	1	55	81	39.000	73.79	2877.81	2025-11-15 10:02:24.235
20115	10	131	6258	758.000	100.44	76134.04	2026-01-15 08:54:23.587
20390	1	135	1815	4.000	72.05	288.20	2026-01-08 12:38:27.784
7184	1	55	123	98.000	59.64	5844.72	2025-11-15 10:02:24.305
20133	10	131	6276	96.000	79.03	7587.12	2026-01-15 08:54:23.804
7205	1	55	64	9.000	279.67	5313.65	2025-11-10 08:02:38.991
21042	1	139	1633	0.000	71.12	0.00	2026-01-08 10:39:24.089
20110	10	131	6252	13.000	26.17	340.15	2026-01-15 08:54:23.991
7201	1	55	128	387.000	54.47	21079.89	2025-11-13 08:44:19.364
20952	1	139	155	40.000	13.55	542.00	2026-01-08 10:36:26.992
21009	1	139	63	0.000	44.71	0.00	2026-01-08 10:36:29.689
21418	1	135	1861	0.000	174.57	0.00	2026-01-08 12:38:29.789
20099	10	131	6241	2.000	87.95	175.90	2026-01-15 08:54:23.883
7206	1	55	95	70.000	369.33	25853.23	2025-11-12 06:47:51.289
7216	1	55	99	137.000	192.24	26336.30	2025-11-12 06:47:51.295
20994	1	139	142	9.000	85.14	766.26	2026-01-08 10:36:28.984
7213	1	55	131	20.000	205.14	4102.81	2025-11-12 06:47:51.3
7211	1	55	145	25.000	242.69	6067.21	2025-11-12 06:47:51.302
7157	1	55	88	8.000	200.16	1601.27	2025-11-12 06:47:51.507
20997	1	139	85	14.000	78.25	1095.50	2026-01-08 10:36:29.091
7150	1	55	151	132.000	93.89	12393.74	2025-11-12 06:47:51.891
7194	1	55	67	34.000	70.59	2400.15	2025-11-12 06:47:51.904
7162	1	55	89	120.000	110.69	13282.36	2025-11-12 06:47:51.998
7175	1	55	148	10.000	69.57	695.65	2025-11-12 06:47:52.284
7177	1	55	150	3.000	70.02	210.05	2025-11-12 06:47:52.286
20117	10	131	6260	10.000	224.82	2248.16	2026-01-15 08:54:23.592
20128	10	131	6271	4.000	227.95	911.80	2026-01-15 08:54:23.697
20088	10	131	6228	3.000	99.95	299.85	2026-01-15 08:54:23.903
21188	1	139	1804	6.000	118.26	709.56	2026-01-08 10:41:54.496
7185	1	55	90	0.000	69.43	0.00	2025-11-12 09:53:23.382
20134	10	131	6277	1.000	180.95	180.95	2026-01-15 08:54:23.994
7174	1	55	142	88.000	84.73	7540.65	2025-11-12 06:47:52.28
20130	10	131	6273	2.000	284.20	568.40	2026-01-15 08:54:23.797
20100	10	131	6242	10.000	49.18	491.76	2026-01-15 08:54:23.887
20109	10	131	6251	7.000	86.63	606.41	2026-01-15 08:54:23.989
20988	1	139	139	10.000	119.51	1195.10	2026-01-08 10:36:28.693
21176	1	139	811	1.000	64.57	64.57	2026-01-08 10:41:53.886
21185	1	139	245	1.000	69.57	69.57	2026-01-08 10:41:54.383
7210	1	55	96	20.000	179.60	3771.55	2025-11-12 06:47:51.286
7189	1	55	122	145.000	69.77	10326.05	2025-11-12 06:47:52.185
7139	1	55	59	0.000	165.09	2476.35	2025-11-13 08:44:19.358
7188	1	55	58	188.000	79.64	15132.33	2025-11-13 08:44:55.992
7152	1	55	60	67.000	109.59	7452.01	2025-11-12 06:47:51.396
7145	1	55	149	52.000	79.63	4220.42	2025-11-12 06:47:51.888
7178	1	55	1541	0.000	74.97	824.67	2025-11-12 06:47:52.197
7155	1	55	72	1.000	159.92	319.83	2025-11-12 06:47:51.489
7259	1	56	154	1.000	69.46	69.46	2025-11-10 08:09:20.29
7260	1	56	155	350.000	13.54	4739.00	2025-11-10 08:09:20.298
7261	1	56	79	1.000	65.83	65.83	2025-11-10 08:09:20.306
10256	1	66	1901	0.000	58.55	234.20	2025-11-22 07:37:27.499
7265	1	56	156	1.000	84.41	84.41	2025-11-10 08:09:20.685
7266	1	56	175	14.000	95.78	1340.94	2025-11-10 08:09:20.982
7267	1	56	185	11.000	80.80	888.85	2025-11-10 08:09:20.991
7268	1	56	166	1.000	115.74	115.74	2025-11-10 08:09:21.001
7269	1	56	184	8.000	105.84	846.72	2025-11-10 08:09:21.085
7270	1	56	158	22.000	65.85	1448.60	2025-11-10 08:09:21.093
7271	1	56	167	2.000	79.38	158.76	2025-11-10 08:09:21.102
7272	1	56	171	17.000	50.80	863.66	2025-11-10 08:09:21.112
7273	1	56	160	27.000	98.80	2667.55	2025-11-10 08:09:21.186
7274	1	56	163	1.000	230.62	230.62	2025-11-10 08:09:21.195
7275	1	56	169	3.000	105.83	317.50	2025-11-10 08:09:21.205
7276	1	56	165	2.000	130.79	261.58	2025-11-10 08:09:21.283
7278	1	56	162	1.000	170.78	170.78	2025-11-10 08:09:21.302
7279	1	56	183	2.000	130.92	261.83	2025-11-10 08:09:21.311
7280	1	56	182	8.000	126.62	1012.92	2025-11-10 08:09:21.39
7281	1	56	172	31.000	105.69	3276.40	2025-11-10 08:09:21.399
7282	1	56	159	7.000	65.61	459.24	2025-11-10 08:09:21.407
7283	1	56	170	5.000	70.94	354.71	2025-11-10 08:09:21.486
7284	1	56	176	2.000	55.94	111.87	2025-11-10 08:09:21.495
7285	1	56	181	2.000	65.81	131.62	2025-11-10 08:09:21.503
7286	1	56	168	48.000	70.85	3400.86	2025-11-10 08:09:21.511
7287	1	56	164	5.000	75.84	379.20	2025-11-10 08:09:21.519
7288	1	56	161	1.000	79.86	79.86	2025-11-10 08:09:21.59
7290	1	56	177	1.000	205.79	205.79	2025-11-10 08:09:21.607
7291	1	56	178	1.000	205.75	205.75	2025-11-10 08:09:21.684
7292	1	56	179	1.000	210.89	210.89	2025-11-10 08:09:21.693
7293	1	56	173	3.000	243.25	729.75	2025-11-10 08:09:21.701
7294	1	56	180	1.000	280.62	280.62	2025-11-10 08:09:21.711
7295	1	56	188	9.000	135.43	1218.83	2025-11-10 08:09:21.784
7298	1	56	204	92.000	65.58	6033.37	2025-11-10 08:09:21.81
14243	1	85	1983	0.000	79.19	316.78	2025-12-08 12:18:10.996
7310	1	56	197	5.000	72.48	362.39	2025-11-10 08:09:22.202
10293	1	66	1931	1.000	128.55	257.10	2025-11-22 07:37:28.005
7316	1	56	189	1.000	81.77	81.77	2025-11-10 08:09:22.397
7317	1	56	1741	2.000	152.50	304.99	2025-11-10 08:09:22.407
14251	1	85	1975	44.000	76.69	3451.05	2025-12-11 08:10:42.404
14285	1	85	63	10.000	47.38	1184.50	2025-12-10 07:23:14.191
7329	1	56	216	7.000	144.09	1008.64	2025-11-10 08:09:22.887
7330	1	56	756	1.000	257.44	257.44	2025-11-10 08:09:22.897
7331	1	56	195	45.000	256.96	11563.31	2025-11-10 08:09:22.983
7332	1	56	225	3.000	330.67	992.01	2025-11-10 08:09:22.992
7333	1	56	194	25.000	259.05	6476.20	2025-11-10 08:09:23.001
7336	1	56	207	5.000	182.99	914.97	2025-11-10 08:09:23.098
7337	1	56	215	4.000	153.24	612.94	2025-11-10 08:09:23.107
7338	1	56	221	1.000	182.70	182.70	2025-11-10 08:09:23.187
7339	1	56	213	1.000	183.94	183.94	2025-11-10 08:09:23.198
20506	1	136	680	4.000	54.61	218.45	2026-01-08 10:28:52.091
21563	8	122	5582	1.000	315.24	315.24	2026-01-12 07:23:36.583
7348	1	56	763	2.000	40.93	81.85	2025-11-10 08:09:23.488
7350	1	56	222	1.000	92.61	92.61	2025-11-10 08:09:23.585
21273	1	138	514	2.000	256.66	513.32	2026-01-08 10:52:00.083888
18437	8	122	5705	21.000	87.75	1842.75	2026-01-05 15:59:58.796
7301	1	56	212	11.000	51.80	621.61	2025-11-10 08:09:21.905
7320	1	56	1745	0.000	82.36	82.36	2025-11-10 08:09:22.509
18454	8	122	5943	62.000	59.80	3707.60	2026-01-05 15:38:14.285
7300	1	56	227	3.000	66.75	267.00	2025-11-10 08:09:21.897
7340	1	56	219	2.000	258.39	1550.33	2025-11-10 08:09:23.209
7334	1	56	1688	0.000	233.08	233.08	2025-11-10 08:09:23.01
7299	1	56	1686	0.000	263.23	1316.13	2025-11-10 08:09:21.886
7306	1	56	1687	0.000	428.64	2143.22	2025-11-10 08:09:22.088
20536	1	136	1560	0.000	0.00	0.00	2026-01-08 10:28:53.389
7314	1	56	1675	0.000	95.33	95.33	2025-11-10 08:09:22.309
7343	1	56	224	7.000	333.42	2667.36	2025-11-10 08:09:23.304
10300	1	66	1940	0.000	153.55	153.55	2025-11-22 07:37:28.104
21279	1	138	1495	0.000	225.45	0.00	2026-01-08 10:52:00.083888
7277	1	56	174	0.000	160.87	160.87	2025-11-10 08:09:21.292
21564	8	122	5489	8.000	260.24	2081.92	2026-01-12 07:23:36.696
20800	1	138	634	9.000	81.25	731.25	2026-01-08 10:34:15.594
7325	1	56	1692	0.000	0.00	1438.99	2025-11-10 08:09:22.707
10297	1	66	1937	0.000	58.55	175.65	2025-11-22 07:37:28.093
10298	1	66	1938	1.000	370.68	370.68	2025-11-22 07:37:28.096
7349	1	56	211	4.000	57.41	287.03	2025-11-10 08:09:23.499
7303	1	56	1723	0.000	0.00	1458.00	2025-11-10 08:09:21.996
7341	1	56	218	1.000	179.89	359.77	2025-11-10 08:09:23.284
7308	1	56	193	0.000	0.00	1980.65	2025-11-10 08:09:22.106
21566	8	122	5535	0.000	190.24	0.00	2026-01-12 07:23:36.893
7318	1	56	235	29.000	108.58	3148.80	2025-11-10 08:09:22.485
7263	1	56	113	2.000	138.36	553.44	2025-11-10 08:09:20.392
18306	8	122	5511	0.000	58.31	0.00	2026-01-12 07:23:36.889
7312	1	56	187	34.000	54.95	2857.30	2025-11-10 08:09:22.29
7322	1	56	205	72.000	93.42	7006.29	2025-11-10 08:09:22.596
7289	1	56	157	105.000	50.80	7112.64	2025-11-10 08:09:21.598
21565	8	122	5555	0.000	265.24	0.00	2026-01-12 07:23:36.783
10250	1	66	485	0.000	68.55	411.30	2025-11-22 07:37:27.407
10253	1	66	1898	3.000	58.55	234.20	2025-11-22 07:37:27.488
18278	8	122	5444	0.000	81.37	0.00	2026-01-05 15:38:06.181
7258	1	56	153	5.000	466.86	3268.00	2025-11-15 10:33:46.724
20095	10	131	6236	352.000	58.16	20472.16	2026-01-15 08:54:23.386
20773	1	138	1511	7.000	152.66	1068.62	2026-01-08 10:34:14.384
21284	1	138	353	8.000	82.90	663.20	2026-01-08 10:52:00.083888
20643	1	137	1511	5.000	154.42	772.10	2026-01-09 07:46:54.891
10865	1	69	552	1.000	166.86	166.86	2025-11-20 12:39:47.61
10866	1	69	575	1.000	324.32	324.32	2025-11-20 12:39:47.627
19599	1	124	1682	3.000	113.24	339.71	2026-01-06 21:33:45.596
7359	1	56	1693	1.000	80.42	80.42	2025-11-10 08:09:23.887
7360	1	56	214	1.000	46.67	46.67	2025-11-10 08:09:23.897
19602	1	124	1690	2.000	92.43	184.86	2026-01-06 21:33:45.784
19603	1	124	197	12.000	73.99	887.87	2026-01-06 21:33:45.792
21288	1	139	1826	2.000	155.36	310.72	2026-01-08 10:53:11.182262
7369	1	56	202	1.000	129.93	129.93	2025-11-10 08:09:24.195
19606	1	124	191	66.000	117.45	7751.88	2026-01-06 21:33:45.984
21286	1	139	1634	1.000	52.78	52.78	2026-01-08 10:53:11.182262
19608	1	124	189	1.000	81.77	81.77	2026-01-06 21:33:45.997
19609	1	124	1741	2.000	153.13	306.25	2026-01-06 21:33:46.087
19610	1	124	235	42.000	102.71	4313.83	2026-01-06 21:33:46.095
19611	1	124	206	78.000	98.35	7671.65	2026-01-06 21:33:46.186
19612	1	124	1674	14.000	53.15	744.03	2026-01-06 21:33:46.194
19613	1	124	205	155.000	67.56	10471.89	2026-01-06 21:33:46.285
19614	1	124	1740	6.000	91.86	551.17	2026-01-06 21:33:46.293
19616	1	124	1692	23.000	72.81	1674.67	2026-01-06 21:33:46.393
19617	1	124	1677	1.000	132.53	132.53	2026-01-06 21:33:46.483
19618	1	124	203	11.000	235.56	2591.19	2026-01-06 21:33:46.495
19619	1	124	220	66.000	257.38	16987.00	2026-01-06 21:33:46.582
19620	1	124	216	13.000	146.17	1900.27	2026-01-06 21:33:46.594
19621	1	124	756	7.000	258.61	1810.30	2026-01-06 21:33:46.685
19622	1	124	225	6.000	332.53	1995.20	2026-01-06 21:33:46.693
19624	1	124	226	32.000	355.52	11376.74	2026-01-06 21:33:46.79
19625	1	124	207	5.000	182.99	914.97	2026-01-06 21:33:46.798
19626	1	124	215	4.000	153.24	612.94	2026-01-06 21:33:46.889
19627	1	124	221	5.000	184.98	924.90	2026-01-06 21:33:46.896
19628	1	124	213	1.000	185.19	185.19	2026-01-06 21:33:46.985
7401	1	56	758	4.000	56.59	226.35	2025-11-10 08:09:25.509
19629	1	124	219	6.000	259.98	1559.90	2026-01-06 21:33:46.993
19630	1	124	218	1.000	182.45	182.45	2026-01-06 21:33:47.083
19631	1	124	760	8.000	332.77	2662.19	2026-01-06 21:33:47.092
14301	1	87	553	0.000	80.61	0.00	2025-12-23 09:21:38.296569
7425	1	56	266	7.000	39.14	273.99	2025-11-10 08:09:26.505
7426	1	56	2261	4.000	48.60	194.38	2025-11-10 08:09:26.588
7430	1	56	267	2.000	228.58	457.16	2025-11-10 08:09:26.694
7431	1	56	258	3.000	368.91	1106.72	2025-11-10 08:09:26.705
7432	1	56	260	80.000	68.60	5487.64	2025-11-10 08:09:26.79
7439	1	56	243	2.000	82.81	165.62	2025-11-10 08:09:27.095
7440	1	56	253	2.000	98.79	197.57	2025-11-10 08:09:27.106
7456	1	56	310	0.000	152.72	1221.78	2025-11-10 08:09:27.9
7441	1	56	262	1.000	48.79	48.79	2025-11-10 08:09:27.205
7442	1	56	281	6.000	67.37	404.23	2025-11-10 08:09:27.286
7443	1	56	280	9.000	91.40	822.63	2025-11-10 08:09:27.298
7444	1	56	282	7.000	103.44	724.08	2025-11-10 08:09:27.385
7445	1	56	279	4.000	144.22	576.86	2025-11-10 08:09:27.402
7447	1	56	285	7.000	140.50	983.49	2025-11-10 08:09:27.501
7448	1	56	286	1.000	74.49	74.49	2025-11-10 08:09:27.514
7450	1	56	288	2.000	127.12	254.24	2025-11-10 08:09:27.685
7451	1	56	289	4.000	75.07	300.29	2025-11-10 08:09:27.696
7452	1	56	312	1.000	56.66	56.66	2025-11-10 08:09:27.785
7453	1	56	321	1.000	74.39	74.39	2025-11-10 08:09:27.796
19633	1	124	224	16.000	335.20	5363.24	2026-01-06 21:33:47.193
7457	1	56	292	3.000	92.75	278.24	2025-11-10 08:09:27.983
7458	1	56	332	13.000	132.76	1725.88	2025-11-10 08:09:27.994
7449	1	56	287	0.000	78.90	157.80	2025-11-10 08:09:27.595
7381	1	56	1732	0.000	52.24	52.24	2025-11-10 08:09:24.692
20211	1	135	1635	0.000	0.00	0.00	2026-01-08 11:51:53.585
7459	1	56	296	5.000	152.72	1069.06	2025-11-10 08:09:28.007
10825	1	77	1712	0.000	78.22	0.00	2025-11-22 07:43:54.703
7370	1	56	201	18.000	101.50	2029.94	2025-11-10 08:09:24.204
19623	1	124	194	6.000	256.74	1540.44	2026-01-06 21:33:46.781
14300	1	87	1597	4.000	147.62	590.47	2025-12-23 09:24:24.804
7422	1	56	275	3.000	39.09	234.56	2025-11-10 08:09:26.391
8156	1	60	188	7.000	135.56	1084.48	2025-11-10 08:39:52.888
19604	1	124	196	23.000	252.86	5815.78	2026-01-06 21:33:45.885
19632	1	124	764	6.000	147.53	885.18	2026-01-06 21:33:47.185
7391	1	56	217	1.000	235.79	235.79	2025-11-10 08:09:25.104
7396	1	56	765	0.000	0.00	164.94	2025-11-10 08:09:25.309
7423	1	56	238	4.000	108.28	649.67	2025-11-15 12:32:48.895
7424	1	56	242	7.000	88.97	622.77	2025-11-10 08:09:27.193
7371	1	56	1680	1.000	143.44	286.89	2025-11-10 08:09:24.285
7436	1	56	255	5.000	88.32	529.90	2025-11-15 12:32:48.99
7382	1	56	1735	0.000	106.35	744.48	2025-11-10 08:09:24.705
7419	1	56	257	1.000	178.05	534.16	2025-11-15 12:32:48.994
7383	1	56	1736	0.000	56.08	448.65	2025-11-10 08:09:24.792
7387	1	56	1744	0.000	763.86	763.86	2025-11-10 08:09:24.982
7361	1	56	233	0.000	61.55	123.10	2025-11-10 08:09:23.906
10827	1	77	1714	0.000	197.79	0.00	2025-11-22 07:43:54.709
11060	1	76	1714	0.000	395.58	395.58	2025-11-22 07:43:54.784
11059	1	76	1712	18.000	68.72	1236.91	2025-11-27 06:03:11.883
7420	1	56	271	1.000	128.18	256.37	2025-11-15 12:32:49.096
7421	1	56	272	6.000	48.91	342.34	2025-11-15 12:32:49.104
7418	1	56	248	5.000	43.03	645.50	2025-11-15 12:32:49.107
7406	1	56	277	9.000	78.22	1173.36	2025-11-15 12:32:49.124
7433	1	56	236	1.000	137.88	1516.64	2025-11-15 12:32:49.187
7409	1	56	239	1.000	58.89	412.26	2025-11-15 12:32:49.308
7407	1	56	240	7.000	88.67	886.74	2025-11-15 12:32:49.316
7410	1	56	241	11.000	53.55	963.90	2025-11-15 12:32:49.319
7429	1	56	245	12.000	63.77	1084.14	2025-11-15 12:32:49.398
7417	1	56	247	20.000	43.49	1304.75	2025-11-15 12:32:49.41
7438	1	56	251	1.000	43.08	215.42	2025-11-15 12:32:49.498
7435	1	56	254	5.000	49.32	1775.55	2025-11-15 12:32:49.515
7414	1	56	261	2.000	58.00	463.99	2025-11-15 12:32:49.811
7412	1	56	263	2.000	98.03	588.18	2025-11-15 12:32:49.834
7416	1	56	265	21.000	48.16	1589.31	2025-11-15 12:32:49.906
7427	1	56	273	6.000	48.84	390.73	2025-11-15 12:32:49.986
7434	1	56	274	7.000	108.45	867.58	2025-11-15 12:32:49.989
7408	1	56	276	3.000	132.69	530.78	2025-11-15 12:32:49.993
7428	1	56	278	21.000	88.49	2212.20	2025-11-15 12:32:50.023
7460	1	56	301	7.000	133.13	931.93	2025-11-10 08:09:28.09
7464	1	56	1993	2.000	176.67	353.34	2025-11-10 08:09:28.295
7466	1	56	317	17.000	71.82	1220.86	2025-11-10 08:09:28.389
7469	1	56	316	83.000	53.35	4427.69	2025-11-10 08:09:28.501
7472	1	56	311	3.000	72.67	218.00	2025-11-10 08:09:28.609
7474	1	56	333	8.000	83.27	666.15	2025-11-10 08:09:28.703
7475	1	56	294	13.000	64.31	835.98	2025-11-10 08:09:28.788
7476	1	56	307	14.000	56.34	788.80	2025-11-10 08:09:28.8
7477	1	56	1949	1.000	93.58	93.58	2025-11-10 08:09:28.886
7478	1	56	326	24.000	48.03	1152.75	2025-11-10 08:09:28.901
7479	1	56	331	10.000	83.73	837.30	2025-11-10 08:09:28.991
7454	1	56	302	36.000	68.69	2472.93	2025-11-10 08:09:29.106
7485	1	56	299	12.000	132.95	1595.40	2025-11-10 08:09:29.296
7486	1	56	330	28.000	132.34	3705.64	2025-11-10 08:09:29.308
7487	1	56	325	7.000	91.55	640.88	2025-11-10 08:09:29.392
7488	1	56	323	4.000	92.89	371.56	2025-11-10 08:09:29.406
7489	1	56	297	1.000	102.77	102.77	2025-11-10 08:09:29.489
8622	1	67	515	61.000	79.57	5967.82	2025-11-26 16:43:12.193
7491	1	56	306	4.000	71.60	286.38	2025-11-10 08:09:29.586
7492	1	56	324	1.000	88.41	88.41	2025-11-10 08:09:29.597
7493	1	56	335	1.000	68.41	68.41	2025-11-10 08:09:29.684
8157	1	60	755	1.000	124.78	124.78	2025-11-10 08:39:52.9
8158	1	60	753	1.000	94.86	94.86	2025-11-10 08:39:52.984
8160	1	60	191	10.000	115.49	1154.89	2025-11-10 08:39:53.004
8161	1	60	208	10.000	82.54	825.40	2025-11-10 08:39:53.084
8164	1	60	190	21.000	71.29	1497.03	2025-11-10 08:39:53.191
8165	1	60	761	1.000	145.83	145.83	2025-11-10 08:39:53.202
8166	1	60	762	1.000	115.20	115.20	2025-11-10 08:39:53.288
8167	1	60	216	2.000	144.39	288.78	2025-11-10 08:39:53.298
8168	1	60	756	7.000	256.99	1798.95	2025-11-10 08:39:53.307
8169	1	60	195	10.000	256.99	2569.92	2025-11-10 08:39:53.389
8170	1	60	219	2.000	267.21	534.41	2025-11-10 08:39:53.399
8171	1	60	760	2.000	332.25	664.49	2025-11-10 08:39:53.41
8172	1	60	764	1.000	151.96	151.96	2025-11-10 08:39:53.488
8173	1	60	234	1.000	50.32	50.32	2025-11-10 08:39:53.498
8174	1	60	763	11.000	40.90	449.90	2025-11-10 08:39:53.509
8175	1	60	202	5.000	104.24	521.21	2025-11-10 08:39:53.593
17221	8	116	5390	23.000	49.01	1127.34	2026-01-05 01:37:32.084
8181	1	60	397	14.000	96.63	1352.82	2025-11-10 08:39:53.89
8182	1	60	791	1.000	91.26	91.26	2025-11-10 08:39:53.901
21290	1	139	757	3.000	133.66	400.98	2026-01-08 10:53:11.182262
8185	1	60	394	16.000	91.01	1456.23	2025-11-10 08:39:54.388
8186	1	60	780	1.000	71.75	71.75	2025-11-10 08:39:54.683
8187	1	60	766	2.000	56.47	112.94	2025-11-10 08:39:54.79
8188	1	60	768	2.000	86.34	172.68	2025-11-10 08:39:54.994
8189	1	60	781	2.000	88.14	176.27	2025-11-10 08:39:55.103
8191	1	60	789	1.000	92.10	92.10	2025-11-10 08:39:55.198
8192	1	60	383	2.000	120.04	240.07	2025-11-10 08:39:55.21
8193	1	60	767	4.000	66.46	265.84	2025-11-10 08:39:55.289
8194	1	60	384	3.000	181.81	545.43	2025-11-10 08:39:55.305
8195	1	60	385	6.000	108.20	649.18	2025-11-10 08:39:55.384
8196	1	60	386	2.000	191.91	383.81	2025-11-10 08:39:55.394
8197	1	60	770	5.000	152.06	760.30	2025-11-10 08:39:55.405
8198	1	60	387	3.000	99.95	299.84	2025-11-10 08:39:55.485
8199	1	60	389	12.000	81.21	974.55	2025-11-10 08:39:55.497
8200	1	60	390	10.000	81.15	811.52	2025-11-10 08:39:55.585
8201	1	60	773	4.000	139.90	559.60	2025-11-10 08:39:55.596
8203	1	60	775	9.000	131.67	1184.99	2025-11-10 08:39:55.703
8204	1	60	776	5.000	74.99	374.93	2025-11-10 08:39:55.788
8205	1	60	777	2.000	191.94	383.87	2025-11-10 08:39:55.802
8206	1	60	778	3.000	141.40	424.19	2025-11-10 08:39:55.89
8207	1	60	779	1.000	120.98	120.98	2025-11-10 08:39:55.902
8209	1	60	396	18.000	60.89	1095.93	2025-11-10 08:39:55.998
8210	1	60	782	1.000	91.42	91.42	2025-11-10 08:39:56.082
8211	1	60	783	1.000	109.90	109.90	2025-11-10 08:39:56.095
8212	1	60	784	5.000	141.06	705.28	2025-11-10 08:39:56.106
8213	1	60	398	6.000	121.00	725.98	2025-11-10 08:39:56.193
8214	1	60	399	14.000	71.56	1001.77	2025-11-10 08:39:56.203
8215	1	60	787	1.000	111.10	111.10	2025-11-10 08:39:56.285
8217	1	60	406	8.000	81.62	652.98	2025-11-10 08:39:56.307
8218	1	60	793	3.000	252.30	756.89	2025-11-10 08:39:56.391
8219	1	60	409	5.000	91.88	459.40	2025-11-10 08:39:56.403
8220	1	60	794	1.000	71.65	71.65	2025-11-10 08:39:56.489
8221	1	60	795	1.000	131.40	131.40	2025-11-10 08:39:56.501
8223	1	60	797	6.000	111.32	667.92	2025-11-10 08:39:56.601
8225	1	60	413	17.000	81.51	1385.75	2025-11-10 08:39:56.701
8226	1	60	415	9.000	131.74	1185.68	2025-11-10 08:39:56.791
8227	1	60	800	10.000	121.00	1210.03	2025-11-10 08:39:56.802
8228	1	60	769	1.000	0.10	0.10	2025-11-10 08:39:56.814
7484	1	56	696	0.000	72.78	436.69	2025-11-10 08:09:29.284
8177	1	60	758	0.000	56.45	282.25	2025-11-10 08:39:53.693
7473	1	56	293	0.000	72.43	144.86	2025-11-10 08:09:28.692
8224	1	60	412	8.000	111.67	893.36	2025-11-15 10:02:24.4
7482	1	56	313	0.000	0.00	912.47	2025-11-10 08:09:29.189
8222	1	60	796	2.000	111.15	333.45	2025-11-10 08:39:56.59
8163	1	60	205	5.000	66.83	801.99	2025-11-10 08:39:53.106
7471	1	56	320	0.000	47.40	4503.12	2025-11-10 08:09:28.597
7467	1	56	1978	0.000	0.00	105.34	2025-11-10 08:09:28.402
8180	1	60	792	0.000	161.59	161.59	2025-11-10 08:39:53.801
7468	1	56	305	8.000	62.82	753.80	2025-11-10 08:09:28.489
7481	1	56	336	9.000	92.48	924.77	2025-11-10 08:09:29.094
8176	1	60	752	0.000	164.85	164.85	2025-11-10 08:39:53.604
8184	1	60	788	0.000	52.10	52.10	2025-11-10 08:39:54.288
8202	1	60	774	30.000	96.48	3376.69	2025-11-10 08:39:55.688
7463	1	56	329	14.000	132.78	1991.68	2025-11-10 08:09:28.284
8159	1	60	196	34.000	253.13	8859.54	2025-11-10 08:39:52.994
7462	1	56	304	1.000	132.70	265.39	2025-11-10 08:09:28.192
7480	1	56	319	23.000	112.56	2701.45	2025-11-10 08:09:29.082
7483	1	56	314	2.000	161.40	1129.77	2025-11-10 08:09:29.2
8190	1	60	382	11.000	111.98	1343.81	2025-11-10 08:39:55.188
7461	1	56	1968	0.000	152.68	152.68	2025-11-10 08:09:28.104
11703	1	81	614	2.000	0.01	0.02	2025-12-01 14:26:17.484
11704	1	81	612	1.000	129.25	129.25	2025-12-05 10:57:21.19
11707	1	81	584	3.000	138.77	416.31	2025-12-05 10:57:21.202
11709	1	81	555	8.000	134.39	1075.12	2025-12-05 10:57:21.287
8307	1	60	847	2.000	105.76	211.52	2025-11-10 08:40:01.299
8308	1	60	848	2.000	97.82	195.64	2025-11-10 08:40:01.389
8310	1	60	851	1.000	130.66	130.66	2025-11-10 08:40:01.494
8311	1	60	853	2.000	68.75	137.49	2025-11-10 08:40:01.512
8312	1	60	854	1.000	241.69	241.69	2025-11-10 08:40:01.594
8313	1	60	855	6.000	89.15	534.87	2025-11-10 08:40:01.606
8314	1	60	450	7.000	146.21	1023.47	2025-11-10 08:40:01.689
8316	1	60	858	4.000	75.07	300.28	2025-11-10 08:40:01.79
8317	1	60	457	1.000	75.07	75.07	2025-11-10 08:40:01.803
8318	1	60	860	1.000	129.55	129.55	2025-11-10 08:40:01.89
8319	1	60	856	4.000	46.99	187.96	2025-11-10 08:40:01.903
8320	1	60	459	1.000	0.10	0.10	2025-11-10 08:40:01.985
8322	1	60	463	3.000	90.64	271.92	2025-11-10 08:40:02.084
8323	1	60	464	5.000	108.19	540.97	2025-11-10 08:40:02.1
8325	1	60	467	7.000	59.19	414.33	2025-11-10 08:40:02.203
8326	1	60	862	1.000	149.67	149.67	2025-11-10 08:40:02.295
8327	1	60	472	6.000	411.38	2468.26	2025-11-10 08:40:02.386
8328	1	60	475	2.000	153.17	306.34	2025-11-10 08:40:02.398
8331	1	60	478	7.000	58.72	411.01	2025-11-10 08:40:02.59
8332	1	60	481	4.000	54.38	217.53	2025-11-10 08:40:02.604
8335	1	60	488	4.000	389.29	1557.14	2025-11-10 08:40:02.79
8336	1	60	869	5.000	178.69	893.43	2025-11-10 08:40:02.894
8337	1	60	489	16.000	150.52	2408.35	2025-11-10 08:40:02.906
8338	1	60	872	3.000	119.40	358.20	2025-11-10 08:40:02.993
8339	1	60	873	9.000	74.38	669.40	2025-11-10 08:40:03.006
8340	1	60	495	2.000	227.90	455.79	2025-11-10 08:40:03.094
8341	1	60	497	2.000	178.69	357.38	2025-11-10 08:40:03.182
8343	1	60	875	2.000	260.39	520.77	2025-11-10 08:40:03.209
8344	1	60	500	3.000	252.76	758.29	2025-11-10 08:40:03.298
8345	1	60	877	1.000	109.23	109.23	2025-11-10 08:40:03.31
8346	1	60	501	1.000	228.69	228.69	2025-11-10 08:40:03.389
8347	1	60	502	1.000	74.34	74.34	2025-11-10 08:40:03.403
8348	1	60	879	1.000	153.57	153.57	2025-11-10 08:40:03.49
8349	1	60	881	2.000	94.15	188.30	2025-11-10 08:40:03.503
8350	1	60	882	1.000	144.64	144.64	2025-11-10 08:40:03.594
8351	1	60	883	9.000	79.26	713.33	2025-11-10 08:40:03.607
8352	1	60	490	1.000	126.97	126.97	2025-11-10 08:40:03.694
8354	1	60	861	1.000	86.04	86.04	2025-11-10 08:40:03.791
8355	1	60	863	5.000	390.21	1951.03	2025-11-10 08:40:03.885
8356	1	60	476	8.000	140.74	1125.95	2025-11-10 08:40:03.897
8357	1	60	866	2.000	188.28	376.56	2025-11-10 08:40:03.914
8358	1	60	867	1.000	79.20	79.20	2025-11-10 08:40:03.991
8359	1	60	868	1.000	103.28	103.28	2025-11-10 08:40:04.003
8360	1	60	870	11.000	108.28	1191.08	2025-11-10 08:40:04.096
8361	1	60	871	3.000	73.28	219.84	2025-11-10 08:40:04.191
8362	1	60	874	1.000	350.38	350.38	2025-11-10 08:40:04.285
8363	1	60	878	7.000	391.96	2743.72	2025-11-10 08:40:04.299
20051	1	134	109	69.000	85.78	5918.82	2026-01-14 07:40:16.888
21292	1	139	130	2.000	87.69	175.38	2026-01-08 10:53:11.182262
7995	1	61	308	0.000	62.22	186.67	2025-11-10 08:21:15.488
7941	1	61	348	4.000	101.72	610.31	2025-11-10 08:21:13.388
7851	1	61	570	2.000	303.40	910.21	2025-11-10 08:21:10.103
7850	1	61	536	2.000	129.19	387.57	2025-11-10 08:21:10.095
7878	1	61	634	0.000	76.63	76.63	2025-11-10 08:21:11.487
7917	1	61	662	0.000	45.26	45.26	2025-11-10 08:21:12.604
8062	1	60	54	9.000	132.97	1196.73	2025-11-15 10:02:24.231
8077	1	60	81	12.000	80.25	962.94	2025-11-15 10:02:24.238
17169	8	116	5372	5.000	185.90	929.49	2026-01-05 01:37:28.997
8052	1	60	76	10.000	89.84	988.21	2025-11-10 08:38:30.101
17170	8	116	5371	27.000	103.88	2804.68	2026-01-05 01:37:29.087
17174	8	116	5385	4.000	135.82	543.26	2026-01-05 01:37:29.282
17179	8	116	5449	7.000	147.96	1035.72	2026-01-05 01:37:29.492
8042	1	60	705	0.000	164.47	164.47	2025-11-10 08:38:29.823
8039	1	60	53	4.000	79.89	399.46	2025-11-10 08:38:29.796
17184	8	116	5429	6.000	76.11	456.64	2026-01-05 01:37:29.696
17188	8	116	5382	11.000	85.85	944.37	2026-01-05 01:37:29.897
17194	8	116	5458	32.000	161.56	5169.79	2026-01-05 01:37:30.197
17198	8	116	5402	4.000	75.91	303.64	2026-01-05 01:37:30.586
8333	1	60	484	4.000	49.37	296.19	2025-11-10 08:40:02.693
7893	1	61	594	9.000	69.38	832.57	2025-11-10 08:21:11.909
17200	8	116	5406	25.000	155.74	3893.41	2026-01-05 01:37:30.983
7891	1	61	583	0.000	275.31	550.62	2025-11-13 08:46:13.152
8334	1	60	487	3.000	254.12	762.36	2025-11-14 06:00:16.619
8342	1	60	498	4.000	253.36	1266.78	2025-11-10 08:40:03.196
8069	1	60	71	36.000	46.86	2624.01	2025-11-10 08:38:30.984
17201	8	116	5464	44.000	122.80	5403.03	2026-01-05 01:37:30.992
7989	1	61	688	0.000	48.38	1064.28	2025-11-10 08:21:15.218
7842	1	61	515	29.000	86.78	2777.05	2025-11-15 10:00:10.194
8080	1	60	125	22.000	154.61	4174.40	2025-11-15 10:02:24.314
7866	1	61	548	8.000	127.82	1533.89	2025-11-13 08:51:51.17
21291	1	139	111	0.000	233.92	0.00	2026-01-08 10:53:11.182262
8329	1	60	477	1.000	46.50	92.99	2025-11-10 08:40:02.485
8046	1	60	105	7.000	93.74	937.43	2025-11-10 08:38:29.917
8072	1	60	109	23.000	83.70	2092.50	2025-11-15 10:02:24.3
7997	1	61	319	17.000	112.36	2808.91	2025-11-10 08:21:15.582
19637	1	124	763	14.000	41.23	577.22	2026-01-06 21:33:47.393
7929	1	61	357	7.000	164.92	3133.39	2025-11-10 08:21:12.987
8315	1	60	857	0.000	74.18	74.18	2025-11-10 08:40:01.702
8036	1	60	55	10.000	110.68	1328.16	2025-11-10 08:38:29.695
19639	1	124	222	1.000	92.61	92.61	2026-01-06 21:33:47.494
8081	1	60	63	0.000	44.65	0.00	2025-11-15 08:37:39.043
8324	1	60	465	5.000	63.60	445.23	2025-11-10 08:40:02.19
7936	1	61	371	15.000	124.80	1872.07	2025-11-15 10:00:10.091
19642	1	124	1733	6.000	132.81	796.84	2026-01-06 21:33:47.686
19644	1	124	1725	8.000	172.32	1378.53	2026-01-06 21:33:47.784
19645	1	124	1726	19.000	97.52	1852.92	2026-01-06 21:33:47.792
19646	1	124	231	419.000	57.56	24117.91	2026-01-06 21:33:47.885
19647	1	124	199	78.000	73.49	5732.03	2026-01-06 21:33:47.894
19648	1	124	1712	51.000	73.25	3735.71	2026-01-06 21:33:47.986
19649	1	124	214	2.000	46.91	93.82	2026-01-06 21:33:47.993
19650	1	124	233	7.000	62.52	437.63	2026-01-06 21:33:48.084
8178	1	60	405	0.000	151.48	151.48	2025-11-10 08:39:53.704
7168	1	55	112	1.000	105.09	840.73	2025-11-12 06:47:52.095
8271	1	60	824	0.000	56.69	56.69	2025-11-10 08:39:59.104
8102	1	60	356	13.000	46.84	749.44	2025-11-10 08:39:18.104
7653	1	57	485	0.000	69.36	208.08	2025-11-10 08:14:45.102
7657	1	57	491	0.000	119.64	119.64	2025-11-10 08:14:45.283
7577	1	57	409	11.000	92.32	1107.89	2025-11-10 08:14:42.313
7513	1	57	127	28.000	79.55	2306.87	2025-11-10 08:14:39.007
7117	1	55	705	3.000	165.15	990.92	2025-11-12 06:47:51.705
10632	1	76	1842	0.000	59.38	178.14	2025-11-20 10:44:15.889
10631	1	76	1841	0.000	88.24	441.18	2025-11-20 10:44:15.802
10627	1	76	1843	0.000	168.82	337.63	2025-11-20 10:44:15.598
7167	1	55	114	15.000	101.83	2443.92	2025-11-13 11:26:51.896
10630	1	76	1845	0.000	48.74	194.97	2025-11-20 10:44:15.789
7110	1	55	1517	1.000	160.15	160.15	2025-11-12 06:47:51.381
7119	1	55	129	0.000	142.15	568.61	2025-11-12 06:47:51.7
8309	1	60	849	0.000	93.69	281.07	2025-11-10 08:40:01.402
10603	1	76	1840	0.000	64.51	64.51	2025-11-20 10:44:14.309
7182	1	55	109	149.000	83.70	12638.70	2025-11-15 10:02:24.298
10617	1	76	1876	0.000	168.70	168.70	2025-11-20 10:44:15.089
7183	1	55	113	56.000	69.65	4248.65	2025-11-12 09:55:01.393
7589	1	57	407	9.000	101.39	912.51	2025-11-13 11:45:46
7637	1	57	462	21.000	44.78	1074.72	2025-11-13 11:45:46.004
10615	1	76	1879	0.000	93.59	93.59	2025-11-20 10:44:14.983
10635	1	76	1859	0.000	127.77	127.77	2025-11-20 10:44:16.002
7142	1	55	76	31.000	89.49	2953.26	2025-11-12 06:47:51.494
10537	1	76	813	0.000	58.74	117.47	2025-11-20 10:44:11.296
7147	1	55	1519	1.000	140.15	140.15	2025-11-12 06:47:51.481
7140	1	55	107	45.000	74.90	3445.40	2025-11-13 11:26:51.889
10601	1	76	278	24.000	88.70	2217.62	2025-11-20 10:44:14.285
10547	1	76	1883	0.000	100.24	200.48	2025-11-20 10:44:11.704
10638	1	76	1866	0.000	79.03	158.06	2025-11-20 10:44:16.188
10590	1	76	1801	0.000	78.74	236.23	2025-11-20 10:44:13.79
7134	1	55	74	71.000	80.61	5723.66	2025-11-12 06:47:51.492
7209	1	55	1525	0.000	284.32	284.32	2025-11-10 08:02:39.097
10597	1	76	1839	0.000	78.68	78.68	2025-11-20 10:44:14.084
10587	1	76	270	0.000	58.73	58.73	2025-11-20 10:44:13.593
10578	1	76	1868	0.000	153.71	1537.12	2025-11-20 10:44:13.184
7114	1	55	97	6.000	149.96	1649.51	2025-11-12 06:47:51.603
7137	1	55	702	1.000	91.74	183.48	2025-11-10 08:02:37.009
7186	1	55	127	469.000	79.48	37357.73	2025-11-12 06:47:52.203
7118	1	55	111	0.000	229.99	689.98	2025-11-12 06:47:51.703
10448	1	76	1610	3.000	58.01	1044.23	2025-11-22 07:36:47.391
8021	1	60	337	1.000	90.30	9391.48	2025-11-13 11:26:51.995
7196	1	55	1543	0.000	78.15	156.31	2025-11-12 06:47:52.304
8022	1	60	531	2.000	269.95	2969.45	2025-11-15 08:37:39.039
7171	1	55	1545	0.000	75.35	150.71	2025-11-12 06:47:52.104
8011	1	60	514	0.000	284.90	13960.18	2025-11-12 09:55:01.321
8101	1	60	372	65.000	58.82	5646.72	2025-11-11 08:36:31.559
7101	1	55	140	18.000	134.62	2423.11	2025-11-12 06:47:51.795
7144	1	55	133	0.000	130.15	260.31	2025-11-12 06:47:51.71
7143	1	55	1529	0.000	140.15	280.31	2025-11-12 06:47:51.594
7199	1	55	143	50.000	55.49	2774.31	2025-11-12 06:47:52.385
8321	1	60	462	0.000	0.00	369.26	2025-11-15 08:39:35.026
10396	1	76	725	0.000	85.99	85.99	2025-11-20 10:44:05.396
7115	1	55	1528	0.000	70.15	140.31	2025-11-12 06:47:51.599
8183	1	60	393	18.000	176.81	3182.58	2025-11-15 10:02:24.387
7170	1	55	130	9.000	84.70	762.30	2025-11-15 10:02:24.404
7494	1	57	337	91.000	48.49	5285.41	2025-11-13 11:45:45.988
7151	1	55	1527	0.000	160.15	160.15	2025-11-12 06:47:51.596
7095	1	55	93	34.000	151.61	5912.79	2025-11-14 12:58:47.512
7112	1	55	61	0.000	240.15	4322.75	2025-11-12 06:47:51.404
7164	1	55	94	13.000	97.81	1858.39	2025-11-15 10:02:24.291
7156	1	55	83	69.000	149.92	10494.40	2025-11-14 08:28:47.746
7165	1	55	91	62.000	56.03	3641.95	2025-11-13 11:26:51.881
7187	1	55	1521	1.000	150.15	4504.58	2025-11-12 06:47:51.987
10408	1	76	158	33.000	65.48	2160.73	2025-11-22 07:36:46.414
10477	1	76	177	0.000	205.79	205.79	2025-11-20 10:44:08.387
10414	1	76	171	12.000	50.80	609.60	2025-11-21 10:14:04.104
10451	1	76	720	12.000	69.39	971.51	2025-11-22 07:36:47.297
10436	1	76	736	0.000	163.01	652.05	2025-11-22 07:36:46.881
10634	1	76	264	0.000	205.41	410.81	2025-11-20 10:44:15.989
10581	1	76	248	8.000	64.15	769.76	2025-11-20 10:44:13.291
7507	1	57	114	5.000	104.38	939.42	2025-11-10 08:14:38.893
7141	1	55	108	1.000	110.09	1100.92	2025-11-12 06:47:51.601
10466	1	76	733	1.000	158.58	1110.08	2025-11-22 07:36:47.498
10867	1	76	256	0.000	0.00	0.00	2025-11-21 06:14:46.282846
8162	1	60	206	10.000	98.91	1186.89	2025-11-10 08:39:53.095
10622	1	76	1829	0.000	261.17	1828.16	2025-11-20 10:44:15.384
10607	1	76	1830	0.000	181.26	2175.17	2025-11-20 10:44:14.502
7135	1	55	102	68.000	99.87	6990.90	2025-11-13 11:26:51.885
10559	1	76	1831	1.000	146.56	293.11	2025-11-20 10:44:12.284
10549	1	76	1885	0.000	234.71	469.41	2025-11-20 10:44:11.798
7181	1	55	103	38.000	59.85	2394.03	2025-11-12 06:47:52.009
7203	1	55	1532	0.000	51.15	1227.66	2025-11-12 06:47:52.298
10629	1	76	1844	0.000	93.73	562.35	2025-11-20 10:44:15.701
10626	1	76	1846	0.000	158.79	635.15	2025-11-20 10:44:15.583
8364	1	60	305	6.000	62.22	1431.06	2025-11-10 08:40:04.391
7191	1	55	1540	0.000	74.95	224.86	2025-11-12 06:47:52.192
10475	1	76	1648	0.000	65.47	523.80	2025-11-22 07:36:47.787
10613	1	76	1800	0.000	292.92	292.92	2025-11-20 10:44:14.886
7120	1	55	117	0.000	142.15	142.15	2025-11-12 06:47:51.691
7169	1	55	1537	0.000	84.95	339.81	2025-11-12 06:47:52.087
7176	1	55	1539	0.000	55.15	55.15	2025-11-12 06:47:52.188
7104	1	55	57	82.000	179.65	15450.07	2025-11-12 06:47:51.391
7327	1	56	203	0.000	233.39	466.78	2025-11-10 08:09:22.798
7352	1	56	1733	0.000	132.13	264.26	2025-11-10 08:09:23.605
7353	1	56	232	2.000	82.10	820.96	2025-11-10 08:09:23.684
7342	1	56	764	0.000	153.30	613.18	2025-11-10 08:09:23.295
7351	1	56	1734	0.000	91.79	183.57	2025-11-10 08:09:23.595
7363	1	56	200	2.000	152.63	1221.07	2025-11-10 08:09:23.997
7362	1	56	1711	0.000	152.53	305.06	2025-11-10 08:09:23.988
7326	1	56	1677	0.000	131.93	131.93	2025-11-10 08:09:22.788
7405	1	56	1676	0.000	80.70	80.70	2025-11-10 08:09:25.696
7402	1	56	1685	0.000	81.08	81.08	2025-11-10 08:09:25.59
7305	1	56	1684	0.000	171.49	171.49	2025-11-10 08:09:22.016
7307	1	56	1682	0.000	112.17	224.34	2025-11-10 08:09:22.097
7368	1	56	1681	0.000	111.92	223.83	2025-11-10 08:09:24.185
7321	1	56	1674	0.000	52.09	260.46	2025-11-10 08:09:22.585
7304	1	56	1689	0.000	171.68	343.35	2025-11-10 08:09:22.006
7344	1	56	1691	0.000	67.74	135.48	2025-11-10 08:09:23.313
7395	1	56	210	1.000	202.57	810.27	2025-11-10 08:09:25.299
7311	1	56	196	61.000	362.25	23183.97	2025-11-10 08:09:22.215
7345	1	56	1696	0.000	61.11	122.22	2025-11-10 08:09:23.385
7394	1	56	1698	0.000	55.19	2152.59	2025-11-10 08:09:25.289
7346	1	56	1695	0.000	181.94	181.94	2025-11-10 08:09:23.396
7404	1	56	1707	0.000	136.51	409.54	2025-11-10 08:09:25.684
7384	1	56	1673	0.000	172.71	172.71	2025-11-10 08:09:24.803
7373	1	56	1700	0.000	66.91	200.74	2025-11-10 08:09:24.305
7393	1	56	1701	0.000	72.40	72.40	2025-11-10 08:09:25.204
7378	1	56	1730	0.000	72.80	218.40	2025-11-10 08:09:24.504
7365	1	56	1729	0.000	151.55	151.55	2025-11-10 08:09:24.087
7386	1	56	1722	0.000	82.56	165.11	2025-11-10 08:09:24.898
7385	1	56	1721	0.000	151.75	151.75	2025-11-10 08:09:24.888
7403	1	56	757	0.000	132.44	264.88	2025-11-10 08:09:25.601
7390	1	56	1720	0.000	132.10	792.61	2025-11-10 08:09:25.093
7375	1	56	1728	0.000	101.97	305.92	2025-11-10 08:09:24.396
7366	1	56	1727	0.000	182.60	547.79	2025-11-10 08:09:24.097
7309	1	56	228	1.000	111.99	671.93	2025-11-10 08:09:22.188
7296	1	56	229	0.000	182.07	1274.50	2025-11-10 08:09:21.793
7374	1	56	1715	0.000	82.36	329.44	2025-11-10 08:09:24.385
7364	1	56	1716	0.000	161.41	161.41	2025-11-10 08:09:24.007
7380	1	56	1718	0.000	56.86	625.46	2025-11-10 08:09:24.605
7367	1	56	1704	0.000	122.91	368.74	2025-11-10 08:09:24.106
7400	1	56	1703	0.000	81.91	327.62	2025-11-10 08:09:25.497
7379	1	56	1710	0.000	112.22	224.44	2025-11-10 08:09:24.594
7376	1	56	1709	0.000	51.28	153.85	2025-11-10 08:09:24.408
7377	1	56	1742	0.000	47.35	284.07	2025-11-10 08:09:24.493
7372	1	56	1743	0.000	61.40	61.40	2025-11-10 08:09:24.295
7398	1	56	1708	0.000	131.66	789.98	2025-11-10 08:09:25.403
7335	1	56	226	11.000	353.42	4241.04	2025-11-10 08:09:23.088
7680	1	58	514	20.000	239.88	4797.60	2025-11-15 10:00:10.104
7315	1	56	192	2.000	444.86	1334.59	2025-11-10 08:09:22.387
7446	1	56	283	0.000	59.22	236.86	2025-11-10 08:09:27.489
7397	1	56	1705	0.000	91.43	182.85	2025-11-10 08:09:25.391
7683	1	58	515	46.000	79.38	3651.48	2025-11-15 10:00:10.191
7822	1	58	563	28.000	57.60	1670.38	2025-11-10 08:17:36.488
7721	1	58	509	18.000	128.37	2439.01	2025-11-10 08:17:32.914
7791	1	58	513	1.000	189.25	378.50	2025-11-13 09:11:34.384
7159	1	55	92	61.000	149.15	9098.15	2025-11-15 10:02:24.283
7814	1	58	558	6.000	77.77	544.41	2025-11-13 09:11:34.786
7297	1	56	209	0.000	401.61	9638.68	2025-11-14 11:43:39.987
7190	1	55	118	10.000	69.81	1186.85	2025-11-12 06:47:52.181
7734	1	58	1463	1.000	89.45	89.45	2025-11-13 09:11:34.905
7356	1	56	231	35.000	83.59	25745.84	2025-11-10 08:09:23.714
7490	1	56	290	19.000	82.73	1737.39	2025-11-10 08:09:29.499
10464	1	76	731	4.000	182.03	1456.21	2025-11-22 07:36:47.402
7389	1	56	1719	0.000	279.90	1399.51	2025-11-10 08:09:25.005
7264	1	56	125	4.000	54.82	877.12	2025-11-10 08:09:20.585
7744	1	58	530	4.000	189.48	1326.38	2025-11-13 09:11:34.299
7728	1	58	548	20.000	90.48	1809.58	2025-11-13 09:11:34.286
7682	1	58	612	10.000	129.45	3236.17	2025-11-13 09:11:34.402
10427	1	76	1626	2.000	154.95	464.86	2025-11-22 07:36:47.111
7821	1	58	337	173.000	49.55	9910.29	2025-11-13 09:11:34.798
7313	1	56	191	24.000	139.64	3491.12	2025-11-10 08:09:22.3
7736	1	58	1468	1.000	54.45	54.45	2025-11-13 09:11:34.909
7399	1	56	759	0.000	181.80	3636.08	2025-11-10 08:09:25.485
7388	1	56	1717	0.000	231.46	694.38	2025-11-10 08:09:24.994
7804	1	58	1469	0.000	149.45	149.45	2025-11-13 09:11:34.396
7811	1	58	613	5.000	69.45	555.64	2025-11-13 09:11:34.704
7455	1	56	328	32.000	102.42	3482.24	2025-11-10 08:09:27.888
7740	1	58	525	10.000	78.51	863.65	2025-11-13 09:11:34.984
7706	1	58	618	0.000	49.45	49.45	2025-11-13 09:11:34.183
7415	1	56	244	23.000	42.97	4641.07	2025-11-15 12:32:49.395
7411	1	56	249	1.000	78.65	786.53	2025-11-15 12:32:49.423
7324	1	56	190	24.000	71.32	1996.92	2025-11-10 08:09:22.698
7319	1	56	206	38.000	97.35	3991.35	2025-11-10 08:09:22.497
10521	1	76	201	22.000	70.84	1558.47	2025-11-27 06:03:11.292
10471	1	76	1659	3.000	104.83	838.66	2025-11-22 07:36:47.799
7163	1	55	98	0.000	70.06	1120.96	2025-11-13 08:44:19.362
7302	1	56	223	219.000	48.21	11281.68	2025-11-10 08:09:21.984
10385	1	76	1477	0.000	0.00	0.00	2025-11-26 17:08:44.953
7470	1	56	291	58.000	42.70	2647.41	2025-11-10 08:09:28.585
10402	1	76	1662	1.000	63.01	63.01	2025-11-22 07:36:47.204
7823	1	58	531	440.000	50.39	22221.99	2025-11-13 11:26:51.855
10459	1	76	1660	0.000	0.00	312.07	2025-11-22 07:36:47.508
10406	1	76	184	7.000	120.27	841.90	2025-11-22 07:36:46.895
7737	1	58	1471	2.000	59.45	178.36	2025-11-13 09:11:34.911
7738	1	58	1472	0.000	179.45	179.45	2025-11-13 09:11:34.913
7720	1	58	623	1.000	99.33	397.33	2025-11-13 09:11:34.198
7751	1	58	1478	0.000	109.45	328.36	2025-11-13 09:11:34.302
10462	1	76	1641	1.000	80.92	161.84	2025-11-22 07:36:47.604
9361	1	69	79	9.000	65.75	657.53	2025-11-18 09:22:24.989
8618	1	67	533	0.000	0.10	0.10	2025-11-20 08:23:56.692
10868	1	78	78	3.000	254.32	762.97	2025-11-21 06:18:38.288
7752	1	58	1489	4.000	107.33	429.32	2025-11-13 09:11:34.379
10869	1	78	80	14.000	83.37	1167.17	2025-11-21 06:18:38.296
10870	1	78	146	6.000	234.09	1404.52	2025-11-21 06:18:38.384
8484	1	56	2284	0.000	0.10	0.10	2025-11-13 13:25:28.717
7783	1	58	1486	0.000	109.14	109.14	2025-11-10 08:17:35.087
7785	1	58	1487	0.000	68.16	68.16	2025-11-10 08:17:35.106
7768	1	58	581	0.000	47.71	47.71	2025-11-10 08:17:34.485
17626	8	116	5450	4.000	90.78	363.11	2026-01-05 01:37:31.386
7759	1	58	1492	0.000	278.96	278.96	2025-11-10 08:17:34.11
17627	8	116	5452	4.000	81.24	324.94	2026-01-05 01:37:31.485
17628	8	116	5461	11.000	91.01	1001.09	2026-01-05 01:37:31.493
17629	8	116	5466	9.000	90.81	817.30	2026-01-05 01:37:31.585
17630	8	116	5447	73.000	85.90	6270.74	2026-01-05 01:37:31.798
17220	8	116	5428	11.000	53.77	591.42	2026-01-05 01:37:31.993
17631	8	116	5448	59.000	60.98	3597.74	2026-01-05 01:37:32.2
17633	8	116	5380	36.000	50.86	1830.86	2026-01-05 01:37:32.488
17634	8	116	5397	1.000	275.61	275.61	2026-01-05 01:37:32.582
17632	8	116	5423	3.000	56.84	170.52	2026-01-05 01:37:32.386
19651	1	124	1711	7.000	154.13	1078.88	2026-01-06 21:33:48.093
19652	1	124	200	6.000	154.17	925.02	2026-01-06 21:33:48.183
19670	1	124	1732	4.000	53.15	212.59	2026-01-06 21:33:49.096
19672	1	124	1736	18.000	57.08	1027.36	2026-01-06 21:33:49.283
19675	1	124	1744	2.000	153.61	307.22	2026-01-06 21:33:49.396
19676	1	124	1737	1.000	85.01	85.01	2026-01-06 21:33:49.486
19653	1	124	1729	2.000	152.42	304.83	2026-01-06 21:33:48.196
19679	1	124	1724	1.000	82.94	82.94	2026-01-06 21:33:49.694
17621	8	116	5389	1.000	165.98	165.98	2026-01-05 01:37:30.483
17622	8	116	5444	24.000	81.41	1953.86	2026-01-05 01:37:31.183
17623	8	116	5438	6.000	107.89	647.33	2026-01-05 01:37:31.195
17624	8	116	5434	4.000	110.86	443.44	2026-01-05 01:37:31.286
17625	8	116	5431	7.000	90.68	634.76	2026-01-05 01:37:31.295
19655	1	124	1704	1.000	123.39	123.39	2026-01-06 21:33:48.383
19656	1	124	1681	3.000	112.63	337.89	2026-01-06 21:33:48.392
19658	1	124	201	2.000	73.93	147.85	2026-01-06 21:33:48.49
19659	1	124	1680	9.000	72.58	653.22	2026-01-06 21:33:48.499
19660	1	124	1746	1.000	74.31	74.31	2026-01-06 21:33:48.586
19661	1	124	1743	8.000	62.06	496.49	2026-01-06 21:33:48.593
19663	1	124	1715	3.000	82.99	248.98	2026-01-06 21:33:48.692
7700	1	58	1476	0.000	69.45	69.45	2025-11-13 09:11:34.097
19665	1	124	1709	4.000	52.64	210.54	2026-01-06 21:33:48.883
19666	1	124	1742	9.000	48.65	437.83	2026-01-06 21:33:48.891
19667	1	124	1730	7.000	73.98	517.85	2026-01-06 21:33:48.985
19668	1	124	1710	1.000	112.19	112.19	2026-01-06 21:33:49.081
19680	1	124	217	5.000	48.10	240.50	2026-01-06 21:33:49.782
19684	1	124	210	1.000	202.92	202.92	2026-01-06 21:33:49.986
19685	1	124	765	1.000	83.63	83.63	2026-01-06 21:33:50.081
19686	1	124	1705	3.000	92.16	276.47	2026-01-06 21:33:50.09
20091	10	131	6231	30.000	65.45	1963.50	2026-01-15 08:54:23.376
8501	1	56	259	0.000	0.00	0.00	2025-11-15 12:10:34.067149
7715	1	58	627	1.000	322.26	5478.39	2025-11-14 11:44:14.523
20092	10	131	6232	50.000	27.95	1397.50	2026-01-15 08:54:23.379
7717	1	58	1477	10.000	252.37	3785.53	2025-11-13 13:24:11.904
7707	1	58	546	12.000	283.89	3406.69	2025-11-13 09:11:34.185
7797	1	58	1508	0.000	149.32	0.00	2025-11-15 10:00:09.926
7790	1	58	1504	1.000	189.45	189.45	2025-11-13 09:11:34.382
9349	1	69	550	10.000	72.43	724.30	2025-11-18 09:22:24.594
9350	1	69	624	9.000	169.89	1529.01	2025-11-18 09:22:24.603
7729	1	58	532	1.000	79.45	79.45	2025-11-13 09:11:34.289
8485	1	56	126	3.000	134.53	1479.83	2025-11-14 11:15:47.512
7742	1	58	1495	4.000	224.45	897.82	2025-11-13 09:11:34.295
7792	1	58	1503	1.000	199.45	199.45	2025-11-13 09:11:34.386
7794	1	58	556	15.000	129.94	1949.03	2025-11-13 09:11:34.389
7692	1	58	561	2.000	129.45	258.91	2025-11-13 09:11:34.479
9346	1	69	698	1.000	0.01	0.01	2025-11-18 09:22:24.5
7750	1	58	1496	2.000	149.45	298.91	2025-11-13 09:11:34.579
9352	1	69	699	1.000	82.71	82.71	2025-11-18 09:22:24.685
7807	1	58	538	2.000	129.45	258.91	2025-11-13 09:11:34.593
9353	1	69	562	5.000	228.45	1142.25	2025-11-18 09:22:24.695
7818	1	58	1514	6.000	79.37	476.21	2025-11-13 09:11:34.793
7824	1	58	591	10.000	49.17	491.70	2025-11-13 09:11:34.892
9355	1	69	631	6.000	69.46	416.76	2025-11-18 09:22:24.792
9357	1	69	155	46.000	13.54	622.84	2025-11-18 09:22:24.883
9358	1	69	704	2.000	168.31	336.62	2025-11-18 09:22:24.892
9359	1	69	707	39.000	159.93	6237.44	2025-11-18 09:22:24.9
7788	1	58	1510	1.000	46.45	46.45	2025-11-13 09:11:35.101
7710	1	58	1479	0.000	139.45	139.45	2025-11-13 09:11:34.187
7711	1	58	1509	0.000	79.45	79.45	2025-11-13 09:11:34.491
7749	1	58	1497	0.000	59.45	118.91	2025-11-13 09:11:34.683
7747	1	58	629	0.000	108.20	432.82	2025-11-13 09:11:34.5
7688	1	58	1491	1.000	254.23	508.46	2025-11-13 09:11:34.086
7802	1	58	574	1.000	229.45	458.91	2025-11-13 09:11:34.395
7806	1	58	1502	0.000	129.45	129.45	2025-11-13 09:11:34.591
7690	1	58	1475	0.000	229.45	229.45	2025-11-13 09:11:34.092
7730	1	58	595	0.000	69.45	138.91	2025-11-13 09:11:34.291
7761	1	58	564	1.000	256.81	513.62	2025-11-13 09:11:34.989
9363	1	69	84	8.000	55.73	445.84	2025-11-18 09:22:25.009
9362	1	69	144	6.000	95.14	666.00	2025-11-18 09:22:24.998
17607	8	116	5368	3.000	75.91	227.74	2026-01-05 01:37:29.095
17608	8	116	5404	1.000	155.88	155.88	2026-01-05 01:37:29.293
17609	8	116	5411	1.000	75.65	75.65	2026-01-05 01:37:29.382
17610	8	116	5451	3.000	125.80	377.40	2026-01-05 01:37:29.584
17611	8	116	5460	1.000	135.81	135.81	2026-01-05 01:37:29.596
4668	1	45	50	91.000	54.62	4970.42	2025-11-11 06:46:44.03
8406	1	60	50	0.000	54.62	0.00	2025-11-15 08:37:39.058
17612	8	116	5470	2.000	95.80	191.60	2026-01-05 01:37:29.688
17613	8	116	5419	10.000	105.99	1059.88	2026-01-05 01:37:29.786
17614	8	116	5446	3.000	140.84	422.52	2026-01-05 01:37:29.795
17615	8	116	5399	1.000	98.12	98.12	2026-01-05 01:37:29.886
17616	8	116	5425	6.000	85.74	514.46	2026-01-05 01:37:29.985
17617	8	116	5421	4.000	81.04	324.16	2026-01-05 01:37:29.995
17618	8	116	5454	3.000	135.81	407.42	2026-01-05 01:37:30.085
17619	8	116	5459	1.000	115.31	115.31	2026-01-05 01:37:30.187
17620	8	116	5453	1.000	55.82	55.82	2026-01-05 01:37:30.383
7930	1	61	359	8.000	94.36	943.60	2025-11-10 08:21:12.996
17222	8	116	5439	14.000	70.86	992.07	2026-01-05 01:37:32.095
10871	1	78	147	5.000	85.12	425.58	2025-11-21 06:18:38.391
10872	1	78	77	1.000	229.34	229.34	2025-11-21 06:18:38.398
7996	1	61	307	12.000	56.30	731.94	2025-11-10 08:21:15.499
7904	1	61	647	0.000	142.63	142.63	2025-11-10 08:21:12.285
7897	1	61	637	2.000	94.83	284.50	2025-11-10 08:21:12.088
7574	1	57	401	128.000	112.37	14495.09	2025-11-10 08:14:42.282
7547	1	57	376	1.000	74.54	149.07	2025-11-10 08:14:41.393
7328	1	56	220	86.000	299.80	27282.16	2025-11-10 08:09:22.81
17223	8	116	5435	27.000	81.20	2192.40	2026-01-05 01:37:32.187
7967	1	61	378	46.000	44.00	2244.06	2025-11-10 08:21:14.297
10875	1	78	144	3.000	94.73	284.19	2025-11-21 06:18:38.499
7629	1	57	442	0.000	44.57	0.00	2025-11-13 11:22:54.499
10877	1	78	84	38.000	56.45	2144.97	2025-11-21 06:18:38.593
17225	8	116	5445	52.000	58.25	3029.25	2026-01-05 01:37:32.292
8409	1	58	87	3.000	69.56	347.80	2025-11-11 07:58:53.23
17227	8	116	5432	19.000	87.73	1666.89	2026-01-05 01:37:32.395
7825	1	58	630	15.000	49.37	789.94	2025-11-13 09:11:34.895
17606	8	116	5407	22.000	157.91	3474.02	2026-01-05 01:37:28.788
7347	1	56	234	41.000	57.02	2679.82	2025-11-10 08:09:23.406
19692	1	124	757	4.000	0.00	0.00	2026-01-06 21:33:50.586
20111	10	131	6253	5.000	90.45	452.25	2026-01-15 08:54:23.402
8424	1	55	75	1.000	111.40	111.40	2025-11-12 06:47:51.408
7323	1	56	1740	0.000	0.00	272.24	2025-11-10 08:09:22.687
7392	1	56	1699	0.000	0.00	187.82	2025-11-10 08:09:25.193
7817	1	58	583	0.000	78.66	0.00	2025-11-13 08:46:13.15
7357	1	56	199	13.000	171.71	2232.20	2025-11-10 08:09:23.79
7358	1	56	1712	0.000	0.00	1075.55	2025-11-10 08:09:23.801
7354	1	56	1725	17.000	252.60	4294.15	2025-11-10 08:09:23.694
19694	1	124	5256	2.000	80.87	161.73	2026-01-06 21:33:50.892
7355	1	56	1726	0.000	0.00	3878.41	2025-11-10 08:09:23.704
7798	1	58	1507	0.000	95.12	0.00	2025-11-15 10:00:09.99
19695	1	124	277	35.000	82.94	2902.85	2026-01-06 21:33:50.985
19696	1	124	1799	1.000	239.33	239.33	2026-01-06 21:33:50.992
10881	1	78	51	7.000	70.35	492.47	2025-11-21 06:18:38.698
8410	1	61	487	5.000	508.24	2541.20	2025-11-14 06:00:16.621
8411	1	61	372	0.000	58.82	294.10	2025-11-11 08:36:31.563
7704	1	58	1482	0.000	69.45	277.82	2025-11-13 09:11:34.103
19697	1	124	240	22.000	91.84	2020.55	2026-01-06 21:33:51.085
7987	1	61	305	11.000	61.38	982.01	2025-11-10 08:21:15.102
7713	1	58	1512	0.000	89.45	447.27	2025-11-13 09:11:34.19
8408	1	57	87	2.000	69.56	347.80	2025-11-11 07:58:38.243
7991	1	61	293	1.000	71.47	214.40	2025-11-10 08:21:15.301
7465	1	56	318	19.000	79.15	2137.10	2025-11-10 08:09:28.306
10884	1	78	55	72.000	110.12	7928.73	2025-11-21 06:18:38.797
10873	1	78	93	30.000	206.88	6826.99	2025-11-21 06:18:38.485
10883	1	78	56	126.000	97.76	12317.76	2025-11-27 08:21:39.29
7608	1	57	436	17.000	63.38	1394.44	2025-11-10 08:14:43.392
8433	1	59	570	160.000	299.41	47905.70	2025-11-12 09:42:00.587
8427	1	55	1535	0.000	156.15	156.15	2025-11-12 06:47:51.688
19699	1	124	276	6.000	89.23	535.38	2026-01-06 21:33:51.198
7198	1	55	50	21.000	54.97	1923.83	2025-11-12 06:47:52.289
19700	1	124	241	37.000	57.47	2126.45	2026-01-06 21:33:51.287
19701	1	124	805	12.000	59.99	719.93	2026-01-06 21:33:51.296
8429	1	55	110	0.000	80.15	160.31	2025-11-12 06:47:51.697
7160	1	55	139	191.000	116.28	23023.44	2025-11-13 11:26:51.984
7554	1	57	209	0.000	49.89	1047.69	2025-11-14 11:43:39.984
7200	1	55	1538	1.000	75.19	225.56	2025-11-12 06:47:52.301
7741	1	58	572	4.000	129.39	517.57	2025-11-13 09:11:34.293
7745	1	58	1480	4.000	129.45	517.82	2025-11-13 09:11:34.3
7204	1	55	63	896.000	44.59	41560.91	2025-11-12 06:47:52.391
7801	1	58	1493	2.000	109.45	218.91	2025-11-13 09:11:34.588
10876	1	78	1516	0.000	85.80	85.80	2025-11-21 06:18:38.585
7262	1	56	83	20.000	290.15	10445.23	2025-11-14 08:28:47.748
19703	1	124	1831	1.000	58.95	58.95	2026-01-06 21:33:51.485
10880	1	78	1551	0.000	117.20	117.20	2025-11-21 06:18:38.692
8407	1	56	87	0.000	69.56	347.80	2025-11-11 07:58:18.46
19704	1	124	263	2.000	98.75	197.49	2026-01-06 21:33:51.495
7195	1	55	62	2.000	75.27	2785.09	2025-11-12 06:47:52.295
7712	1	58	1511	10.000	149.43	1643.77	2025-11-13 09:11:34.188
19705	1	124	1851	1.000	59.37	59.37	2026-01-06 21:33:51.591
7437	1	56	264	4.000	84.19	757.74	2025-11-15 12:32:49.903
7702	1	58	547	24.000	189.23	5109.19	2025-11-13 09:11:34.099
7787	1	58	560	2.000	68.46	684.58	2025-11-13 09:11:35.099
8422	1	55	1530	0.000	230.15	230.15	2025-11-12 06:47:51.292
8425	1	55	1531	0.000	84.95	84.95	2025-11-12 06:47:51.589
7773	1	58	534	0.000	109.45	547.27	2025-11-13 09:11:35.081
7778	1	58	1474	4.000	74.45	744.55	2025-11-13 09:11:35.095
10874	1	78	79	104.000	65.70	6964.71	2025-11-21 06:18:38.492
20118	10	131	6261	52.000	119.37	6207.14	2026-01-15 08:54:23.595
7678	1	58	533	0.000	0.10	0.00	2025-11-10 08:17:31.665
20122	10	131	6265	37.000	123.89	4584.01	2026-01-15 08:54:23.79
10886	1	78	52	9.000	60.57	545.17	2025-11-21 06:18:38.897
8365	1	60	291	15.000	40.95	982.80	2025-11-12 11:49:37.929
8330	1	60	865	3.000	88.67	443.35	2025-11-10 08:40:02.499
10887	1	78	53	14.000	79.68	1115.47	2025-11-21 06:18:38.984
17255	8	116	5970	0.000	153.83	0.00	2026-01-05 01:38:53.797541
17258	8	116	5973	0.000	79.24	0.00	2026-01-05 01:38:53.797541
17266	8	116	5983	0.000	88.02	0.00	2026-01-05 01:38:53.797541
17267	8	116	5984	0.000	128.80	0.00	2026-01-05 01:38:53.797541
8443	1	63	153	185.000	324.41	60015.85	2025-11-15 10:33:46.722
7985	1	61	318	16.000	60.33	1085.94	2025-11-10 08:21:15.004
17270	8	116	5987	0.000	87.67	0.00	2026-01-05 01:38:53.797541
17276	8	116	5995	0.000	84.93	0.00	2026-01-05 01:38:53.797541
17277	8	116	5996	0.000	190.03	0.00	2026-01-05 01:38:53.797541
8451	1	63	529	29.000	249.41	7232.89	2025-11-13 07:07:52.553
17281	8	116	6004	0.000	78.18	0.00	2026-01-05 01:38:53.797541
17282	8	116	6005	0.000	47.34	0.00	2026-01-05 01:38:53.797541
8452	1	63	578	77.000	224.41	17279.57	2025-11-15 10:00:09.919
17283	8	116	6008	0.000	80.62	0.00	2026-01-05 01:38:53.797541
10898	1	78	135	0.000	150.15	150.15	2025-11-21 06:18:39.297
17284	8	116	6009	0.000	189.36	0.00	2026-01-05 01:38:53.797541
17285	8	116	6010	0.000	88.07	0.00	2026-01-05 01:38:53.797541
17287	8	116	6013	0.000	158.54	0.00	2026-01-05 01:38:53.797541
8432	1	59	153	800.000	324.41	259528.51	2025-11-12 09:42:00.584
8434	1	59	627	148.000	149.41	22112.77	2025-11-12 09:42:00.591
8435	1	59	1477	440.000	249.41	109740.68	2025-11-12 09:42:00.684
8436	1	59	633	100.000	274.41	27441.06	2025-11-12 09:42:00.688
8437	1	59	562	180.000	224.41	40393.91	2025-11-12 09:42:00.692
8438	1	59	552	436.000	174.41	76043.04	2025-11-12 09:42:00.783
8439	1	59	569	280.000	224.41	62834.98	2025-11-12 09:42:00.787
8440	1	59	529	120.000	249.41	29929.28	2025-11-12 09:42:00.791
8441	1	59	578	320.000	224.41	71811.40	2025-11-12 09:42:00.794
8442	1	59	588	80.000	274.41	21952.85	2025-11-12 09:42:00.798
8447	1	63	633	25.000	274.41	6860.31	2025-11-12 09:42:56.099
8448	1	63	562	45.000	224.41	10098.56	2025-11-12 09:42:56.104
8449	1	63	552	109.000	174.41	19010.97	2025-11-12 09:42:56.109
8450	1	63	569	70.000	224.41	15708.88	2025-11-12 09:42:56.113
8455	1	60	90	41.000	69.43	2846.63	2025-11-12 09:53:23.386
7605	1	57	433	8.000	91.74	825.62	2025-11-10 08:14:43.291
17288	8	116	6014	0.000	50.59	0.00	2026-01-05 01:38:53.797541
17289	8	116	6015	0.000	142.14	0.00	2026-01-05 01:38:53.797541
17290	8	116	6016	0.000	97.42	0.00	2026-01-05 01:38:53.797541
17291	8	116	6017	0.000	67.40	0.00	2026-01-05 01:38:53.797541
17293	8	116	6020	0.000	79.74	0.00	2026-01-05 01:38:53.797541
17294	8	116	6021	0.000	248.92	0.00	2026-01-05 01:38:53.797541
17296	8	116	6023	0.000	96.38	0.00	2026-01-05 01:38:53.797541
17297	8	116	6074	0.000	60.34	0.00	2026-01-05 01:38:53.797541
17299	8	116	6027	0.000	74.88	0.00	2026-01-05 01:38:53.797541
17301	8	116	6033	0.000	69.15	0.00	2026-01-05 01:38:53.797541
17302	8	116	6036	0.000	118.46	0.00	2026-01-05 01:38:53.797541
17303	8	116	6037	0.000	99.83	0.00	2026-01-05 01:38:53.797541
17304	8	116	6038	0.000	80.59	0.00	2026-01-05 01:38:53.797541
8445	1	63	627	0.000	149.41	0.00	2025-11-15 08:40:47.468
20119	10	131	6262	409.000	57.45	23495.78	2026-01-15 08:54:23.597
8467	1	61	635	0.000	44.33	44.33	2025-11-13 08:51:51.382
7544	1	57	370	8.000	60.40	483.20	2025-11-13 08:51:51.179
8456	1	61	291	1.000	40.95	409.50	2025-11-12 11:49:37.931
8059	1	60	83	10.000	150.48	1805.76	2025-11-10 08:38:30.293
8353	1	60	880	0.000	139.57	139.57	2025-11-10 08:40:03.707
8461	1	61	610	1.000	111.87	111.87	2025-11-13 08:51:51.187
7857	1	61	568	6.000	96.99	1454.91	2025-11-13 08:51:51.175
8216	1	60	401	11.000	107.71	1292.53	2025-11-10 08:39:56.297
8460	1	61	531	51.000	50.64	3798.00	2025-11-13 08:31:43.68
7413	1	56	268	0.000	127.15	762.89	2025-11-10 08:09:26.008
8466	1	61	571	1.000	79.45	158.90	2025-11-13 08:51:51.293
8468	1	58	1473	8.000	59.45	535.09	2025-11-13 09:11:34.887
8208	1	60	395	14.000	77.78	1244.44	2025-11-10 08:39:55.988
7843	1	61	516	16.000	139.85	5733.88	2025-11-15 10:00:10.201
8067	1	60	134	0.000	84.62	846.17	2025-11-10 08:38:30.901
8463	1	61	625	1.000	231.66	231.66	2025-11-13 08:51:51.196
8464	1	61	547	5.000	189.19	945.95	2025-11-13 08:51:51.281
8465	1	61	552	2.000	156.66	313.32	2025-11-13 08:51:51.287
7594	1	57	420	12.000	89.46	1073.52	2025-11-13 11:22:54.409
8470	1	61	420	10.000	89.46	894.60	2025-11-13 11:22:54.412
7593	1	57	419	26.000	54.10	1406.60	2025-11-13 11:22:54.414
8471	1	61	419	10.000	54.10	541.00	2025-11-13 11:22:54.416
7592	1	57	418	15.000	44.45	666.75	2025-11-13 11:22:54.419
8472	1	61	418	10.000	44.45	444.50	2025-11-13 11:22:54.421
7597	1	57	423	5.000	68.79	343.95	2025-11-13 11:22:54.48
8473	1	61	423	7.000	68.79	481.53	2025-11-13 11:22:54.482
7596	1	57	422	0.000	48.60	0.00	2025-11-13 11:22:54.485
8474	1	61	422	9.000	48.60	437.40	2025-11-13 11:22:54.487
8475	1	61	426	8.000	88.91	711.28	2025-11-13 11:22:54.492
8476	1	61	432	2.000	85.37	170.74	2025-11-13 11:22:54.497
8477	1	61	442	27.000	44.57	1203.39	2025-11-13 11:22:54.501
7611	1	57	441	0.000	63.51	0.00	2025-11-13 11:22:54.583
8478	1	61	441	39.000	63.51	2476.89	2025-11-13 11:22:54.586
8479	1	61	448	12.000	49.55	594.60	2025-11-13 11:22:54.592
8480	1	61	417	60.000	82.35	4941.00	2025-11-13 11:22:54.598
8005	1	61	334	5.000	73.37	660.29	2025-11-10 08:21:15.888
8444	1	63	570	38.000	299.41	11377.58	2025-11-14 11:43:40.292
8233	1	60	408	16.000	190.86	3435.57	2025-11-15 10:02:24.393
8469	1	58	1485	0.000	79.45	79.45	2025-11-13 09:11:34.982
7983	1	61	329	8.000	132.40	2250.74	2025-11-10 08:21:14.983
8462	1	61	611	3.000	111.62	446.47	2025-11-15 10:00:10.123
8446	1	63	1477	86.000	249.41	21449.26	2025-11-15 10:00:09.903
8179	1	60	404	34.000	91.64	3573.85	2025-11-10 08:39:53.789
8453	1	63	588	15.000	274.41	4116.15	2025-11-15 10:00:10.003
8231	1	60	400	16.000	81.61	1713.81	2025-11-10 08:39:56.99
8481	1	60	1547	0.000	79.90	239.70	2025-11-13 11:26:51.902
8234	1	60	407	13.000	101.33	1925.30	2025-11-10 08:39:57.095
8038	1	60	52	4.000	98.98	989.76	2025-11-13 11:26:51.866
8073	1	60	113	20.000	104.25	2293.57	2025-11-15 08:39:35.018
8049	1	60	102	12.000	115.10	1496.32	2025-11-13 11:26:51.886
8051	1	60	107	9.000	121.19	1575.51	2025-11-13 11:26:51.89
8061	1	60	139	14.000	154.27	3085.46	2025-11-13 11:26:51.986
17305	8	116	6040	0.000	102.97	0.00	2026-01-05 01:38:53.797541
17307	8	116	6047	0.000	119.11	0.00	2026-01-05 01:38:53.797541
17308	8	116	6048	0.000	150.37	0.00	2026-01-05 01:38:53.797541
17309	8	116	6049	0.000	59.71	0.00	2026-01-05 01:38:53.797541
17310	8	116	6050	0.000	145.77	0.00	2026-01-05 01:38:53.797541
17311	8	116	6051	0.000	106.19	0.00	2026-01-05 01:38:53.797541
17312	8	116	6052	0.000	166.00	0.00	2026-01-05 01:38:53.797541
17315	8	116	6055	0.000	99.43	0.00	2026-01-05 01:38:53.797541
12297	1	85	156	0.000	84.41	84.41	2025-12-05 11:03:57.99
17317	8	116	6063	0.000	67.28	0.00	2026-01-05 01:38:53.797541
17318	8	116	6064	0.000	59.00	0.00	2026-01-05 01:38:53.797541
17320	8	116	6069	0.000	73.66	0.00	2026-01-05 01:38:53.797541
10900	1	78	138	104.000	110.05	11445.49	2025-11-21 06:18:39.39
17322	8	116	6071	0.000	98.67	0.00	2026-01-05 01:38:53.797541
17323	8	116	6072	0.000	265.33	0.00	2026-01-05 01:38:53.797541
17295	8	116	6022	0.000	0.10	0.00	2026-01-05 01:38:53.797541
8426	1	55	1526	0.000	150.15	150.15	2025-11-12 06:47:51.609
8428	1	55	1544	0.000	120.15	120.15	2025-11-12 06:47:51.694
7180	1	55	85	15.000	74.91	1648.02	2025-11-13 11:26:51.868
10901	1	78	708	15.000	129.82	1947.31	2025-11-21 06:18:39.397
8431	1	55	1549	0.000	55.15	110.31	2025-11-12 06:47:52.388
8423	1	55	1518	0.000	170.15	170.15	2025-11-12 06:47:51.402
7121	1	55	135	0.000	150.15	150.15	2025-11-12 06:47:51.713
7153	1	55	1546	0.000	50.15	50.15	2025-11-12 06:47:51.708
7096	1	55	79	99.000	65.64	6629.75	2025-11-12 06:47:51.496
7102	1	55	1551	0.000	117.65	117.65	2025-11-12 06:47:51.886
7166	1	55	124	0.000	75.35	602.82	2025-11-12 06:47:52.2
8430	1	55	338	0.000	48.15	96.31	2025-11-12 06:47:52.292
7192	1	55	1520	0.000	90.15	450.76	2025-11-12 06:47:51.983
17248	8	116	5953	0.000	139.19	0.00	2026-01-05 01:38:53.797541
10904	1	78	141	12.000	44.36	532.31	2025-11-21 06:18:39.494
10906	1	78	73	17.000	193.54	3290.10	2025-11-21 06:18:39.584
7107	1	55	700	1.000	70.15	350.76	2025-11-12 06:47:51.304
10907	1	78	101	78.000	109.57	8546.14	2025-11-21 06:18:39.594
7100	1	55	87	105.000	69.54	7440.88	2025-11-12 06:47:51.502
10908	1	78	116	6.000	69.45	416.71	2025-11-21 06:18:39.602
17249	8	116	5955	0.000	110.61	0.00	2026-01-05 01:38:53.797541
17250	8	116	5957	0.000	193.56	0.00	2026-01-05 01:38:53.797541
17251	8	116	5958	0.000	67.63	0.00	2026-01-05 01:38:53.797541
17252	8	116	5959	0.000	80.10	0.00	2026-01-05 01:38:53.797541
17253	8	116	5968	0.000	99.32	0.00	2026-01-05 01:38:53.797541
17256	8	116	5971	0.000	59.63	0.00	2026-01-05 01:38:53.797541
7179	1	55	71	261.000	44.98	13044.08	2025-11-12 06:47:51.99
7122	1	55	1548	0.000	172.15	516.46	2025-11-12 06:47:51.789
7173	1	55	134	0.000	85.02	425.09	2025-11-12 06:47:52.209
7172	1	55	1547	2.000	79.90	319.60	2025-11-13 11:26:51.9
7161	1	55	54	14.000	74.88	1123.20	2025-11-15 10:02:24.229
7146	1	55	106	19.000	92.23	2029.15	2025-11-13 08:44:55.995
7202	1	55	125	176.000	52.20	9448.20	2025-11-15 10:02:24.312
10913	1	78	66	13.000	79.56	1034.23	2025-11-21 06:18:40.283
10929	1	78	70	81.000	119.43	9673.49	2025-11-21 06:18:41.594
10930	1	78	72	3.000	159.77	479.32	2025-11-21 06:18:41.601
10932	1	78	88	10.000	200.32	2003.24	2025-11-21 06:18:41.695
10937	1	78	89	132.000	110.92	14641.89	2025-11-21 06:18:41.885
10950	1	78	148	12.000	69.56	834.75	2025-11-21 06:18:42.301
10952	1	78	150	1.000	69.86	69.86	2025-11-21 06:18:42.397
10967	1	78	81	40.000	73.86	2954.46	2025-11-21 06:18:42.997
10968	1	78	67	41.000	70.76	2900.96	2025-11-21 06:18:43.084
10961	1	78	1521	0.000	149.76	5091.93	2025-11-21 06:18:42.789
10909	1	78	74	1.000	80.84	80.84	2025-11-22 07:49:25.774
10953	1	78	1541	5.000	74.93	449.56	2025-11-21 06:18:42.485
10918	1	78	76	31.000	89.56	2955.43	2025-11-21 06:18:41.088
10946	1	78	1545	0.000	75.04	150.07	2025-11-21 06:18:42.19
10951	1	78	1539	0.000	55.12	110.24	2025-11-21 06:18:42.389
10959	1	78	123	100.000	59.76	6035.57	2025-11-21 06:18:42.693
10905	1	78	105	7.000	87.20	610.43	2025-11-21 06:18:39.501
10914	1	78	110	0.000	79.60	318.38	2025-11-21 06:18:40.383
10923	1	78	1519	0.000	139.50	279.00	2025-11-21 06:18:41.394
10966	1	78	1520	0.000	89.65	448.24	2025-11-21 06:18:42.99
10922	1	78	106	17.000	92.22	2028.73	2025-11-21 06:18:41.385
10939	1	78	94	13.000	97.67	2148.78	2025-11-21 06:18:41.899
10964	1	78	118	16.000	69.81	1326.31	2025-11-21 06:18:42.893
10943	1	78	112	4.000	104.77	523.85	2025-11-21 06:18:42.085
12285	1	85	155	350.000	13.54	4739.00	2025-11-27 09:02:23.798
10916	1	78	107	31.000	77.37	2398.59	2025-11-21 06:18:40.586
10902	1	78	1550	1.000	139.68	139.68	2025-11-21 06:18:39.404
10934	1	78	92	57.000	149.32	9108.64	2025-11-21 06:18:41.786
10955	1	78	85	11.000	74.96	1349.24	2025-11-21 06:18:42.581
10962	1	78	58	193.000	79.73	15785.78	2025-11-21 06:18:42.797
10949	1	78	142	98.000	84.81	8395.79	2025-11-21 06:18:42.294
12271	1	85	2289	1.000	0.10	0.10	2025-11-27 09:02:23.343
12272	1	85	2285	1.000	0.10	0.10	2025-11-27 09:02:23.351
12273	1	85	2283	1.000	0.10	0.10	2025-11-27 09:02:23.384
12300	1	85	728	0.000	0.00	-0.01	2025-11-27 09:02:24.383
12302	1	85	1662	0.000	0.00	0.00	2025-11-27 09:02:24.398
12301	1	85	1619	1.000	67.90	67.90	2025-12-05 11:03:58.002
12295	1	85	104	90.000	167.93	15113.70	2025-12-05 11:03:57.982
12278	1	85	562	44.000	227.88	10026.72	2025-12-05 11:03:57.646
12289	1	85	87	5.000	69.68	348.40	2025-12-05 11:03:57.886
12275	1	85	570	35.000	302.75	10596.25	2025-12-05 11:03:57.638
12280	1	85	569	70.000	227.88	15951.60	2025-12-05 11:03:57.688
12281	1	85	529	29.000	252.88	7333.52	2025-12-05 11:03:57.694
12282	1	85	578	77.000	227.88	17546.76	2025-12-05 11:03:57.699
12283	1	85	588	15.000	277.88	4168.20	2025-12-05 11:03:57.786
12284	1	85	154	1.000	69.46	69.46	2025-12-05 11:03:57.793
12287	1	85	79	1.000	65.83	65.83	2025-12-05 11:03:57.803
12288	1	85	144	95.000	94.75	9001.25	2025-12-05 11:03:57.882
12277	1	85	633	12.000	277.88	3890.32	2025-12-05 11:03:57.642
12290	1	85	74	80.000	80.84	6467.20	2025-12-05 11:03:57.89
12294	1	85	95	70.000	369.38	25856.60	2025-12-05 11:03:57.906
12296	1	85	99	130.000	192.32	25001.60	2025-12-05 11:03:57.987
12298	1	85	175	15.000	95.83	1437.45	2025-12-05 11:03:57.994
12299	1	85	185	17.000	81.11	1378.87	2025-12-05 11:03:57.998
12279	1	85	552	100.000	177.88	17788.00	2025-12-05 11:03:57.683
8252	1	60	268	0.000	69.35	208.05	2025-11-10 08:39:58.089
8055	1	60	151	13.000	101.96	1937.19	2025-11-10 08:38:30.191
7499	1	57	126	0.000	137.71	137.71	2025-11-10 08:14:38.702
8488	1	56	1477	1.000	249.41	498.82	2025-11-14 11:43:40.288
8491	1	63	93	250.000	151.61	37902.50	2025-11-14 12:58:47.516
8492	1	63	104	90.000	167.85	15106.50	2025-11-14 12:58:47.524
8489	1	56	570	0.000	299.41	299.41	2025-11-14 11:43:40.295
8487	1	56	627	1.000	224.12	896.46	2025-11-15 08:40:47.482
8070	1	60	85	14.000	154.81	2786.63	2025-11-15 08:39:35.014
8063	1	60	94	2.000	281.28	2250.22	2025-11-15 10:02:24.293
10980	1	78	64	6.000	279.67	1677.99	2025-11-21 06:18:43.599
10982	1	78	104	7.000	168.05	1176.38	2025-11-21 06:18:43.691
10985	1	78	145	25.000	242.77	6069.31	2025-11-21 06:18:43.797
10986	1	78	121	10.000	279.33	2793.27	2025-11-21 06:18:43.881
10987	1	78	131	22.000	205.40	4518.82	2025-11-21 06:18:43.891
10989	1	78	119	11.000	279.25	3071.72	2025-11-21 06:18:43.991
17259	8	116	5975	0.000	114.13	0.00	2026-01-05 01:38:53.797541
19708	1	124	1856	37.000	39.04	1444.56	2026-01-06 21:33:51.792
19709	1	124	265	35.000	50.50	1767.49	2026-01-06 21:33:51.882
19710	1	124	247	30.000	44.79	1343.62	2026-01-06 21:33:51.891
19711	1	124	1808	3.000	74.45	223.34	2026-01-06 21:33:51.899
19712	1	124	1806	2.000	59.59	119.17	2026-01-06 21:33:51.987
10978	1	78	1532	0.000	50.74	1217.85	2025-11-21 06:18:43.583
10975	1	78	1538	3.000	74.95	299.78	2025-11-21 06:18:43.4
10970	1	78	1543	1.000	78.34	156.67	2025-11-21 06:18:43.189
19713	1	124	248	9.000	48.25	434.25	2026-01-06 21:33:52.081
19714	1	124	1815	3.000	69.53	208.60	2026-01-06 21:33:52.093
19715	1	124	1814	2.000	39.34	78.67	2026-01-06 21:33:52.187
10983	1	78	1525	0.000	284.44	284.44	2025-11-21 06:18:43.781
10988	1	78	82	0.000	269.59	808.77	2025-11-21 06:18:43.9
10971	1	78	115	18.000	47.49	902.36	2025-11-21 06:18:43.288
10972	1	78	338	0.000	47.44	94.88	2025-11-21 06:18:43.297
19716	1	124	257	2.000	180.57	361.14	2026-01-06 21:33:52.282
19717	1	124	1805	37.000	43.25	1600.25	2026-01-06 21:33:52.291
19718	1	124	272	9.000	51.20	460.76	2026-01-06 21:33:52.382
19719	1	124	275	2.000	41.11	82.21	2026-01-06 21:33:52.391
19720	1	124	238	4.000	109.61	438.44	2026-01-06 21:33:52.482
19721	1	124	1801	6.000	79.47	476.83	2026-01-06 21:33:52.494
19722	1	124	1849	1.000	110.49	110.49	2026-01-06 21:33:52.586
19723	1	124	266	6.000	41.14	246.83	2026-01-06 21:33:52.595
19724	1	124	1817	1.000	69.33	69.33	2026-01-06 21:33:52.686
19725	1	124	273	6.000	50.90	305.42	2026-01-06 21:33:52.694
19726	1	124	278	32.000	89.10	2851.25	2026-01-06 21:33:52.787
19727	1	124	250	1.000	229.97	229.97	2026-01-06 21:33:52.883
19728	1	124	267	2.000	228.58	457.16	2026-01-06 21:33:52.894
19729	1	124	258	3.000	368.91	1106.72	2026-01-06 21:33:52.987
19730	1	124	260	59.000	68.60	4047.13	2026-01-06 21:33:52.997
19731	1	124	236	1.000	139.30	139.30	2026-01-06 21:33:53.088
19732	1	124	1823	1.000	109.80	109.80	2026-01-06 21:33:53.097
19733	1	124	1800	17.000	49.84	847.34	2026-01-06 21:33:53.192
19734	1	124	252	7.000	242.78	1699.48	2026-01-06 21:33:53.201
19735	1	124	274	5.000	109.71	548.56	2026-01-06 21:33:53.287
19736	1	124	254	22.000	56.35	1239.75	2026-01-06 21:33:53.295
19737	1	124	255	9.000	89.61	806.45	2026-01-06 21:33:53.387
19738	1	124	1832	1.000	130.93	130.93	2026-01-06 21:33:53.397
19739	1	124	1812	1.000	69.08	69.08	2026-01-06 21:33:53.487
19740	1	124	251	19.000	46.06	875.12	2026-01-06 21:33:53.495
19742	1	124	814	10.000	91.20	912.02	2026-01-06 21:33:53.6
19743	1	124	243	2.000	82.81	165.62	2026-01-06 21:33:53.689
19744	1	124	5267	16.000	55.50	888.00	2026-01-06 21:33:53.697
19745	1	124	253	2.000	98.79	197.57	2026-01-06 21:33:53.79
19746	1	124	262	1.000	48.79	48.79	2026-01-06 21:33:53.798
19747	1	124	280	9.000	91.40	822.63	2026-01-06 21:33:53.891
19748	1	124	282	7.000	103.44	724.08	2026-01-06 21:33:53.986
19749	1	124	285	7.000	140.50	983.49	2026-01-06 21:33:53.997
19750	1	124	286	1.000	74.49	74.49	2026-01-06 21:33:54.09
19751	1	124	289	4.000	75.07	300.29	2026-01-06 21:33:54.186
19752	1	124	312	1.000	56.66	56.66	2026-01-06 21:33:54.195
19753	1	124	321	1.000	74.39	74.39	2026-01-06 21:33:54.288
21499	8	120	5960	0.000	239.28	0.00	2026-01-10 14:23:07.39
19756	1	124	309	11.000	113.09	1244.01	2026-01-06 21:33:54.488
19757	1	124	310	2.000	153.70	307.40	2026-01-06 21:33:54.588
19741	1	124	1826	4.000	155.36	621.44	2026-01-06 21:33:53.588
19755	1	124	328	36.000	101.51	3654.36	2026-01-06 21:33:54.395
10516	1	76	199	19.000	73.72	1400.61	2025-11-27 06:03:11.284
10595	1	76	816	1.000	82.65	247.94	2025-11-20 10:44:16.498
10538	1	76	1984	0.000	112.95	451.78	2025-11-20 10:44:11.385
10616	1	76	1835	0.000	128.43	385.30	2025-11-20 10:44:14.996
10620	1	76	1882	0.000	139.43	139.43	2025-11-20 10:44:15.206
10599	1	76	1809	0.000	39.54	79.07	2025-11-20 10:44:14.184
10429	1	76	165	4.000	129.51	518.03	2025-11-22 07:36:46.589
10472	1	76	157	148.000	51.48	7978.75	2025-11-22 07:36:47.707
10440	1	76	1612	3.000	59.95	179.86	2025-11-22 07:36:47.092
10979	1	78	63	274.000	44.65	14824.72	2025-11-21 06:18:43.592
10973	1	78	50	17.000	55.17	1268.97	2025-11-21 06:18:43.383
10404	1	76	1632	0.000	0.00	0.00	2025-11-22 07:36:47.184
10465	1	76	1600	1.000	108.86	435.43	2025-11-22 07:36:47.591
10641	1	76	814	4.000	119.44	716.65	2025-11-20 10:44:16.298
10984	1	78	96	12.000	239.60	2875.24	2025-11-21 06:18:43.79
10519	1	76	200	6.000	148.41	890.45	2025-11-27 06:03:11.302
11062	1	76	1707	1.000	133.72	133.72	2025-11-27 06:03:11.791
11085	1	76	764	4.000	128.72	514.87	2025-11-27 06:03:12.181
11075	1	76	1743	0.000	0.00	115.58	2025-11-22 07:43:55.29
10974	1	78	143	52.000	55.68	2895.36	2025-11-27 08:21:39.287
10990	1	78	99	7.000	192.32	1346.24	2025-11-22 07:49:25.756
10981	1	78	95	1.000	369.38	369.38	2025-11-22 07:49:25.765
10389	1	76	87	5.000	69.76	348.80	2025-11-22 10:07:48.571
10976	1	78	128	0.000	54.50	0.00	2025-11-22 10:07:48.575
10969	1	78	62	0.000	75.06	2251.76	2025-11-21 06:18:43.093
10611	1	76	1823	2.000	108.87	544.33	2025-11-20 10:44:14.7
10659	1	76	301	5.000	133.13	931.93	2025-11-20 10:44:17.21
10977	1	78	125	87.000	66.76	5807.70	2025-11-21 06:18:43.497
10658	1	76	296	1.000	242.97	485.94	2025-11-20 10:44:17.19
7776	1	58	1500	0.000	74.45	148.91	2025-11-13 09:11:35.091
7777	1	58	1499	1.000	74.45	521.18	2025-11-13 09:11:35.093
7774	1	58	1498	0.000	109.45	547.27	2025-11-13 09:11:35.084
7772	1	58	1506	0.000	109.45	656.73	2025-11-13 09:11:35.079
7775	1	58	527	7.000	104.69	837.52	2025-11-13 09:11:35.086
7771	1	58	528	6.000	218.26	1527.83	2025-11-13 09:11:34.998
7789	1	58	567	23.000	44.29	1372.96	2025-11-13 09:11:35.103
8497	1	61	579	5.000	277.88	1389.40	2025-11-15 10:00:09.998
8498	1	61	588	5.000	274.41	1372.05	2025-11-15 10:00:10.006
8499	1	61	514	3.000	239.88	1199.40	2025-11-15 10:00:10.108
8494	1	61	1477	14.000	249.41	3741.15	2025-11-15 10:00:09.907
8495	1	61	1508	2.000	149.32	447.96	2025-11-15 10:00:09.985
8496	1	61	1507	2.000	95.12	285.36	2025-11-15 10:00:09.993
8500	1	56	450	7.000	148.82	1488.20	2025-11-15 10:33:46.718
8232	1	60	786	6.000	90.99	1091.89	2025-11-10 08:39:57.002
10485	1	76	228	4.000	108.72	434.87	2025-11-27 06:03:12.003
17316	8	116	6058	2.000	149.58	299.16	2026-01-05 01:38:53.797541
17242	8	116	5944	1.000	90.44	90.44	2026-01-05 01:38:53.797541
19758	1	124	332	9.000	134.08	1206.75	2026-01-06 21:33:54.602
19759	1	124	1964	1.000	131.30	131.30	2026-01-06 21:33:54.695
19760	1	124	1968	1.000	153.87	153.87	2026-01-06 21:33:54.788
19761	1	124	304	9.000	133.89	1205.00	2026-01-06 21:33:54.889
19762	1	124	1976	1.000	154.23	154.23	2026-01-06 21:33:54.989
19764	1	124	317	11.000	71.82	789.97	2026-01-06 21:33:55.096
19766	1	124	1978	2.000	53.45	106.90	2026-01-06 21:33:55.287
19769	1	124	1975	157.000	71.86	11281.34	2026-01-06 21:33:55.493
19770	1	124	689	2.000	74.17	148.33	2026-01-06 21:33:55.587
19771	1	124	311	38.000	73.72	2801.39	2026-01-06 21:33:55.603
19772	1	124	333	8.000	84.74	677.88	2026-01-06 21:33:55.687
19773	1	124	294	12.000	65.44	785.32	2026-01-06 21:33:55.785
19775	1	124	307	14.000	56.34	788.80	2026-01-06 21:33:55.886
19776	1	124	322	8.000	123.84	990.75	2026-01-06 21:33:55.895
19777	1	124	1950	6.000	95.05	570.27	2026-01-06 21:33:55.996
19779	1	124	291	103.000	44.65	4598.89	2026-01-06 21:33:56.183
19780	1	124	326	24.000	48.03	1152.75	2026-01-06 21:33:56.193
19781	1	124	1954	10.000	51.18	511.82	2026-01-06 21:33:56.288
19782	1	124	331	20.000	86.01	1720.13	2026-01-06 21:33:56.297
19754	1	124	302	47.000	70.71	3323.36	2026-01-06 21:33:56.49
19785	1	124	696	2.000	73.68	147.36	2026-01-06 21:33:56.585
19786	1	124	1983	1.000	74.13	74.13	2026-01-06 21:33:56.596
19787	1	124	299	11.000	133.86	1472.46	2026-01-06 21:33:56.686
19788	1	124	687	1.000	154.82	154.82	2026-01-06 21:33:56.696
19789	1	124	330	32.000	133.02	4256.59	2026-01-06 21:33:56.785
19790	1	124	1967	23.000	93.93	2160.28	2026-01-06 21:33:56.795
11064	1	76	229	6.000	178.72	1072.30	2025-11-27 06:03:12.007
19792	1	124	325	7.000	91.55	640.88	2026-01-06 21:33:56.898
19793	1	124	323	4.000	94.08	376.32	2026-01-06 21:33:56.988
10878	1	78	87	79.000	69.76	5511.04	2025-11-27 06:04:35.046
19794	1	124	290	24.000	84.20	2020.83	2026-01-06 21:33:57.085
19795	1	124	306	4.000	71.60	286.38	2026-01-06 21:33:57.097
18522	8	120	5437	1.000	171.81	171.81	2026-01-08 08:00:02.083
19768	1	124	688	0.000	0.00	-0.11	2026-01-06 21:33:55.393
19767	1	124	316	30.000	55.14	1654.26	2026-01-06 21:33:55.383
19783	1	124	319	0.000	113.12	0.00	2026-01-06 21:33:56.389
19774	1	124	1977	1.000	94.14	94.14	2026-01-06 21:33:55.795
10785	1	77	199	5.000	67.79	338.95	2025-11-22 07:43:54.788
10809	1	77	217	0.000	42.79	0.00	2025-11-22 07:43:54.794
18141	8	120	5453	1.000	56.72	56.72	2026-01-08 08:00:02.093
18517	8	120	5413	1.000	156.93	156.93	2026-01-08 08:00:01.895
10810	1	77	1699	0.000	57.79	0.00	2025-11-22 07:43:54.8
20086	10	131	6225	2.000	185.45	370.90	2026-01-15 08:54:23.898
10807	1	77	1698	0.000	47.79	0.00	2025-11-22 07:43:54.888
10844	1	77	228	5.000	107.79	538.95	2025-11-22 07:43:54.894
10845	1	77	229	5.000	177.79	888.95	2025-11-22 07:43:54.9
8592	1	71	154	127.000	69.46	8821.42	2025-11-18 08:43:10.093
8593	1	71	55	80.000	109.94	8795.20	2025-11-18 08:43:10.102
8594	1	71	74	50.000	80.41	4020.50	2025-11-18 08:43:10.11
8595	1	71	151	150.000	94.35	14152.50	2025-11-18 08:43:10.188
8596	1	71	71	1000.000	44.64	44640.84	2025-11-18 08:43:10.197
8597	1	71	85	200.000	74.69	14938.00	2025-11-18 08:43:10.204
8598	1	71	103	100.000	69.40	6940.00	2025-11-18 08:43:10.211
8599	1	71	113	300.000	69.24	20772.00	2025-11-18 08:43:10.287
8600	1	71	118	98.000	69.42	6803.16	2025-11-18 08:43:10.296
8601	1	71	67	100.000	70.28	7028.00	2025-11-18 08:43:10.304
8602	1	71	50	59.000	54.62	3222.58	2025-11-18 08:43:10.311
8603	1	71	63	1020.000	44.73	45623.01	2025-11-18 08:43:10.392
10813	1	77	1703	0.000	77.79	0.00	2025-11-22 07:43:54.906
10834	1	77	1718	1.000	52.79	52.79	2025-11-22 07:43:54.986
14352	1	82	86	16.000	55.76	892.13	2025-12-29 12:50:53.682
10819	1	77	759	2.000	177.79	355.58	2025-11-22 07:43:54.993
11086	1	76	1685	1.000	78.72	78.72	2025-11-27 06:03:11.189
10820	1	77	1705	0.000	87.79	0.00	2025-11-22 07:43:54.999
11087	1	76	1691	2.000	64.72	129.43	2025-11-27 06:03:11.408
10822	1	77	1708	0.000	127.79	0.00	2025-11-22 07:43:55.005
11063	1	76	1698	42.000	48.72	2046.12	2025-11-27 06:03:11.587
10522	1	76	217	3.000	114.72	344.17	2025-11-27 06:03:11.594
11061	1	76	1699	5.000	58.72	293.59	2025-11-27 06:03:11.597
11065	1	76	1703	6.000	78.72	472.30	2025-11-27 06:03:11.688
10991	1	66	87	5.000	69.76	697.60	2025-11-22 07:48:05.529
11067	1	76	759	15.000	178.72	2680.76	2025-11-27 06:03:11.704
11068	1	76	1705	6.000	88.72	532.30	2025-11-27 06:03:11.783
11081	1	76	1727	1.000	178.72	178.72	2025-11-27 06:03:11.896
11082	1	76	1728	4.000	98.72	394.87	2025-11-27 06:03:11.899
11066	1	76	1718	11.000	53.72	590.89	2025-11-27 06:03:11.906
11073	1	76	1719	12.000	63.72	764.61	2025-11-27 06:03:11.909
11072	1	76	1720	6.000	128.72	772.30	2025-11-27 06:03:11.983
10851	1	77	1733	0.000	127.79	0.00	2025-11-22 07:43:55.086
10849	1	77	231	103.000	52.79	5437.37	2025-11-22 07:43:55.104
11077	1	76	1704	0.000	0.00	117.79	2025-11-22 07:43:55.382
10842	1	77	1729	0.000	147.79	0.00	2025-11-22 07:43:55.499
10854	1	77	764	1.000	147.79	147.79	2025-11-22 07:43:55.505
10779	1	77	1685	0.000	77.79	0.00	2025-11-22 07:43:55.583
10795	1	77	1691	1.000	63.79	63.79	2025-11-22 07:43:55.589
8626	1	67	576	2.000	129.07	258.13	2025-11-18 08:49:56.594
8719	1	67	563	15.000	58.29	874.33	2025-11-26 16:43:12.304
8636	1	67	592	8.000	53.40	427.18	2025-11-18 08:49:56.882
8658	1	67	625	1.000	230.68	230.68	2025-11-26 16:43:12.394
12276	1	85	1477	0.000	252.88	0.00	2025-12-11 09:56:08.793
8651	1	67	511	50.000	98.78	4939.25	2025-11-26 16:43:11.704
8660	1	67	525	11.000	78.77	866.48	2025-11-26 16:43:12.49
8649	1	67	509	18.000	128.37	2310.64	2025-11-18 08:49:57.297
8654	1	67	548	19.000	90.48	1719.18	2025-11-26 16:43:11.787
8676	1	67	526	1.000	403.84	403.84	2025-11-18 08:49:58.196
8677	1	67	522	1.000	207.71	207.71	2025-11-18 08:49:58.206
8678	1	67	544	1.000	95.71	95.71	2025-11-18 08:49:58.284
8681	1	67	521	6.000	77.74	466.44	2025-11-18 08:49:58.415
8683	1	67	518	1.000	220.71	220.71	2025-11-18 08:49:58.499
8687	1	67	566	3.000	244.39	733.17	2025-11-18 08:49:58.607
8689	1	67	577	1.000	47.71	47.71	2025-11-18 08:49:58.695
8690	1	67	590	1.000	107.71	107.71	2025-11-18 08:49:58.705
8691	1	67	540	1.000	128.49	128.49	2025-11-18 08:49:58.787
8705	1	67	621	1.000	229.24	229.24	2025-11-18 08:49:59.286
17635	8	117	5407	42.000	157.91	6632.28	2026-01-05 01:46:26.724
17636	8	117	5394	2.000	71.81	143.62	2026-01-05 01:46:26.784
12943	1	82	700	9.000	69.80	628.20	2025-12-29 12:50:53.288
17637	8	117	5468	8.000	101.03	808.26	2026-01-05 01:46:26.794
11891	1	82	56	0.000	97.60	0.00	2025-12-29 12:50:53.3
11928	1	82	1547	11.000	79.82	878.02	2025-12-29 12:50:54.782
8726	1	67	597	1.000	361.30	361.30	2025-11-18 08:50:00.005
8727	1	67	598	3.000	441.30	1323.90	2025-11-18 08:50:00.09
8728	1	67	600	4.000	163.95	655.81	2025-11-18 08:50:00.1
8729	1	67	602	2.000	78.32	156.64	2025-11-18 08:50:00.183
17638	8	117	5403	2.000	61.93	123.86	2026-01-05 01:46:26.887
8731	1	67	339	3.000	115.21	345.63	2025-11-18 08:50:00.202
17639	8	117	5469	2.000	122.79	245.58	2026-01-05 01:46:26.897
17640	8	117	5372	10.000	185.90	1858.98	2026-01-05 01:46:26.991
8664	1	67	530	6.000	190.31	1141.85	2025-11-26 16:43:11.885
8712	1	67	558	2.000	79.76	478.59	2025-11-26 16:43:12.291
8695	1	67	1504	1.000	190.68	190.68	2025-11-26 16:43:11.896
8653	1	67	512	115.000	49.74	5769.83	2025-11-26 16:43:12.098
8625	1	67	153	138.000	343.85	47794.79	2025-11-26 16:43:11.398
8724	1	67	628	0.000	78.22	0.00	2025-11-19 10:04:18.296
8696	1	67	513	1.000	190.68	190.68	2025-11-26 16:43:11.899
17641	8	117	5371	54.000	103.88	5609.36	2026-01-05 01:46:27.084
17642	8	117	5368	6.000	75.91	455.48	2026-01-05 01:46:27.094
8699	1	67	556	16.000	129.95	2079.18	2025-11-26 16:43:11.982
8708	1	67	524	16.000	65.24	1109.06	2025-11-26 16:43:12.28
8646	1	67	633	4.000	280.76	1123.02	2025-11-26 16:43:11.41
8701	1	67	586	7.000	116.30	814.12	2025-11-26 16:43:11.985
17643	8	117	5367	2.000	67.18	134.36	2026-01-05 01:46:27.183
17644	8	117	5376	4.000	165.69	662.74	2026-01-05 01:46:27.193
8629	1	67	550	106.000	67.07	7108.97	2025-11-26 16:43:12.082
8652	1	67	520	130.000	49.95	6543.66	2025-11-26 16:43:12.095
8632	1	67	565	14.000	88.36	1237.10	2025-11-22 07:37:59.493
8631	1	67	536	3.000	129.43	388.30	2025-11-26 16:43:12.085
17645	8	117	5385	8.000	135.82	1086.52	2026-01-05 01:46:27.285
17646	8	117	5404	2.000	155.88	311.76	2026-01-05 01:46:27.294
17647	8	117	5411	2.000	75.65	151.30	2026-01-05 01:46:27.386
17648	8	117	5415	8.000	125.99	1007.90	2026-01-05 01:46:27.395
8670	1	67	562	23.000	229.09	5269.12	2025-11-26 16:43:11.483
11933	1	82	85	21.000	75.14	1577.94	2025-12-29 12:50:54.386
17649	8	117	5417	2.000	161.31	322.62	2026-01-05 01:46:27.487
17650	8	117	5449	14.000	147.96	2071.44	2026-01-05 01:46:27.584
8700	1	67	1465	3.000	110.05	330.14	2025-11-26 16:43:12.108
17651	8	117	5451	6.000	125.80	754.80	2026-01-05 01:46:27.592
17652	8	117	5460	2.000	135.81	271.62	2026-01-05 01:46:27.6
8668	1	67	1490	1.000	60.68	60.68	2025-11-26 16:43:12.201
8656	1	67	543	2.000	110.68	221.36	2025-11-26 16:43:12.203
17653	8	117	5467	4.000	145.88	583.50	2026-01-05 01:46:27.69
8633	1	67	542	3.000	127.92	383.75	2025-11-22 07:37:58.998
17654	8	117	5470	4.000	95.80	383.20	2026-01-05 01:46:27.698
8709	1	67	613	2.000	70.68	494.77	2025-11-26 16:43:12.283
8710	1	67	632	3.000	79.34	238.02	2025-11-26 16:43:12.286
17655	8	117	5429	12.000	76.11	913.28	2026-01-05 01:46:27.787
8672	1	67	569	15.000	229.11	3436.68	2025-11-26 16:43:11.489
8673	1	67	529	24.000	254.75	6113.88	2025-11-26 16:43:11.491
8716	1	67	154	15.000	78.33	1566.62	2025-11-18 08:49:59.684
17656	8	117	5419	20.000	105.99	2119.76	2026-01-05 01:46:27.795
8721	1	67	1473	4.000	60.68	303.41	2025-11-26 16:43:12.383
8702	1	67	578	5.000	231.00	1155.00	2025-11-26 16:43:11.494
11927	1	82	130	28.000	84.77	2373.56	2025-12-29 12:50:54.49
8655	1	67	532	0.000	80.68	80.68	2025-11-26 16:43:11.791
8698	1	67	1484	0.000	190.68	190.68	2025-11-26 16:43:11.904
8666	1	67	1496	0.000	148.29	296.57	2025-11-22 07:37:59.597
17657	8	117	5446	6.000	140.84	845.04	2026-01-05 01:46:27.887
8713	1	67	545	7.000	68.38	478.68	2025-11-26 16:43:12.294
8717	1	67	594	63.000	69.17	4357.92	2025-11-22 07:37:59.889
8703	1	67	588	12.000	281.36	3376.36	2025-11-26 16:43:11.496
17658	8	117	5399	2.000	98.12	196.24	2026-01-05 01:46:28.182
17659	8	117	5382	22.000	85.85	1888.74	2026-01-05 01:46:28.285
8714	1	67	554	19.000	69.69	1324.03	2025-11-26 16:43:12.297
8707	1	67	575	16.000	329.14	5266.28	2025-11-26 16:43:11.499
8628	1	67	523	5.000	151.18	755.92	2025-11-26 16:43:11.516
8638	1	67	582	4.000	129.55	518.19	2025-11-26 16:43:11.586
8688	1	67	539	9.000	244.18	2197.65	2025-11-22 07:38:00.206
8648	1	67	623	2.000	99.59	199.18	2025-11-26 16:43:11.695
8650	1	67	519	74.000	89.41	6616.49	2025-11-26 16:43:11.701
17660	8	117	5425	12.000	85.74	1028.92	2026-01-05 01:46:28.484
17661	8	117	5421	8.000	81.04	648.32	2026-01-05 01:46:28.586
17662	8	117	5454	6.000	135.81	814.84	2026-01-05 01:46:28.782
17663	8	117	5395	8.000	275.91	2207.28	2026-01-05 01:46:29.082
19796	1	124	324	1.000	88.41	88.41	2026-01-06 21:33:57.19
19797	1	124	335	1.000	68.41	68.41	2026-01-06 21:33:57.283
20521	1	136	350	0.000	0.00	0.02	2026-01-08 10:28:52.688
8732	1	67	604	3.000	148.59	445.78	2025-11-18 08:50:00.287
8733	1	67	599	1.000	178.96	178.96	2025-11-18 08:50:00.298
8734	1	67	605	1.000	105.32	105.32	2025-11-18 08:50:00.38
8735	1	67	606	2.000	117.82	235.64	2025-11-18 08:50:00.393
8737	1	67	608	1.000	182.82	182.82	2025-11-18 08:50:00.484
8738	1	67	609	1.000	182.82	182.82	2025-11-18 08:50:00.781
8736	1	67	607	1.000	180.32	360.64	2025-11-18 08:50:00.403
8740	1	66	79	7.000	68.44	479.05	2025-11-18 08:56:36.206
8741	1	66	140	2.000	137.32	274.63	2025-11-18 08:56:36.282
8742	1	66	65	6.000	77.58	465.48	2025-11-18 08:56:36.291
8743	1	66	74	10.000	82.38	823.75	2025-11-18 08:56:36.299
8744	1	66	66	6.000	82.71	496.27	2025-11-18 08:56:36.307
8745	1	66	149	4.000	82.37	329.46	2025-11-18 08:56:36.388
8746	1	66	106	4.000	94.87	379.46	2025-11-18 08:56:36.397
8747	1	66	152	1.000	89.01	89.01	2025-11-18 08:56:36.406
8748	1	66	137	1.000	112.76	112.76	2025-11-18 08:56:36.484
8749	1	66	60	3.000	112.53	337.59	2025-11-18 08:56:36.494
8750	1	66	89	11.000	112.33	1235.62	2025-11-18 08:56:36.502
8752	1	66	148	2.000	72.32	144.63	2025-11-18 08:56:36.591
8753	1	66	71	100.000	47.39	4738.50	2025-11-18 08:56:36.599
8756	1	66	123	10.000	62.27	622.66	2025-11-18 08:56:36.694
8757	1	66	127	28.000	79.55	2227.33	2025-11-18 08:56:36.704
8758	1	66	118	12.000	72.38	868.56	2025-11-18 08:56:36.785
8759	1	66	67	15.000	72.35	1085.26	2025-11-18 08:56:36.793
8760	1	66	115	4.000	50.37	201.46	2025-11-18 08:56:36.801
8761	1	66	338	3.000	50.53	151.59	2025-11-18 08:56:36.809
8763	1	66	143	5.000	57.27	286.33	2025-11-18 08:56:36.896
8764	1	66	63	153.000	47.38	7249.66	2025-11-18 08:56:36.904
8765	1	66	104	6.000	169.88	1019.28	2025-11-18 08:56:36.911
8766	1	66	145	2.000	244.82	489.63	2025-11-18 08:56:36.983
8767	1	66	339	10.000	80.26	802.61	2025-11-18 08:56:36.992
8769	1	66	359	23.000	95.46	2195.58	2025-11-18 08:56:37.081
8751	1	66	114	4.000	104.38	521.90	2025-11-18 08:56:36.582
8772	1	66	374	2.000	156.59	313.17	2025-11-18 08:56:37.107
8773	1	66	363	4.000	60.37	241.49	2025-11-18 08:56:37.185
8771	1	66	366	11.000	102.23	1124.53	2025-11-19 10:04:18.688
8776	1	66	343	5.000	74.19	370.97	2025-11-18 08:56:37.212
8777	1	66	344	10.000	74.42	744.22	2025-11-18 08:56:37.288
8778	1	66	346	1.000	84.84	84.84	2025-11-18 08:56:37.296
8779	1	66	375	11.000	56.97	626.62	2025-11-18 08:56:37.305
8780	1	66	345	10.000	85.06	850.57	2025-11-18 08:56:37.38
8781	1	66	347	10.000	0.10	1.00	2025-11-18 08:56:37.389
8782	1	66	349	15.000	51.65	774.70	2025-11-18 08:56:37.399
8783	1	66	350	13.000	62.15	807.98	2025-11-18 08:56:37.48
8784	1	66	361	4.000	49.87	199.49	2025-11-18 08:56:37.49
8785	1	66	360	18.000	48.20	867.51	2025-11-18 08:56:37.498
8786	1	66	370	8.000	60.40	483.16	2025-11-18 08:56:37.507
8787	1	66	365	6.000	56.87	341.23	2025-11-18 08:56:37.588
8788	1	66	364	6.000	62.12	372.73	2025-11-18 08:56:37.598
8789	1	66	376	1.000	74.54	74.54	2025-11-18 08:56:37.682
8790	1	66	377	8.000	49.88	399.06	2025-11-18 08:56:37.691
8791	1	66	373	50.000	74.21	3710.57	2025-11-18 08:56:37.701
8792	1	66	673	5.000	118.73	593.64	2025-11-18 08:56:37.71
8793	1	66	379	6.000	145.96	875.75	2025-11-18 08:56:37.787
8794	1	66	380	1.000	284.96	284.96	2025-11-18 08:56:37.797
8795	1	66	381	12.000	154.96	1859.52	2025-11-18 08:56:37.881
8796	1	66	191	43.000	115.76	4977.68	2025-11-18 08:56:37.891
8797	1	66	206	99.000	96.97	9600.03	2025-11-18 08:56:37.899
8800	1	66	397	53.000	96.63	5121.64	2025-11-18 08:56:37.994
8801	1	66	403	13.000	101.11	1314.44	2025-11-18 08:56:38.006
8804	1	66	382	15.000	112.36	1685.34	2025-11-18 08:56:38.19
8805	1	66	383	2.000	119.90	239.79	2025-11-18 08:56:38.202
8808	1	66	386	4.000	192.43	769.70	2025-11-18 08:56:38.307
8809	1	66	387	3.000	101.12	303.35	2025-11-18 08:56:38.391
8810	1	66	388	55.000	61.52	3383.41	2025-11-18 08:56:38.401
8811	1	66	390	24.000	81.13	1947.06	2025-11-18 08:56:38.411
8813	1	66	396	39.000	61.22	2387.42	2025-11-18 08:56:38.497
8814	1	66	398	5.000	120.62	603.11	2025-11-18 08:56:38.506
8815	1	66	401	128.000	112.37	14382.72	2025-11-18 08:56:38.582
8817	1	66	406	28.000	81.71	2287.85	2025-11-18 08:56:38.601
8819	1	66	410	4.000	92.33	369.30	2025-11-18 08:56:38.689
8820	1	66	413	9.000	81.50	733.50	2025-11-18 08:56:38.697
8821	1	66	414	14.000	53.50	749.01	2025-11-18 08:56:38.706
8822	1	66	415	26.000	131.71	3424.54	2025-11-18 08:56:38.788
8823	1	66	391	2.000	88.34	176.68	2025-11-18 08:56:38.797
8824	1	66	392	1.000	0.10	0.10	2025-11-18 08:56:38.806
8825	1	66	411	1.000	0.10	0.10	2025-11-18 08:56:38.886
8829	1	66	416	6.000	75.36	452.13	2025-11-18 08:56:38.993
8831	1	66	418	15.000	44.45	666.76	2025-11-18 08:56:39.086
8832	1	66	419	26.000	54.10	1406.62	2025-11-18 08:56:39.097
8833	1	66	420	12.000	89.46	1073.50	2025-11-18 08:56:39.107
8835	1	66	423	5.000	68.79	343.94	2025-11-18 08:56:39.193
8836	1	66	288	1.000	128.55	128.55	2025-11-18 08:56:39.202
8837	1	66	424	2.000	179.55	359.10	2025-11-18 08:56:39.286
8838	1	66	425	4.000	53.46	213.82	2025-11-18 08:56:39.295
8775	1	66	352	14.000	81.50	1141.00	2025-11-19 10:04:18.599
8768	1	66	357	0.000	165.24	0.00	2025-11-19 10:04:18.607
8802	1	66	393	0.000	0.00	-0.05	2025-11-18 08:56:38.092
8798	1	66	205	190.000	66.28	12593.20	2025-11-19 10:07:58.357
8827	1	66	408	27.000	156.10	4214.70	2025-11-19 10:07:58.501
17665	8	117	5458	64.000	161.56	10339.58	2026-01-05 01:46:29.187
17666	8	117	5375	38.000	115.30	4381.34	2026-01-05 01:46:29.287
17667	8	117	5453	2.000	55.82	111.64	2026-01-05 01:46:29.385
8830	1	66	244	113.000	43.63	4930.19	2025-11-27 06:03:56.117
8834	1	66	421	2.000	68.69	206.08	2025-11-18 08:56:39.184
17668	8	117	5389	2.000	165.98	331.96	2026-01-05 01:46:29.482
8816	1	66	402	0.000	50.67	658.75	2025-11-18 08:56:38.592
17669	8	117	5402	8.000	75.91	607.28	2026-01-05 01:46:29.49
21294	1	135	1591	0.000	0.00	0.02	2026-01-08 11:51:53.182
8803	1	66	394	50.000	90.78	4538.96	2025-11-18 08:56:38.102
8799	1	66	404	133.000	91.66	12831.85	2025-11-18 08:56:37.984
8826	1	66	400	17.000	86.41	1468.91	2025-11-18 08:56:38.896
8828	1	66	407	5.000	101.40	506.98	2025-11-18 08:56:38.983
8806	1	66	384	1.000	181.81	2545.34	2025-11-18 08:56:38.287
15524	1	100	1681	0.000	112.30	0.00	2025-12-23 09:13:29.686
8839	1	66	426	12.000	88.91	1066.88	2025-11-18 08:56:39.307
8840	1	66	427	3.000	76.96	230.88	2025-11-18 08:56:39.381
8841	1	66	431	4.000	56.30	225.19	2025-11-18 08:56:39.391
8842	1	66	433	8.000	91.74	733.88	2025-11-18 08:56:39.399
8843	1	66	434	1.000	83.41	83.41	2025-11-18 08:56:39.408
8844	1	66	435	4.000	57.57	230.26	2025-11-18 08:56:39.489
8847	1	66	439	1.000	56.90	56.90	2025-11-18 08:56:39.587
8848	1	66	444	1.000	119.67	119.67	2025-11-18 08:56:39.597
8849	1	66	446	1.000	241.69	241.69	2025-11-18 08:56:39.607
8850	1	66	447	3.000	54.55	163.65	2025-11-18 08:56:39.782
8851	1	66	449	6.000	69.73	418.38	2025-11-18 08:56:39.986
8852	1	66	450	18.000	148.82	2678.80	2025-11-18 08:56:40.18
8853	1	66	452	2.000	104.55	209.10	2025-11-18 08:56:40.39
8854	1	66	454	9.000	74.13	667.15	2025-11-18 08:56:40.485
8855	1	66	455	34.000	83.36	2834.17	2025-11-18 08:56:40.693
8856	1	66	457	3.000	76.96	230.88	2025-11-18 08:56:40.988
8857	1	66	458	1.000	148.70	148.70	2025-11-18 08:56:41.181
8858	1	66	289	6.000	76.99	461.94	2025-11-18 08:56:41.284
8860	1	66	461	17.000	78.96	1342.37	2025-11-18 08:56:41.306
8861	1	66	456	4.000	44.55	178.18	2025-11-18 08:56:41.392
8862	1	66	445	1.000	47.93	47.93	2025-11-18 08:56:41.403
8863	1	66	443	1.000	79.19	79.19	2025-11-18 08:56:41.414
8864	1	66	440	4.000	242.05	968.20	2025-11-18 08:56:41.486
8865	1	66	437	6.000	49.18	295.08	2025-11-18 08:56:41.496
8867	1	66	429	1.000	85.43	85.43	2025-11-18 08:56:41.587
8868	1	66	428	1.000	141.69	141.69	2025-11-18 08:56:41.597
8869	1	66	453	9.000	89.50	805.50	2025-11-18 08:56:41.606
8870	1	66	459	1.000	0.10	0.10	2025-11-18 08:56:41.686
8916	1	64	144	3.000	94.67	284.01	2025-11-20 11:07:28.988
8903	1	66	473	25.000	280.31	7007.86	2025-11-18 08:56:42.992
8904	1	66	476	13.000	140.21	1822.74	2025-11-18 08:56:43.003
8905	1	66	1988	2.000	49.79	99.58	2025-11-18 08:56:43.088
8906	1	66	480	1.000	0.10	0.10	2025-11-18 08:56:43.099
8907	1	66	483	6.000	190.40	1142.42	2025-11-18 08:56:43.11
8908	1	66	494	7.000	39.41	275.84	2025-11-18 08:56:43.188
8909	1	64	78	3.000	254.32	762.97	2025-11-18 09:00:10.201
8910	1	64	80	14.000	83.37	1167.17	2025-11-18 09:00:10.211
8911	1	64	146	6.000	234.09	1404.52	2025-11-18 09:00:10.219
8912	1	64	147	5.000	85.12	425.58	2025-11-18 09:00:10.289
8913	1	64	77	1.000	229.34	229.34	2025-11-18 09:00:10.297
8920	1	64	51	7.000	70.35	492.47	2025-11-18 09:00:10.803
8890	1	66	495	5.000	228.69	1143.43	2025-11-22 07:37:27.799
8866	1	66	430	0.000	47.93	47.93	2025-11-18 08:56:41.506
8923	1	64	55	72.000	110.12	7928.73	2025-11-18 09:00:10.904
8859	1	66	460	4.000	56.99	284.95	2025-11-18 08:56:41.295
8931	1	64	100	5.000	156.05	780.27	2025-11-18 09:00:11.104
8937	1	64	1552	3.000	89.77	269.30	2025-11-18 09:00:11.308
8938	1	64	141	12.000	44.36	532.31	2025-11-18 09:00:11.385
8940	1	64	73	17.000	193.54	3290.10	2025-11-18 09:00:11.405
8941	1	64	101	78.000	109.57	8546.14	2025-11-18 09:00:11.486
8942	1	64	116	6.000	69.45	416.71	2025-11-18 09:00:11.494
8914	1	64	93	55.000	151.07	8761.96	2025-11-20 10:16:43.605
8943	1	64	74	81.000	80.62	6530.10	2025-11-20 10:16:43.503
8934	1	64	138	104.000	110.03	11552.91	2025-11-20 10:16:43.89
8919	1	64	140	21.000	134.57	2825.91	2025-11-20 10:16:43.906
8925	1	64	52	33.000	58.40	1927.15	2025-11-20 10:16:43.302
8892	1	66	498	14.000	253.71	3551.94	2025-11-22 07:37:27.896
17670	8	117	5387	2.000	75.49	150.98	2026-01-05 01:46:29.498
8877	1	66	467	10.000	51.90	519.02	2025-11-22 07:37:27.109
8926	1	64	53	38.000	78.37	2978.14	2025-11-20 10:16:43.386
17671	8	117	5406	50.000	155.74	7786.82	2026-01-05 01:46:29.592
8879	1	66	469	7.000	54.01	378.09	2025-11-22 07:37:27.186
8880	1	66	471	48.000	278.75	13380.24	2025-11-22 07:37:27.203
8878	1	66	468	23.000	169.53	4238.23	2025-11-22 07:37:27.182
8896	1	66	507	9.000	68.88	619.96	2025-11-22 07:37:28.29
8884	1	66	478	20.000	58.93	1178.56	2025-11-22 07:37:27.304
8897	1	66	474	1.000	88.74	354.97	2025-11-22 07:37:27.218
8846	1	66	438	7.000	48.33	386.66	2025-11-18 08:56:39.508
17672	8	117	5464	88.000	122.80	10806.06	2026-01-05 01:46:29.599
17673	8	117	5369	30.000	81.18	2435.42	2026-01-05 01:46:29.689
8902	1	66	490	12.000	129.64	1555.70	2025-11-22 07:37:27.608
8891	1	66	497	17.000	178.94	3041.93	2025-11-22 07:37:27.806
17674	8	117	5393	106.000	70.96	7521.38	2026-01-05 01:46:29.697
8893	1	66	500	10.000	253.74	2537.42	2025-11-22 07:37:27.994
8894	1	66	501	3.000	228.81	686.43	2025-11-22 07:37:28.015
8901	1	66	503	16.000	59.42	950.72	2025-11-22 07:37:28.107
17675	8	117	5444	48.000	81.41	3907.72	2026-01-05 01:46:29.79
17676	8	117	5438	12.000	107.89	1294.66	2026-01-05 01:46:29.799
8898	1	66	482	5.000	279.02	1953.15	2025-11-22 07:37:27.393
8928	1	64	61	450.000	237.71	106969.48	2025-11-20 10:16:43.414
8915	1	64	79	106.000	65.62	6955.22	2025-11-20 10:16:43.511
8932	1	64	111	3.000	228.39	685.17	2025-11-20 10:16:43.802
8929	1	64	65	20.000	74.90	1572.85	2025-11-18 09:00:11.086
8871	1	66	462	16.000	43.81	2058.84	2025-11-22 07:37:27.083
8930	1	64	97	11.000	148.62	1634.85	2025-11-20 10:16:43.7
17677	8	117	5434	8.000	110.86	886.88	2026-01-05 01:46:29.887
8917	1	64	84	38.000	56.29	2138.90	2025-11-20 10:16:43.518
8918	1	64	87	110.000	69.58	7654.14	2025-11-20 10:16:43.588
17678	8	117	5431	14.000	90.68	1269.52	2026-01-05 01:46:29.896
17679	8	117	5450	8.000	90.78	726.22	2026-01-05 01:46:29.986
8945	1	64	126	38.000	134.40	5107.38	2025-11-20 10:16:43.811
8935	1	64	708	15.000	129.66	1944.91	2025-11-20 10:16:43.894
8933	1	64	1548	1.000	169.71	169.71	2025-11-20 10:16:43.898
8936	1	64	1550	4.000	138.67	554.70	2025-11-20 10:16:43.91
8939	1	64	105	15.000	86.45	1383.28	2025-11-20 10:16:43.715
17680	8	117	5452	8.000	81.24	649.88	2026-01-05 01:46:29.995
17681	8	117	5461	22.000	91.01	2002.18	2026-01-05 01:46:30.086
8889	1	66	489	4.000	149.33	895.98	2025-11-22 07:37:27.604
8882	1	66	475	9.000	154.01	1386.11	2025-11-22 07:37:27.285
8887	1	66	487	23.000	253.88	5839.30	2025-11-22 07:37:27.506
8895	1	66	506	22.000	48.89	1222.21	2025-11-22 07:37:28.287
8885	1	66	481	23.000	53.55	2891.68	2025-11-22 07:37:27.389
8872	1	66	463	6.000	89.11	623.80	2025-11-22 07:37:27.088
9002	1	64	95	95.000	368.95	35418.91	2025-11-20 10:16:43.191
8969	1	64	114	20.000	100.68	2315.54	2025-11-20 10:16:44.207
8959	1	64	70	81.000	119.43	9673.49	2025-11-18 09:00:11.997
8989	1	64	122	150.000	69.78	10746.84	2025-11-20 10:16:44.289
8996	1	64	50	23.000	54.58	1691.84	2025-11-20 10:16:44.402
8949	1	64	59	50.000	163.01	8476.32	2025-11-20 10:16:43.402
8988	1	64	58	198.000	79.53	15906.30	2025-11-20 10:16:44.004
8965	1	64	54	17.000	74.11	1333.93	2025-11-20 10:16:44
8985	1	64	123	101.000	59.67	6146.13	2025-11-20 10:16:44.3
8952	1	64	76	33.000	89.43	3129.91	2025-11-20 10:16:43.507
8997	1	64	143	53.000	55.54	2999.22	2025-11-20 10:16:44.511
8957	1	64	151	143.000	93.79	13505.15	2025-11-20 10:16:43.996
8986	1	64	127	494.000	79.47	39335.23	2025-11-20 10:16:44.312
8970	1	64	112	5.000	103.73	622.41	2025-11-20 10:16:44.204
9001	1	64	64	6.000	279.67	1677.99	2025-11-18 09:00:13.402
9005	1	64	96	21.000	179.70	3773.74	2025-11-18 09:00:13.506
9006	1	64	145	25.000	242.77	6069.31	2025-11-18 09:00:13.591
9007	1	64	121	10.000	279.33	2793.27	2025-11-18 09:00:13.601
9009	1	64	82	3.000	269.59	808.77	2025-11-18 09:00:13.695
9010	1	64	119	11.000	279.25	3071.72	2025-11-18 09:00:13.705
9011	1	64	99	137.000	192.32	26347.77	2025-11-18 09:00:13.787
9015	1	65	154	1.000	69.46	69.46	2025-11-18 09:05:05.203
9016	1	65	155	350.000	13.54	4739.00	2025-11-18 09:05:05.285
9017	1	65	79	1.000	65.83	65.83	2025-11-18 09:05:05.294
9024	1	65	156	1.000	84.41	84.41	2025-11-18 09:05:05.496
9025	1	65	175	14.000	95.78	1340.94	2025-11-18 09:05:05.504
9027	1	65	166	1.000	115.74	115.74	2025-11-18 09:05:05.592
9031	1	65	171	17.000	50.80	863.66	2025-11-18 09:05:05.69
9034	1	65	169	3.000	105.83	317.50	2025-11-18 09:05:05.796
9041	1	65	170	5.000	70.94	354.71	2025-11-18 09:05:05.994
9043	1	65	181	2.000	65.81	131.62	2025-11-18 09:05:06.011
9046	1	65	161	1.000	79.86	79.86	2025-11-18 09:05:06.108
9048	1	65	177	1.000	205.79	205.79	2025-11-18 09:05:06.195
9049	1	65	178	1.000	205.75	205.75	2025-11-18 09:05:06.204
9050	1	65	179	1.000	210.89	210.89	2025-11-18 09:05:06.289
9051	1	65	173	3.000	243.25	729.75	2025-11-18 09:05:06.299
9032	1	65	160	36.000	98.47	3545.00	2025-11-18 09:57:59.903
9038	1	65	182	10.000	126.36	1263.64	2025-11-18 09:57:59.993
9035	1	65	165	3.000	130.36	391.07	2025-11-18 09:58:00.004
8958	1	64	60	92.000	109.09	10036.72	2025-11-20 10:16:43.406
9030	1	65	167	6.000	78.52	471.12	2025-11-18 09:58:00.01
9039	1	65	172	35.000	105.55	3694.35	2025-11-18 09:58:00.094
8947	1	64	66	61.000	78.05	4760.96	2025-11-20 10:16:43.41
9028	1	65	184	10.000	105.57	1055.70	2025-11-18 09:58:00.288
9014	1	65	1477	1.000	758.64	758.64	2025-11-19 13:17:52.291
9044	1	65	168	58.000	70.62	4095.69	2025-11-18 09:58:01.107
9045	1	65	164	8.000	75.33	602.67	2025-11-18 09:58:01.185
8975	1	64	142	99.000	84.64	8379.59	2025-11-20 10:16:44.391
8984	1	64	113	74.000	69.40	5135.97	2025-11-20 10:16:44.211
9019	1	65	126	6.000	134.55	807.30	2025-11-19 13:17:52.297
8987	1	64	1521	34.000	147.71	5022.11	2025-11-20 10:16:44.087
8976	1	64	148	12.000	69.40	832.76	2025-11-20 10:16:44.394
8991	1	64	81	40.000	73.79	2951.47	2025-11-20 10:16:44.095
8955	1	64	106	22.000	92.00	2024.02	2025-11-20 10:16:43.71
9023	1	65	125	2.000	54.82	219.28	2025-11-18 09:05:05.488
9036	1	65	162	1.000	170.13	340.27	2025-11-18 09:58:00.007
9013	1	65	627	0.000	152.21	152.21	2025-11-18 09:05:05.185
8948	1	64	110	4.000	78.64	314.56	2025-11-20 10:16:43.789
8927	1	64	68	1.000	127.71	127.71	2025-11-20 10:16:43.49
9037	1	65	183	5.000	129.85	1038.78	2025-11-18 09:58:00.225
8990	1	64	118	19.000	69.12	1313.26	2025-11-20 10:16:44.285
17683	8	117	5471	38.000	75.94	2885.80	2026-01-05 01:46:30.194
8966	1	64	89	132.000	110.80	14626.04	2025-11-20 10:16:44.103
8993	1	64	62	30.000	72.91	2187.27	2025-11-20 10:16:44.406
8968	1	64	91	73.000	55.97	4086.08	2025-11-20 10:16:44.107
9018	1	65	87	3.000	69.64	278.56	2025-11-18 09:05:05.303
8956	1	64	152	3.000	85.71	428.53	2025-11-18 09:00:11.896
8995	1	64	115	19.000	47.39	900.35	2025-11-20 10:16:44.49
17684	8	117	5388	154.000	52.03	8012.78	2026-01-05 01:46:30.286
9047	1	65	157	128.000	50.52	6618.10	2025-11-18 09:58:01.281
9040	1	65	159	5.000	65.61	459.24	2025-11-18 09:05:05.984
9003	1	64	104	79.000	165.34	13062.23	2025-11-20 10:16:43.286
9033	1	65	163	8.000	229.54	5508.87	2025-11-18 09:58:00.001
9042	1	65	176	7.000	54.81	493.31	2025-11-18 09:58:01.006
9012	1	65	153	4.000	328.97	1644.86	2025-11-18 09:05:05.124
8960	1	64	72	3.000	159.08	477.23	2025-11-20 10:16:43.5
9021	1	65	113	1.000	69.18	138.36	2025-11-18 09:05:05.402
17685	8	117	5400	98.000	80.90	7927.82	2026-01-05 01:46:30.297
8946	1	64	702	3.000	90.72	272.16	2025-11-20 10:16:43.584
8962	1	64	88	10.000	200.03	2000.32	2025-11-20 10:16:43.592
8951	1	64	108	10.000	107.90	1079.01	2025-11-20 10:16:43.691
9008	1	64	131	46.000	203.92	9380.46	2025-11-20 10:16:43.29
17686	8	117	5418	52.000	65.76	3419.52	2026-01-05 01:46:30.483
8953	1	64	133	2.000	127.71	255.42	2025-11-20 10:16:43.819
8964	1	64	139	211.000	116.40	24561.00	2025-11-20 10:16:43.902
17687	8	117	5442	12.000	65.09	781.02	2026-01-05 01:46:30.587
8992	1	64	67	41.000	70.59	2894.28	2025-11-20 10:16:44.008
8967	1	64	94	22.000	96.33	2119.18	2025-11-20 10:16:44.11
8971	1	64	130	15.000	83.67	1255.00	2025-11-20 10:16:44.2
17688	8	117	5447	146.000	85.90	12541.48	2026-01-05 01:46:30.782
8973	1	64	1547	4.000	77.71	310.84	2025-11-20 10:16:44.382
8994	1	64	1543	2.000	75.71	151.42	2025-11-20 10:16:44.494
17689	8	117	5396	6.000	79.94	479.64	2026-01-05 01:46:30.886
14357	1	100	2289	1.000	0.10	0.10	2025-12-23 08:16:48.942
17690	8	117	5391	220.000	80.91	17799.60	2026-01-05 01:46:30.987
17691	8	117	5428	22.000	53.77	1182.84	2026-01-05 01:46:31.084
10852	1	77	232	0.000	77.79	0.00	2025-11-22 07:43:55.093
10847	1	77	1725	4.000	167.79	671.16	2025-11-22 07:43:55.098
14358	1	100	2285	1.000	0.10	0.10	2025-12-23 08:16:48.947
14359	1	100	2283	1.000	0.10	0.10	2025-12-23 08:16:48.955
14361	1	100	570	33.000	302.75	9990.75	2025-12-23 08:16:48.986
15990	1	87	614	0.000	0.02	0.00	2025-12-23 09:21:38.296569
21297	1	135	160	3.000	103.28	309.85	2026-01-08 11:51:53.198
9054	1	65	204	92.000	65.58	6033.37	2025-11-18 09:05:06.395
9056	1	65	212	10.000	51.80	518.01	2025-11-18 09:05:06.412
9058	1	65	228	1.000	111.99	111.99	2025-11-18 09:05:06.495
9059	1	65	197	5.000	72.48	362.39	2025-11-18 09:05:06.504
9062	1	65	191	22.000	116.37	2560.16	2025-11-18 09:05:06.599
9064	1	65	189	1.000	81.77	81.77	2025-11-18 09:05:06.691
9065	1	65	1741	2.000	152.50	304.99	2025-11-18 09:05:06.702
9066	1	65	235	29.000	101.57	2945.66	2025-11-18 09:05:06.711
9067	1	65	206	37.000	97.35	3601.95	2025-11-18 09:05:06.788
9068	1	65	205	71.000	66.73	4737.55	2025-11-18 09:05:06.797
9069	1	65	190	23.000	71.32	1640.33	2025-11-18 09:05:06.809
9070	1	65	220	86.000	257.38	22134.57	2025-11-18 09:05:06.89
9071	1	65	216	7.000	144.09	1008.64	2025-11-18 09:05:06.899
9072	1	65	756	1.000	257.44	257.44	2025-11-18 09:05:06.908
9073	1	65	195	45.000	256.96	11563.31	2025-11-18 09:05:06.986
9074	1	65	225	3.000	330.67	992.01	2025-11-18 09:05:06.997
9075	1	65	194	25.000	259.05	6476.20	2025-11-18 09:05:07.008
9076	1	65	226	11.000	353.42	3887.62	2025-11-18 09:05:07.086
9077	1	65	207	5.000	182.99	914.97	2025-11-18 09:05:07.095
9078	1	65	215	4.000	153.24	612.94	2025-11-18 09:05:07.104
9079	1	65	221	1.000	182.70	182.70	2025-11-18 09:05:07.187
9080	1	65	213	1.000	183.94	183.94	2025-11-18 09:05:07.197
9081	1	65	219	2.000	258.39	516.78	2025-11-18 09:05:07.206
9082	1	65	218	1.000	179.88	179.88	2025-11-18 09:05:07.284
9083	1	65	224	7.000	333.42	2333.94	2025-11-18 09:05:07.294
9085	1	65	763	2.000	40.93	81.85	2025-11-18 09:05:07.384
9087	1	65	222	1.000	92.61	92.61	2025-11-18 09:05:07.481
9088	1	65	232	2.000	82.10	164.19	2025-11-18 09:05:07.491
9090	1	65	231	4.000	56.96	227.84	2025-11-18 09:05:07.51
9092	1	65	1693	1.000	80.42	80.42	2025-11-18 09:05:07.683
9093	1	65	214	1.000	46.67	46.67	2025-11-18 09:05:07.693
9094	1	65	200	2.000	152.64	305.27	2025-11-18 09:05:07.704
9095	1	65	202	1.000	129.93	129.93	2025-11-18 09:05:07.783
9096	1	65	201	18.000	72.50	1304.96	2025-11-18 09:05:07.793
9098	1	65	217	1.000	47.16	47.16	2025-11-18 09:05:07.881
9116	1	65	266	7.000	39.14	273.99	2025-11-18 09:05:08.512
9117	1	65	2261	4.000	48.60	194.38	2025-11-18 09:05:08.591
9121	1	65	267	2.000	228.58	457.16	2025-11-18 09:05:08.703
9122	1	65	258	3.000	368.91	1106.72	2025-11-18 09:05:08.784
9123	1	65	260	80.000	68.60	5487.64	2025-11-18 09:05:08.794
9130	1	65	243	2.000	82.81	165.62	2025-11-18 09:05:09.088
9131	1	65	253	2.000	98.79	197.57	2025-11-18 09:05:09.099
9132	1	65	259	1.000	67.91	67.91	2025-11-18 09:05:09.184
9133	1	65	262	1.000	48.79	48.79	2025-11-18 09:05:09.194
9134	1	65	281	6.000	67.37	404.23	2025-11-18 09:05:09.203
9135	1	65	280	9.000	91.40	822.63	2025-11-18 09:05:09.287
9136	1	65	282	7.000	103.44	724.08	2025-11-18 09:05:09.298
9137	1	65	279	4.000	144.22	576.86	2025-11-18 09:05:09.383
9138	1	65	285	7.000	140.50	983.49	2025-11-18 09:05:09.394
9139	1	65	286	1.000	74.49	74.49	2025-11-18 09:05:09.404
11031	1	69	470	5.000	103.92	519.60	2025-11-21 10:06:59.581
9142	1	65	289	4.000	75.07	300.29	2025-11-18 09:05:09.508
9143	1	65	312	1.000	56.66	56.66	2025-11-18 09:05:09.587
9144	1	65	321	1.000	74.39	74.39	2025-11-18 09:05:09.596
9148	1	65	332	13.000	132.76	1725.88	2025-11-18 09:05:09.782
9150	1	65	301	7.000	133.13	931.93	2025-11-18 09:05:09.803
9151	1	65	304	1.000	132.69	132.69	2025-11-18 09:05:09.887
9153	1	65	1993	1.000	176.67	176.67	2025-11-18 09:05:09.91
14364	1	100	552	100.000	177.88	17788.00	2025-12-23 08:16:48.999
9155	1	65	317	17.000	71.82	1220.86	2025-11-18 09:05:09.998
9157	1	65	316	83.000	53.35	4427.69	2025-11-18 09:05:10.1
14365	1	100	569	70.000	227.88	15951.60	2025-12-23 08:16:49.003
11029	1	69	515	19.000	79.34	1904.16	2025-11-21 13:24:50.692
9097	1	65	1680	0.000	71.72	71.72	2025-11-18 09:05:07.803
9115	1	65	238	6.000	108.28	649.67	2025-11-19 06:46:11.098
9127	1	65	255	6.000	88.32	529.90	2025-11-19 06:46:11.201
9112	1	65	257	3.000	178.05	534.16	2025-11-19 06:46:11.205
9113	1	65	271	2.000	128.18	256.37	2025-11-19 06:46:11.315
9114	1	65	272	7.000	48.91	342.34	2025-11-19 06:46:11.385
9111	1	65	248	15.000	43.03	645.50	2025-11-19 06:46:11.389
9100	1	65	277	15.000	78.22	1173.36	2025-11-19 06:46:11.406
9124	1	65	236	11.000	137.88	1516.64	2025-11-19 06:46:11.414
9103	1	65	239	7.000	58.89	412.26	2025-11-19 06:46:11.61
9101	1	65	240	10.000	88.67	886.74	2025-11-19 06:46:11.618
9104	1	65	241	18.000	53.55	963.90	2025-11-19 06:46:11.683
9128	1	65	264	6.000	58.03	406.18	2025-11-19 06:46:12.309
9105	1	65	249	10.000	78.65	786.53	2025-11-19 06:46:11.798
9129	1	65	251	5.000	43.08	215.42	2025-11-19 06:46:11.815
8720	1	67	531	412.000	50.49	20803.21	2025-11-26 16:43:12.38
9107	1	65	261	8.000	58.00	463.99	2025-11-19 06:46:12.183
9106	1	65	263	6.000	98.03	588.18	2025-11-19 06:46:12.286
8874	1	66	465	6.000	63.55	381.30	2025-11-22 07:37:27.099
9126	1	65	254	32.000	48.46	1599.21	2025-11-19 06:46:11.895
9118	1	65	273	8.000	48.84	390.73	2025-11-19 06:46:12.396
9125	1	65	274	7.000	108.43	759.04	2025-11-19 06:46:12.4
9102	1	65	276	4.000	88.40	353.60	2025-11-19 06:46:12.403
9119	1	65	278	25.000	88.49	2212.20	2025-11-19 06:46:12.503
9147	1	65	292	0.000	92.75	0.00	2025-11-19 10:04:18.709
9099	1	65	758	0.000	56.59	0.00	2025-11-19 10:07:58.365
9055	1	65	227	0.000	66.75	0.00	2025-11-19 10:07:58.391
8886	1	66	484	21.000	48.78	1170.64	2025-11-22 07:37:27.398
9120	1	65	245	5.000	63.77	318.85	2025-11-19 10:07:58.485
9109	1	65	265	28.000	48.16	1348.48	2025-11-19 10:07:58.493
9063	1	65	192	0.000	51.33	102.66	2025-11-18 09:05:06.61
9061	1	65	187	24.000	51.02	1428.65	2025-11-18 09:05:06.589
9084	1	65	234	24.000	50.56	1264.00	2025-11-19 10:07:58.4
9091	1	65	199	7.000	72.01	936.07	2025-11-18 09:05:07.591
9156	1	65	305	7.000	62.82	502.53	2025-11-18 09:05:10.087
9149	1	65	296	4.000	97.19	485.94	2025-11-18 09:05:09.793
9141	1	65	450	3.000	147.14	588.57	2025-11-18 09:05:09.499
8881	1	66	472	4.000	428.55	1714.20	2025-11-22 07:37:27.207
14366	1	100	529	29.000	252.88	7333.52	2025-12-23 08:16:49.081
8875	1	66	470	0.000	103.55	310.65	2025-11-22 07:37:27.103
8873	1	66	464	16.000	108.85	1850.51	2025-11-22 07:37:27.096
9159	1	65	311	3.000	72.67	218.00	2025-11-18 09:05:10.198
9160	1	65	333	8.000	83.27	666.15	2025-11-18 09:05:10.284
9161	1	65	294	13.000	64.31	835.98	2025-11-18 09:05:10.296
9162	1	65	307	14.000	56.34	788.80	2025-11-18 09:05:10.306
9163	1	65	326	24.000	48.03	1152.75	2025-11-18 09:05:10.391
9164	1	65	331	10.000	83.73	837.30	2025-11-18 09:05:10.402
9166	1	65	336	9.000	77.06	693.58	2025-11-18 09:05:10.592
9145	1	65	302	36.000	68.69	2472.93	2025-11-18 09:05:10.688
9167	1	65	314	2.000	102.71	205.41	2025-11-18 09:05:10.787
9168	1	65	299	12.000	132.95	1595.40	2025-11-18 09:05:10.891
9169	1	65	330	28.000	132.34	3705.64	2025-11-18 09:05:11.084
9170	1	65	325	7.000	91.55	640.88	2025-11-18 09:05:11.095
9171	1	65	323	4.000	92.89	371.56	2025-11-18 09:05:11.184
9172	1	65	297	1.000	102.77	102.77	2025-11-18 09:05:11.194
9173	1	65	290	19.000	82.73	1571.93	2025-11-18 09:05:11.204
9174	1	65	306	4.000	71.60	286.38	2025-11-18 09:05:11.289
9175	1	65	324	1.000	88.41	88.41	2025-11-18 09:05:11.302
9176	1	65	335	1.000	68.41	68.41	2025-11-18 09:05:11.387
9165	1	65	319	21.000	112.56	2476.33	2025-11-18 09:05:10.485
11042	1	69	1941	2.000	188.58	377.16	2025-11-21 10:06:59.892
14370	1	100	155	350.000	13.54	4739.00	2025-12-11 12:11:26.093
21501	8	120	6065	0.000	139.28	0.00	2026-01-10 14:23:07.486
17694	8	117	5435	54.000	81.20	4384.80	2026-01-05 01:46:31.292
11039	1	69	1933	2.000	153.58	460.74	2025-11-21 10:06:59.794
11041	1	69	1938	2.000	370.70	741.39	2025-11-21 10:06:59.808
17695	8	117	5448	118.000	60.98	7195.48	2026-01-05 01:46:31.388
11037	1	69	1927	5.000	152.44	1067.07	2025-11-21 10:06:59.713
11036	1	69	1926	1.000	417.49	1669.94	2025-11-21 10:06:59.705
11038	1	69	1929	3.000	102.85	822.84	2025-11-21 10:06:59.787
11040	1	69	876	1.000	178.56	535.68	2025-11-21 10:06:59.801
11035	1	69	1907	2.000	230.00	690.00	2025-11-21 10:06:59.698
11080	1	76	1680	4.000	68.72	274.87	2025-11-27 06:03:11.095
11079	1	76	1679	1.000	88.72	88.72	2025-11-27 06:03:11.102
11076	1	76	1694	2.000	168.72	337.43	2025-11-27 06:03:11.488
14421	1	100	1609	5.000	45.06	225.31	2025-12-24 14:42:29.694
14427	1	100	188	3.000	135.43	406.28	2025-12-23 09:13:24.996
10829	1	77	1717	1.000	227.79	227.79	2025-11-22 07:43:55.186
10837	1	77	1720	0.000	127.79	0.00	2025-11-22 07:43:55.193
10836	1	77	1719	4.000	62.79	251.16	2025-11-22 07:43:55.199
10796	1	77	210	0.000	197.79	0.00	2025-11-22 07:43:55.205
10863	1	77	1743	0.000	57.79	0.00	2025-11-22 07:43:55.287
10797	1	77	1694	0.000	167.79	0.00	2025-11-22 07:43:55.294
17696	8	117	5445	104.000	58.25	6058.50	2026-01-05 01:46:31.402
10817	1	77	1704	0.000	117.79	0.00	2025-11-22 07:43:55.3
10772	1	77	192	17.000	47.79	812.43	2025-11-22 07:43:55.386
10776	1	77	1679	0.000	87.79	0.00	2025-11-22 07:43:55.392
14402	1	100	172	43.000	105.84	4551.30	2025-12-24 14:42:27.787
10774	1	77	1680	3.000	67.79	203.37	2025-11-22 07:43:55.399
14384	1	100	185	20.000	80.99	1619.76	2025-12-24 14:42:29.185
10831	1	77	1727	0.000	177.79	0.00	2025-11-22 07:43:55.482
14367	1	100	578	77.000	227.88	17546.76	2025-12-23 08:16:49.09
14396	1	100	163	15.000	230.37	3455.52	2025-12-24 14:42:27.679
14406	1	100	1613	0.000	0.00	0.00	2025-12-11 12:11:27.689
10832	1	77	1728	0.000	97.79	0.00	2025-11-22 07:43:55.488
10794	1	77	209	16.000	45.79	732.64	2025-11-22 07:43:55.494
14372	1	100	79	1.000	65.83	65.83	2025-12-23 08:16:49.181
14405	1	100	159	13.000	65.74	854.59	2025-12-24 14:42:29.194
14381	1	100	104	90.000	167.93	15113.70	2025-12-23 08:16:49.39
14429	1	100	212	11.000	52.44	576.82	2025-12-23 09:13:25.309
14428	1	100	204	24.000	65.78	1578.68	2025-12-23 09:13:25.187
14422	1	100	1629	4.000	181.19	724.75	2025-12-24 14:42:27.383
14368	1	100	588	15.000	277.88	4168.20	2025-12-23 08:16:49.095
14423	1	100	178	0.000	0.00	0.00	2025-12-11 12:11:28.386
14424	1	100	179	0.000	0.00	0.00	2025-12-11 12:11:28.395
14394	1	100	1671	10.000	77.80	777.95	2025-12-24 14:42:29.183
14409	1	100	168	74.000	71.27	5273.87	2025-12-24 14:42:29.382
14369	1	100	154	1.000	69.46	69.46	2025-12-23 08:16:49.1
14385	1	100	1619	2.000	65.30	130.59	2025-12-24 14:42:27.785
17697	8	117	5423	4.000	56.84	227.34	2026-01-05 01:46:31.488
14380	1	100	95	67.000	369.38	24748.46	2025-12-23 08:16:49.386
14375	1	100	74	80.000	80.84	6467.20	2025-12-23 08:16:49.28
14376	1	100	126	2.000	134.55	269.10	2025-12-23 08:16:49.285
14377	1	100	139	198.000	116.41	23049.18	2025-12-23 08:16:49.288
17698	8	117	5432	38.000	87.73	3333.78	2026-01-05 01:46:31.496
14401	1	100	182	14.000	127.02	1778.21	2025-12-24 14:42:28.689
14386	1	100	166	1.000	115.74	115.74	2025-12-23 08:16:49.497
14383	1	100	175	9.000	95.71	861.40	2025-12-24 14:42:28.179
14390	1	100	1595	7.000	81.58	571.05	2025-12-24 14:42:27.488
14399	1	100	162	1.000	170.30	170.30	2025-12-24 14:42:27.592
14403	1	100	1612	7.000	61.06	427.41	2025-12-24 14:42:27.689
14393	1	100	171	3.000	50.80	152.40	2025-12-23 08:16:49.599
14387	1	100	184	1.000	105.30	105.30	2025-12-24 14:42:28.979
14395	1	100	1653	6.000	130.59	783.56	2025-12-24 14:42:28.691
14388	1	100	732	7.000	120.40	842.82	2025-12-24 14:42:27.798
14391	1	100	167	15.000	79.98	1199.77	2025-12-24 14:42:27.687
14408	1	100	181	2.000	65.81	131.62	2025-12-23 08:16:49.796
14407	1	100	176	14.000	55.80	781.18	2025-12-24 14:42:29.396
14411	1	100	740	11.000	81.04	891.48	2025-12-24 14:42:29.597
14413	1	100	1670	13.000	67.22	873.91	2025-12-24 14:42:29.682
14418	1	100	1604	1.000	50.30	50.30	2025-12-24 14:42:29.691
14414	1	100	161	1.000	79.86	79.86	2025-12-23 08:16:49.898
14416	1	100	1654	27.000	80.62	2176.70	2025-12-24 14:42:29.582
14410	1	100	738	12.000	61.39	736.71	2025-12-24 14:42:29.587
14419	1	100	1659	6.000	65.70	394.21	2025-12-24 14:42:29.798
14398	1	100	165	0.000	130.30	0.00	2025-12-24 14:42:27.682
14417	1	100	1650	4.000	47.33	189.33	2025-12-24 14:42:29.789
14389	1	100	158	12.000	65.86	790.38	2025-12-24 14:42:27.386
14425	1	100	173	3.000	243.25	729.75	2025-12-23 08:16:50.093
14426	1	100	1621	1.000	372.08	372.08	2025-12-23 08:16:50.097
14374	1	100	87	4.000	69.68	278.72	2025-12-23 08:16:49.19
14415	1	100	1641	1.000	81.28	81.28	2025-12-24 14:42:29.493
14404	1	100	1608	3.000	76.63	229.89	2025-12-24 14:42:27.684
14371	1	100	93	211.000	151.62	31991.82	2025-12-23 08:16:49.104
14382	1	100	99	129.000	192.32	24809.28	2025-12-23 08:16:49.484
9216	1	70	552	18.000	166.86	3003.48	2025-11-20 12:39:47.602
9227	1	70	575	2.000	324.32	648.64	2025-11-20 12:39:47.624
9181	1	70	584	3.000	138.77	416.31	2025-11-18 09:08:42.196
9184	1	70	523	2.000	152.34	304.67	2025-11-18 09:08:42.292
9185	1	70	550	1.000	72.43	72.43	2025-11-18 09:08:42.301
9187	1	70	536	2.000	129.19	258.38	2025-11-18 09:08:42.387
9188	1	70	570	2.000	303.41	606.81	2025-11-18 09:08:42.397
9189	1	70	580	13.000	211.46	2748.97	2025-11-18 09:08:42.405
9190	1	70	592	7.000	53.02	371.13	2025-11-18 09:08:42.49
9191	1	70	547	5.000	189.31	946.56	2025-11-18 09:08:42.499
9192	1	70	624	1.000	169.89	169.89	2025-11-18 09:08:42.508
9193	1	70	626	1.000	86.06	86.06	2025-11-18 09:08:42.585
9194	1	70	618	2.000	47.93	95.86	2025-11-18 09:08:42.783
9195	1	70	615	1.000	192.76	192.76	2025-11-18 09:08:42.889
9197	1	70	616	1.000	132.76	132.76	2025-11-18 09:08:42.984
9198	1	70	589	2.000	129.72	259.43	2025-11-18 09:08:42.994
11045	1	69	1616	6.000	73.86	443.16	2025-11-21 10:14:04.1
9201	1	70	509	8.000	128.86	1030.89	2025-11-18 09:08:43.105
9211	1	70	535	5.000	149.55	747.75	2025-11-18 09:08:43.481
9214	1	70	622	2.000	95.15	190.29	2025-11-18 09:08:43.509
9215	1	70	562	3.000	228.57	685.71	2025-11-18 09:08:43.589
9217	1	70	569	4.000	228.40	913.59	2025-11-18 09:08:43.607
9219	1	70	593	1.000	112.71	112.71	2025-11-18 09:08:43.691
9220	1	70	513	3.000	188.77	566.31	2025-11-18 09:08:43.699
9223	1	70	619	1.000	188.51	188.51	2025-11-18 09:08:43.795
9224	1	70	578	4.000	228.34	913.37	2025-11-18 09:08:43.804
9225	1	70	588	5.000	277.88	1389.40	2025-11-18 09:08:43.812
9226	1	70	620	4.000	92.76	371.04	2025-11-18 09:08:43.887
9231	1	70	554	3.000	69.51	208.52	2025-11-18 09:08:44.094
9237	1	70	636	3.000	67.78	203.34	2025-11-18 09:08:44.292
9239	1	70	639	3.000	78.88	236.65	2025-11-18 09:08:44.383
9240	1	70	640	3.000	98.21	294.63	2025-11-18 09:08:44.402
9241	1	70	600	2.000	164.14	328.28	2025-11-18 09:08:44.481
9242	1	70	601	9.000	84.12	757.11	2025-11-18 09:08:44.492
9243	1	70	644	1.000	87.73	87.73	2025-11-18 09:08:44.502
9244	1	70	645	1.000	141.81	141.81	2025-11-18 09:08:44.583
9245	1	70	648	3.000	368.65	1105.94	2025-11-18 09:08:44.594
9246	1	70	649	5.000	59.19	295.93	2025-11-18 09:08:44.604
9250	1	70	653	11.000	50.26	552.86	2025-11-18 09:08:44.791
9251	1	70	654	1.000	155.27	155.27	2025-11-18 09:08:44.801
9252	1	70	655	5.000	54.13	270.64	2025-11-18 09:08:44.884
9253	1	70	656	1.000	140.38	140.38	2025-11-18 09:08:44.894
21298	1	135	165	1.000	135.28	135.28	2026-01-08 11:51:53.293
9256	1	70	339	8.000	104.37	834.97	2025-11-18 09:08:44.999
9257	1	70	664	6.000	91.11	546.64	2025-11-18 09:08:45.01
9258	1	70	665	4.000	155.06	620.23	2025-11-18 09:08:45.089
9260	1	70	642	4.000	84.05	336.20	2025-11-18 09:08:45.109
9261	1	70	641	4.000	94.05	376.20	2025-11-18 09:08:45.19
9262	1	70	638	5.000	44.05	220.25	2025-11-18 09:08:45.2
9264	1	70	657	1.000	428.96	428.96	2025-11-18 09:08:45.291
9266	1	70	646	2.000	49.05	98.10	2025-11-18 09:08:45.381
9268	1	70	359	8.000	94.36	754.88	2025-11-18 09:08:45.402
9271	1	70	672	2.000	72.07	144.14	2025-11-18 09:08:45.495
9276	1	70	667	1.000	108.91	108.91	2025-11-18 09:08:45.608
14432	1	100	197	7.000	73.57	514.96	2025-12-23 09:13:25.892
9279	1	70	374	2.000	156.21	312.41	2025-11-18 09:08:45.706
9281	1	70	680	7.000	52.63	368.39	2025-11-18 09:08:45.798
9282	1	70	363	4.000	59.40	237.61	2025-11-18 09:08:45.884
9205	1	70	520	9.000	49.72	596.60	2025-11-19 10:04:18.182
8762	1	66	50	0.000	57.12	0.00	2025-11-21 10:14:04.401
11046	1	69	1627	3.000	151.47	757.35	2025-11-21 10:14:04.189
9202	1	70	610	2.000	109.95	219.89	2025-11-18 09:08:43.181
9272	1	70	355	8.000	105.87	1058.70	2025-11-18 09:08:45.503
9200	1	70	633	5.000	278.98	1952.87	2025-11-18 09:08:43.097
9284	1	70	369	3.000	42.65	127.96	2025-11-19 10:04:18.698
9210	1	70	572	5.000	129.08	774.48	2025-11-18 09:08:43.401
9218	1	70	585	1.000	129.22	387.66	2025-11-18 09:08:43.681
9213	1	70	629	1.000	108.04	216.08	2025-11-18 09:08:43.5
9234	1	70	337	0.000	50.67	0.00	2025-11-27 08:00:48.097
11047	1	69	1630	1.000	88.83	177.66	2025-11-21 10:14:04.196
9207	1	70	611	4.000	110.62	442.49	2025-11-18 09:08:43.305
10957	1	78	109	99.000	94.83	9387.84	2025-11-21 10:14:04.394
9400	1	69	109	26.000	164.59	4279.32	2025-11-21 10:14:04.396
21300	1	135	728	0.000	0.00	0.02	2026-01-08 11:51:53.381
9283	1	70	368	6.000	67.25	470.74	2025-11-18 09:08:45.894
9233	1	70	594	11.000	88.21	970.28	2025-11-18 09:08:44.184
9222	1	70	586	10.000	115.56	1155.60	2025-11-18 09:08:43.786
9274	1	70	677	8.000	108.86	979.72	2025-11-18 09:08:45.59
9265	1	70	663	0.000	288.96	288.96	2025-11-18 09:08:45.301
9232	1	70	631	0.000	69.46	138.92	2025-11-18 09:08:44.104
9229	1	70	557	9.000	69.54	764.95	2025-11-18 09:08:43.985
9183	1	70	555	9.000	134.39	1343.92	2025-11-18 09:08:42.282
11044	1	69	1610	9.000	61.60	739.20	2025-11-21 10:14:04.081
11051	1	69	1656	4.000	126.72	633.60	2025-11-21 10:14:04.297
9280	1	70	669	1.000	105.17	210.34	2025-11-18 09:08:45.787
17699	8	117	5380	72.000	50.86	3661.72	2026-01-05 01:46:31.589
9263	1	70	643	3.000	149.05	596.20	2025-11-18 09:08:45.21
9206	1	70	512	9.000	49.35	493.45	2025-11-18 09:08:43.295
9277	1	70	340	3.000	108.76	435.05	2025-11-18 09:08:45.687
11049	1	69	736	1.000	166.41	332.82	2025-11-21 10:14:04.211
17700	8	117	5397	2.000	275.61	551.22	2026-01-05 01:46:31.685
9178	1	70	612	1.000	129.26	258.51	2025-11-18 09:08:42.142
9238	1	70	637	0.000	94.83	94.83	2025-11-18 09:08:44.302
9249	1	70	652	2.000	109.46	328.38	2025-11-18 09:08:44.703
11048	1	69	1633	2.000	105.54	211.09	2025-11-22 10:00:15.755
11052	1	69	183	7.000	148.41	1038.84	2025-11-21 10:14:04.305
14437	1	100	189	1.000	81.77	81.77	2025-12-23 09:13:26.185
14434	1	100	187	6.000	51.69	310.14	2025-12-23 09:13:25.997
14433	1	100	196	4.000	252.58	1010.32	2025-12-23 09:13:25.982
11043	1	69	1591	5.000	110.23	771.62	2025-11-21 10:14:04.019
11055	1	69	1891	0.000	93.56	0.00	2025-11-21 10:14:04.391
11050	1	69	1651	2.000	71.39	499.73	2025-11-21 10:14:04.289
11054	1	69	1669	1.000	85.87	171.73	2025-11-21 10:14:04.384
11053	1	69	1660	7.000	119.41	955.26	2025-11-21 10:14:04.313
9287	1	70	674	1.000	61.29	61.29	2025-11-18 09:08:46.083
9290	1	70	344	7.000	73.35	513.42	2025-11-18 09:08:46.181
9291	1	70	346	2.000	83.81	167.61	2025-11-18 09:08:46.192
9292	1	70	375	3.000	55.80	167.40	2025-11-18 09:08:46.202
9294	1	70	349	3.000	50.60	151.80	2025-11-18 09:08:46.291
9295	1	70	350	7.000	61.09	427.63	2025-11-18 09:08:46.304
9296	1	70	361	4.000	48.97	195.86	2025-11-18 09:08:46.316
9297	1	70	360	4.000	47.12	188.48	2025-11-18 09:08:46.388
9299	1	70	365	3.000	55.81	167.42	2025-11-18 09:08:46.491
9301	1	70	683	1.000	63.01	63.01	2025-11-18 09:08:46.585
9302	1	70	376	3.000	73.31	219.93	2025-11-18 09:08:46.595
9305	1	70	377	3.000	48.80	146.40	2025-11-18 09:08:46.703
9306	1	70	681	4.000	91.34	365.37	2025-11-18 09:08:46.788
9307	1	70	341	1.000	97.86	97.86	2025-11-18 09:08:46.798
9308	1	70	671	2.000	109.07	218.13	2025-11-18 09:08:46.808
9309	1	70	673	5.000	118.81	594.05	2025-11-18 09:08:46.891
9310	1	70	367	8.000	56.86	454.87	2025-11-18 09:08:46.901
9311	1	70	676	7.000	55.69	389.83	2025-11-18 09:08:46.984
9313	1	70	321	1.000	92.12	92.12	2025-11-18 09:08:47.003
9314	1	70	302	4.000	67.26	269.02	2025-11-18 09:08:47.087
9315	1	70	328	14.000	92.24	1291.32	2025-11-18 09:08:47.096
9319	1	70	296	6.000	97.31	583.86	2025-11-18 09:08:47.215
9320	1	70	301	4.000	132.13	528.52	2025-11-18 09:08:47.295
9322	1	70	1993	1.000	179.21	179.21	2025-11-18 09:08:47.392
9325	1	70	305	11.000	61.38	675.13	2025-11-18 09:08:47.588
9326	1	70	316	8.000	52.60	420.78	2025-11-18 09:08:47.604
9328	1	70	293	1.000	71.47	71.47	2025-11-18 09:08:47.695
9330	1	70	294	5.000	61.56	307.80	2025-11-18 09:08:47.792
9332	1	70	307	12.000	56.30	675.64	2025-11-18 09:08:47.889
9334	1	70	299	7.000	132.01	924.08	2025-11-18 09:08:47.995
9335	1	70	687	3.000	147.58	442.75	2025-11-18 09:08:48.007
9336	1	70	697	11.000	68.13	749.43	2025-11-18 09:08:48.088
9339	1	70	297	4.000	102.16	408.64	2025-11-18 09:08:48.201
9340	1	70	290	8.000	82.15	657.22	2025-11-18 09:08:48.288
9342	1	70	1955	3.000	191.90	575.70	2025-11-18 09:08:48.387
9343	1	70	306	5.000	71.60	358.00	2025-11-18 09:08:48.398
9344	1	70	690	1.000	101.59	101.59	2025-11-18 09:08:48.489
9345	1	70	695	8.000	96.45	771.60	2025-11-18 09:08:48.501
10963	1	78	122	91.000	69.86	6636.70	2025-11-21 10:14:04.504
9318	1	70	332	7.000	142.34	1281.02	2025-11-18 09:08:47.2
9312	1	70	487	0.000	287.91	287.91	2025-11-18 09:08:46.994
9300	1	70	364	7.000	64.17	449.16	2025-11-26 17:08:26.768
10893	1	78	100	3.000	156.05	468.15	2025-11-21 10:14:04.484
10514	1	76	1725	5.000	168.72	843.59	2025-11-27 06:03:12.086
11056	1	69	100	2.000	156.05	312.10	2025-11-21 10:14:04.488
8754	1	66	85	0.000	0.00	0.00	2025-11-21 10:14:04.406
9285	1	70	372	0.000	58.82	235.28	2025-11-18 09:08:45.991
9298	1	70	370	9.000	60.09	600.91	2025-11-18 09:08:46.4
11182	1	76	1681	3.000	108.41	325.22	2025-11-27 06:03:11.099
8755	1	66	113	15.000	72.39	1085.85	2025-11-21 10:14:04.498
10910	1	78	102	63.000	104.75	6599.34	2025-11-21 10:14:04.492
9323	1	70	318	16.000	60.37	1026.34	2025-11-19 10:04:18.798
11069	1	76	1708	7.000	128.72	901.02	2025-11-27 06:03:11.794
9329	1	70	333	7.000	82.36	658.90	2025-11-18 09:08:47.705
9337	1	70	1981	0.000	93.00	278.99	2025-11-18 09:08:48.102
9398	1	69	85	10.000	200.19	3203.06	2025-11-21 10:14:04.408
10894	1	78	705	0.000	164.69	988.15	2025-11-21 06:18:39.194
10463	1	76	1605	13.000	276.43	4422.89	2025-11-22 07:36:47.386
9303	1	70	351	4.000	56.37	338.20	2025-11-18 09:08:46.683
9289	1	70	343	9.000	73.84	812.26	2025-11-18 09:08:46.103
9288	1	70	352	3.000	80.91	485.43	2025-11-19 10:04:18.602
10513	1	76	232	9.000	113.08	1017.76	2025-11-27 06:03:12.099
11089	1	76	1721	1.000	148.72	148.72	2025-11-27 06:03:11.986
11070	1	76	1733	0.000	0.00	383.37	2025-11-22 07:43:55.089
21303	1	135	1622	0.000	70.28	0.00	2026-01-08 11:51:53.397
10515	1	76	231	105.000	53.72	5640.31	2025-11-27 06:03:12.092
10804	1	77	1695	0.000	177.79	0.00	2025-11-22 07:43:55.595
10788	1	77	200	2.000	147.79	295.58	2025-11-22 07:43:55.601
10838	1	77	1721	0.000	147.79	0.00	2025-11-22 07:43:55.607
9304	1	70	378	37.000	44.00	1892.05	2025-11-18 09:08:46.693
9286	1	70	679	6.000	124.73	997.86	2025-11-18 09:08:46.001
9331	1	70	691	4.000	63.42	380.54	2025-11-18 09:08:47.804
11090	1	76	1722	3.000	78.72	236.15	2025-11-27 06:03:11.989
9408	1	69	50	0.000	183.73	2204.80	2025-11-21 10:14:04.403
10839	1	77	1722	2.000	77.79	155.58	2025-11-22 07:43:55.685
9333	1	70	319	10.000	112.36	1910.06	2025-11-18 09:08:47.9
10828	1	77	1715	2.000	77.79	155.58	2025-11-22 07:43:55.696
10821	1	77	1707	2.000	132.79	265.58	2025-11-22 07:43:55.707
10841	1	77	1730	0.000	67.79	0.00	2025-11-22 07:43:55.716
10811	1	77	1700	1.000	62.79	62.79	2025-11-22 07:43:55.783
10792	1	77	1689	0.000	167.79	0.00	2025-11-22 07:43:55.79
9316	1	70	309	12.000	102.81	1336.50	2025-11-18 09:08:47.107
14441	1	100	190	19.000	71.92	1366.40	2025-12-23 09:13:26.489
14443	1	100	216	11.000	145.62	1601.84	2025-12-23 09:13:26.693
9293	1	70	345	4.000	84.40	421.99	2025-11-18 09:08:46.212
9338	1	70	694	1.000	112.55	225.10	2025-11-18 09:08:48.189
9321	1	70	329	8.000	132.50	1457.51	2025-11-19 10:04:18.792
14445	1	100	225	6.000	332.53	1995.20	2025-12-23 09:13:26.886
14440	1	100	205	123.000	67.31	8279.13	2025-12-23 09:13:26.386
17710	8	117	5619	2.000	60.26	120.52	2026-01-05 01:46:32.185
17711	8	117	5658	10.000	111.03	1110.30	2026-01-05 01:46:32.194
17712	8	117	5720	12.000	53.20	638.40	2026-01-05 01:46:32.286
17713	8	117	5943	102.000	60.07	6126.76	2026-01-05 01:46:32.293
17714	8	117	5944	4.000	90.44	361.74	2026-01-05 01:46:32.386
17715	8	117	5945	8.000	86.66	693.26	2026-01-05 01:46:32.394
17716	8	117	5946	18.000	158.94	2860.98	2026-01-05 01:46:32.486
17717	8	117	5947	12.000	116.51	1398.06	2026-01-05 01:46:32.495
17718	8	117	5951	6.000	170.26	1021.54	2026-01-05 01:46:32.587
17719	8	117	5952	2.000	248.63	497.26	2026-01-05 01:46:32.597
17720	8	117	5953	52.000	139.19	7237.92	2026-01-05 01:46:32.692
17721	8	117	5955	2.000	110.61	221.22	2026-01-05 01:46:32.787
9364	1	69	86	2.000	55.17	110.34	2025-11-18 09:22:25.088
9365	1	69	87	12.000	68.97	827.58	2025-11-18 09:22:25.097
9366	1	69	140	7.000	134.64	942.46	2025-11-18 09:22:25.106
9368	1	69	56	15.000	98.08	1471.23	2025-11-18 09:22:25.194
11103	1	76	730	0.000	150.01	2550.21	2025-11-22 07:36:46.681
9406	1	69	81	10.000	74.14	815.56	2025-11-18 09:22:26.299
9374	1	69	141	5.000	44.42	222.09	2025-11-18 09:22:25.384
9375	1	69	120	3.000	110.10	330.29	2025-11-18 09:22:25.393
11102	1	76	1620	0.000	148.01	148.01	2025-11-22 07:36:46.606
9377	1	69	73	7.000	193.98	1357.86	2025-11-18 09:22:25.411
11192	1	76	203	2.000	228.72	457.43	2025-11-27 06:03:11.299
9380	1	69	66	1.000	80.16	80.16	2025-11-18 09:22:25.504
9383	1	69	149	5.000	80.88	404.42	2025-11-18 09:22:25.598
9389	1	69	92	8.000	150.16	1651.73	2025-11-18 09:22:25.793
9385	1	69	60	7.000	109.69	767.83	2025-11-18 09:22:25.684
9386	1	69	70	10.000	120.09	1200.93	2025-11-18 09:22:25.694
9387	1	69	703	1.000	69.53	69.53	2025-11-18 09:22:25.705
9442	1	69	171	5.000	50.81	254.04	2025-11-21 10:14:04.181
12574	1	87	624	0.000	169.89	0.00	2025-12-30 11:26:28.183
12577	1	87	699	1.000	82.71	82.71	2025-12-23 09:23:06.702
12570	1	87	698	1.000	0.01	0.01	2025-12-23 09:23:06.195
14453	1	100	224	16.000	335.02	5360.32	2025-12-23 09:13:27.589
17723	8	117	5958	12.000	67.63	811.60	2026-01-05 01:46:32.894
9367	1	69	57	9.000	179.55	1795.52	2025-11-18 09:22:25.184
9416	1	69	131	1.000	205.89	411.77	2025-11-18 09:22:26.602
17724	8	117	5959	36.000	80.10	2883.66	2026-01-05 01:46:32.986
11115	1	76	1592	0.000	63.01	63.01	2025-11-22 07:36:47.001
9425	1	69	713	0.000	95.44	95.44	2025-11-18 09:22:26.988
11097	1	76	1621	2.000	368.01	736.03	2025-11-22 07:36:46.406
17725	8	117	5968	22.000	99.32	2185.02	2026-01-05 01:46:32.996
9413	1	69	706	2.000	370.43	740.85	2025-11-18 09:22:26.497
9415	1	69	145	2.000	242.25	484.49	2025-11-18 09:22:26.592
9417	1	69	119	2.000	280.26	560.52	2025-11-18 09:22:26.687
9419	1	69	601	5.000	83.90	419.50	2025-11-18 09:22:26.708
9420	1	69	653	16.000	72.79	1164.64	2025-11-18 09:22:26.788
9421	1	69	709	1.000	166.09	166.09	2025-11-18 09:22:26.799
9422	1	69	711	2.000	95.73	191.46	2025-11-18 09:22:26.882
9424	1	69	715	2.000	90.25	180.50	2025-11-18 09:22:26.911
9426	1	69	716	3.000	112.02	336.06	2025-11-18 09:22:26.998
11098	1	76	1629	2.000	178.01	356.03	2025-11-22 07:36:46.41
11099	1	76	1594	1.000	84.26	84.26	2025-11-22 07:36:46.495
9458	1	69	729	0.000	55.81	0.00	2025-11-18 09:22:28.183
9430	1	69	341	22.000	98.90	2175.80	2025-11-18 09:22:27.186
9431	1	69	718	1.000	38.31	38.31	2025-11-18 09:22:27.196
9432	1	69	725	5.000	85.78	428.90	2025-11-18 09:22:27.206
9433	1	69	175	7.000	95.78	670.47	2025-11-18 09:22:27.286
9434	1	69	185	9.000	80.75	726.73	2025-11-18 09:22:27.297
21306	1	135	1633	0.000	75.48	0.00	2026-01-08 11:51:53.499
9437	1	69	732	1.000	120.72	120.72	2025-11-18 09:22:27.401
9439	1	69	719	1.000	75.77	75.77	2025-11-18 09:22:27.491
9440	1	69	167	4.000	79.32	317.28	2025-11-18 09:22:27.502
9441	1	69	726	3.000	75.76	227.28	2025-11-18 09:22:27.584
9443	1	69	160	7.000	98.69	690.84	2025-11-18 09:22:27.683
9444	1	69	735	2.000	115.68	231.35	2025-11-18 09:22:27.693
9445	1	69	727	2.000	150.74	301.48	2025-11-18 09:22:27.703
9446	1	69	730	3.000	152.72	458.16	2025-11-18 09:22:27.782
9447	1	69	169	2.000	105.58	211.16	2025-11-18 09:22:27.792
9448	1	69	165	8.000	130.80	1046.43	2025-11-18 09:22:27.802
9449	1	69	162	3.000	170.48	511.44	2025-11-18 09:22:27.811
9450	1	69	182	4.000	126.34	505.36	2025-11-18 09:22:27.89
9451	1	69	172	7.000	105.63	739.43	2025-11-18 09:22:27.899
9452	1	69	159	7.000	65.63	459.39	2025-11-18 09:22:27.908
9453	1	69	723	11.000	45.87	504.55	2025-11-18 09:22:27.984
9456	1	69	176	13.000	55.85	726.08	2025-11-18 09:22:28.089
9457	1	69	734	2.000	65.80	131.60	2025-11-18 09:22:28.099
9459	1	69	720	4.000	71.06	284.24	2025-11-18 09:22:28.193
9460	1	69	168	10.000	70.52	705.20	2025-11-18 09:22:28.203
9461	1	69	738	3.000	60.91	182.73	2025-11-18 09:22:28.284
9462	1	69	740	5.000	90.52	452.61	2025-11-18 09:22:28.294
9463	1	69	164	9.000	75.78	682.02	2025-11-18 09:22:28.305
9464	1	69	161	1.000	79.81	79.81	2025-11-18 09:22:28.386
9467	1	69	178	1.000	205.54	205.54	2025-11-18 09:22:28.491
9468	1	69	737	1.000	280.66	280.66	2025-11-18 09:22:28.502
9469	1	69	180	3.000	280.50	841.50	2025-11-18 09:22:28.583
9470	1	69	743	2.000	397.02	794.04	2025-11-18 09:22:28.594
9372	1	69	53	5.000	79.79	398.97	2025-11-19 10:07:58.592
21500	8	120	5961	0.000	219.28	0.00	2026-01-10 14:23:07.396
11111	1	76	1665	1.000	123.01	123.01	2025-11-22 07:36:46.904
11187	1	76	1690	1.000	88.72	88.72	2025-11-27 06:03:11.401
11104	1	76	1622	0.000	63.01	63.01	2025-11-22 07:36:46.686
11096	1	76	1618	0.000	283.01	283.01	2025-11-22 07:36:46.4
9409	1	69	143	3.000	54.83	219.32	2025-11-18 09:22:26.392
11194	1	76	211	1.000	54.97	54.97	2025-11-27 06:03:11.497
9418	1	69	99	7.000	193.47	1547.79	2025-11-18 09:22:26.697
11105	1	76	1624	0.000	103.01	1133.14	2025-11-22 07:36:46.698
9454	1	69	724	27.000	60.07	1681.90	2025-11-22 10:03:29.666
9423	1	69	714	3.000	120.79	483.15	2025-11-18 09:22:26.9
9382	1	69	76	8.000	89.84	898.37	2025-11-18 09:22:25.589
11113	1	76	739	0.000	133.01	133.01	2025-11-22 07:36:46.987
11107	1	76	1646	1.000	78.01	156.03	2025-11-22 07:36:46.791
11188	1	76	1710	6.000	103.72	622.30	2025-11-27 06:03:11.681
9466	1	69	733	6.000	101.22	607.33	2025-11-18 09:22:28.481
11110	1	76	1661	0.000	0.00	0.01	2025-11-22 07:36:46.891
9436	1	69	184	6.000	105.40	632.37	2025-11-18 09:22:27.391
9414	1	69	96	10.000	179.60	1796.03	2025-11-18 09:22:26.581
11101	1	76	1598	0.000	163.21	326.43	2025-11-22 07:36:46.512
11100	1	76	1596	0.000	178.01	534.04	2025-11-22 07:36:46.507
11109	1	76	735	1.000	113.01	339.04	2025-11-22 07:36:46.808
9388	1	69	83	9.000	150.48	1504.80	2025-11-18 09:22:25.784
9407	1	69	67	12.000	69.76	906.88	2025-11-22 10:00:15.759
9465	1	69	731	8.000	92.53	832.80	2025-11-18 09:22:28.397
11189	1	76	1709	7.000	48.72	341.02	2025-11-27 06:03:11.797
11191	1	76	1711	4.000	148.72	594.87	2025-11-27 06:03:11.801
11193	1	76	233	3.000	58.72	176.15	2025-11-27 06:03:12.189
11190	1	76	1742	2.000	43.72	87.43	2025-11-27 06:03:12.291
9472	1	69	746	1.000	134.44	134.44	2025-11-18 09:22:28.69
9474	1	69	744	1.000	230.86	230.86	2025-11-18 09:22:28.783
9476	1	69	748	8.000	65.96	527.68	2025-11-18 09:22:28.803
9477	1	69	749	2.000	391.96	783.92	2025-11-18 09:22:28.883
9478	1	69	750	3.000	98.69	296.07	2025-11-18 09:22:28.895
9479	1	69	751	1.000	112.82	112.82	2025-11-18 09:22:28.905
9480	1	69	188	7.000	135.56	948.92	2025-11-18 09:22:28.986
9481	1	69	755	1.000	124.78	124.78	2025-11-18 09:22:29.182
9482	1	69	753	1.000	94.86	94.86	2025-11-18 09:22:29.194
9525	1	69	778	2.000	141.40	282.80	2025-11-22 10:00:15.749
9485	1	69	208	10.000	82.54	825.40	2025-11-18 09:22:29.381
9489	1	69	761	1.000	145.83	145.83	2025-11-18 09:22:29.491
9490	1	69	762	1.000	115.20	115.20	2025-11-18 09:22:29.501
9491	1	69	216	2.000	144.39	288.78	2025-11-18 09:22:29.584
9492	1	69	756	7.000	256.99	1798.95	2025-11-18 09:22:29.595
9493	1	69	195	10.000	256.99	2569.92	2025-11-18 09:22:29.606
9495	1	69	760	2.000	332.25	664.49	2025-11-18 09:22:29.703
9496	1	69	764	1.000	151.96	151.96	2025-11-18 09:22:29.792
9498	1	69	763	11.000	40.90	449.90	2025-11-18 09:22:29.887
9572	1	69	244	0.000	43.41	43.41	2025-11-18 09:22:33.388
9501	1	69	397	14.000	96.63	1352.82	2025-11-18 09:22:29.997
9575	1	69	247	8.000	43.72	437.17	2025-11-18 09:22:33.498
9556	1	69	801	0.000	74.56	149.12	2025-11-18 09:22:32.6
9506	1	69	766	2.000	56.47	112.94	2025-11-18 09:22:30.187
9507	1	69	768	2.000	86.34	172.68	2025-11-18 09:22:30.199
9508	1	69	781	2.000	88.14	176.27	2025-11-18 09:22:30.283
9509	1	69	382	11.000	111.98	1231.82	2025-11-18 09:22:30.294
9510	1	69	789	1.000	92.10	92.10	2025-11-18 09:22:30.304
9511	1	69	383	2.000	120.04	240.07	2025-11-18 09:22:30.389
9512	1	69	767	4.000	66.46	265.84	2025-11-18 09:22:30.481
9513	1	69	384	3.000	181.81	545.43	2025-11-18 09:22:30.581
9515	1	69	386	2.000	191.91	383.81	2025-11-18 09:22:30.883
9516	1	69	770	5.000	152.06	760.30	2025-11-18 09:22:30.894
9517	1	69	387	3.000	99.95	299.84	2025-11-18 09:22:30.991
9557	1	69	802	0.000	43.76	43.76	2025-11-18 09:22:32.687
9519	1	69	390	10.000	81.15	811.52	2025-11-18 09:22:31.082
9520	1	69	773	4.000	139.90	559.60	2025-11-18 09:22:31.094
9522	1	69	775	9.000	131.67	1184.99	2025-11-18 09:22:31.187
9523	1	69	776	5.000	74.99	374.93	2025-11-18 09:22:31.198
9524	1	69	777	2.000	191.94	383.87	2025-11-18 09:22:31.283
9527	1	69	396	18.000	60.89	1095.93	2025-11-18 09:22:31.391
9528	1	69	782	1.000	91.42	91.42	2025-11-18 09:22:31.402
9529	1	69	783	1.000	109.90	109.90	2025-11-18 09:22:31.49
9530	1	69	784	5.000	141.06	705.28	2025-11-18 09:22:31.501
9531	1	69	398	6.000	121.00	725.98	2025-11-18 09:22:31.588
9532	1	69	399	14.000	71.56	1001.77	2025-11-18 09:22:31.601
9533	1	69	787	1.000	111.10	111.10	2025-11-18 09:22:31.688
9534	1	69	401	11.000	107.71	1184.82	2025-11-18 09:22:31.7
9535	1	69	406	8.000	81.62	652.98	2025-11-18 09:22:31.787
9537	1	69	409	5.000	91.88	459.40	2025-11-18 09:22:31.881
9538	1	69	794	1.000	71.65	71.65	2025-11-18 09:22:31.893
9539	1	69	795	1.000	131.40	131.40	2025-11-18 09:22:31.906
9540	1	69	796	2.000	111.15	222.30	2025-11-18 09:22:31.987
9541	1	69	797	6.000	111.32	667.92	2025-11-18 09:22:31.998
9542	1	69	412	8.000	111.66	893.29	2025-11-18 09:22:32.083
9543	1	69	413	17.000	81.51	1385.75	2025-11-18 09:22:32.095
9544	1	69	415	9.000	131.74	1185.68	2025-11-18 09:22:32.105
9545	1	69	800	10.000	121.00	1210.03	2025-11-18 09:22:32.188
9558	1	69	803	0.000	114.16	114.16	2025-11-18 09:22:32.698
9547	1	69	769	1.000	0.10	0.10	2025-11-18 09:22:32.284
9548	1	69	391	1.000	84.77	84.77	2025-11-18 09:22:32.294
9549	1	69	790	1.000	131.20	131.20	2025-11-18 09:22:32.306
9504	1	69	394	21.000	90.96	1910.13	2025-11-18 09:22:30.099
9573	1	69	265	0.000	48.27	0.00	2025-11-19 10:07:58.496
9554	1	69	799	3.000	131.29	393.88	2025-11-18 09:22:32.509
9555	1	69	416	13.000	75.03	975.39	2025-11-18 09:22:32.589
9559	1	69	237	3.000	78.40	235.20	2025-11-18 09:22:32.783
9560	1	69	807	3.000	108.66	325.98	2025-11-18 09:22:32.795
9561	1	69	240	6.000	88.97	533.79	2025-11-18 09:22:32.884
9562	1	69	813	2.000	58.51	117.02	2025-11-18 09:22:32.896
9563	1	69	817	3.000	68.76	206.28	2025-11-18 09:22:32.929
9564	1	69	804	4.000	88.95	355.81	2025-11-18 09:22:32.992
9566	1	69	808	2.000	108.42	216.84	2025-11-18 09:22:33.088
9567	1	69	239	6.000	68.30	409.80	2025-11-18 09:22:33.099
9568	1	69	241	3.000	53.94	161.81	2025-11-18 09:22:33.188
9569	1	69	805	4.000	69.03	276.11	2025-11-18 09:22:33.201
9570	1	69	263	7.000	98.63	690.39	2025-11-18 09:22:33.284
9574	1	69	819	10.000	98.43	984.30	2025-11-18 09:22:33.485
9576	1	69	266	7.000	39.01	273.09	2025-11-18 09:22:33.585
9577	1	69	273	2.000	48.76	97.52	2025-11-18 09:22:33.599
9551	1	69	786	4.000	90.99	454.96	2025-11-18 09:22:32.401
11032	1	69	1893	0.000	148.58	2971.60	2025-11-21 10:06:59.591
11030	1	69	1887	0.000	168.58	505.74	2025-11-21 10:06:59.501
11033	1	69	1903	2.000	250.71	1002.84	2025-11-21 10:06:59.683
9502	1	69	791	0.000	91.26	91.26	2025-11-18 09:22:30.007
11034	1	69	1905	0.000	68.58	137.16	2025-11-21 10:06:59.69
9526	1	69	395	13.000	77.78	1088.88	2025-11-18 09:22:31.308
9536	1	69	793	1.000	252.30	756.89	2025-11-18 09:22:31.798
9488	1	69	190	19.000	71.29	1497.03	2025-11-18 09:22:29.417
17727	8	117	5970	4.000	153.83	615.30	2026-01-05 01:46:33.182
14457	1	100	763	10.000	41.12	411.23	2025-12-23 09:13:27.893
14456	1	100	234	7.000	51.40	359.80	2025-12-23 09:13:27.801
9565	1	69	820	0.000	128.61	0.00	2025-11-18 09:22:33.004
20185	1	135	1634	0.000	0.00	0.01	2026-01-08 11:51:53.501
9475	1	69	745	0.000	55.53	277.65	2025-11-18 09:22:28.793
9500	1	69	404	27.000	91.64	2932.39	2025-11-18 09:22:29.987
14459	1	100	222	1.000	92.61	92.61	2025-12-23 09:13:28.487
9514	1	69	385	11.000	146.50	1757.98	2025-11-18 09:22:30.687
14466	1	100	277	35.000	82.94	2902.90	2025-12-23 08:16:52.584
17728	8	117	5971	22.000	59.63	1311.88	2026-01-05 01:46:33.193
9395	1	69	130	1.000	203.24	1016.21	2025-11-19 10:07:58.797
17729	8	117	5972	30.000	69.41	2082.42	2026-01-05 01:46:33.283
17730	8	117	5973	72.000	79.24	5705.18	2026-01-05 01:46:33.291
17731	8	117	5975	62.000	114.13	7076.02	2026-01-05 01:46:33.299
17732	8	117	5976	10.000	97.74	977.36	2026-01-05 01:46:33.389
9578	1	69	278	9.000	88.68	798.15	2025-11-18 09:22:33.69
9619	1	69	842	0.000	63.55	190.64	2025-11-18 09:22:35.882
9580	1	69	250	1.000	228.75	228.75	2025-11-18 09:22:33.795
9581	1	69	260	13.000	68.80	894.37	2025-11-18 09:22:33.808
9583	1	69	252	5.000	241.70	1208.50	2025-11-18 09:22:33.907
9584	1	69	274	2.000	108.52	217.03	2025-11-18 09:22:33.992
9585	1	69	809	1.000	138.60	138.60	2025-11-18 09:22:34.004
9587	1	69	251	8.000	43.79	350.32	2025-11-18 09:22:34.106
9588	1	69	821	3.000	47.99	143.97	2025-11-18 09:22:34.193
9589	1	69	822	2.000	94.25	188.50	2025-11-18 09:22:34.206
9590	1	69	825	4.000	84.25	337.00	2025-11-18 09:22:34.289
9591	1	69	823	10.000	99.25	992.50	2025-11-18 09:22:34.301
9592	1	69	830	1.000	128.44	128.44	2025-11-18 09:22:34.384
9593	1	69	831	3.000	114.24	342.72	2025-11-18 09:22:34.397
21504	8	120	5964	0.000	119.28	0.00	2026-01-10 14:23:07.583
9595	1	69	834	2.000	57.22	114.44	2025-11-18 09:22:34.494
9597	1	69	829	2.000	69.22	138.44	2025-11-18 09:22:34.682
9598	1	69	827	2.000	138.90	277.79	2025-11-18 09:22:34.699
9599	1	69	826	3.000	83.95	251.84	2025-11-18 09:22:34.795
9600	1	69	828	1.000	88.83	88.83	2025-11-18 09:22:34.883
9601	1	69	419	12.000	53.11	637.26	2025-11-18 09:22:34.896
9602	1	69	420	16.000	88.95	1423.18	2025-11-18 09:22:34.981
9603	1	69	835	1.000	60.07	60.07	2025-11-18 09:22:34.996
9604	1	69	836	3.000	81.00	243.00	2025-11-18 09:22:35.084
9605	1	69	421	6.000	69.14	414.83	2025-11-18 09:22:35.098
9606	1	69	837	6.000	107.92	647.53	2025-11-18 09:22:35.191
9607	1	69	838	10.000	72.63	726.34	2025-11-18 09:22:35.283
9608	1	69	839	1.000	66.36	66.36	2025-11-18 09:22:35.298
9596	1	69	832	0.000	83.83	83.83	2025-11-18 09:22:34.59
9586	1	69	818	1.000	83.73	83.73	2025-11-22 10:00:15.745
9613	1	69	431	9.000	60.75	546.72	2025-11-18 09:22:35.589
9614	1	69	432	6.000	91.80	550.77	2025-11-18 09:22:35.601
9615	1	69	840	1.000	92.00	92.00	2025-11-18 09:22:35.685
9617	1	69	434	1.000	81.90	81.90	2025-11-18 09:22:35.788
9618	1	69	435	6.000	57.19	343.15	2025-11-18 09:22:35.8
9620	1	69	843	5.000	50.07	250.35	2025-11-18 09:22:35.895
9621	1	69	844	5.000	60.07	300.35	2025-11-18 09:22:35.982
9623	1	69	847	2.000	105.76	211.52	2025-11-18 09:22:36.085
9624	1	69	848	2.000	97.82	195.64	2025-11-18 09:22:36.098
9609	1	69	422	8.000	48.03	432.23	2025-11-18 09:22:35.383
9627	1	69	853	2.000	68.75	137.49	2025-11-18 09:22:36.284
9628	1	69	854	1.000	241.69	241.69	2025-11-18 09:22:36.296
9629	1	69	448	12.000	49.55	594.60	2025-11-18 09:22:36.384
9630	1	69	855	4.000	89.15	356.58	2025-11-18 09:22:36.399
9632	1	69	858	4.000	75.07	300.28	2025-11-18 09:22:36.494
9633	1	69	457	1.000	75.07	75.07	2025-11-18 09:22:36.507
9634	1	69	860	1.000	129.55	129.55	2025-11-18 09:22:36.589
9635	1	69	856	4.000	46.99	187.96	2025-11-18 09:22:36.601
9636	1	69	459	1.000	0.10	0.10	2025-11-18 09:22:36.688
9637	1	69	463	3.000	90.64	271.92	2025-11-18 09:22:36.701
9640	1	69	467	7.000	59.19	414.33	2025-11-18 09:22:36.894
9643	1	69	475	2.000	153.17	306.34	2025-11-18 09:22:37.008
9650	1	69	488	4.000	389.29	1557.14	2025-11-18 09:22:37.387
9651	1	69	869	5.000	178.69	893.43	2025-11-18 09:22:37.402
9653	1	69	872	3.000	119.40	358.20	2025-11-18 09:22:37.502
9654	1	69	873	9.000	74.38	669.40	2025-11-18 09:22:37.591
9655	1	69	495	2.000	227.90	455.79	2025-11-18 09:22:37.684
9656	1	69	497	2.000	178.69	357.38	2025-11-18 09:22:37.697
9658	1	69	875	2.000	260.39	520.77	2025-11-18 09:22:37.802
9659	1	69	500	3.000	252.76	758.29	2025-11-18 09:22:37.884
9661	1	69	501	1.000	228.69	228.69	2025-11-18 09:22:37.989
9662	1	69	502	1.000	74.34	74.34	2025-11-18 09:22:38.002
9664	1	69	881	2.000	94.15	188.30	2025-11-18 09:22:38.102
9638	1	69	464	9.000	108.54	976.89	2025-11-21 10:06:59.494
9645	1	69	865	8.000	110.76	886.07	2025-11-21 10:06:59.598
9667	1	69	490	1.000	126.97	126.97	2025-11-18 09:22:38.302
9668	1	69	861	1.000	86.04	86.04	2025-11-18 09:22:38.389
9669	1	69	863	5.000	390.21	1951.03	2025-11-18 09:22:38.402
9670	1	69	476	8.000	140.74	1125.95	2025-11-18 09:22:38.489
9671	1	69	866	2.000	188.28	376.56	2025-11-18 09:22:38.503
9672	1	69	867	1.000	79.20	79.20	2025-11-18 09:22:38.593
9673	1	69	868	1.000	103.28	103.28	2025-11-18 09:22:38.684
9674	1	69	870	11.000	108.28	1191.08	2025-11-18 09:22:38.698
9675	1	69	871	3.000	73.28	219.84	2025-11-18 09:22:38.788
9676	1	69	874	1.000	350.38	350.38	2025-11-18 09:22:38.801
9677	1	69	878	7.000	391.96	2743.72	2025-11-18 09:22:38.889
9641	1	69	862	4.000	148.85	595.38	2025-11-18 09:22:36.908
17734	8	117	5978	24.000	69.53	1668.68	2026-01-05 01:46:33.487
9616	1	69	841	2.000	105.07	315.21	2025-11-18 09:22:35.699
9657	1	69	498	7.000	289.75	2028.26	2025-11-18 09:22:37.788
9648	1	69	484	5.000	65.50	393.02	2025-11-21 10:06:59.604
9622	1	69	846	2.000	75.07	225.21	2025-11-18 09:22:35.997
9663	1	69	879	2.000	156.91	470.73	2025-11-21 10:06:59.885
9652	1	69	489	15.000	150.52	2408.35	2025-11-18 09:22:37.489
9647	1	69	481	102.002	54.31	8092.30	2025-11-22 10:00:15.752
9494	1	69	219	0.000	267.21	534.41	2025-11-18 09:22:29.691
9484	1	69	191	9.000	115.49	1154.89	2025-11-18 09:22:29.297
9660	1	69	877	0.000	109.23	109.23	2025-11-18 09:22:37.899
9631	1	69	450	2.000	146.21	1023.47	2025-11-18 09:22:36.412
17735	8	117	5979	146.000	71.08	10378.04	2026-01-05 01:46:33.497
9582	1	69	236	0.000	138.71	554.85	2025-11-18 09:22:33.894
9642	1	69	472	2.000	836.64	4183.18	2025-11-21 10:06:59.405
9625	1	69	851	0.000	130.66	130.66	2025-11-18 09:22:36.19
9497	1	69	234	3.000	50.55	808.72	2025-11-19 10:07:58.402
9552	1	69	408	16.000	151.06	3625.45	2025-11-19 10:07:58.503
9644	1	69	477	4.000	44.08	5730.23	2025-11-21 10:06:59.392
14474	1	100	1831	1.000	58.95	58.95	2025-12-23 08:16:52.904
14468	1	100	240	22.000	91.84	2020.48	2025-12-23 08:16:52.596
17736	8	117	5980	8.000	56.24	449.94	2026-01-05 01:46:33.591
17737	8	117	5982	30.000	69.37	2081.02	2026-01-05 01:46:33.684
14469	1	100	804	8.000	91.32	730.56	2025-12-23 08:16:52.694
14472	1	100	241	37.000	57.47	2126.39	2025-12-23 08:16:52.89
14470	1	100	276	6.000	89.23	535.38	2025-12-23 08:16:52.698
14471	1	100	1985	0.000	0.00	0.00	2025-12-23 08:16:52.791
17738	8	117	5983	8.000	88.02	704.14	2026-01-05 01:46:33.694
17739	8	117	5984	4.000	128.80	515.20	2026-01-05 01:46:33.79
9610	1	69	423	8.000	71.84	718.39	2025-11-18 09:22:35.396
11127	1	76	1625	0.000	49.01	1225.31	2025-11-22 07:36:47.783
11116	1	76	1614	0.000	0.00	0.01	2025-11-22 07:36:47.1
11117	1	76	1647	1.000	83.01	83.01	2025-11-22 07:36:47.189
11118	1	76	1653	1.000	128.01	128.01	2025-11-22 07:36:47.193
14479	1	100	1808	3.000	74.45	223.35	2025-12-23 08:16:53.198
17740	8	117	5985	8.000	84.75	677.96	2026-01-05 01:46:33.799
17741	8	117	5986	36.000	107.94	3885.84	2026-01-05 01:46:33.889
14481	1	100	1806	2.000	59.59	119.18	2025-12-23 08:16:53.286
17742	8	117	5987	14.000	87.67	1227.38	2026-01-05 01:46:33.898
17743	8	117	5989	64.000	68.80	4403.06	2026-01-05 01:46:33.989
17744	8	117	5991	116.000	63.66	7384.58	2026-01-05 01:46:34.086
17745	8	117	5992	278.000	54.02	15016.82	2026-01-05 01:46:34.096
17746	8	117	5993	4.000	55.15	220.60	2026-01-05 01:46:34.186
17747	8	117	5994	18.000	57.59	1036.56	2026-01-05 01:46:34.195
17748	8	117	5995	10.000	84.93	849.28	2026-01-05 01:46:34.286
17749	8	117	5996	8.000	190.03	1520.20	2026-01-05 01:46:34.294
17750	8	117	5997	4.000	69.36	277.44	2026-01-05 01:46:34.386
14477	1	100	265	38.000	50.50	1919.00	2025-12-23 08:16:53.187
14485	1	100	272	9.000	51.20	460.80	2025-12-23 08:16:53.486
14483	1	100	257	3.000	180.57	541.71	2025-12-23 08:16:53.384
17751	8	117	6002	2.000	70.11	140.22	2026-01-05 01:46:34.395
14484	1	100	1805	37.000	43.25	1600.25	2025-12-23 08:16:53.389
17752	8	117	6003	2.000	53.25	106.50	2026-01-05 01:46:34.487
17753	8	117	6004	18.000	78.18	1407.26	2026-01-05 01:46:34.494
17754	8	117	6005	66.000	47.34	3124.30	2026-01-05 01:46:34.586
17755	8	117	6008	8.000	80.62	644.96	2026-01-05 01:46:34.596
17756	8	117	6009	2.000	189.36	378.72	2026-01-05 01:46:34.696
17757	8	117	6010	2.000	88.07	176.14	2026-01-05 01:46:34.789
11125	1	76	1663	1.000	43.01	43.01	2025-11-22 07:36:47.689
17758	8	117	6011	4.000	58.45	233.80	2026-01-05 01:46:34.884
11126	1	76	1613	1.000	68.01	68.01	2025-11-22 07:36:47.698
17759	8	117	6013	2.000	158.54	317.08	2026-01-05 01:46:34.892
17760	8	117	6014	2.000	50.59	101.18	2026-01-05 01:46:34.986
11129	1	76	1655	15.000	53.01	795.19	2025-11-22 07:36:47.807
17761	8	117	6015	2.000	142.14	284.28	2026-01-05 01:46:34.996
14482	1	100	248	15.000	48.25	723.75	2025-12-23 08:16:53.295
17762	8	117	6016	2.000	97.42	194.84	2026-01-05 01:46:35.092
17763	8	117	6017	4.000	67.40	269.60	2026-01-05 01:46:35.186
11183	1	77	99	130.000	192.32	25001.60	2025-11-22 07:49:25.76
11184	1	77	95	70.000	369.38	25856.60	2025-11-22 07:49:25.769
17764	8	117	6018	2.000	219.88	439.76	2026-01-05 01:46:35.194
11185	1	77	74	80.000	80.84	6467.20	2025-11-22 07:49:25.778
9351	1	69	579	14.000	214.54	3861.69	2025-11-18 09:22:24.611
17765	8	117	6020	10.000	79.74	797.44	2026-01-05 01:46:35.289
17766	8	117	6021	2.000	248.92	497.84	2026-01-05 01:46:35.483
9354	1	69	529	6.000	253.87	2030.96	2025-11-18 09:22:24.704
17767	8	117	6076	6.000	127.99	767.96	2026-01-05 01:46:35.492
17768	8	117	6023	4.000	96.38	385.50	2026-01-05 01:46:35.591
9679	1	69	291	14.000	40.95	614.25	2025-11-18 09:22:38.992
17769	8	117	6074	30.000	60.34	1810.22	2026-01-05 01:46:35.987
17770	8	117	6025	16.000	99.25	1588.06	2026-01-05 01:46:35.996
17771	8	117	6027	104.000	74.88	7787.10	2026-01-05 01:46:36.086
17772	8	117	6030	6.000	240.84	1445.02	2026-01-05 01:46:36.097
17773	8	117	6033	182.000	69.15	12584.48	2026-01-05 01:46:36.186
17774	8	117	6036	16.000	118.46	1895.36	2026-01-05 01:46:36.194
17775	8	117	6037	16.000	99.83	1597.20	2026-01-05 01:46:36.285
17776	8	117	6038	4.000	80.59	322.36	2026-01-05 01:46:36.293
17777	8	117	6040	2.000	102.97	205.94	2026-01-05 01:46:36.383
17778	8	117	6043	66.000	117.15	7731.78	2026-01-05 01:46:36.394
17779	8	117	6047	20.000	119.11	2382.22	2026-01-05 01:46:36.487
9412	1	69	104	1.000	166.59	333.18	2025-11-18 09:22:26.487
17780	8	117	6048	2.000	150.37	300.74	2026-01-05 01:46:36.785
17781	8	117	6049	38.000	59.71	2268.88	2026-01-05 01:46:37.087
17782	8	117	6050	2.000	145.77	291.54	2026-01-05 01:46:37.985
17783	8	117	6051	110.000	106.19	11681.20	2026-01-05 01:46:38.09
17784	8	117	6052	4.000	166.00	664.00	2026-01-05 01:46:38.183
17785	8	117	6053	6.000	70.23	421.38	2026-01-05 01:46:38.192
17786	8	117	6054	80.000	119.96	9596.62	2026-01-05 01:46:38.285
17787	8	117	6055	2.000	99.43	198.86	2026-01-05 01:46:38.582
17788	8	117	6058	40.000	149.58	5983.10	2026-01-05 01:46:38.787
17789	8	117	6063	10.000	67.28	672.82	2026-01-05 01:46:38.887
17790	8	117	6064	40.000	59.00	2359.96	2026-01-05 01:46:39.083
17791	8	117	6067	12.000	56.22	674.66	2026-01-05 01:46:39.186
17792	8	117	6069	26.000	73.66	1915.14	2026-01-05 01:46:39.288
17793	8	117	6070	32.000	54.69	1749.98	2026-01-05 01:46:39.486
17794	8	117	6071	96.000	98.67	9471.86	2026-01-05 01:46:39.591
17795	8	117	6072	16.000	265.33	4245.28	2026-01-05 01:46:39.782
17796	8	117	6022	2.000	0.10	0.20	2026-01-05 01:46:39.982
17797	8	117	6073	14.000	57.56	805.86	2026-01-05 01:46:40.483
17798	8	117	5865	4.000	52.81	211.22	2026-01-05 01:46:41.082
11120	1	76	1599	0.000	78.01	390.06	2025-11-22 07:36:47.382
11128	1	76	1649	3.000	73.21	512.49	2025-11-22 07:36:47.791
17799	8	117	5866	2.000	97.80	195.60	2026-01-05 01:46:41.584
11122	1	76	1639	0.000	103.01	618.08	2025-11-22 07:36:47.494
9403	1	69	90	1.000	69.43	2082.90	2025-11-22 10:00:15.783
17800	8	117	5867	2.000	147.80	295.60	2026-01-05 01:46:42.087
11123	1	76	1658	0.000	83.03	83.03	2025-11-22 07:36:47.513
17801	8	117	5868	2.000	136.87	273.74	2026-01-05 01:46:42.386
9399	1	69	103	5.000	251.33	1256.65	2025-11-19 10:07:58.699
9381	1	69	107	12.000	162.47	1949.60	2025-11-22 10:03:29.67
11124	1	76	1654	12.000	78.01	1170.19	2025-11-22 07:36:47.587
17802	8	117	5870	32.000	51.41	1645.08	2026-01-05 01:46:42.485
21505	8	120	5965	0.000	119.28	0.00	2026-01-10 14:23:07.587
19515	1	124	1632	1.000	89.25	89.25	2026-01-06 21:42:05.185
19511	1	124	185	23.000	81.57	1876.18	2026-01-06 21:42:04.89
19512	1	124	1662	2.000	68.87	137.73	2026-01-06 21:42:04.992
19513	1	124	1646	4.000	81.99	327.94	2026-01-06 21:42:05.089
19525	1	124	1671	11.000	78.81	866.88	2026-01-06 21:42:05.787
19526	1	124	1672	3.000	76.27	228.82	2026-01-06 21:42:05.799
19527	1	124	1667	2.000	94.84	189.68	2026-01-06 21:42:05.89
19528	1	124	1611	1.000	109.78	109.78	2026-01-06 21:42:05.981
19510	1	124	1634	1.000	0.00	0.00	2026-01-06 21:42:04.788
17701	8	117	6077	47.000	96.71	4545.49	2026-01-05 01:46:31.693
17702	8	117	5487	25.000	87.20	2180.00	2026-01-05 01:46:31.783
17703	8	117	5507	1.000	195.08	195.08	2026-01-05 01:46:31.793
17704	8	117	5560	1.000	235.00	235.00	2026-01-05 01:46:31.886
17705	8	117	5577	1.000	235.00	235.00	2026-01-05 01:46:31.895
17706	8	117	5531	1.000	259.86	259.86	2026-01-05 01:46:31.986
17707	8	117	5605	1.000	84.03	84.03	2026-01-05 01:46:31.994
17708	8	117	5601	8.000	85.28	682.24	2026-01-05 01:46:32.087
17709	8	117	5524	9.000	74.92	674.28	2026-01-05 01:46:32.1
8711	1	67	557	37.000	69.70	2578.91	2025-11-27 08:02:41.274
14487	1	100	238	5.000	109.61	548.05	2025-12-23 08:16:53.493
14488	1	100	266	11.000	41.14	452.54	2025-12-23 08:16:53.581
14490	1	100	273	11.000	50.90	559.90	2025-12-23 08:16:53.594
19516	1	124	166	1.000	115.74	115.74	2026-01-06 21:42:05.195
19517	1	124	184	2.000	106.21	212.41	2026-01-06 21:42:05.208
14492	1	100	1881	3.000	149.86	449.58	2025-12-23 08:16:53.603
19519	1	124	158	10.000	66.77	667.67	2026-01-06 21:42:05.383
19573	1	124	1652	36.000	51.95	1870.20	2026-01-06 21:42:08.4
19521	1	124	1595	9.000	83.85	754.65	2026-01-06 21:42:05.498
19522	1	124	167	19.000	81.31	1544.84	2026-01-06 21:42:05.588
19523	1	124	1616	3.000	73.56	220.67	2026-01-06 21:42:05.598
19529	1	124	1669	1.000	89.25	89.25	2026-01-06 21:42:05.991
19530	1	124	1653	11.000	134.65	1481.17	2026-01-06 21:42:06.086
19531	1	124	163	1.000	231.96	231.96	2026-01-06 21:42:06.096
19533	1	124	1627	1.000	152.10	152.10	2026-01-06 21:42:06.195
19534	1	124	739	1.000	136.18	136.18	2026-01-06 21:42:06.302
10136	1	64	530	0.000	0.00	0.00	2025-11-18 12:47:19.343322
19535	1	124	169	2.000	105.84	211.67	2026-01-06 21:42:06.385
19561	1	124	1660	9.000	81.94	737.46	2026-01-06 21:42:07.682
11132	1	66	1908	0.000	0.00	0.00	2025-11-22 07:37:27.692
19537	1	124	1596	1.000	181.58	181.58	2026-01-06 21:42:06.486
19538	1	124	183	1.000	131.50	131.50	2026-01-06 21:42:06.496
19539	1	124	1598	4.000	166.61	666.42	2026-01-06 21:42:06.586
19540	1	124	1666	1.000	173.33	173.33	2026-01-06 21:42:06.596
19541	1	124	182	16.000	127.87	2045.89	2026-01-06 21:42:06.686
19542	1	124	172	46.000	106.77	4911.43	2026-01-06 21:42:06.695
14489	1	100	256	0.000	50.45	0.00	2025-12-20 11:13:49.494
8663	1	67	535	13.000	149.43	2241.44	2025-11-26 16:43:11.88
11135	1	66	1935	0.000	128.55	128.55	2025-11-22 07:37:28.085
8647	1	67	579	43.000	143.01	6292.45	2025-11-26 16:43:11.692
19543	1	124	1612	10.000	64.32	643.16	2026-01-06 21:42:06.788
8674	1	67	537	2.000	283.13	566.26	2025-11-22 07:38:00.089
19544	1	124	1608	5.000	78.90	394.49	2026-01-06 21:42:06.882
11136	1	66	1936	0.000	88.55	265.65	2025-11-22 07:37:28.09
8694	1	67	567	51.000	41.41	2277.70	2025-11-26 16:43:12.686
8667	1	67	1489	2.000	105.68	211.36	2025-11-26 16:43:11.894
19545	1	124	1644	1.000	89.84	89.84	2026-01-06 21:42:06.893
8627	1	67	555	8.000	123.34	986.74	2025-11-26 16:43:11.51
19546	1	124	159	16.000	66.53	1064.55	2026-01-06 21:42:06.981
11130	1	66	1889	0.000	43.55	261.30	2025-11-22 07:37:27.196
11131	1	66	1896	0.000	68.55	137.10	2025-11-22 07:37:27.403
11137	1	66	504	12.000	58.55	1756.49	2025-11-22 07:37:28.187
19547	1	124	723	13.000	46.84	608.93	2026-01-06 21:42:06.99
19532	1	124	1623	2.000	136.95	273.90	2026-01-06 21:42:06.185
19566	1	124	1641	1.000	84.05	84.05	2026-01-06 21:42:07.987
19550	1	124	181	2.000	65.81	131.62	2026-01-06 21:42:07.093
19551	1	124	1663	5.000	49.34	246.68	2026-01-06 21:42:07.186
19552	1	124	1651	30.000	72.20	2165.96	2026-01-06 21:42:07.196
19553	1	124	729	19.000	56.89	1080.84	2026-01-06 21:42:07.286
19567	1	124	1654	41.000	82.09	3365.69	2026-01-06 21:42:07.995
19555	1	124	168	79.000	71.83	5674.35	2026-01-06 21:42:07.385
19556	1	124	738	16.000	62.93	1006.83	2026-01-06 21:42:07.394
19557	1	124	740	15.000	82.03	1230.41	2026-01-06 21:42:07.484
19558	1	124	1637	1.000	86.45	86.45	2026-01-06 21:42:07.493
19559	1	124	1642	4.000	71.45	285.81	2026-01-06 21:42:07.581
19560	1	124	1670	14.000	68.73	962.28	2026-01-06 21:42:07.59
19562	1	124	1658	6.000	86.44	518.61	2026-01-06 21:42:07.693
19563	1	124	161	1.000	79.86	79.86	2026-01-06 21:42:07.786
19564	1	124	1599	8.000	81.90	655.20	2026-01-06 21:42:07.881
19565	1	124	1603	4.000	88.90	355.59	2026-01-06 21:42:07.894
19520	1	124	1593	2.000	0.00	0.00	2026-01-06 21:42:05.395
19554	1	124	720	10.000	72.06	720.60	2026-01-06 21:42:07.295
19570	1	124	1639	5.000	106.40	532.02	2026-01-06 21:42:08.281
19571	1	124	733	8.000	103.79	830.29	2026-01-06 21:42:08.294
19572	1	124	1607	30.000	48.31	1449.30	2026-01-06 21:42:08.391
20527	1	136	351	4.000	57.62	230.47	2026-01-08 10:28:52.987
19574	1	124	1650	4.000	48.47	193.86	2026-01-06 21:42:08.49
19575	1	124	1604	2.000	53.87	107.74	2026-01-06 21:42:08.498
19576	1	124	1659	8.000	67.19	537.50	2026-01-06 21:42:08.588
19577	1	124	1649	3.000	76.80	230.41	2026-01-06 21:42:08.598
19578	1	124	157	108.000	51.79	5593.12	2026-01-06 21:42:08.689
19579	1	124	1645	4.000	46.90	187.59	2026-01-06 21:42:08.698
19580	1	124	1609	7.000	47.16	330.09	2026-01-06 21:42:08.789
19581	1	124	1648	12.000	69.95	839.40	2026-01-06 21:42:08.798
19582	1	124	722	100.000	46.55	4654.73	2026-01-06 21:42:08.887
19583	1	124	1631	1.000	172.30	172.30	2026-01-06 21:42:08.895
19584	1	124	1629	4.000	183.48	733.92	2026-01-06 21:42:08.988
19585	1	124	173	3.000	243.25	729.75	2026-01-06 21:42:08.998
19586	1	124	1621	1.000	372.99	372.99	2026-01-06 21:42:09.105
19568	1	124	1605	4.000	141.75	567.00	2026-01-06 21:42:08.088
19548	1	124	1613	1.000	0.00	0.00	2026-01-06 21:42:06.998
19569	1	124	731	19.000	94.99	1804.81	2026-01-06 21:42:08.181
19518	1	124	732	10.000	121.37	1213.70	2026-01-06 21:42:05.294
19549	1	124	176	21.000	56.85	1193.85	2026-01-06 21:42:07.085
19536	1	124	1635	3.000	0.00	0.00	2026-01-06 21:42:06.394
20529	1	136	373	63.000	75.00	4724.96	2026-01-08 10:28:53.087
20523	1	136	360	25.000	49.23	1230.71	2026-01-08 10:28:52.783
20522	1	136	361	10.000	52.03	520.26	2026-01-08 10:28:52.695
20526	1	136	364	0.000	0.00	0.00	2026-01-08 10:28:52.897
17664	8	117	5459	2.000	115.31	230.62	2026-01-05 01:46:29.092
17682	8	117	5466	18.000	90.81	1634.60	2026-01-05 01:46:30.183
17692	8	117	5390	46.000	49.01	2254.68	2026-01-05 01:46:31.184
17693	8	117	5439	28.000	70.86	1984.14	2026-01-05 01:46:31.282
10690	1	77	570	38.000	302.75	11504.50	2025-11-21 12:55:18.352
17722	8	117	5957	2.000	193.56	387.12	2026-01-05 01:46:32.885
17726	8	117	5969	24.000	139.51	3348.34	2026-01-05 01:46:33.087
17733	8	117	5977	252.000	108.53	27350.18	2026-01-05 01:46:33.397
19509	1	124	175	12.000	96.27	1155.21	2026-01-06 21:42:04.702
19514	1	124	186	1.000	87.80	87.80	2026-01-06 21:42:05.099
19524	1	124	171	3.000	50.80	152.41	2026-01-06 21:42:05.688
19798	1	124	1600	2.000	112.28	224.56	2026-01-06 21:42:08.193
20534	1	136	367	34.000	60.30	2050.35	2026-01-08 10:28:53.292
20535	1	136	676	9.000	57.67	519.01	2026-01-08 10:28:53.382
20540	1	136	380	1.000	284.96	284.96	2026-01-08 10:28:53.585
20542	1	136	191	32.000	115.76	3704.32	2026-01-08 10:28:53.682
20544	1	136	205	190.000	66.28	12593.20	2026-01-08 10:28:53.696
20545	1	136	397	53.000	96.63	5121.64	2026-01-08 10:28:53.786
20548	1	136	383	2.000	119.90	239.79	2026-01-08 10:28:53.898
20549	1	136	387	3.000	101.12	303.35	2026-01-08 10:28:53.994
20550	1	136	388	55.000	61.52	3383.41	2026-01-08 10:28:54.004
20552	1	136	396	39.000	61.22	2387.42	2026-01-08 10:28:54.097
20554	1	136	406	26.000	81.71	2124.43	2026-01-08 10:28:54.191
20556	1	136	410	4.000	92.33	369.30	2026-01-08 10:28:54.29
20557	1	136	413	9.000	81.50	733.50	2026-01-08 10:28:54.382
20558	1	136	414	14.000	53.50	749.01	2026-01-08 10:28:54.391
20560	1	136	411	1.000	0.10	0.10	2026-01-08 10:28:54.487
20562	1	136	391	2.000	88.34	176.68	2026-01-08 10:28:54.589
20564	1	136	420	8.000	89.46	715.67	2026-01-08 10:28:54.783
20566	1	136	427	3.000	76.96	230.88	2026-01-08 10:28:54.886
20567	1	136	431	4.000	56.30	225.19	2026-01-08 10:28:54.894
20568	1	136	433	8.000	91.74	733.88	2026-01-08 10:28:54.902
20569	1	136	434	1.000	83.41	83.41	2026-01-08 10:28:54.987
20570	1	136	435	4.000	57.57	230.26	2026-01-08 10:28:54.995
20572	1	136	446	1.000	241.69	241.69	2026-01-08 10:28:55.091
20574	1	136	454	9.000	74.13	667.15	2026-01-08 10:28:55.195
20577	1	136	289	6.000	76.99	461.94	2026-01-08 10:28:55.386
20578	1	136	460	4.000	56.99	227.96	2026-01-08 10:28:55.394
20579	1	136	461	17.000	78.96	1342.37	2026-01-08 10:28:55.485
20581	1	136	445	1.000	47.93	47.93	2026-01-08 10:28:55.584
20582	1	136	440	4.000	242.05	968.20	2026-01-08 10:28:55.593
20583	1	136	437	5.000	49.18	245.90	2026-01-08 10:28:55.685
20584	1	136	429	1.000	85.43	85.43	2026-01-08 10:28:55.693
20585	1	136	428	1.000	141.69	141.69	2026-01-08 10:28:55.787
20586	1	136	453	9.000	89.50	805.50	2026-01-08 10:28:55.795
20589	1	136	467	10.000	54.85	548.54	2026-01-08 10:28:55.984
20594	1	136	1904	1.000	139.69	139.69	2026-01-08 10:28:56.192
20597	1	136	1912	1.000	199.77	199.77	2026-01-08 10:28:56.384
20598	1	136	495	3.000	230.08	690.25	2026-01-08 10:28:56.392
20601	1	136	500	6.000	254.63	1527.76	2026-01-08 10:28:56.584
20606	1	136	482	5.000	279.73	1398.66	2026-01-08 10:28:56.796
20607	1	136	504	8.000	59.77	478.16	2026-01-08 10:28:56.886
20561	1	136	400	0.000	0.00	-0.02	2026-01-08 10:28:54.495
11057	1	76	570	0.000	302.75	302.75	2025-11-21 12:55:18.356
20531	1	136	1567	0.000	0.00	0.00	2026-01-08 10:28:53.185
20538	1	136	1578	0.000	51.90	0.00	2026-01-08 10:28:53.487
20599	1	136	497	14.000	179.89	2518.46	2026-01-08 10:28:56.484
20595	1	136	1906	0.000	99.75	0.00	2026-01-08 10:28:56.282
20587	1	136	463	0.000	90.47	0.00	2026-01-08 10:28:55.886
20605	1	136	507	8.000	69.77	558.16	2026-01-08 10:28:56.785
20573	1	136	452	0.000	104.55	0.00	2026-01-08 10:28:55.183
20539	1	136	1581	90.000	78.84	7095.35	2026-01-08 10:28:53.494
20603	1	136	1946	1.000	89.58	89.58	2026-01-08 10:28:56.686
20575	1	136	455	33.000	83.36	2750.88	2026-01-08 10:28:55.288
20600	1	136	498	10.000	254.49	2544.90	2026-01-08 10:28:56.496
20546	1	136	403	0.000	101.11	0.00	2026-01-08 10:28:53.882
20590	1	136	478	0.000	0.00	-0.04	2026-01-08 10:28:55.991
20588	1	136	465	0.000	0.00	-0.03	2026-01-08 10:28:55.893
20547	1	136	382	14.000	112.36	1573.04	2026-01-08 10:28:53.89
20593	1	136	869	0.000	0.00	-0.01	2026-01-08 10:28:56.183
20596	1	136	489	0.000	0.00	0.00	2026-01-08 10:28:56.29
14500	1	100	252	7.000	242.78	1699.46	2025-12-23 08:16:53.891
11139	1	66	1945	0.000	178.55	1785.50	2025-11-22 07:37:28.197
11138	1	66	1944	9.000	88.55	1770.99	2025-11-22 07:37:28.192
9235	1	70	563	8.000	56.48	677.75	2025-11-19 10:04:18.385
14504	1	100	1826	4.000	155.36	621.44	2025-12-23 08:16:54.186
20580	1	136	456	0.000	0.00	-0.02	2026-01-08 10:28:55.494
14494	1	100	267	2.000	228.58	457.16	2025-12-23 08:16:53.692
20576	1	136	457	0.000	0.00	0.00	2026-01-08 10:28:55.301
14493	1	100	250	2.000	229.98	459.96	2025-12-23 08:16:53.688
20553	1	136	401	126.000	112.37	14158.62	2026-01-08 10:28:54.183
14501	1	100	274	9.000	109.71	987.39	2025-12-23 08:16:53.894
20543	1	136	206	98.000	96.97	9503.06	2026-01-08 10:28:53.69
20602	1	136	501	1.000	230.37	230.37	2026-01-08 10:28:56.594
20532	1	136	671	0.000	111.88	0.00	2026-01-12 16:12:45.29
20565	1	136	423	0.000	0.00	-0.01	2026-01-08 10:28:54.796
20551	1	136	390	0.000	0.00	-0.06	2026-01-08 10:28:54.089
14499	1	100	1800	17.000	49.84	847.28	2025-12-23 08:16:53.794
14505	1	100	243	2.000	82.81	165.62	2025-12-23 08:16:54.194
14495	1	100	258	3.000	368.91	1106.73	2025-12-23 08:16:53.695
14502	1	100	255	9.000	89.61	806.49	2025-12-23 08:16:53.986
20555	1	136	409	0.000	0.00	0.00	2026-01-08 10:28:54.282
20559	1	136	415	16.000	131.71	2107.44	2026-01-08 10:28:54.398
20591	1	136	487	0.000	0.00	0.00	2026-01-08 10:28:56.081
20541	1	136	381	0.000	0.00	0.00	2026-01-08 10:28:53.592
14521	1	100	304	11.000	133.61	1469.73	2025-12-24 12:31:24.693
14498	1	100	1823	3.000	109.80	329.40	2025-12-23 08:16:53.786
21314	1	135	1597	1.000	150.28	150.28	2026-01-08 11:51:53.79
10888	1	78	61	0.000	239.94	4318.83	2025-11-21 06:18:38.993
21320	1	135	1647	0.000	90.28	0.00	2026-01-08 11:51:53.983
20102	10	131	6244	22.000	40.89	899.68	2026-01-15 08:54:23.891
21322	1	135	1657	0.000	50.28	0.00	2026-01-08 11:51:53.991
21317	1	135	1619	0.000	70.28	0.00	2026-01-08 11:51:53.886
21319	1	135	1630	0.000	90.28	0.00	2026-01-08 11:51:53.894
21321	1	135	1656	0.000	130.28	0.00	2026-01-08 11:51:53.987
17808	8	118	5372	5.000	185.90	929.50	2026-01-05 10:37:54.186
9029	1	65	158	27.000	65.60	1771.15	2025-11-18 09:57:59.885
10056	1	65	719	2.000	74.49	148.98	2025-11-18 09:57:59.895
17804	8	118	5394	1.000	71.81	71.81	2026-01-05 10:25:35.09
10891	1	78	97	6.000	149.75	1647.27	2025-11-21 06:18:39.093
10069	1	65	1627	11.000	149.49	1644.38	2025-11-18 09:58:00.188
10071	1	65	1635	3.000	141.49	424.47	2025-11-18 09:58:00.197
10889	1	78	65	16.000	74.90	1497.95	2025-11-21 06:18:39.002
10940	1	78	91	71.000	56.34	4113.02	2025-11-21 06:18:41.984
10077	1	65	1664	1.000	68.49	68.49	2025-11-18 09:58:00.292
10919	1	78	1529	0.000	139.68	279.36	2025-11-21 06:18:41.28
10892	1	78	1528	0.000	69.72	69.72	2025-11-21 06:18:39.101
9026	1	65	185	14.000	80.52	1127.27	2025-11-18 09:58:00.303
10890	1	78	1526	0.000	149.74	149.74	2025-11-21 06:18:39.087
10082	1	65	1595	1.000	79.49	79.49	2025-11-18 09:58:00.381
10084	1	65	1606	2.000	64.49	128.98	2025-11-18 09:58:00.39
10085	1	65	1611	1.000	105.74	105.74	2025-11-18 09:58:00.394
10086	1	65	1612	2.000	59.49	118.98	2025-11-18 09:58:00.398
10088	1	65	1616	6.000	69.49	416.94	2025-11-18 09:58:00.406
10089	1	65	1619	1.000	64.49	64.49	2025-11-18 09:58:00.409
10090	1	65	1626	2.000	154.49	308.98	2025-11-18 09:58:00.413
10091	1	65	1630	2.000	84.49	168.98	2025-11-18 09:58:00.417
10092	1	65	1632	1.000	84.49	84.49	2025-11-18 09:58:00.483
10094	1	65	1656	5.000	124.49	622.45	2025-11-18 09:58:00.583
10926	1	78	1527	0.000	159.33	159.33	2025-11-21 06:18:41.496
10096	1	65	1662	2.000	64.49	128.98	2025-11-18 09:58:00.781
10917	1	78	108	1.000	109.65	1096.54	2025-11-21 06:18:41.081
10098	1	65	1669	1.000	84.49	84.49	2025-11-18 09:58:00.881
10099	1	65	1671	6.000	74.49	446.94	2025-11-18 09:58:00.886
10100	1	65	1608	2.000	74.49	148.98	2025-11-18 09:58:00.89
10105	1	65	724	23.000	54.49	1253.25	2025-11-18 09:58:00.991
10106	1	65	729	6.000	54.49	326.94	2025-11-18 09:58:00.995
10956	1	78	103	19.000	72.49	1377.24	2025-11-21 06:18:42.59
10965	1	78	1540	0.000	74.62	298.47	2025-11-21 06:18:42.981
10057	1	65	1593	2.000	109.69	329.07	2025-11-18 09:57:59.9
10058	1	65	1596	0.000	179.49	179.49	2025-11-18 09:57:59.984
17806	8	118	5403	1.000	61.93	61.93	2026-01-05 10:25:35.098
17807	8	118	5469	1.000	122.79	122.79	2026-01-05 10:25:35.101
10059	1	65	1598	0.000	164.69	329.38	2025-11-18 09:57:59.989
10102	1	65	1599	0.000	79.49	317.96	2025-11-18 09:58:00.898
10055	1	65	1591	5.000	64.49	451.43	2025-11-18 09:57:59.891
10081	1	65	1592	0.000	64.49	64.49	2025-11-18 09:58:00.311
10083	1	65	1597	4.000	144.49	722.45	2025-11-18 09:58:00.386
10101	1	65	720	6.000	69.69	696.89	2025-11-18 09:58:00.894
10104	1	65	1610	16.000	59.49	1070.81	2025-11-18 09:58:00.987
10060	1	65	1601	0.000	69.69	69.69	2025-11-18 09:57:59.997
10103	1	65	1605	10.000	139.49	3766.21	2025-11-18 09:58:00.983
10087	1	65	727	2.000	149.49	448.47	2025-11-18 09:58:00.402
10062	1	65	728	3.000	50.49	252.45	2025-11-18 09:58:00.09
10061	1	65	725	1.000	84.49	168.98	2025-11-18 09:58:00.085
10070	1	65	1633	3.000	69.69	278.76	2025-11-18 09:58:00.192
10074	1	65	735	0.000	114.49	114.49	2025-11-18 09:58:00.217
10073	1	65	1640	1.000	229.49	458.98	2025-11-18 09:58:00.212
10065	1	65	1623	1.000	134.49	403.47	2025-11-18 09:58:00.107
10110	1	65	1638	7.000	84.29	842.89	2025-11-18 09:58:01.014
21329	1	135	1602	0.000	0.00	0.00	2026-01-08 11:51:54.898
21315	1	135	727	0.000	155.28	0.00	2026-01-08 11:51:53.796
14509	1	100	280	9.000	91.40	822.60	2025-12-11 12:11:33.493
10935	1	78	139	201.000	116.41	24562.14	2025-11-21 06:18:41.793
10938	1	78	98	4.000	69.72	1115.54	2025-11-21 06:18:41.892
17811	8	118	5367	1.000	67.18	67.18	2026-01-05 10:25:35.192
10895	1	78	111	0.000	229.77	689.32	2025-11-21 06:18:39.201
10931	1	78	83	29.000	149.97	7798.67	2025-11-21 06:18:41.688
21330	1	135	1625	0.000	56.28	0.00	2026-01-08 11:51:54.981
21328	1	135	164	0.000	0.00	0.00	2026-01-08 11:51:54.885
17816	8	118	5415	4.000	125.99	503.96	2026-01-05 10:25:35.283
17817	8	118	5417	1.000	161.31	161.31	2026-01-05 10:25:35.287
14510	1	100	282	7.000	103.44	724.08	2025-12-11 12:11:33.586
14511	1	100	285	7.000	140.50	983.50	2025-12-11 12:11:33.597
14506	1	100	253	2.000	98.79	197.58	2025-12-23 08:16:54.198
14507	1	100	262	1.000	48.79	48.79	2025-12-23 08:16:54.281
17821	8	118	5467	2.000	145.88	291.76	2026-01-05 10:25:35.302
17831	8	118	5395	4.000	275.91	1103.64	2026-01-05 10:25:35.488
17834	8	118	5375	19.000	115.30	2190.70	2026-01-05 10:25:35.501
17838	8	118	5387	1.000	75.49	75.49	2026-01-05 10:25:35.594
21310	1	135	1661	0.000	145.28	0.00	2026-01-08 11:51:53.685
17812	8	118	5376	2.000	165.69	331.38	2026-01-05 10:25:35.196
17809	8	118	5371	27.000	103.88	2804.76	2026-01-05 10:37:54.183
21312	1	135	1665	0.000	130.28	0.00	2026-01-08 11:51:53.695
21325	1	135	724	0.000	0.00	0.09	2026-01-08 11:51:54.284
21326	1	135	1628	0.000	0.00	0.00	2026-01-08 11:51:54.483
21308	1	135	1640	0.000	0.00	0.00	2026-01-08 11:51:53.594
18154	8	120	5452	11.000	82.05	902.55	2026-01-08 08:00:02.685
18537	8	120	5456	0.000	86.81	0.00	2026-01-08 08:00:02.702
21569	8	122	5542	0.000	100.24	0.00	2026-01-12 07:23:37.399
21311	1	135	1664	0.000	0.00	0.01	2026-01-08 11:51:53.691
21568	8	122	5500	0.000	160.24	0.00	2026-01-12 07:23:37.295
21567	8	122	5485	0.000	200.24	0.00	2026-01-12 07:23:37.196
21313	1	135	1592	0.000	70.28	0.00	2026-01-08 11:51:53.787
18164	8	120	5391	138.000	81.32	11222.16	2026-01-08 08:00:02.487
18530	8	120	5408	5.000	104.94	524.70	2026-01-08 08:00:02.497
10113	1	65	1642	2.000	69.69	139.38	2025-11-18 09:58:01.087
10114	1	65	1651	25.000	69.69	1742.23	2025-11-18 09:58:01.091
10117	1	65	740	5.000	79.49	397.45	2025-11-18 09:58:01.104
10118	1	65	1600	2.000	109.49	218.98	2025-11-18 09:58:01.111
10120	1	65	1641	2.000	79.49	158.98	2025-11-18 09:58:01.19
10121	1	65	738	4.000	59.49	237.96	2025-11-18 09:58:01.194
10123	1	65	1670	5.000	64.49	322.45	2025-11-18 09:58:01.203
10124	1	65	1602	26.000	69.49	1806.72	2025-11-18 09:58:01.207
10129	1	65	1659	5.000	64.49	322.45	2025-11-18 09:58:01.302
10131	1	65	1604	1.000	49.49	49.49	2025-11-18 09:58:01.381
10132	1	65	1650	3.000	44.49	133.47	2025-11-18 09:58:01.385
10133	1	65	1609	2.000	42.49	84.98	2025-11-18 09:58:01.389
10134	1	65	1645	2.000	42.49	84.98	2025-11-18 09:58:01.393
14512	1	100	286	1.000	74.49	74.49	2025-12-11 12:11:33.685
14513	1	100	289	4.000	75.07	300.28	2025-12-11 12:11:33.694
9270	1	70	342	4.000	73.94	369.70	2025-11-18 09:08:45.486
9254	1	70	658	1.000	140.48	280.95	2025-11-18 09:08:44.903
9247	1	70	650	1.000	73.29	146.58	2025-11-18 09:08:44.612
9384	1	69	151	14.000	154.56	2163.79	2025-11-18 09:22:25.607
9204	1	70	511	6.000	98.87	790.92	2025-11-18 09:08:43.199
10942	1	78	114	11.000	101.75	2035.05	2025-11-21 06:18:42
10915	1	78	59	0.000	165.17	330.33	2025-11-21 06:18:40.487
9347	1	69	516	0.000	48.83	4199.71	2025-11-18 09:22:24.51
9626	1	69	441	0.000	62.07	1179.40	2025-11-18 09:22:36.204
9208	1	70	548	5.000	123.90	991.19	2025-11-19 10:04:18.291
10958	1	78	113	56.000	72.14	4111.98	2025-11-21 06:18:42.685
10927	1	78	60	66.000	109.66	7456.89	2025-11-21 06:18:41.503
10882	1	78	57	70.000	179.74	13121.20	2025-11-21 06:18:38.783
10896	1	78	129	0.000	141.74	566.97	2025-11-21 06:18:39.284
9394	1	69	114	4.000	101.34	608.04	2025-11-18 09:22:25.909
10885	1	78	700	1.000	69.79	418.72	2025-11-21 06:18:38.885
10948	1	78	134	3.000	84.58	422.88	2025-11-21 06:18:42.286
9378	1	69	74	9.000	79.67	796.65	2025-11-18 09:22:25.487
9639	1	69	465	10.000	76.54	765.41	2025-11-21 10:06:59.487
9505	1	69	780	0.000	71.75	71.75	2025-11-18 09:22:30.109
9665	1	69	882	2.000	210.87	421.74	2025-11-18 09:22:38.191
10112	1	65	733	7.000	101.49	1116.38	2025-11-18 09:58:01.083
10903	1	78	1552	1.000	89.77	269.30	2025-11-21 06:18:39.488
9612	1	69	426	3.000	92.96	371.84	2025-11-18 09:22:35.497
9678	1	69	305	4.000	62.22	373.32	2025-11-18 09:22:38.904
9427	1	69	717	14.000	105.21	1578.14	2025-11-18 09:22:27.084
9594	1	69	833	13.000	73.87	1034.13	2025-11-18 09:22:34.481
10899	1	78	1548	0.000	172.96	172.96	2025-11-21 06:18:39.381
9550	1	69	400	17.000	96.01	1632.20	2025-11-18 09:22:32.389
9199	1	70	1477	2.000	253.47	2788.22	2025-11-18 09:08:43.087
9212	1	70	573	0.000	79.46	0.00	2025-11-18 09:08:43.491
14514	1	100	312	1.000	56.66	56.66	2025-12-23 09:10:30.267
9369	1	69	55	7.000	110.68	1106.80	2025-11-18 09:22:25.203
10897	1	78	117	0.000	141.57	141.57	2025-11-21 06:18:39.29
10127	1	65	1649	0.000	74.69	298.76	2025-11-18 09:58:01.294
9553	1	69	407	16.000	114.02	1824.26	2025-11-18 09:22:32.499
10954	1	78	71	141.000	52.54	7618.31	2025-11-21 06:18:42.494
9390	1	69	139	14.000	121.85	1827.70	2025-11-19 10:07:58.89
10879	1	78	140	18.000	134.67	2828.14	2025-11-21 06:18:38.684
10115	1	65	1660	7.000	79.49	715.40	2025-11-18 09:58:01.095
9438	1	69	158	6.000	65.70	591.28	2025-11-18 09:22:27.413
10119	1	65	1603	1.000	84.49	168.98	2025-11-18 09:58:01.181
10122	1	65	1663	0.000	44.49	44.49	2025-11-18 09:58:01.199
10944	1	78	1537	0.000	85.43	341.71	2025-11-21 06:18:42.093
10126	1	65	1648	3.000	65.49	196.47	2025-11-20 08:19:05.528
9180	1	70	516	15.000	146.67	3960.03	2025-11-19 10:04:18.094
9020	1	65	83	15.000	149.96	3149.21	2025-11-18 15:59:19.883
9373	1	69	138	18.000	110.32	2206.43	2025-11-18 09:22:25.31
10920	1	78	133	0.000	129.61	259.22	2025-11-21 06:18:41.29
10116	1	65	1658	0.000	84.49	506.94	2025-11-18 09:58:01.099
10130	1	65	722	20.000	44.49	1112.23	2025-11-18 09:58:01.306
10128	1	65	1652	13.000	49.49	989.79	2025-11-18 09:58:01.298
9370	1	69	700	4.000	70.19	491.35	2025-11-18 09:22:25.284
10125	1	65	1625	0.000	50.49	1211.74	2025-11-18 09:58:01.286
14518	1	100	292	2.000	93.58	187.17	2025-12-24 12:31:24.59
10947	1	78	1547	3.000	79.69	318.75	2025-11-21 06:18:42.198
9611	1	69	425	13.000	52.68	790.24	2025-11-18 09:22:35.484
10921	1	78	149	52.000	79.70	4224.23	2025-11-21 06:18:41.297
9518	1	69	389	10.000	81.21	974.55	2025-11-18 09:22:31.002
9356	1	69	337	1.000	3898.15	3898.15	2025-11-27 08:00:48.099
11058	1	78	68	0.000	0.00	129.64	2025-11-27 08:22:01.483
9402	1	69	123	5.000	59.58	714.92	2025-11-18 09:22:26.193
10928	1	78	1546	0.000	49.70	49.70	2025-11-21 06:18:41.587
10941	1	78	124	0.000	75.08	825.90	2025-11-21 06:18:41.992
10912	1	78	702	1.000	91.78	275.34	2025-11-21 06:18:40.189
10933	1	78	69	0.000	69.49	277.94	2025-11-21 06:18:41.702
9396	1	69	142	12.000	85.12	1276.78	2025-11-18 09:22:25.995
9393	1	69	91	6.000	67.27	672.68	2025-11-22 10:03:29.688
10945	1	78	130	8.000	105.88	847.04	2025-11-21 06:18:42.181
9405	1	69	122	48.000	71.13	3912.09	2025-11-21 10:14:04.506
9411	1	69	95	6.000	369.97	2959.77	2025-11-18 09:22:26.411
9209	1	70	625	1.000	691.76	691.76	2025-11-19 10:04:18.284
21332	1	134	1530	5.000	235.27	1176.34	2026-01-14 07:40:15.5
9371	1	69	52	2.000	71.91	431.45	2025-11-19 10:07:58.584
17855	8	118	5442	6.000	65.09	390.54	2026-01-05 10:25:35.901
10925	1	78	151	132.000	94.74	12506.12	2025-11-21 06:18:41.489
10936	1	78	54	11.000	74.91	1273.54	2025-11-21 06:18:41.803
9182	1	70	153	3.000	493.18	1479.54	2025-11-27 08:00:48.103
14526	1	100	317	11.000	71.81	789.94	2025-12-23 09:10:32.099
17857	8	118	5396	3.000	79.94	239.82	2026-01-05 10:25:35.991
17858	8	118	5391	110.000	80.92	8901.18	2026-01-05 10:37:54.887
17853	8	118	5400	49.000	80.90	3964.10	2026-01-05 10:37:54.893
21336	1	134	61	17.000	246.20	4185.40	2026-01-14 07:40:15.797
21333	1	134	56	2.000	104.20	208.40	2026-01-14 07:40:15.693
9428	1	69	372	0.000	0.00	3058.64	2025-11-20 11:11:20.873
8812	1	66	395	0.000	77.66	1320.23	2025-11-18 08:56:38.487
8818	1	66	409	10.000	92.32	1015.56	2025-11-18 08:56:38.611
9004	1	64	132	0.000	195.18	195.18	2025-11-18 09:00:13.497
10924	1	78	152	0.000	85.71	257.12	2025-11-21 06:18:41.481
9000	1	64	63	332.000	44.18	14843.92	2025-11-20 10:16:44.515
8982	1	64	103	28.000	59.15	1833.73	2025-11-20 10:16:44.187
8961	1	64	83	52.000	151.97	8813.99	2025-11-20 10:16:43.514
8983	1	64	109	142.000	83.70	13224.25	2025-11-20 10:16:44.191
8999	1	64	125	161.000	52.10	8753.50	2025-11-20 10:16:44.503
8980	1	64	71	309.000	44.64	13929.18	2025-11-20 10:16:44.091
8954	1	64	149	53.000	79.61	4298.78	2025-11-20 10:16:43.992
10960	1	78	127	493.000	79.54	39292.72	2025-11-21 06:18:42.701
10450	1	76	1628	2.000	570.10	1140.19	2025-11-22 07:36:47.406
8888	1	66	488	17.000	388.91	6611.46	2025-11-22 07:37:27.51
9278	1	70	348	3.000	101.72	406.87	2025-11-18 09:08:45.696
11161	1	67	1513	1.000	98.29	98.29	2025-11-22 07:37:59.51
8924	1	64	700	102.000	67.78	6913.28	2025-11-20 10:16:43.298
8921	1	64	57	97.000	179.19	17381.87	2025-11-20 10:16:43.398
8963	1	64	92	61.000	149.17	9099.23	2025-11-20 10:16:43.601
8950	1	64	107	42.000	74.75	3139.36	2025-11-20 10:16:43.785
9022	1	65	128	61.000	54.69	3336.18	2025-11-19 13:17:52.284
9255	1	70	659	1.000	159.78	319.55	2025-11-18 09:08:44.987
8998	1	64	128	47.000	54.38	2555.86	2025-11-22 08:26:58.779
8981	1	64	85	18.000	73.81	1328.53	2025-11-20 10:16:44.099
10423	1	76	727	0.000	893.22	893.22	2025-11-22 07:36:47.096
8972	1	64	1545	2.000	72.91	145.82	2025-11-20 10:16:44.214
8977	1	64	1539	2.000	52.71	105.42	2025-11-20 10:16:44.293
8979	1	64	1541	6.000	72.71	436.25	2025-11-20 10:16:44.304
8974	1	64	134	5.000	83.08	415.40	2025-11-20 10:16:44.387
8978	1	64	150	1.000	67.71	67.71	2025-11-20 10:16:44.398
11142	1	67	1476	0.000	68.29	68.29	2025-11-22 07:37:59.003
10467	1	76	1652	25.000	48.98	1616.49	2025-11-22 07:36:47.795
14544	1	100	687	3.000	154.20	462.60	2025-12-24 12:31:24.301
14545	1	100	330	32.000	132.75	4248.04	2025-12-24 12:31:24.305
14538	1	100	291	104.000	43.90	4565.81	2025-12-24 12:31:25.196
14530	1	100	1975	99.000	71.49	7077.84	2025-12-23 09:10:32.682
9221	1	70	556	3.000	129.64	648.20	2025-11-18 09:08:43.708
9230	1	70	558	3.000	72.15	360.73	2025-11-18 09:08:44.084
9646	1	69	478	4.000	58.72	411.01	2025-11-18 09:22:37.191
11108	1	76	1636	1.000	140.01	560.05	2025-11-22 07:36:46.8
9471	1	69	741	5.000	64.84	518.72	2025-11-18 09:22:28.604
8883	1	66	477	28.000	43.55	1959.73	2025-11-22 07:37:27.293
17860	8	118	5390	23.000	49.01	1127.23	2026-01-05 10:37:55.285
11179	1	67	1486	0.000	113.29	113.29	2025-11-22 07:38:00.21
11121	1	76	1637	0.000	82.81	496.88	2025-11-22 07:36:47.486
11149	1	67	611	3.000	90.68	362.73	2025-11-26 16:43:11.783
11167	1	67	1463	0.000	90.68	90.68	2025-11-26 16:43:12.396
11141	1	67	1475	0.000	230.68	230.68	2025-11-26 16:43:11.513
9203	1	70	519	11.000	129.94	1429.32	2025-11-19 10:04:18.101
14533	1	100	293	8.000	73.54	588.35	2025-12-24 12:31:24.892
11159	1	67	551	0.000	90.68	181.36	2025-11-26 16:43:12.09
9186	1	70	571	0.000	79.56	159.13	2025-11-19 10:04:18.4
11156	1	67	1501	0.000	230.68	230.68	2025-11-26 16:43:11.996
9179	1	70	515	22.000	100.69	2617.96	2025-11-21 13:24:50.695
9196	1	70	568	1.000	115.31	691.87	2025-11-19 10:04:18.393
9391	1	69	54	6.000	82.25	822.50	2025-11-19 10:07:58.599
17869	8	118	5487	25.000	87.20	2180.00	2026-01-05 10:25:36.192
14535	1	100	294	17.000	65.44	1112.54	2025-12-23 09:10:33.08
14536	1	100	307	14.000	56.34	788.80	2025-12-23 09:10:33.195
21342	1	134	1531	1.000	90.52	90.52	2026-01-14 07:40:16.189
9487	1	69	205	12.000	66.42	1062.69	2025-11-19 10:07:58.36
9236	1	70	531	26.000	142.46	5128.42	2025-11-26 17:08:26.785
9273	1	70	371	14.000	138.05	2070.77	2025-11-26 17:08:26.773
9429	1	69	356	1.000	46.84	608.92	2025-11-18 09:22:27.104
14539	1	100	326	24.000	48.03	1152.75	2025-12-23 09:10:33.499
9275	1	70	366	8.000	183.93	1839.30	2025-11-26 17:08:26.762
14546	1	100	1981	4.000	95.09	380.36	2025-12-24 12:31:24.383
9483	1	69	196	29.000	436.98	13109.43	2025-11-19 10:07:58.41
9267	1	70	357	0.000	259.43	1816.02	2025-11-19 10:04:18.683
17870	8	118	5507	1.000	195.08	195.08	2026-01-05 10:25:36.195
11148	1	67	610	1.000	110.68	110.68	2025-11-26 16:43:11.698
17871	8	118	5560	1.000	235.00	235.00	2026-01-05 10:25:36.198
10911	1	78	126	12.000	134.57	1614.84	2025-11-27 06:03:56.125
9248	1	70	651	0.000	59.03	236.12	2025-11-18 09:08:44.692
9348	1	69	153	10.000	723.49	7234.90	2025-11-27 08:00:48.105
10456	1	76	1638	4.000	134.91	539.64	2025-11-27 08:09:02.642
9435	1	69	728	1.000	52.20	156.59	2025-11-21 10:14:04.094
14540	1	100	331	20.000	85.31	1706.15	2025-12-24 12:31:24.087
10422	1	76	163	4.000	914.87	3659.46	2025-11-22 07:36:46.586
14542	1	100	336	17.000	77.87	1323.81	2025-12-24 12:31:24.098
14543	1	100	299	14.000	133.48	1868.68	2025-12-24 12:31:24.297
14534	1	100	333	13.000	84.18	1094.28	2025-12-24 12:31:24.896
11164	1	67	1507	3.000	90.68	272.05	2025-11-26 16:43:12.182
14531	1	100	305	40.000	64.07	2562.77	2025-12-24 12:31:25.186
11169	1	67	1468	1.000	55.68	55.68	2025-11-26 16:43:12.401
14529	1	100	688	60.000	51.74	3104.66	2025-12-24 12:31:25.193
17872	8	118	5577	1.000	235.00	235.00	2026-01-05 10:25:36.283
17873	8	118	5531	1.000	259.86	259.86	2026-01-05 10:25:36.288
11028	1	69	531	0.000	50.55	0.00	2025-11-26 17:08:26.782
17874	8	118	5605	1.000	84.03	84.03	2026-01-05 10:25:36.291
17875	8	118	5601	8.000	85.28	682.24	2026-01-05 10:25:36.295
17876	8	118	5524	9.000	74.92	674.28	2026-01-05 10:25:36.299
17877	8	118	5619	1.000	60.26	60.26	2026-01-05 10:25:36.383
9228	1	70	524	0.000	698.11	0.00	2025-11-18 09:08:43.906
21344	1	134	1536	0.000	135.24	0.00	2026-01-10 07:05:01.598
21345	1	134	135	1.000	156.20	156.20	2026-01-14 07:40:16.488
21338	1	134	83	3.000	155.44	466.32	2026-01-14 07:40:15.989
10138	1	64	514	0.000	0.00	0.00	2025-11-18 12:47:19.343322
20609	1	136	503	14.000	60.64	848.95	2026-01-08 10:28:56.99
17878	8	118	5658	5.000	111.03	555.15	2026-01-05 10:25:36.387
17879	8	118	5720	6.000	53.20	319.20	2026-01-05 10:25:36.39
17882	8	118	5945	4.000	86.66	346.64	2026-01-05 10:25:36.4
17883	8	118	5946	9.000	158.94	1430.46	2026-01-05 10:25:36.403
17884	8	118	5947	6.000	116.51	699.06	2026-01-05 10:25:36.487
17886	8	118	5952	1.000	248.63	248.63	2026-01-05 10:25:36.494
17887	8	118	5953	26.000	139.19	3618.94	2026-01-05 10:25:36.498
17888	8	118	5955	1.000	110.61	110.61	2026-01-05 10:25:36.501
17889	8	118	5957	1.000	193.56	193.56	2026-01-05 10:25:36.587
17890	8	118	5958	6.000	67.63	405.78	2026-01-05 10:25:36.591
17891	8	118	5959	18.000	80.10	1441.80	2026-01-05 10:25:36.594
17892	8	118	5968	11.000	99.32	1092.52	2026-01-05 10:25:36.597
17893	8	118	5969	12.000	139.51	1674.12	2026-01-05 10:25:36.601
17894	8	118	5970	2.000	153.83	307.66	2026-01-05 10:25:36.604
17895	8	118	5971	11.000	59.63	655.93	2026-01-05 10:25:36.686
19380	1	123	87	104.000	70.01	7281.04	2026-01-06 21:29:05.102
17881	8	118	5944	2.000	90.44	180.88	2026-01-05 10:25:36.397
17885	8	118	5951	3.000	170.26	510.78	2026-01-05 10:25:36.49
17880	8	118	5943	51.000	60.07	3063.57	2026-01-05 10:25:36.393
19388	1	123	65	42.000	75.52	3171.84	2026-01-06 21:29:05.49
19373	1	123	93	165.000	152.38	25142.70	2026-01-06 21:29:04.795
20610	1	136	490	12.000	130.26	1563.06	2026-01-08 10:28:56.998
19434	1	123	94	57.000	98.21	5597.97	2026-01-06 21:29:07.588
19429	1	123	92	42.000	150.27	6311.34	2026-01-06 21:29:07.292
19433	1	123	98	57.000	70.31	4007.67	2026-01-06 21:29:07.495
10095	1	65	1657	1.000	44.49	311.43	2025-11-18 09:58:00.683
19392	1	123	705	4.000	165.30	661.20	2026-01-06 21:29:05.696
19394	1	123	1544	2.000	121.25	242.50	2026-01-06 21:29:05.792
10109	1	65	1637	0.000	84.29	590.03	2025-11-18 09:58:01.01
10072	1	65	1636	0.000	141.49	424.47	2025-11-18 09:58:00.207
10075	1	65	736	4.000	164.49	986.94	2025-11-18 09:58:00.222
19426	1	123	72	11.000	160.43	1764.73	2026-01-06 21:29:07.186
10093	1	65	1647	0.000	84.49	168.98	2025-11-18 09:58:00.487
10076	1	65	1661	0.000	139.49	139.49	2025-11-18 09:58:00.285
19398	1	123	1548	2.000	173.62	347.24	2026-01-06 21:29:05.983
8608	1	68	1477	74.000	252.88	18713.12	2025-11-19 13:17:52.288
19385	1	123	700	9.000	70.15	631.35	2026-01-06 21:29:05.382
10149	1	65	570	1.000	605.50	605.50	2025-11-19 13:17:52.381
10079	1	65	1666	0.000	171.49	514.47	2025-11-18 09:58:00.3
10078	1	65	1665	0.000	124.49	124.49	2025-11-18 09:58:00.296
9053	1	65	188	7.000	135.43	1218.83	2025-11-18 09:05:06.386
19401	1	123	1550	7.000	140.14	980.98	2026-01-06 21:29:06.09
9057	1	65	223	208.000	48.21	10462.07	2025-11-18 09:05:06.486
19417	1	123	149	9.000	80.23	722.07	2026-01-06 21:29:06.788
9089	1	65	1725	9.000	171.77	1717.66	2025-11-18 09:05:07.501
9110	1	65	247	28.000	43.47	1217.07	2025-11-19 06:46:11.785
9158	1	65	291	53.000	42.70	2348.51	2025-11-18 09:05:10.187
9146	1	65	328	31.000	102.42	3277.40	2025-11-18 09:05:09.691
19378	1	123	84	53.000	56.91	3016.23	2026-01-06 21:29:05.081
9140	1	65	288	0.000	127.12	254.24	2025-11-18 09:05:09.49
9052	1	65	180	0.000	280.62	280.62	2025-11-18 09:05:06.309
19376	1	123	1516	1.000	86.14	86.14	2026-01-06 21:29:04.984
10150	1	65	1789	1.000	127.80	127.80	2025-11-19 06:46:11.087
10151	1	65	1800	5.000	47.80	238.98	2025-11-19 06:46:11.094
10152	1	65	1801	3.000	77.80	233.39	2025-11-19 06:46:11.104
10153	1	65	1809	2.000	37.80	75.59	2025-11-19 06:46:11.182
10154	1	65	1812	8.000	57.80	462.36	2025-11-19 06:46:11.187
10155	1	65	1815	3.000	67.80	203.39	2025-11-19 06:46:11.192
10156	1	65	1814	2.000	37.80	75.59	2025-11-19 06:46:11.197
10157	1	65	1839	1.000	77.80	77.80	2025-11-19 06:46:11.21
10158	1	65	1989	5.000	47.80	238.98	2025-11-19 06:46:11.283
10137	1	64	510	0.000	0.00	0.00	2025-11-18 12:47:19.343322
10139	1	64	337	0.000	0.00	0.00	2025-11-18 12:47:19.343322
10140	1	64	538	0.000	0.00	0.00	2025-11-18 12:47:19.343322
10141	1	64	630	0.000	0.00	0.00	2025-11-18 12:47:19.343322
10143	1	64	580	0.000	0.00	0.00	2025-11-18 12:47:19.343322
10144	1	64	1477	0.000	0.00	0.00	2025-11-18 12:47:19.343322
10145	1	64	547	0.000	0.00	0.00	2025-11-18 12:47:19.343322
10146	1	64	634	0.000	0.00	0.00	2025-11-18 12:47:19.343322
10147	1	64	1505	0.000	0.00	0.00	2025-11-18 12:47:19.343322
10148	1	64	603	0.000	0.00	0.00	2025-11-18 12:47:19.343322
19421	1	123	137	6.000	109.84	659.04	2026-01-06 21:29:06.984
9152	1	65	329	10.000	132.78	1327.80	2025-11-19 10:04:18.789
20611	1	136	473	25.000	280.31	7007.86	2026-01-08 10:28:57.087
10064	1	65	1622	0.000	64.49	193.47	2025-11-18 09:58:00.103
14550	1	100	306	4.000	71.60	286.38	2025-12-23 09:10:35.387
10067	1	65	1624	0.000	0.00	940.40	2025-11-20 08:19:20.263
21039	1	139	726	3.000	75.76	227.28	2026-01-08 10:39:23.892
14551	1	100	324	1.000	88.41	88.41	2025-12-23 09:10:35.399
21041	1	139	171	4.000	50.82	203.26	2026-01-08 10:39:23.996
21043	1	139	160	3.000	99.05	297.14	2026-01-08 10:39:24.096
14552	1	100	335	1.000	68.41	68.41	2025-12-23 09:10:35.49
21045	1	139	1647	3.000	89.05	267.15	2026-01-08 10:39:24.193
21048	1	139	1627	3.000	151.33	453.98	2026-01-08 10:39:24.382
21050	1	139	1626	1.000	158.17	158.17	2026-01-08 10:39:24.481
14549	1	100	290	29.000	83.79	2430.05	2025-12-24 12:31:24.4
21051	1	139	169	2.000	105.58	211.16	2026-01-08 10:39:24.49
21052	1	139	165	1.000	130.80	130.80	2026-01-08 10:39:24.497
21055	1	139	1597	4.000	148.48	593.92	2026-01-08 10:39:24.694
21053	1	139	162	0.000	170.48	0.00	2026-01-08 10:39:24.589
21044	1	139	1657	0.000	48.60	0.00	2026-01-08 10:39:24.186
21040	1	139	1616	7.000	73.88	517.15	2026-01-08 10:39:23.987
20612	1	136	494	0.000	39.41	0.00	2026-01-08 10:28:57.094
21036	1	139	719	0.000	75.89	0.00	2026-01-08 10:39:23.692
21056	1	139	183	1.000	134.34	134.34	2026-01-08 10:39:24.786
21038	1	139	167	9.000	80.68	726.08	2026-01-08 10:39:23.796
8645	1	67	1477	7.000	1455.86	10191.01	2025-11-27 08:02:41.271
21049	1	139	1656	0.000	126.47	0.00	2026-01-08 10:39:24.39
10159	1	65	1848	1.000	207.80	207.80	2025-11-19 06:46:11.288
10160	1	65	1849	1.000	107.80	107.80	2025-11-19 06:46:11.292
10161	1	65	1850	1.000	67.80	67.80	2025-11-19 06:46:11.297
10162	1	65	1868	10.000	152.81	1528.05	2025-11-19 06:46:11.302
10163	1	65	1869	10.000	87.80	877.95	2025-11-19 06:46:11.307
10164	1	65	1870	30.000	52.80	1583.85	2025-11-19 06:46:11.312
10165	1	65	270	1.000	57.80	57.80	2025-11-19 06:46:11.382
10166	1	65	1805	10.000	37.80	377.95	2025-11-19 06:46:11.394
10167	1	65	1786	1.000	137.80	137.80	2025-11-19 06:46:11.398
10168	1	65	1785	2.000	107.80	215.59	2025-11-19 06:46:11.403
10169	1	65	1788	6.000	47.80	286.77	2025-11-19 06:46:11.411
10170	1	65	237	3.000	77.80	233.39	2025-11-19 06:46:11.419
10171	1	65	804	3.000	87.80	263.39	2025-11-19 06:46:11.483
10172	1	65	805	5.000	57.80	288.98	2025-11-19 06:46:11.488
10173	1	65	806	3.000	77.80	233.39	2025-11-19 06:46:11.493
10174	1	65	1790	1.000	147.80	147.80	2025-11-19 06:46:11.497
10175	1	65	1792	1.000	127.80	127.80	2025-11-19 06:46:11.502
10176	1	65	1793	2.000	167.79	335.57	2025-11-19 06:46:11.507
10177	1	65	1794	3.000	102.80	308.39	2025-11-19 06:46:11.584
10178	1	65	1796	2.000	157.80	315.59	2025-11-19 06:46:11.589
10179	1	65	1795	2.000	87.80	175.59	2025-11-19 06:46:11.593
10180	1	65	1797	35.000	87.80	3072.83	2025-11-19 06:46:11.598
10181	1	65	1798	4.000	42.80	171.18	2025-11-19 06:46:11.602
10182	1	65	1799	8.000	237.80	1902.36	2025-11-19 06:46:11.607
10183	1	65	1802	2.000	127.80	255.59	2025-11-19 06:46:11.614
10184	1	65	1806	1.000	57.80	57.80	2025-11-19 06:46:11.688
10185	1	65	1807	2.000	140.31	280.61	2025-11-19 06:46:11.693
10186	1	65	810	36.000	52.80	1900.62	2025-11-19 06:46:11.697
11276	1	69	1477	9.000	280.98	2528.80	2025-11-26 10:26:34.797385
10187	1	65	1808	1.000	72.80	72.80	2025-11-19 06:46:11.709
10188	1	65	1810	1.000	57.80	57.80	2025-11-19 06:46:11.781
10189	1	65	811	7.000	57.80	404.57	2025-11-19 06:46:11.79
10190	1	65	1816	1.000	177.80	177.80	2025-11-19 06:46:11.794
10191	1	65	1818	6.000	57.80	346.77	2025-11-19 06:46:11.802
10192	1	65	813	2.000	57.80	115.59	2025-11-19 06:46:11.807
10193	1	65	814	7.000	87.80	614.57	2025-11-19 06:46:11.811
10194	1	65	1822	2.000	147.80	295.59	2025-11-19 06:46:11.819
10195	1	65	1821	4.000	77.80	311.18	2025-11-19 06:46:11.886
10196	1	65	1823	5.000	107.80	538.98	2025-11-19 06:46:11.891
10197	1	65	1984	4.000	102.80	411.18	2025-11-19 06:46:11.9
10198	1	65	1825	1.000	57.80	57.80	2025-11-19 06:46:11.905
10199	1	65	1827	5.000	182.80	913.98	2025-11-19 06:46:11.91
10200	1	65	1830	25.000	57.80	1444.88	2025-11-19 06:46:11.98
10201	1	65	1829	12.000	94.80	1137.54	2025-11-19 06:46:11.985
10202	1	65	1831	4.000	57.80	231.18	2025-11-19 06:46:11.99
10203	1	65	1835	3.000	127.80	383.39	2025-11-19 06:46:11.994
10204	1	65	1836	3.000	97.80	293.39	2025-11-19 06:46:11.998
10205	1	65	815	1.000	77.80	77.80	2025-11-19 06:46:12.002
10206	1	65	1837	2.000	87.80	175.59	2025-11-19 06:46:12.007
10207	1	65	1840	1.000	62.80	62.80	2025-11-19 06:46:12.011
10208	1	65	1841	5.000	87.80	438.98	2025-11-19 06:46:12.015
10209	1	65	1842	3.000	57.80	173.39	2025-11-19 06:46:12.02
10210	1	65	1843	2.000	167.80	335.59	2025-11-19 06:46:12.024
10211	1	65	1844	6.000	92.80	556.77	2025-11-19 06:46:12.084
10212	1	65	1845	4.000	47.80	191.18	2025-11-19 06:46:12.088
10213	1	65	1846	4.000	157.80	631.18	2025-11-19 06:46:12.093
10214	1	65	816	2.000	97.80	195.59	2025-11-19 06:46:12.097
10215	1	65	1851	4.000	57.80	231.18	2025-11-19 06:46:12.102
10216	1	65	1852	4.000	227.80	911.18	2025-11-19 06:46:12.106
10217	1	65	1853	6.000	117.80	706.77	2025-11-19 06:46:12.111
10218	1	65	1855	1.000	207.80	207.80	2025-11-19 06:46:12.115
10219	1	65	1856	3.000	37.80	113.39	2025-11-19 06:46:12.188
10220	1	65	1857	2.000	72.80	145.59	2025-11-19 06:46:12.192
10221	1	65	1858	2.000	47.80	95.59	2025-11-19 06:46:12.197
10222	1	65	1859	1.000	127.80	127.80	2025-11-19 06:46:12.282
10223	1	65	1861	4.000	167.80	671.18	2025-11-19 06:46:12.292
10224	1	65	1862	2.000	77.80	155.59	2025-11-19 06:46:12.296
10225	1	65	1864	1.000	107.80	107.80	2025-11-19 06:46:12.301
10226	1	65	1866	2.000	77.80	155.59	2025-11-19 06:46:12.305
10227	1	65	1867	3.000	52.80	158.39	2025-11-19 06:46:12.318
10228	1	65	1871	9.000	52.80	475.16	2025-11-19 06:46:12.383
10229	1	65	1872	6.000	67.80	406.77	2025-11-19 06:46:12.388
10230	1	65	1873	2.000	127.80	255.59	2025-11-19 06:46:12.393
10231	1	65	1876	1.000	167.80	167.80	2025-11-19 06:46:12.408
10232	1	65	1877	5.000	177.80	888.98	2025-11-19 06:46:12.482
10233	1	65	820	5.000	127.80	638.98	2025-11-19 06:46:12.487
10234	1	65	1879	1.000	92.80	92.80	2025-11-19 06:46:12.491
10235	1	65	1882	1.000	137.80	137.80	2025-11-19 06:46:12.496
10236	1	65	1881	2.000	147.80	295.59	2025-11-19 06:46:12.5
10237	1	65	1884	2.000	47.80	95.59	2025-11-19 06:46:12.507
10238	1	65	1885	6.000	57.80	346.77	2025-11-19 06:46:12.512
10239	1	65	1883	2.000	97.80	195.59	2025-11-19 06:46:12.516
11249	1	78	510	0.000	0.00	0.00	2025-11-26 10:08:24.459613
14554	1	87	1522	0.000	0.00	0.00	2025-12-11 12:16:33.430995
11250	1	78	513	0.000	0.00	0.00	2025-11-26 10:08:24.459613
10241	1	66	1888	0.000	78.58	78.58	2025-11-19 06:47:12.702
9571	1	69	810	0.000	53.60	0.00	2025-11-18 09:22:33.299
11277	1	69	811	0.000	0.00	0.00	2025-11-26 10:26:34.797385
11252	1	78	515	0.000	0.00	0.00	2025-11-26 10:08:24.459613
11253	1	78	337	0.000	0.00	0.00	2025-11-26 10:08:24.459613
11254	1	78	154	0.000	0.00	0.00	2025-11-26 10:08:24.459613
11255	1	78	543	0.000	0.00	0.00	2025-11-26 10:08:24.459613
11256	1	78	579	0.000	0.00	0.00	2025-11-26 10:08:24.459613
11257	1	78	1477	0.000	0.00	0.00	2025-11-26 10:08:24.459613
11258	1	78	1493	0.000	0.00	0.00	2025-11-26 10:08:24.459613
11259	1	78	567	0.000	0.00	0.00	2025-11-26 10:08:24.459613
11278	1	69	1871	0.000	0.00	0.00	2025-11-26 10:26:34.797385
11279	1	69	1785	0.000	0.00	0.00	2025-11-26 10:26:34.797385
11280	1	69	1786	0.000	0.00	0.00	2025-11-26 10:26:34.797385
21625	1	137	6291	1.000	0.10	0.10	2026-01-15 06:58:24.356
11251	1	78	153	8.000	411.21	3289.70	2025-11-26 17:09:06.15
10243	1	66	862	0.000	0.00	0.00	2025-11-22 07:37:27.19
10248	1	66	865	4.000	88.55	354.20	2025-11-22 07:37:27.299
10259	1	66	869	4.000	178.56	714.26	2025-11-22 07:37:27.517
11186	1	69	1541	1.000	60.00	60.00	2025-11-22 10:03:29.673
10261	1	66	1905	0.000	68.55	137.10	2025-11-22 07:37:27.59
10263	1	66	1907	0.000	0.00	98.55	2025-11-22 07:37:27.599
10277	1	66	1920	0.000	113.58	113.58	2025-11-19 06:47:13.315
8671	1	67	552	2.000	166.99	333.97	2025-11-26 16:43:11.486
10280	1	66	1923	0.000	88.55	531.30	2025-11-22 07:37:27.885
8659	1	67	510	5.000	53.32	373.24	2025-11-19 10:04:18.013
10287	1	66	879	1.000	158.56	634.26	2025-11-22 07:37:27.914
8643	1	67	589	5.000	129.96	649.80	2025-11-26 16:43:11.686
10311	1	70	510	0.000	53.32	0.00	2025-11-19 10:04:18.017
10266	1	66	1909	0.000	93.56	935.59	2025-11-22 07:37:27.695
10274	1	66	496	6.000	58.55	468.43	2025-11-22 07:37:27.802
10303	1	66	1941	4.000	188.56	942.81	2025-11-22 07:37:28.114
8680	1	67	634	0.000	75.68	378.41	2025-11-26 16:43:12.501
10316	1	70	546	1.000	312.77	1251.09	2025-11-19 10:04:18.208
10301	1	66	502	1.000	73.58	73.58	2025-11-19 06:47:13.689
8715	1	67	1514	5.000	80.68	403.41	2025-11-26 16:43:12.299
10320	1	70	1514	5.000	118.08	708.46	2025-11-19 10:04:18.488
8722	1	67	591	12.000	49.98	599.73	2025-11-26 16:43:12.386
10142	1	64	589	0.000	0.00	0.00	2025-11-18 12:47:19.343322
10321	1	70	591	6.000	76.59	536.12	2025-11-19 10:04:18.497
10314	1	70	532	1.000	85.79	85.79	2025-11-19 10:04:18.192
10317	1	70	628	2.000	78.22	156.44	2025-11-19 10:04:18.299
8606	1	68	153	175.000	327.88	57379.00	2025-11-19 10:04:18.592
8774	1	66	369	8.000	43.09	344.72	2025-11-19 10:04:18.695
8770	1	66	371	24.000	98.89	2373.36	2025-11-19 10:04:18.702
9154	1	65	318	17.000	61.06	1038.02	2025-11-19 10:04:18.796
21571	8	122	5575	0.000	70.24	0.00	2026-01-12 07:23:37.696
20057	1	134	118	54.000	71.89	3881.84	2026-01-14 07:40:16.992
21574	8	122	5479	0.000	100.24	0.00	2026-01-12 07:23:37.982
20626	1	137	561	0.000	0.00	0.00	2026-01-12 16:12:44.887
18434	8	122	5698	9.000	92.44	831.96	2026-01-05 15:59:58.692
21573	8	122	5589	0.000	90.24	0.00	2026-01-12 07:23:37.797
19943	7	113	5324	4.000	106.40	425.60	2026-01-08 08:34:02.19
10325	1	69	133	0.000	129.58	259.16	2025-11-19 10:07:58.881
10313	1	70	514	0.000	240.80	722.40	2025-11-19 10:04:18.086
8682	1	67	1505	0.000	223.29	223.29	2025-11-22 07:38:00.103
10318	1	70	1489	0.000	115.20	230.40	2025-11-19 10:04:18.307
10312	1	70	1465	1.000	109.28	218.56	2025-11-19 10:04:18.025
10272	1	66	1916	0.000	0.00	0.00	2025-11-22 07:37:27.792
17897	8	118	5973	36.000	79.24	2852.64	2026-01-05 10:25:36.694
17903	8	118	5980	4.000	56.24	224.96	2026-01-05 10:25:36.799
17898	8	118	5975	31.000	114.13	3538.03	2026-01-05 10:25:36.698
17899	8	118	5976	5.000	97.74	488.70	2026-01-05 10:25:36.784
14295	1	87	1560	0.000	84.95	2973.25	2025-12-10 07:37:58.873
14296	1	87	1562	0.000	38.03	1787.41	2025-12-12 07:46:56.615
17900	8	118	5977	126.000	108.53	13674.78	2026-01-05 10:25:36.789
17901	8	118	5978	12.000	69.53	834.36	2026-01-05 10:25:36.792
17902	8	118	5979	73.000	71.08	5188.84	2026-01-05 10:25:36.796
17904	8	118	5982	15.000	69.37	1040.55	2026-01-05 10:25:36.803
17905	8	118	5983	4.000	88.02	352.08	2026-01-05 10:25:36.883
17906	8	118	5984	2.000	128.80	257.60	2026-01-05 10:25:36.888
17907	8	118	5985	4.000	84.75	339.00	2026-01-05 10:25:36.892
17908	8	118	5986	18.000	107.94	1942.92	2026-01-05 10:25:36.896
8657	1	67	587	5.000	66.00	330.00	2025-11-26 16:43:12.391
21572	8	122	5604	0.000	80.24	0.00	2026-01-12 07:23:37.782
18338	8	122	5585	2.000	88.53	177.06	2026-01-12 07:23:37.494
10282	1	66	1925	4.000	228.57	914.29	2025-11-22 07:37:27.893
10322	1	69	758	3.000	75.45	226.36	2025-11-19 10:07:58.384
10281	1	66	1924	0.000	58.55	351.30	2025-11-22 07:37:27.889
8619	1	67	514	2.000	240.68	3610.23	2025-11-26 16:43:11.502
10288	1	66	875	1.000	278.55	278.55	2025-11-22 07:37:27.983
10295	1	66	1933	1.000	153.55	153.55	2025-11-22 07:37:28.012
8718	1	67	337	241.000	49.67	12467.18	2025-11-26 16:43:12.302
10306	1	66	881	4.000	93.56	374.23	2025-11-22 07:37:28.201
10309	1	66	1946	2.000	88.56	177.13	2025-11-22 07:37:28.211
10323	1	69	227	4.000	40.05	200.25	2025-11-19 10:07:58.395
10315	1	70	1473	3.000	154.56	463.67	2025-11-19 10:04:18.201
8706	1	67	538	0.000	129.40	646.98	2025-11-26 16:43:12.19
18327	8	122	5477	12.000	97.57	1170.84	2026-01-12 07:23:37.092
18562	8	122	5673	0.000	72.77	0.00	2026-01-05 15:59:58.683
17909	8	118	5987	7.000	87.67	613.69	2026-01-05 10:25:36.899
17910	8	118	5989	32.000	68.80	2201.60	2026-01-05 10:25:36.903
8635	1	67	580	99.000	212.49	22099.29	2025-11-18 08:49:56.803
17911	8	118	5991	58.000	63.66	3692.28	2026-01-05 10:25:36.987
10319	1	70	587	1.000	67.01	134.02	2025-11-19 10:04:18.408
8630	1	67	571	3.000	79.49	397.43	2025-11-26 16:43:12.198
17913	8	118	5993	2.000	55.15	110.30	2026-01-05 10:25:36.994
17914	8	118	5994	9.000	57.59	518.31	2026-01-05 10:25:36.997
17915	8	118	5995	5.000	84.93	424.65	2026-01-05 10:25:37.001
8723	1	67	630	14.000	49.75	994.98	2025-11-26 16:43:12.389
21575	8	122	5506	1.000	70.24	70.24	2026-01-12 07:23:37.987
8641	1	67	568	4.000	54.68	382.77	2025-11-26 16:43:12.088
18566	8	122	5692	0.000	109.77	0.00	2026-01-05 15:59:58.787
17916	8	118	5996	4.000	190.03	760.12	2026-01-05 10:25:37.088
21570	8	122	5595	0.000	100.24	0.00	2026-01-12 07:23:37.592
17917	8	118	5997	2.000	69.36	138.72	2026-01-05 10:25:37.092
17918	8	118	6002	1.000	70.11	70.11	2026-01-05 10:25:37.096
17919	8	118	6003	1.000	53.25	53.25	2026-01-05 10:25:37.099
17920	8	118	6004	9.000	78.18	703.62	2026-01-05 10:25:37.184
17921	8	118	6005	33.000	47.34	1562.22	2026-01-05 10:25:37.189
17922	8	118	6008	4.000	80.62	322.48	2026-01-05 10:25:37.193
18413	8	122	5653	90.000	152.92	13762.80	2026-01-05 15:59:57.885
18431	8	122	5622	4.000	77.93	311.72	2026-01-05 15:59:58.384
12684	1	87	165	1.000	130.80	130.80	2025-12-23 09:24:24.6
12748	1	87	765	0.000	169.53	0.00	2025-12-05 10:28:11.599
12733	1	87	206	15.000	109.73	1645.89	2025-12-05 10:28:11.297
21443	1	136	426	48.000	88.26	4236.43	2026-01-09 06:56:16.696
21514	1	139	465	6.000	65.51	393.06	2026-01-12 06:10:24.784102
21444	1	136	425	120.000	48.26	5791.07	2026-01-09 06:56:16.705
13225	1	85	468	0.000	170.00	2550.00	2025-12-05 11:04:01.592
10284	1	66	1927	1.000	237.10	711.30	2025-11-22 07:37:27.903
15485	1	82	1536	0.000	133.78	0.00	2025-12-23 09:14:29.083745
9499	1	69	202	3.000	104.24	521.21	2025-11-18 09:22:29.899
10360	1	70	630	0.000	0.00	0.00	2025-11-19 11:59:44.172394
8637	1	67	547	11.000	189.43	2841.40	2025-11-26 16:43:11.583
10063	1	65	730	0.000	151.49	2272.34	2025-11-18 09:58:00.098
10066	1	65	732	1.000	119.49	955.91	2025-11-18 09:58:00.112
10111	1	65	1639	0.000	104.49	522.45	2025-11-18 09:58:01.018
10107	1	65	731	1.000	92.49	1757.30	2025-11-18 09:58:00.999
10108	1	65	1628	10.000	64.49	1160.81	2025-11-18 09:58:01.003
10097	1	65	1668	0.000	109.49	109.49	2025-11-18 09:58:00.786
10080	1	65	1672	0.000	74.49	297.96	2025-11-18 09:58:00.307
9108	1	65	244	89.000	43.01	4946.48	2025-11-19 06:46:11.701
9060	1	65	196	49.000	252.00	12600.00	2025-11-19 10:07:58.407
9086	1	65	211	0.000	57.41	229.62	2025-11-18 09:05:07.396
10068	1	65	174	3.000	159.49	1116.43	2025-11-18 09:58:00.184
8922	1	64	56	176.000	97.16	17197.92	2025-11-20 10:16:43.394
10364	1	64	1519	50.000	137.71	6885.50	2025-11-20 10:16:43.485
10324	1	69	1547	0.000	79.66	238.98	2025-11-19 10:07:58.805
10305	1	66	880	0.000	138.58	138.58	2025-11-19 06:47:13.711
9404	1	69	58	15.000	79.75	1914.08	2025-11-18 09:22:26.212
10270	1	66	492	0.000	58.58	117.16	2025-11-19 06:47:13.215
10276	1	66	1919	0.000	58.58	117.16	2025-11-19 06:47:13.31
11306	1	76	227	6.000	63.72	382.30	2025-11-27 06:03:11.999
17923	8	118	6009	1.000	189.36	189.36	2026-01-05 10:25:37.197
15484	1	82	1523	2.000	110.66	221.32	2025-12-23 10:39:44.789
17924	8	118	6010	1.000	88.07	88.07	2026-01-05 10:25:37.201
17925	8	118	6011	2.000	58.45	116.90	2026-01-05 10:25:37.283
11308	1	76	765	1.000	78.72	78.72	2025-11-27 06:03:12.294
17926	8	118	6013	1.000	158.54	158.54	2026-01-05 10:25:37.288
17927	8	118	6014	1.000	50.59	50.59	2026-01-05 10:25:37.292
17928	8	118	6015	1.000	142.14	142.14	2026-01-05 10:25:37.297
10361	1	68	2289	1.000	0.10	0.10	2025-11-20 07:46:35.757
10363	1	64	1516	25.000	83.96	2099.00	2025-11-20 10:16:43.39
17929	8	118	6016	1.000	97.42	97.42	2026-01-05 10:25:37.303
10365	1	64	69	4.000	67.71	270.84	2025-11-20 10:16:43.495
10362	1	64	1525	25.000	282.71	7067.75	2025-11-20 10:16:43.294
10366	1	64	1526	1.000	147.71	147.71	2025-11-20 10:16:43.597
10367	1	64	1529	2.000	137.71	275.42	2025-11-20 10:16:43.613
10368	1	64	1528	1.000	67.71	67.71	2025-11-20 10:16:43.687
10369	1	64	1527	1.000	157.71	157.71	2025-11-20 10:16:43.696
8944	1	64	102	77.000	99.81	7685.66	2025-11-20 10:16:43.704
10370	1	64	117	1.000	139.71	139.71	2025-11-20 10:16:43.794
10371	1	64	129	4.000	139.71	558.84	2025-11-20 10:16:43.798
10372	1	64	705	6.000	162.71	976.25	2025-11-20 10:16:43.807
10240	1	66	1886	0.000	78.55	78.55	2025-11-22 07:37:27.092
17930	8	118	6017	2.000	67.40	134.80	2026-01-05 10:25:37.384
17931	8	118	6018	1.000	219.88	219.88	2026-01-05 10:25:37.389
10246	1	66	1892	0.000	58.55	351.30	2025-11-22 07:37:27.214
10285	1	66	1928	1.000	63.55	1080.34	2025-11-22 07:37:27.907
17932	8	118	6020	5.000	79.74	398.70	2026-01-05 10:25:37.393
21515	1	139	456	3.000	44.55	133.65	2026-01-12 06:10:24.784102
8730	1	67	603	0.000	58.11	174.32	2025-11-18 08:50:00.193
10292	1	66	877	3.000	108.55	868.40	2025-11-22 07:37:28.001
10260	1	66	1904	2.000	138.56	415.68	2025-11-22 07:37:27.585
17933	8	118	6021	1.000	248.92	248.92	2026-01-05 10:25:37.397
10268	1	66	1911	0.000	53.56	160.68	2025-11-22 07:37:27.702
10283	1	66	1926	0.000	0.00	715.68	2025-11-22 07:37:27.9
17934	8	118	6076	3.000	127.99	383.97	2026-01-05 10:25:37.401
17935	8	118	6023	2.000	96.38	192.76	2026-01-05 10:25:37.404
17936	8	118	6074	15.000	60.34	905.10	2026-01-05 10:25:37.487
10286	1	66	1929	0.000	0.00	0.00	2025-11-22 07:37:27.91
10291	1	66	876	1.000	178.55	178.55	2025-11-22 07:37:27.998
17938	8	118	6027	52.000	74.88	3893.76	2026-01-05 10:25:37.496
10262	1	66	1906	8.000	98.56	788.49	2025-11-22 07:37:27.594
10296	1	66	1934	0.000	0.00	0.00	2025-11-22 07:37:28.019
17939	8	118	6030	3.000	240.84	722.52	2026-01-05 10:25:37.5
11307	1	69	1722	2.000	0.00	0.00	2025-11-26 17:06:20.488041
17940	8	118	6033	91.000	69.15	6292.65	2026-01-05 10:25:37.504
11309	1	69	765	1.000	0.00	0.00	2025-11-26 17:06:20.488041
9379	1	69	102	10.000	172.27	1722.69	2025-11-22 10:00:15.762
17941	8	118	6036	8.000	118.46	947.68	2026-01-05 10:25:37.587
11310	1	69	1550	3.000	139.69	419.07	2025-11-26 17:06:20.488041
17942	8	118	6037	8.000	99.83	798.64	2026-01-05 10:25:37.591
17943	8	118	6038	2.000	80.59	161.18	2026-01-05 10:25:37.594
17944	8	118	6040	1.000	102.97	102.97	2026-01-05 10:25:37.598
21253	1	139	489	10.000	150.45	1504.50	2026-01-08 10:41:58.391
20563	1	136	459	0.000	0.00	0.00	2026-01-08 10:28:54.688
17945	8	118	6043	33.000	117.15	3865.95	2026-01-05 10:25:37.683
17946	8	118	6047	10.000	119.11	1191.10	2026-01-05 10:25:37.687
17947	8	118	6048	1.000	150.37	150.37	2026-01-05 10:25:37.691
9455	1	69	170	4.000	70.78	283.12	2025-11-22 10:00:15.765
14553	1	87	194	0.000	320.29	0.00	2025-12-11 12:16:25.428
17948	8	118	6049	19.000	59.71	1134.49	2026-01-05 10:25:37.695
10289	1	66	499	1.000	113.55	340.65	2025-11-22 07:37:27.987
10273	1	66	1917	0.000	78.55	471.30	2025-11-22 07:37:27.796
17949	8	118	6050	1.000	145.77	145.77	2026-01-05 10:25:37.699
17950	8	118	6051	55.000	106.19	5840.45	2026-01-05 10:25:37.788
17951	8	118	6052	2.000	166.00	332.00	2026-01-05 10:25:37.793
10269	1	66	1912	1.000	198.55	1191.30	2025-11-22 07:37:27.705
21466	1	134	1554	0.000	85.24	0.00	2026-01-10 07:05:01.889
10265	1	66	873	0.000	73.55	441.30	2025-11-22 07:37:27.687
10271	1	66	1915	0.000	178.55	178.55	2025-11-22 07:37:27.788
10279	1	66	1922	0.000	168.55	337.10	2025-11-22 07:37:27.882
10275	1	66	1918	0.000	118.55	118.55	2025-11-22 07:37:27.809
10373	1	64	1546	1.000	47.71	47.71	2025-11-20 10:16:43.815
10374	1	64	135	1.000	147.71	147.71	2025-11-20 10:16:43.886
10375	1	64	1551	1.000	115.21	115.21	2025-11-20 10:16:43.988
10376	1	64	1520	5.000	87.71	438.54	2025-11-20 10:16:44.082
10377	1	64	98	16.000	67.71	1083.34	2025-11-20 10:16:44.182
10378	1	64	1537	4.000	82.51	330.04	2025-11-20 10:16:44.197
10379	1	64	1540	4.000	72.51	290.04	2025-11-20 10:16:44.297
10380	1	64	124	11.000	72.91	802.00	2025-11-20 10:16:44.308
10381	1	64	338	2.000	45.71	91.42	2025-11-20 10:16:44.411
10382	1	64	1532	24.000	48.71	1169.02	2025-11-20 10:16:44.486
10383	1	64	1538	4.000	72.91	291.64	2025-11-20 10:16:44.499
10386	1	76	154	1.000	69.46	69.46	2025-11-20 10:44:05.098
10387	1	76	155	350.000	13.54	4739.00	2025-11-20 10:44:05.107
10388	1	76	79	1.000	65.83	65.83	2025-11-20 10:44:05.186
15828	1	103	589	2.000	129.69	259.39	2025-12-31 07:51:48.006
10395	1	76	156	1.000	84.41	84.41	2025-11-20 10:44:05.387
15486	1	103	57	0.000	182.66	0.00	2025-12-13 06:49:34.651
10405	1	76	166	1.000	115.74	115.74	2025-11-20 10:44:05.689
17952	8	118	6053	3.000	70.23	210.69	2026-01-05 10:25:37.797
17953	8	118	6054	40.000	119.96	4798.40	2026-01-05 10:25:37.801
10428	1	76	169	3.000	105.83	317.50	2025-11-20 10:44:06.487
17956	8	118	6063	5.000	67.28	336.40	2026-01-05 10:25:37.895
17954	8	118	6055	1.000	99.43	99.43	2026-01-05 10:25:37.884
10444	1	76	170	5.000	70.94	354.71	2025-11-20 10:44:07
10446	1	76	181	2.000	65.81	131.62	2025-11-20 10:44:07.088
17955	8	118	6058	20.000	149.58	2991.60	2026-01-05 10:25:37.89
17957	8	118	6064	20.000	59.00	1180.00	2026-01-05 10:25:37.899
17958	8	118	6067	6.000	56.22	337.32	2026-01-05 10:25:37.984
17959	8	118	6069	13.000	73.66	957.58	2026-01-05 10:25:37.988
17960	8	118	6070	16.000	54.69	875.04	2026-01-05 10:25:37.992
10460	1	76	161	1.000	79.86	79.86	2025-11-20 10:44:07.699
19615	1	124	190	32.000	72.21	2310.72	2026-01-06 21:33:46.385
10478	1	76	178	1.000	205.75	205.75	2025-11-20 10:44:08.397
10479	1	76	179	1.000	210.89	210.89	2025-11-20 10:44:08.406
19605	1	124	187	7.000	51.83	362.81	2026-01-06 21:33:45.893
10430	1	76	174	0.000	159.08	1431.68	2025-11-22 07:36:46.701
10449	1	76	729	13.000	54.45	707.81	2025-11-22 07:36:47.399
10415	1	76	1633	0.000	0.00	0.00	2025-11-22 07:36:46.712
10403	1	76	1664	1.000	68.03	68.03	2025-11-22 07:36:46.899
10398	1	76	185	17.000	80.50	1368.46	2025-11-22 07:36:46.991
10434	1	76	1597	5.000	146.34	1024.40	2025-11-22 07:36:47.009
10411	1	76	1595	4.000	79.44	317.76	2025-11-22 07:36:47.005
10421	1	76	1669	0.000	0.00	0.00	2025-11-22 07:36:47.283
10399	1	76	728	5.000	57.84	347.01	2025-11-22 07:36:46.601
10425	1	76	1627	11.000	149.74	1796.90	2025-11-22 07:36:46.705
10474	1	76	1609	3.000	44.89	134.67	2025-11-22 07:36:47.888
10453	1	76	738	8.000	59.95	479.57	2025-11-22 07:36:47.683
10418	1	76	1630	0.000	83.01	83.01	2025-11-22 07:36:47.114
10417	1	76	160	37.000	99.08	3864.28	2025-11-22 07:36:46.5
10432	1	76	1635	4.000	141.10	846.58	2025-11-22 07:36:46.795
10447	1	76	1651	39.000	69.68	2717.48	2025-11-22 07:36:47.505
10458	1	76	1670	9.000	66.25	596.25	2025-11-22 07:36:47.693
10468	1	76	1602	45.000	69.75	3487.66	2025-11-22 07:36:47.702
10438	1	76	182	12.000	126.52	1518.23	2025-11-22 07:36:46.582
10439	1	76	172	38.000	105.62	4119.25	2025-11-22 07:36:46.609
10407	1	76	732	1.000	118.34	1065.06	2025-11-22 07:36:46.693
10412	1	76	167	11.000	78.60	864.56	2025-11-22 07:36:46.596
10420	1	76	1611	0.000	107.12	214.23	2025-11-22 07:36:47.089
10397	1	76	175	16.000	95.43	1526.95	2025-11-22 07:36:46.708
10455	1	76	164	12.000	75.06	975.78	2025-11-22 07:36:47.6
10433	1	76	1640	1.000	229.05	687.14	2025-11-22 07:36:46.804
10435	1	76	183	0.000	257.07	257.07	2025-11-22 07:36:46.886
10473	1	76	1645	2.000	43.92	175.69	2025-11-22 07:36:47.892
10424	1	76	1623	0.000	133.65	668.24	2025-11-22 07:36:46.69
10413	1	76	1616	4.000	68.01	272.05	2025-11-22 07:36:47.104
10400	1	76	1619	2.000	65.87	131.73	2025-11-22 07:36:47.107
10409	1	76	719	1.000	184.57	369.15	2025-11-22 07:36:46.487
10391	1	76	83	3.000	342.76	2399.32	2025-11-20 10:44:05.213
10416	1	76	1671	8.000	77.40	619.19	2025-11-22 07:36:47.288
10441	1	76	1608	4.000	75.92	303.69	2025-11-22 07:36:47.293
10442	1	76	159	10.000	64.31	643.11	2025-11-22 07:36:47.301
10443	1	76	724	26.000	53.01	1378.33	2025-11-22 07:36:47.395
10454	1	76	740	12.000	79.39	952.69	2025-11-22 07:36:47.517
10452	1	76	168	67.000	70.83	4745.77	2025-11-22 07:36:47.582
10419	1	76	1657	0.000	222.39	222.39	2025-11-22 07:36:47.201
10392	1	76	113	0.000	69.18	69.18	2025-11-20 10:44:05.288
10457	1	76	1642	0.000	0.00	348.14	2025-11-27 08:09:11.895
10476	1	76	722	38.000	44.52	1736.44	2025-11-22 07:36:47.802
10394	1	76	125	0.000	54.82	109.64	2025-11-20 10:44:05.307
10470	1	76	1604	2.000	50.87	101.73	2025-11-22 07:36:47.812
10469	1	76	1650	6.000	45.94	275.62	2025-11-22 07:36:47.885
10437	1	76	1591	0.000	0.00	0.02	2025-11-22 07:36:46.483
12671	1	87	171	4.000	50.82	203.26	2025-12-23 09:24:24.388
10445	1	76	176	9.000	77.37	928.49	2025-11-22 07:36:47.482
10431	1	76	162	1.000	169.51	339.02	2025-11-22 07:36:46.593
10426	1	76	1656	0.000	123.01	492.05	2025-11-22 07:36:47.197
10410	1	76	1593	2.000	109.17	218.35	2025-11-22 07:36:46.49
10461	1	76	1603	0.000	339.81	339.81	2025-11-22 07:36:47.596
10401	1	76	1606	0.000	167.22	334.45	2025-11-22 07:36:47.085
15827	1	103	626	1.000	89.69	89.69	2025-12-31 07:51:47.988
12618	1	87	92	8.000	150.29	1202.30	2025-12-05 10:28:09.091
12846	1	87	419	2.000	53.68	107.36	2025-12-05 10:28:13.69
15811	1	103	595	2.000	69.69	139.39	2025-12-31 07:51:48.196
12624	1	87	142	7.000	85.68	599.79	2025-12-05 10:28:09.184
12798	1	87	400	8.000	113.35	906.80	2025-12-05 10:28:12.588
10480	1	76	173	3.000	243.25	729.75	2025-11-20 10:44:08.488
10481	1	76	188	7.000	135.43	947.98	2025-11-20 10:44:08.499
10490	1	76	189	1.000	81.77	81.77	2025-11-20 10:44:08.804
17961	8	118	6071	48.000	98.67	4736.16	2026-01-05 10:25:37.996
17962	8	118	6072	8.000	265.33	2122.64	2026-01-05 10:25:38
10499	1	76	195	45.000	256.96	11563.31	2025-11-20 10:44:09.198
17963	8	118	6022	1.000	0.10	0.10	2026-01-05 10:25:38.083
17964	8	118	6073	7.000	57.56	402.92	2026-01-05 10:25:38.088
10503	1	76	207	5.000	182.99	914.97	2025-11-20 10:44:09.385
10504	1	76	215	4.000	153.24	612.94	2025-11-20 10:44:09.397
17965	8	118	5865	2.000	52.81	105.62	2026-01-05 10:25:38.092
17966	8	118	5866	1.000	97.80	97.80	2026-01-05 10:25:38.096
17967	8	118	5867	1.000	147.80	147.80	2026-01-05 10:25:38.099
17968	8	118	5868	1.000	136.87	136.87	2026-01-05 10:25:38.183
10512	1	76	222	1.000	92.61	92.61	2025-11-20 10:44:09.786
17969	8	118	5870	16.000	51.41	822.56	2026-01-05 10:25:38.187
20357	1	135	1699	0.000	67.56	0.00	2026-01-13 12:36:56.986
10523	1	76	1788	6.000	59.12	354.69	2025-11-20 10:44:10.205
10526	1	76	277	15.000	79.92	1198.83	2025-11-20 10:44:10.583
10533	1	76	240	10.000	89.46	894.57	2025-11-20 10:44:11.094
10543	1	76	804	3.000	89.49	268.46	2025-11-20 10:44:11.586
10546	1	76	820	5.000	128.82	644.08	2025-11-20 10:44:11.693
10548	1	76	1985	2.000	52.01	104.02	2025-11-20 10:44:11.786
10555	1	76	241	18.000	54.91	988.37	2025-11-20 10:44:12.084
10560	1	76	815	1.000	78.58	78.58	2025-11-20 10:44:12.297
10567	1	76	811	7.000	59.65	417.56	2025-11-20 10:44:12.601
10572	1	76	265	28.000	48.74	1364.73	2025-11-20 10:44:12.889
10574	1	76	1808	1.000	73.74	73.74	2025-11-20 10:44:12.984
15538	1	100	213	1.000	184.87	184.87	2025-12-23 09:13:27.285
15548	1	100	219	2.000	259.48	518.95	2025-12-23 09:13:27.296
10524	1	76	237	0.000	78.59	235.77	2025-11-20 10:44:10.293
10520	1	76	202	3.000	129.12	387.36	2025-11-27 06:03:11.295
10545	1	76	276	3.000	88.65	354.58	2025-11-20 10:44:11.609
10576	1	76	1806	0.000	58.75	58.75	2025-11-20 10:44:13.016
10534	1	76	1807	0.000	141.57	283.14	2025-11-20 10:44:11.107
10505	1	76	221	2.000	180.71	361.42	2025-11-27 06:03:11.804
10491	1	76	1741	2.000	150.61	301.22	2025-11-27 06:03:12.283
15539	1	100	214	1.000	46.85	46.85	2025-12-23 09:13:29.292
10556	1	76	805	3.000	59.10	295.51	2025-11-20 10:44:12.096
10532	1	76	1802	0.000	128.88	257.75	2025-11-20 10:44:11.082
10506	1	76	213	0.000	367.88	367.88	2025-11-20 10:44:09.496
15536	1	100	757	3.000	133.38	400.15	2025-12-23 09:13:31.998
10577	1	76	1810	0.000	58.70	58.70	2025-11-20 10:44:13.095
10558	1	76	1818	0.000	58.86	353.13	2025-11-20 10:44:12.194
10566	1	76	1851	0.000	58.75	235.01	2025-11-20 10:44:12.589
10525	1	76	806	0.000	259.41	518.81	2025-11-20 10:44:10.383
10530	1	76	1796	0.000	476.01	476.01	2025-11-20 10:44:10.989
10531	1	76	1799	0.000	2148.81	2148.81	2025-11-20 10:44:11.001
10568	1	76	810	22.000	80.32	2249.04	2025-11-20 10:44:12.69
10541	1	76	1861	2.000	168.57	674.26	2025-11-20 10:44:11.49
10542	1	76	1864	0.000	108.66	108.66	2025-11-20 10:44:11.501
10562	1	76	1857	0.000	74.62	149.24	2025-11-20 10:44:12.39
10540	1	76	1855	0.000	209.16	209.16	2025-11-20 10:44:11.407
10564	1	76	1862	0.000	78.71	157.41	2025-11-20 10:44:12.489
10554	1	76	239	2.000	174.03	522.09	2025-11-20 10:44:12
10569	1	76	261	2.000	58.72	469.72	2025-11-20 10:44:12.701
10544	1	76	1873	0.000	128.70	257.40	2025-11-20 10:44:11.598
10575	1	76	1816	0.000	357.42	357.42	2025-11-20 10:44:12.996
10571	1	76	1856	0.000	77.12	231.36	2025-11-20 10:44:12.799
15529	1	100	1686	0.000	77.98	0.00	2025-12-23 09:13:25.197
15544	1	100	1700	0.000	67.59	0.00	2025-12-23 09:13:29.997
10552	1	76	1795	0.000	88.68	177.35	2025-11-20 10:44:11.906
10496	1	76	220	81.000	257.38	22134.57	2025-11-20 10:44:09.089
15520	1	100	1674	6.000	52.76	316.56	2025-12-23 09:13:26.297
10528	1	76	1793	0.000	168.69	337.37	2025-11-20 10:44:10.892
10551	1	76	1794	0.000	103.64	310.92	2025-11-20 10:44:11.895
10553	1	76	1797	0.000	108.64	3802.35	2025-11-20 10:44:11.988
10539	1	76	1852	0.000	228.79	915.15	2025-11-20 10:44:11.397
10561	1	76	1853	0.000	118.71	712.24	2025-11-20 10:44:12.309
10550	1	76	1872	0.000	68.75	412.50	2025-11-20 10:44:11.884
10573	1	76	247	25.000	44.03	1232.79	2025-11-20 10:44:12.902
19638	1	124	211	5.000	58.15	290.75	2026-01-06 21:33:47.485
10529	1	76	1822	0.000	148.66	297.31	2025-11-20 10:44:10.903
10527	1	76	1790	0.000	148.61	148.61	2025-11-20 10:44:10.688
20319	1	135	232	9.000	84.71	762.39	2026-01-13 12:36:57.587
10565	1	76	1871	6.000	79.89	639.13	2025-11-20 10:44:12.502
15531	1	100	203	0.000	237.43	0.00	2025-12-23 09:12:25.806414
10580	1	76	1870	0.000	107.42	3222.72	2025-11-20 10:44:13.21
10536	1	76	1827	0.000	183.73	918.65	2025-11-20 10:44:11.284
10535	1	76	1836	0.000	99.58	298.73	2025-11-20 10:44:11.192
10579	1	76	1869	0.000	177.28	1772.82	2025-11-20 10:44:13.197
10583	1	76	1814	0.000	38.72	77.44	2025-11-20 10:44:13.392
10563	1	76	263	2.000	98.55	591.28	2025-11-20 10:44:12.401
10582	1	76	1815	0.000	68.74	206.21	2025-11-20 10:44:13.304
10584	1	76	257	1.000	178.85	536.56	2025-11-20 10:44:13.407
10557	1	76	249	6.000	118.47	947.76	2025-11-20 10:44:12.108
10585	1	76	1805	9.000	40.28	402.80	2025-11-20 10:44:13.494
10586	1	76	271	0.000	128.77	257.53	2025-11-20 10:44:13.506
10495	1	76	190	28.000	70.12	1963.30	2025-11-27 06:03:11.081
20317	1	135	1734	0.000	97.56	0.00	2026-01-13 12:36:57.594
20347	1	135	1735	5.000	84.19	420.95	2026-01-13 12:36:57.684
10588	1	76	272	7.000	49.51	346.57	2025-11-20 10:44:13.695
10591	1	76	1848	1.000	209.51	209.51	2025-11-20 10:44:13.801
10592	1	76	1849	1.000	109.52	109.52	2025-11-20 10:44:13.882
10593	1	76	1850	1.000	69.52	69.52	2025-11-20 10:44:13.895
20608	1	136	508	0.000	89.68	0.00	2026-01-08 10:28:56.981
10596	1	76	266	7.000	39.14	273.99	2025-11-20 10:44:14.002
10598	1	76	2261	9.000	48.82	439.41	2025-11-20 10:44:14.097
10600	1	76	273	8.000	49.62	396.95	2025-11-20 10:44:14.197
20592	1	136	488	10.000	389.86	3898.60	2026-01-08 10:28:56.091
10602	1	76	1881	2.000	149.04	298.08	2025-11-20 10:44:14.297
20571	1	136	438	2.000	48.33	96.66	2026-01-08 10:28:55.082
10604	1	76	245	5.000	64.60	323.02	2025-11-20 10:44:14.394
10605	1	76	267	2.000	228.58	457.16	2025-11-20 10:44:14.406
10606	1	76	258	3.000	368.91	1106.72	2025-11-20 10:44:14.489
10608	1	76	260	80.000	68.60	5487.64	2025-11-20 10:44:14.586
10619	1	76	274	7.000	108.71	760.95	2025-11-20 10:44:15.195
10624	1	76	1785	2.000	107.35	214.70	2025-11-20 10:44:15.483
10625	1	76	255	6.000	88.63	531.79	2025-11-20 10:44:15.496
10628	1	76	1786	1.000	138.71	138.71	2025-11-20 10:44:15.689
10633	1	76	1858	2.000	49.19	98.38	2025-11-20 10:44:15.902
20778	1	138	610	3.000	113.36	340.08	2026-01-08 10:34:14.585
10639	1	76	1812	8.000	69.61	556.91	2025-11-20 10:44:16.214
10642	1	76	243	2.000	82.81	165.62	2025-11-20 10:44:16.39
10643	1	76	253	2.000	98.79	197.57	2025-11-20 10:44:16.401
10644	1	76	259	1.000	67.91	67.91	2025-11-20 10:44:16.486
10645	1	76	281	6.000	67.37	404.23	2025-11-20 10:44:16.583
10646	1	76	280	9.000	91.40	822.63	2025-11-20 10:44:16.598
10647	1	76	282	7.000	103.44	724.08	2025-11-20 10:44:16.686
10648	1	76	279	4.000	144.22	576.86	2025-11-20 10:44:16.7
10649	1	76	285	7.000	140.50	983.49	2025-11-20 10:44:16.785
10650	1	76	286	1.000	74.49	74.49	2025-11-20 10:44:16.797
10651	1	76	450	3.000	147.14	441.43	2025-11-20 10:44:16.809
10652	1	76	289	4.000	75.07	300.29	2025-11-20 10:44:16.894
10653	1	76	312	1.000	56.66	56.66	2025-11-20 10:44:16.906
10654	1	76	321	1.000	74.39	74.39	2025-11-20 10:44:16.99
10657	1	76	332	13.000	132.76	1725.88	2025-11-20 10:44:17.102
20807	1	138	556	1.000	129.77	129.77	2026-01-08 10:34:15.891
10660	1	76	304	1.000	132.69	132.69	2025-11-20 10:44:17.292
10662	1	76	1993	1.000	176.67	176.67	2025-11-20 10:44:17.396
10664	1	76	317	17.000	71.82	1220.86	2025-11-20 10:44:17.491
10666	1	76	316	83.000	53.35	4427.69	2025-11-20 10:44:17.592
10668	1	76	311	3.000	72.67	218.00	2025-11-20 10:44:17.704
10669	1	76	333	8.000	83.27	666.15	2025-11-20 10:44:17.793
10670	1	76	294	13.000	64.31	835.98	2025-11-20 10:44:17.808
10671	1	76	307	14.000	56.34	788.80	2025-11-20 10:44:17.886
10672	1	76	326	24.000	48.03	1152.75	2025-11-20 10:44:17.9
10673	1	76	331	10.000	83.73	837.30	2025-11-20 10:44:17.914
10675	1	76	336	9.000	77.06	693.58	2025-11-20 10:44:18.01
10655	1	76	302	36.000	68.69	2472.93	2025-11-20 10:44:18.095
10676	1	76	314	2.000	102.71	205.41	2025-11-20 10:44:18.185
10677	1	76	299	12.000	132.95	1595.40	2025-11-20 10:44:18.197
10678	1	76	330	28.000	132.34	3705.64	2025-11-20 10:44:18.291
10679	1	76	325	7.000	91.55	640.88	2025-11-20 10:44:18.304
10681	1	76	297	1.000	102.77	102.77	2025-11-20 10:44:18.407
10682	1	76	290	19.000	82.73	1571.93	2025-11-20 10:44:18.491
10683	1	76	306	4.000	71.60	286.38	2025-11-20 10:44:18.582
10684	1	76	324	1.000	88.41	88.41	2025-11-20 10:44:18.597
10685	1	76	335	1.000	68.41	68.41	2025-11-20 10:44:18.69
10610	1	76	236	1.000	138.79	1526.69	2025-11-20 10:44:14.683
10614	1	76	1821	0.000	78.67	314.68	2025-11-20 10:44:14.898
10618	1	76	1792	0.000	128.66	128.66	2025-11-20 10:44:15.182
10637	1	76	1798	0.000	43.96	175.82	2025-11-20 10:44:16.104
10667	1	76	291	51.000	43.51	2305.81	2025-11-20 10:44:17.69
10594	1	76	1789	0.000	259.30	259.30	2025-11-20 10:44:13.907
10623	1	76	1825	0.000	58.62	58.62	2025-11-20 10:44:15.397
10674	1	76	319	16.000	112.56	2363.77	2025-11-20 10:44:17.996
20902	1	138	1578	0.000	51.52	0.00	2026-01-08 10:34:20.787
20604	1	136	506	11.000	49.84	548.24	2026-01-08 10:28:56.696
20533	1	136	678	17.000	56.30	957.10	2026-01-08 10:28:53.285
20823	1	138	594	16.000	69.79	1116.64	2026-01-08 10:34:16.594
20825	1	138	531	54.000	51.35	2772.90	2026-01-10 11:07:15.494
20780	1	138	519	14.000	90.20	1262.80	2026-01-08 10:34:14.685
10663	1	76	318	15.000	61.06	1038.02	2025-11-20 10:44:17.411
10680	1	76	323	3.000	92.89	371.56	2025-11-20 10:44:18.393
10612	1	76	1837	1.000	133.10	266.21	2025-11-20 10:44:14.794
10589	1	76	238	4.000	145.04	870.26	2025-11-20 10:44:13.707
10665	1	76	305	5.000	83.75	502.53	2025-11-20 10:44:17.504
10656	1	76	328	29.000	109.25	3277.40	2025-11-20 10:44:17.089
10661	1	76	329	4.000	199.17	1991.68	2025-11-20 10:44:17.304
20816	1	138	613	6.000	69.09	414.54	2026-01-08 10:34:16.294
20809	1	138	586	10.000	103.81	1038.10	2026-01-12 16:12:45.194
21277	1	138	630	0.000	57.18	0.00	2026-01-12 16:12:44.994
11084	1	76	1729	0.000	0.00	147.79	2025-11-22 07:43:55.502
21283	1	138	635	0.000	103.31	0.00	2026-01-12 16:12:45.283
20901	1	138	1560	8.000	51.14	409.12	2026-01-08 10:34:20.685
11095	1	76	1713	0.000	0.00	77.79	2025-11-22 07:43:55.799
11078	1	76	192	14.000	48.72	682.04	2025-11-27 06:03:11.089
10487	1	76	196	23.000	308.47	7094.92	2025-11-27 06:03:11.199
11094	1	76	1689	1.000	168.72	168.72	2025-11-27 06:03:11.396
11083	1	76	209	49.000	46.72	2289.14	2025-11-27 06:03:11.405
10636	1	76	1867	0.000	53.74	161.21	2025-11-20 10:44:16.091
11074	1	76	210	1.000	198.72	198.72	2025-11-27 06:03:11.484
11088	1	76	1695	1.000	178.72	178.72	2025-11-27 06:03:11.504
10640	1	76	251	4.000	44.43	222.15	2025-11-20 10:44:16.286
11093	1	76	1700	3.000	63.72	191.15	2025-11-27 06:03:11.6
11092	1	76	1730	4.000	68.72	274.87	2025-11-27 06:03:11.996
11112	1	76	1666	0.000	170.01	170.01	2025-11-22 07:36:46.982
11106	1	76	1634	0.000	45.51	91.03	2025-11-22 07:36:46.786
11119	1	76	1668	0.000	108.01	108.01	2025-11-22 07:36:47.209
20622	1	137	576	0.000	129.97	0.00	2026-01-08 10:31:11.19
20619	1	137	516	0.000	56.66	0.00	2026-01-09 07:46:55.902
20613	1	137	514	0.000	0.00	0.00	2026-01-09 07:46:54.686
10290	1	66	1930	0.000	58.55	351.30	2025-11-22 07:37:27.99
10302	1	66	1942	0.000	118.55	1066.95	2025-11-22 07:37:28.11
10254	1	66	1899	0.000	278.55	278.55	2025-11-22 07:37:27.491
10252	1	66	486	0.000	88.55	265.65	2025-11-22 07:37:27.484
10257	1	66	1902	0.000	58.55	58.55	2025-11-22 07:37:27.502
10255	1	66	1900	0.000	168.55	337.10	2025-11-22 07:37:27.495
10249	1	66	1895	0.000	168.55	674.20	2025-11-22 07:37:27.385
10251	1	66	1897	0.000	73.55	441.30	2025-11-22 07:37:27.411
10278	1	66	1921	0.000	168.55	168.55	2025-11-22 07:37:27.813
10304	1	66	1943	0.000	78.55	78.55	2025-11-22 07:37:28.182
9259	1	70	666	4.000	58.72	528.50	2025-11-18 09:08:45.099
11266	1	76	1674	6.000	48.72	292.30	2025-11-27 06:03:10.997
10258	1	66	1903	0.000	0.00	334.20	2025-11-22 07:37:27.513
20620	1	137	584	32.000	139.60	4467.20	2026-01-08 10:31:11.09
10244	1	66	1890	0.000	248.55	3976.79	2025-11-22 07:37:27.2
11180	1	67	1487	1.000	70.68	70.68	2025-11-26 16:43:12.603
8899	1	66	493	0.000	43.64	305.51	2025-11-22 07:37:27.784
8900	1	66	508	2.000	89.20	267.59	2025-11-22 07:37:28.294
11133	1	66	1913	0.000	178.55	178.55	2025-11-22 07:37:27.71
11134	1	66	1914	0.000	88.55	177.10	2025-11-22 07:37:27.715
20614	1	137	517	3.000	131.11	393.33	2026-01-09 07:46:54.692
15566	1	100	227	4.000	67.33	269.31	2025-12-23 09:13:25.293
11261	1	76	1682	3.000	108.72	326.15	2025-11-27 06:03:11.106
11260	1	76	1687	8.000	138.72	1109.74	2025-11-27 06:03:11.196
11166	1	67	1497	0.000	58.29	116.57	2025-11-22 07:37:59.71
8665	1	67	573	3.000	79.14	316.55	2025-11-22 07:37:59.584
20627	1	137	550	129.000	67.46	8702.34	2026-01-09 07:46:55.495
20624	1	137	555	26.000	125.68	3267.68	2026-01-09 07:46:54.782
20617	1	137	1466	4.000	155.88	623.52	2026-01-12 16:12:44.593
20618	1	137	1467	5.000	96.65	483.25	2026-01-12 16:12:44.683
11262	1	76	1692	9.000	68.72	618.45	2025-11-27 06:03:11.494
17852	8	118	5388	77.000	52.03	4006.31	2026-01-05 10:37:54.883
11181	1	67	1510	1.000	42.68	42.68	2025-11-26 16:43:12.683
9269	1	70	354	12.000	66.90	869.73	2025-11-18 09:08:45.412
9486	1	69	206	8.000	98.91	989.07	2025-11-18 09:22:29.394
9649	1	69	487	5.000	254.12	1778.84	2025-11-18 09:22:37.304
10242	1	66	1887	0.000	168.55	505.65	2025-11-22 07:37:27.106
11170	1	67	1471	2.000	60.68	182.05	2025-11-26 16:43:12.481
11171	1	67	1472	0.000	180.68	180.68	2025-11-26 16:43:12.484
10294	1	66	1932	1.000	73.55	220.65	2025-11-22 07:37:28.008
11154	1	67	574	3.000	229.88	689.65	2025-11-26 16:43:11.99
10267	1	66	1910	0.000	68.55	1096.79	2025-11-22 07:37:27.699
11091	1	76	1715	4.000	78.72	314.87	2025-11-27 06:03:11.887
11071	1	76	1717	1.000	228.72	228.72	2025-11-27 06:03:11.89
11265	1	76	1723	3.000	178.72	536.15	2025-11-27 06:03:12.082
10384	1	76	153	0.000	328.97	0.00	2025-11-26 17:09:06.147
10299	1	66	1939	0.000	0.00	1142.75	2025-11-22 07:37:28.1
10307	1	66	882	0.000	0.00	138.55	2025-11-22 07:37:28.204
10308	1	66	883	0.000	0.00	471.30	2025-11-22 07:37:28.208
11263	1	76	1735	6.000	78.72	472.30	2025-11-27 06:03:12.195
8634	1	67	570	4.000	304.32	1217.29	2025-11-26 16:43:11.401
11264	1	76	1736	7.000	53.72	376.02	2025-11-27 06:03:12.199
11267	1	76	1740	2.000	88.72	177.43	2025-11-27 06:03:12.212
15571	1	100	1732	1.000	52.86	52.86	2025-12-23 09:13:30.889
11144	1	67	618	1.000	50.68	50.68	2025-11-26 16:43:11.592
8640	1	67	546	14.000	192.60	2696.39	2025-11-26 16:43:11.595
14759	1	102	63	7.000	47.38	331.66	2025-12-18 10:55:37.984
11147	1	67	1515	1.000	155.68	155.68	2025-11-26 16:43:11.689
11150	1	67	595	2.000	70.68	141.36	2025-11-26 16:43:11.794
8661	1	67	572	6.000	129.30	775.78	2025-11-26 16:43:11.798
8725	1	67	87	5.000	69.76	348.80	2025-11-27 06:04:35.048
15568	1	100	1723	2.000	182.84	365.68	2025-12-23 09:13:25.405
8697	1	67	1503	2.000	199.76	399.51	2025-11-26 16:43:11.902
11153	1	67	1508	2.000	150.68	301.36	2025-11-26 16:43:11.988
11155	1	67	1469	1.000	150.68	150.68	2025-11-26 16:43:11.993
11157	1	67	1464	1.000	170.68	170.68	2025-11-26 16:43:11.998
11160	1	67	1509	1.000	80.68	80.68	2025-11-26 16:43:12.093
15553	1	100	1711	0.000	153.57	0.00	2025-12-23 09:13:29.393
11163	1	67	553	10.000	79.73	797.25	2025-11-26 16:43:12.102
11165	1	67	1502	1.000	130.68	130.68	2025-11-26 16:43:12.188
11173	1	67	1492	1.000	280.68	280.68	2025-11-26 16:43:12.493
8675	1	67	564	2.000	256.05	512.09	2025-11-26 16:43:12.496
8679	1	67	585	2.000	131.01	262.02	2025-11-26 16:43:12.499
15562	1	100	1721	0.000	157.43	0.00	2025-12-23 09:12:25.806414
11268	1	67	2312	0.000	0.00	0.00	2025-11-26 10:11:38.78769
11269	1	69	1635	0.000	0.00	0.00	2025-11-26 10:19:01.194395
9579	1	69	245	0.000	0.00	0.00	2025-11-22 10:03:29.66
9376	1	69	105	8.000	190.23	1521.86	2025-11-19 10:07:58.705
8876	1	66	466	5.000	248.78	2487.78	2025-11-19 06:47:12.709
11270	1	69	1788	0.000	0.00	0.00	2025-11-26 10:19:01.194395
19640	1	124	1738	1.000	99.12	99.12	2026-01-06 21:33:47.588
19671	1	124	1735	10.000	83.51	835.10	2026-01-06 21:33:49.188
10310	1	66	505	5.000	78.56	628.52	2025-11-22 07:37:28.283
19687	1	124	1708	4.000	132.70	530.80	2026-01-06 21:33:50.185
10621	1	76	254	21.000	77.58	1939.56	2025-11-20 10:44:15.292
19681	1	124	1699	5.000	63.75	318.75	2026-01-06 21:33:49.794
10247	1	66	1893	4.000	148.55	6981.95	2025-11-22 07:37:27.289
19643	1	124	232	19.000	83.29	1582.51	2026-01-06 21:33:47.693
10264	1	66	872	0.000	118.55	829.85	2025-11-22 07:37:27.683
11152	1	67	1478	8.000	110.68	1328.18	2025-11-26 16:43:11.891
11151	1	67	1480	0.000	130.68	130.68	2025-11-26 16:43:11.888
20625	1	137	523	6.000	153.48	920.90	2026-01-08 10:31:11.299
9546	1	69	417	0.000	82.35	1070.55	2025-11-18 09:22:32.2
11114	1	76	1672	0.000	73.01	292.05	2025-11-22 07:36:46.996
10609	1	76	1877	0.000	178.73	893.66	2025-11-20 10:44:14.6
9317	1	70	292	3.000	92.53	647.71	2025-11-19 10:04:18.784
9327	1	70	311	0.000	72.14	288.54	2025-11-18 09:08:47.684
9324	1	70	317	11.000	72.06	936.72	2025-11-18 09:08:47.498
9341	1	70	334	1.000	73.37	293.46	2025-11-18 09:08:48.299
9666	1	69	883	2.000	395.94	791.88	2025-11-18 09:22:38.288
9503	1	69	393	19.000	223.38	4244.13	2025-11-22 10:03:29.663
14845	1	102	409	9.000	92.32	923.20	2025-12-12 11:46:06.284
11272	1	69	449	0.000	0.00	0.00	2025-11-26 10:19:01.194395
10393	1	76	128	92.000	84.20	11956.56	2025-11-22 10:07:48.578
20731	1	137	613	0.000	76.66	0.00	2026-01-09 07:46:55.998
8739	1	66	337	0.000	48.49	2230.68	2025-11-18 08:56:36.197
8845	1	66	436	11.000	63.38	1014.14	2025-11-18 08:56:39.499
9521	1	69	774	23.000	96.48	2701.35	2025-11-18 09:22:31.105
10488	1	76	187	18.000	87.49	1574.74	2025-11-27 06:03:10.993
10493	1	76	206	46.000	95.57	4396.43	2025-11-27 06:03:11.384
11275	1	76	1726	10.000	93.72	937.17	2025-11-27 06:03:12.089
11274	1	76	1734	1.000	88.72	88.72	2025-11-27 06:03:12.185
10570	1	76	244	9.000	422.30	3800.67	2025-11-27 06:03:56.12
10390	1	76	126	6.000	403.68	2422.08	2025-11-27 06:03:56.18
14800	1	102	1562	15.000	37.08	556.20	2025-12-27 13:52:01.79
20723	1	137	1493	0.000	116.66	0.00	2026-01-09 07:46:55.799
15575	1	100	1735	4.000	83.30	333.20	2025-12-23 09:13:30.987
20848	1	138	675	2.000	104.75	209.50	2026-01-12 16:12:45.386
20838	1	138	357	0.000	166.67	0.00	2026-01-08 10:34:17.285
20737	1	137	1514	0.000	86.66	0.00	2026-01-12 16:12:45.285
20999	1	139	109	12.000	84.42	1013.04	2026-01-08 10:36:29.191
17912	8	118	5992	139.000	54.02	7508.78	2026-01-05 10:25:36.99
17937	8	118	6025	8.000	99.25	794.00	2026-01-05 10:25:37.491
17803	8	118	5407	21.000	157.94	3316.79	2026-01-05 10:37:54.298
20880	1	138	670	0.000	60.36	0.00	2026-01-08 10:34:19.295
20904	1	138	1566	0.000	29.01	0.00	2026-01-08 10:34:21.082
14824	1	102	718	94.000	38.94	3660.36	2025-12-27 13:52:01.995
20890	1	138	378	0.000	44.30	0.00	2026-01-08 10:34:19.882
15818	1	87	204	139.000	65.95	9167.05	2025-12-18 08:19:58.883
20858	1	138	348	8.000	103.57	828.56	2026-01-08 10:34:18.198
15819	1	87	63	9.000	45.34	408.06	2025-12-26 07:32:25.867
14465	1	100	759	3.000	182.36	547.08	2025-12-23 09:13:31.787
15574	1	100	233	4.000	62.24	248.94	2025-12-23 09:13:29.38
20709	1	137	541	170.000	72.67	12353.90	2026-01-09 07:46:56.714
20712	1	137	567	136.000	42.90	5834.40	2026-01-09 07:46:56.781
15582	1	100	1746	0.000	73.56	0.00	2025-12-23 09:13:29.876
20710	1	137	560	2.000	74.54	149.08	2026-01-09 07:46:56.72
20876	1	138	1563	3.000	43.66	130.98	2026-01-08 10:34:19.093
20884	1	138	370	10.000	62.43	624.28	2026-01-12 16:12:45.392
15573	1	100	764	1.000	149.29	149.29	2025-12-23 09:13:27.492
15580	1	100	1743	4.000	61.84	247.37	2025-12-23 09:13:29.892
15579	1	100	1742	3.000	48.16	144.48	2025-12-23 09:13:30.286
14773	1	102	1575	0.000	110.25	0.00	2025-12-27 13:52:01.395
15732	1	82	1524	1.000	131.39	131.39	2025-12-23 09:15:53
15576	1	100	1736	10.000	56.81	568.06	2025-12-23 09:13:30.997
11890	1	82	57	5.000	180.02	900.10	2025-12-29 12:50:53.385
11273	1	76	1676	0.000	0.00	0.00	2025-11-26 10:21:36.855763
11911	1	82	76	34.000	90.00	3060.00	2025-12-29 12:50:53.592
14791	1	102	1577	1.000	118.88	118.88	2025-12-27 13:52:02.086
11271	1	69	418	0.000	0.00	0.00	2025-11-26 10:19:01.194395
15832	1	103	536	0.000	131.46	0.00	2025-12-18 08:37:57.103
11885	1	82	144	12.000	94.93	1139.16	2025-12-29 12:50:54.182
20900	1	138	676	8.000	56.54	452.32	2026-01-08 10:34:20.491
20866	1	138	372	6.000	60.25	361.50	2026-01-08 10:34:18.598
20992	1	139	114	2.000	101.50	203.00	2026-01-08 10:36:28.888
15830	1	103	513	1.000	189.69	189.69	2025-12-31 07:51:48.3
21000	1	139	113	15.000	70.85	1062.75	2026-01-08 10:36:29.282
11909	1	82	107	25.000	75.18	1879.50	2025-12-29 12:50:53.799
15831	1	103	1469	1.000	149.69	149.69	2025-12-31 07:51:48.402
21001	1	139	123	9.000	60.52	544.68	2026-01-08 10:36:29.289
20877	1	138	1561	0.000	52.54	0.00	2026-01-08 10:34:19.184
15581	1	100	765	0.000	0.00	0.00	2025-12-23 09:12:25.806414
14778	1	102	340	0.000	0.00	-0.01	2025-12-27 13:52:01.494
14823	1	102	1560	10.000	51.95	519.50	2025-12-27 13:52:02.194
15829	1	103	1504	0.000	191.46	0.00	2025-12-18 08:37:56.988
14779	1	102	1559	22.000	116.70	2567.40	2025-12-27 13:52:01.496
15834	1	103	1490	2.000	59.69	119.39	2025-12-31 07:51:48.884
15835	1	103	632	1.000	79.69	79.69	2025-12-31 07:51:48.895
15836	1	103	558	2.000	79.69	159.39	2025-12-31 07:51:48.901
15837	1	103	1514	5.000	79.69	398.47	2025-12-31 07:51:48.989
15839	1	103	1487	1.000	74.69	74.69	2025-12-31 07:51:49.491
11920	1	82	92	42.000	150.01	6300.42	2025-12-29 12:50:53.692
15541	1	100	1698	0.000	55.46	0.00	2025-12-23 09:13:31.585
15577	1	100	1740	2.000	91.49	182.98	2025-12-23 09:13:26.397
15833	1	103	516	54.000	49.68	2682.72	2025-12-31 08:47:30.359
11926	1	82	114	36.000	101.94	3669.84	2025-12-29 12:50:54.497
11922	1	82	54	19.000	75.21	1428.99	2025-12-29 12:50:54.286
11941	1	82	118	47.000	70.19	3298.93	2025-12-29 12:50:54.588
12980	1	82	134	4.000	84.79	339.16	2025-12-29 12:50:54.786
14379	1	100	63	5.000	47.38	236.90	2025-12-23 08:16:49.297
15838	1	103	1473	8.000	59.69	477.52	2025-12-31 08:47:30.482
15578	1	100	1741	0.000	157.43	0.00	2025-12-23 09:12:25.806414
14464	1	100	1701	0.000	76.26	0.00	2025-12-23 09:12:25.806414
12963	1	82	133	1.000	129.73	129.73	2025-12-29 12:50:53.994
9473	1	69	742	1.000	171.34	1028.04	2025-11-18 09:22:28.7
11283	1	69	1925	3.000	228.57	685.71	2025-11-26 16:24:45.590594
11284	1	69	1934	1.000	148.55	148.55	2025-11-26 16:24:45.590594
11285	1	69	1939	2.000	228.55	457.10	2025-11-26 16:24:45.590594
11287	1	69	757	1.000	0.00	0.00	2025-11-26 16:24:45.590594
11290	1	69	1732	1.000	0.00	0.00	2025-11-26 16:24:45.590594
11291	1	69	1593	5.000	109.19	545.95	2025-11-26 16:24:45.590594
11294	1	69	1632	1.000	83.01	83.01	2025-11-26 16:24:45.590594
11296	1	69	1658	5.000	83.01	415.05	2025-11-26 16:24:45.590594
11297	1	69	1661	2.000	138.01	276.02	2025-11-26 16:24:45.590594
11298	1	69	1664	2.000	68.03	136.06	2025-11-26 16:24:45.590594
11299	1	69	1628	1.000	63.34	63.34	2025-11-26 16:24:45.590594
11302	1	70	1504	1.000	188.29	188.29	2025-11-26 16:27:24.694078
11303	1	70	1508	1.000	148.29	148.29	2025-11-26 16:27:24.694078
9401	1	69	113	29.000	97.02	2813.68	2025-11-22 10:03:29.685
19835	1	127	595	0.000	0.00	0.00	2026-01-07 20:05:38.595436
19836	1	127	567	0.000	0.00	0.00	2026-01-07 20:05:38.595436
10245	1	66	1891	25.000	97.54	4584.39	2025-11-22 07:37:27.21
8807	1	66	385	42.000	157.08	7540.06	2025-11-18 08:56:38.297
8623	1	67	516	20.000	50.68	1368.41	2025-11-26 16:43:12.196
8669	1	67	1481	1.000	60.68	182.05	2025-11-26 16:43:12.105
11162	1	67	629	1.000	109.43	218.86	2025-11-26 16:43:12.1
8662	1	67	1495	0.000	225.68	677.05	2025-11-26 16:43:11.801
8639	1	67	626	2.000	88.66	354.66	2025-11-22 07:37:59.085
8642	1	67	1511	17.000	149.55	3140.65	2025-11-26 16:43:11.602
11172	1	67	1485	0.000	80.68	80.68	2025-11-26 16:43:12.487
11140	1	67	1491	1.000	255.68	511.36	2025-11-26 16:43:11.507
11158	1	67	561	1.000	130.68	261.36	2025-11-26 16:43:12.004
11145	1	67	1479	0.000	140.68	703.41	2025-11-26 16:43:11.599
11143	1	67	1482	0.000	70.68	141.36	2025-11-26 16:43:11.589
11168	1	67	635	1.000	45.68	91.36	2025-11-26 16:43:12.399
8704	1	67	1493	0.000	109.98	329.93	2025-11-26 16:43:12.185
11175	1	67	534	0.000	105.68	528.41	2025-11-26 16:43:12.586
11178	1	67	1474	5.000	71.12	853.40	2025-11-26 16:43:12.601
11174	1	67	1506	0.000	105.68	211.36	2025-11-26 16:43:12.584
8684	1	67	528	6.000	218.38	1528.66	2025-11-26 16:43:12.581
8685	1	67	527	7.000	104.73	837.81	2025-11-26 16:43:12.592
8693	1	67	560	2.000	66.06	660.57	2025-11-26 16:43:12.68
8692	1	67	541	119.000	70.39	8798.73	2025-11-26 16:43:12.606
11177	1	67	1500	0.000	70.68	141.36	2025-11-26 16:43:12.594
11176	1	67	1498	0.000	105.68	105.68	2025-11-26 16:43:12.589
8686	1	67	1499	0.000	70.68	212.05	2025-11-26 16:43:12.598
11304	1	70	1507	1.000	88.29	264.87	2025-11-26 16:27:24.694078
11300	1	70	613	4.000	68.29	614.61	2025-11-26 16:27:24.694078
11301	1	70	1490	1.000	58.85	117.70	2025-11-26 16:27:24.694078
11305	1	70	635	0.000	43.29	43.29	2025-11-26 16:27:24.694078
11282	1	69	1916	1.000	168.56	505.68	2025-11-26 16:24:45.590594
11281	1	69	1908	1.000	108.55	217.10	2025-11-26 16:24:45.590594
9410	1	69	125	50.000	83.07	4236.40	2025-11-19 10:07:58.791
19837	1	127	1474	0.000	0.00	0.00	2026-01-07 20:05:38.595436
11293	1	69	1614	1.000	93.01	279.03	2025-11-26 16:24:45.590594
11292	1	69	163	2.000	228.71	1600.97	2025-11-26 16:24:45.590594
11295	1	69	1638	4.000	84.32	421.60	2025-11-26 16:24:45.590594
11315	1	76	1677	1.000	128.72	128.72	2025-11-27 06:03:11.086
11312	1	76	193	12.000	43.72	524.61	2025-11-27 06:03:11.18
11316	1	76	1684	1.000	168.72	168.72	2025-11-27 06:03:11.185
11311	1	76	1686	17.000	73.72	1253.19	2025-11-27 06:03:11.192
11317	1	76	1688	1.000	228.72	228.72	2025-11-27 06:03:11.288
11318	1	76	754	1.000	138.72	138.72	2025-11-27 06:03:11.39
11286	1	76	757	1.000	128.72	128.72	2025-11-27 06:03:11.491
11319	1	76	1696	2.000	58.72	117.43	2025-11-27 06:03:11.583
11320	1	76	1701	7.000	68.72	481.02	2025-11-27 06:03:11.685
11288	1	76	758	3.000	53.72	161.15	2025-11-27 06:03:11.701
11321	1	76	760	2.000	328.72	657.43	2025-11-27 06:03:11.78
11322	1	76	1706	2.000	133.72	267.43	2025-11-27 06:03:11.787
11289	1	76	1732	3.000	48.72	146.15	2025-11-27 06:03:12.095
11323	1	76	1738	1.000	97.47	97.47	2025-11-27 06:03:12.203
11324	1	76	1739	1.000	88.72	88.72	2025-11-27 06:03:12.208
11325	1	76	1746	1.000	68.72	68.72	2025-11-27 06:03:12.298
19838	1	127	534	0.000	0.00	0.00	2026-01-07 20:05:38.595436
19839	1	127	560	0.000	0.00	0.00	2026-01-07 20:05:38.595436
19840	1	127	1506	0.000	0.00	0.00	2026-01-07 20:05:38.595436
17856	8	118	5447	73.000	85.92	6272.31	2026-01-05 10:37:55.103
19841	1	127	1510	0.000	0.00	0.00	2026-01-07 20:05:38.595436
19842	1	127	541	0.000	0.00	0.00	2026-01-07 20:05:38.595436
19843	1	127	1487	0.000	0.00	0.00	2026-01-07 20:05:38.595436
19844	1	127	1498	0.000	0.00	0.00	2026-01-07 20:05:38.595436
19845	1	127	1499	0.000	0.00	0.00	2026-01-07 20:05:38.595436
8644	1	67	627	0.000	140.68	0.00	2025-11-27 08:02:10.071
20635	1	137	582	5.000	129.93	649.67	2026-01-08 10:31:11.7
11146	1	67	1512	0.000	90.68	0.00	2025-11-27 08:02:10.073
14548	1	100	323	4.000	93.78	375.12	2025-12-24 12:31:24.393
14537	1	100	322	21.000	123.64	2596.44	2025-12-24 12:31:24.99
20650	1	137	579	0.000	149.16	0.00	2026-01-09 07:46:54.987
14532	1	100	311	39.000	73.65	2872.35	2025-12-24 12:31:24.888
20651	1	137	623	0.000	106.66	0.00	2026-01-09 07:46:54.991
20631	1	137	570	2.000	302.75	605.50	2026-01-15 09:06:57.878
20642	1	137	1509	1.000	81.98	81.98	2026-01-13 10:23:15.919
20632	1	137	580	66.000	212.49	14024.34	2026-01-08 10:31:11.597
20638	1	137	546	0.000	186.66	0.00	2026-01-09 07:46:54.881
20629	1	137	565	18.000	89.20	1605.59	2026-01-09 07:46:55.585
20637	1	137	618	0.000	53.84	0.00	2026-01-09 07:46:54.8
20634	1	137	547	6.000	194.20	1165.20	2026-01-09 07:46:54.791
20646	1	137	627	9.000	144.44	1299.96	2026-01-12 16:12:44.792
20628	1	137	571	0.000	86.65	0.00	2026-01-12 16:12:45.086
20645	1	137	589	0.000	136.66	0.00	2026-01-09 07:46:54.904
20699	1	137	527	7.000	106.04	742.28	2026-01-13 10:23:15.913
20700	1	137	1500	0.000	81.66	0.00	2026-01-09 07:46:56.59
20653	1	137	610	2.000	115.59	231.18	2026-01-09 07:46:54.994
20678	1	137	629	0.000	0.00	0.00	2026-01-09 07:46:55.708
20652	1	137	509	10.000	128.65	1286.50	2026-01-08 10:31:12.982
20669	1	137	1471	2.000	63.12	126.24	2026-01-09 07:46:56.3
20685	1	137	1481	1.000	65.60	65.60	2026-01-09 07:46:55.792
20659	1	137	611	0.000	96.65	0.00	2026-01-12 16:12:44.495
20656	1	137	511	59.000	99.97	5898.23	2026-01-08 10:31:13.684
20686	1	137	562	29.000	230.60	6687.40	2026-01-09 07:46:54.586
20658	1	137	512	163.000	51.31	8363.53	2026-01-09 07:46:55.696
20717	1	137	1465	3.000	113.35	340.05	2026-01-09 07:46:55.796
20665	1	137	625	0.000	236.66	0.00	2026-01-12 16:12:44.697
20677	1	137	573	6.000	82.55	495.32	2026-01-09 07:46:55.702
20672	1	137	525	9.000	80.14	721.26	2026-01-08 10:31:14.482
20693	1	137	634	11.000	82.65	909.15	2026-01-09 07:46:56.481
20718	1	137	586	10.000	102.77	1027.70	2026-01-12 16:12:45.191
20673	1	137	572	3.000	131.90	395.70	2026-01-09 07:46:55.104
20707	1	137	540	1.000	130.10	130.10	2026-01-08 10:31:16.185
20660	1	137	548	0.000	96.66	0.00	2026-01-12 16:12:44.787
20692	1	137	585	0.000	0.00	0.00	2026-01-09 07:46:56.398
20667	1	137	635	0.000	0.00	0.00	2026-01-13 10:23:15.987
20666	1	137	1463	0.000	96.66	0.00	2026-01-09 07:46:56.288
19799	1	127	530	0.000	0.00	0.00	2026-01-07 20:05:38.595436
20687	1	137	552	13.000	163.92	2130.97	2026-01-09 07:46:54.59
20688	1	137	569	18.000	230.75	4153.48	2026-01-09 07:46:54.594
19800	1	127	513	0.000	0.00	0.00	2026-01-07 20:05:38.595436
19802	1	127	612	0.000	0.00	0.00	2026-01-07 20:05:38.595436
19803	1	127	1467	0.000	0.00	0.00	2026-01-07 20:05:38.595436
19804	1	127	516	0.000	0.00	0.00	2026-01-07 20:05:38.595436
19805	1	127	337	0.000	0.00	0.00	2026-01-07 20:05:38.595436
19806	1	127	613	0.000	0.00	0.00	2026-01-07 20:05:38.595436
19807	1	127	520	0.000	0.00	0.00	2026-01-07 20:05:38.595436
19808	1	127	1472	0.000	0.00	0.00	2026-01-07 20:05:38.595436
19809	1	127	1473	0.000	0.00	0.00	2026-01-07 20:05:38.595436
19810	1	127	543	0.000	0.00	0.00	2026-01-07 20:05:38.595436
19811	1	127	626	0.000	0.00	0.00	2026-01-07 20:05:38.595436
19812	1	127	1477	0.000	0.00	0.00	2026-01-07 20:05:38.595436
19813	1	127	633	0.000	0.00	0.00	2026-01-07 20:05:38.595436
19814	1	127	1511	0.000	0.00	0.00	2026-01-07 20:05:38.595436
14557	1	81	1555	3.000	113.71	341.13	2025-12-12 07:45:14.786774
19815	1	127	556	0.000	0.00	0.00	2026-01-07 20:05:38.595436
19816	1	127	1480	0.000	0.00	0.00	2026-01-07 20:05:38.595436
19817	1	127	1484	0.000	0.00	0.00	2026-01-07 20:05:38.595436
19818	1	127	1478	0.000	0.00	0.00	2026-01-07 20:05:38.595436
19819	1	127	1512	0.000	0.00	0.00	2026-01-07 20:05:38.595436
19820	1	127	1479	0.000	0.00	0.00	2026-01-07 20:05:38.595436
19821	1	127	1476	0.000	0.00	0.00	2026-01-07 20:05:38.595436
19822	1	127	1495	0.000	0.00	0.00	2026-01-07 20:05:38.595436
19823	1	127	1496	0.000	0.00	0.00	2026-01-07 20:05:38.595436
19824	1	127	1497	0.000	0.00	0.00	2026-01-07 20:05:38.595436
19825	1	127	558	0.000	0.00	0.00	2026-01-07 20:05:38.595436
19826	1	127	1485	0.000	0.00	0.00	2026-01-07 20:05:38.595436
19827	1	127	561	0.000	0.00	0.00	2026-01-07 20:05:38.595436
19828	1	127	1493	0.000	0.00	0.00	2026-01-07 20:05:38.595436
19801	1	127	153	0.000	0.00	0.00	2026-01-07 20:05:38.595436
14559	1	81	1558	4.000	57.01	399.07	2025-12-12 07:45:14.786774
14558	1	81	668	4.000	73.71	368.55	2025-12-12 07:45:14.786774
14560	1	81	1973	0.000	134.87	134.87	2025-12-12 07:45:14.786774
14561	1	81	1980	0.000	72.98	72.98	2025-12-12 07:45:14.786774
14562	1	81	553	4.000	110.71	885.68	2025-12-12 07:45:14.786774
20690	1	137	522	1.000	207.71	207.71	2026-01-08 10:31:15.298
20691	1	137	544	1.000	95.71	95.71	2026-01-08 10:31:15.387
20694	1	137	521	6.000	77.74	466.44	2026-01-08 10:31:15.591
14360	1	100	153	0.000	328.04	0.00	2025-12-23 08:16:48.98
14527	1	100	1980	16.000	73.58	1177.27	2025-12-24 12:31:24.993
20703	1	137	566	4.000	245.69	982.74	2026-01-08 10:31:15.991
20704	1	137	539	6.000	245.19	1471.15	2026-01-08 10:31:16.083
20705	1	137	577	1.000	47.71	47.71	2026-01-08 10:31:16.09
20706	1	137	590	1.000	107.71	107.71	2026-01-08 10:31:16.097
14362	1	100	633	3.000	277.88	833.64	2025-12-26 11:34:18.881
11936	1	82	113	190.000	70.17	13332.30	2025-12-29 12:50:54.5
20695	1	137	528	6.000	221.17	1327.02	2026-01-09 07:46:56.49
20655	1	137	519	97.000	91.00	8827.30	2026-01-09 07:46:54.998
20689	1	137	529	23.000	256.72	5904.56	2026-01-09 07:46:54.597
20661	1	137	532	4.000	85.79	343.15	2026-01-09 07:46:55.093
20683	1	137	1489	0.000	176.66	0.00	2026-01-12 16:12:44.892
20664	1	137	587	7.000	69.17	484.17	2026-01-09 07:46:56.199
20684	1	137	1490	0.000	66.66	0.00	2026-01-12 16:12:44.985
20679	1	137	553	0.000	0.00	0.00	2026-01-09 07:46:55.781
20654	1	137	1513	0.000	106.66	0.00	2026-01-09 07:46:55.6
20668	1	137	1468	4.000	56.18	224.72	2026-01-13 10:23:15.91
14373	1	100	144	83.000	94.75	7864.25	2025-12-23 08:16:49.186
14565	1	87	221	2.000	183.33	366.66	2025-12-12 07:46:51.087865
13325	1	84	2387	4.000	0.10	0.60	2025-12-05 10:58:39.284
14508	1	100	281	0.000	0.00	0.00	2025-12-11 12:11:33.485
14566	1	87	1688	0.000	233.89	233.89	2025-12-12 07:46:51.087865
17824	8	118	5419	10.000	105.99	1059.90	2026-01-05 10:37:54.401
17829	8	118	5421	4.000	81.04	324.16	2026-01-05 10:37:54.486
17828	8	118	5425	6.000	85.74	514.44	2026-01-05 10:37:54.488
17818	8	118	5449	7.000	147.96	1035.72	2026-01-05 10:37:54.494
17819	8	118	5451	3.000	125.80	377.40	2026-01-05 10:37:54.5
18691	1	128	1559	10.000	114.42	1144.20	2026-01-06 21:11:36.79
17823	8	118	5429	6.000	76.11	456.66	2026-01-05 10:37:54.586
20732	1	137	632	2.000	83.29	166.58	2026-01-09 07:46:56.081
20745	1	137	630	0.000	0.00	0.00	2026-01-13 10:23:15.983
17825	8	118	5446	3.000	140.84	422.52	2026-01-05 10:37:54.588
17835	8	118	5453	1.000	55.82	55.82	2026-01-05 10:37:54.591
20728	1	137	1464	0.000	176.66	0.00	2026-01-09 07:46:55.393
17830	8	118	5454	3.000	135.81	407.43	2026-01-05 10:37:54.593
17833	8	118	5458	32.000	161.56	5169.92	2026-01-05 10:37:54.596
17832	8	118	5459	1.000	115.31	115.31	2026-01-05 10:37:54.598
20720	1	137	1507	0.000	0.00	0.00	2026-01-08 10:31:16.79
17820	8	118	5460	1.000	135.81	135.81	2026-01-05 10:37:54.6
17840	8	118	5464	44.000	122.80	5403.20	2026-01-05 10:37:54.688
17805	8	118	5468	4.000	101.03	404.12	2026-01-05 10:37:54.707
17822	8	118	5470	2.000	95.80	191.60	2026-01-05 10:37:54.71
17841	8	118	5369	15.000	81.18	1217.70	2026-01-05 10:37:54.791
17842	8	118	5393	53.000	70.96	3760.88	2026-01-05 10:37:54.89
17854	8	118	5418	26.000	65.76	1709.76	2026-01-05 10:37:54.987
17846	8	118	5431	7.000	90.68	634.76	2026-01-05 10:37:54.997
17847	8	118	5450	4.000	90.78	363.12	2026-01-05 10:37:54.999
17845	8	118	5434	4.000	110.86	443.44	2026-01-05 10:37:55.002
17844	8	118	5438	6.000	108.10	648.62	2026-01-05 10:37:55.085
18682	1	128	675	5.000	103.99	519.95	2026-01-06 21:11:36.392
17848	8	118	5452	4.000	81.24	324.96	2026-01-05 10:37:55.088
20735	1	137	545	5.000	67.94	339.70	2026-01-09 07:46:56.093
20721	1	137	578	12.000	234.00	2808.00	2026-01-09 07:46:54.602
17843	8	118	5444	24.000	81.41	1953.84	2026-01-05 10:37:55.1
17868	8	118	5397	1.000	275.62	275.62	2026-01-05 10:39:44.387
17849	8	118	5461	11.000	91.01	1001.11	2026-01-05 10:37:55.189
14442	1	100	220	66.000	257.38	16987.00	2025-12-23 09:13:26.681
17850	8	118	5466	9.000	90.81	817.29	2026-01-05 10:37:55.192
17851	8	118	5471	19.000	75.94	1442.86	2026-01-05 10:37:55.194
20742	1	137	531	416.000	51.48	21415.68	2026-01-09 07:46:56.188
20727	1	137	1483	21.000	55.54	1166.41	2026-01-09 07:46:55.894
20733	1	137	557	75.000	71.33	5349.75	2026-01-15 06:58:24.353
20736	1	137	554	27.000	71.03	1917.71	2026-01-09 07:46:56.097
17865	8	118	5423	2.000	57.62	115.24	2026-01-05 10:37:55.288
20741	1	137	563	7.000	61.22	428.54	2026-01-09 07:46:56.185
18659	1	128	531	1.000	52.22	52.22	2026-01-07 20:11:03.271
20722	1	137	588	16.000	283.28	4532.40	2026-01-08 10:31:16.89
18672	1	128	357	7.000	165.34	1157.38	2026-01-06 21:11:35.986
18735	1	128	1560	27.000	50.61	1366.47	2026-01-06 21:11:38.687
18727	1	128	681	2.000	92.40	184.80	2026-01-06 21:11:38.293
17810	8	118	5368	3.000	75.91	227.73	2026-01-05 10:37:54.099
14447	1	100	1688	0.000	0.00	0.00	2025-12-23 09:12:25.806414
17827	8	118	5382	11.000	85.85	944.35	2026-01-05 10:37:54.194
17813	8	118	5385	4.000	135.82	543.28	2026-01-05 10:37:54.202
14446	1	100	194	2.000	256.28	512.56	2025-12-23 09:13:26.98
17836	8	118	5389	1.000	165.98	165.98	2026-01-05 10:37:54.204
17826	8	118	5399	1.000	98.12	98.12	2026-01-05 10:37:54.288
17837	8	118	5402	4.000	75.91	303.64	2026-01-05 10:37:54.291
17814	8	118	5404	1.000	155.88	155.88	2026-01-05 10:37:54.293
17839	8	118	5406	25.000	155.76	3894.04	2026-01-05 10:37:54.295
17815	8	118	5411	1.000	75.65	75.65	2026-01-05 10:37:54.303
17861	8	118	5439	14.000	70.86	992.04	2026-01-05 10:37:55.291
17859	8	118	5428	11.000	53.77	591.47	2026-01-05 10:37:55.293
17866	8	118	5432	19.000	87.73	1666.87	2026-01-05 10:37:55.296
17862	8	118	5435	27.000	81.20	2192.40	2026-01-05 10:37:55.299
17864	8	118	5445	52.000	58.25	3029.00	2026-01-05 10:37:55.383
17863	8	118	5448	59.000	60.98	3597.82	2026-01-05 10:37:55.386
14451	1	100	221	3.000	184.47	553.41	2025-12-23 09:13:27.188
14563	1	87	705	2.000	164.17	328.34	2025-12-12 07:46:51.087865
17867	8	118	5380	36.000	50.91	1832.84	2026-01-05 10:37:55.392
14564	1	87	281	0.000	67.37	0.00	2025-12-12 07:46:51.087865
18683	1	128	1576	6.000	74.51	447.06	2026-01-06 21:11:36.485
18711	1	128	1561	50.000	52.54	2627.00	2026-01-06 21:11:37.594
18714	1	128	670	5.000	60.36	301.80	2026-01-06 21:11:37.695
18738	1	128	1566	8.000	29.01	232.08	2026-01-06 21:11:38.799
18736	1	128	1578	7.000	49.60	347.20	2026-01-06 21:11:38.694
18710	1	128	1563	9.000	43.66	392.94	2026-01-06 21:11:37.586
18681	1	128	362	9.000	78.88	709.92	2026-01-06 21:11:36.384
18730	1	128	1572	6.000	42.57	255.42	2026-01-06 21:11:38.483
18724	1	128	378	4.000	44.30	177.20	2026-01-06 21:11:38.188
18700	1	128	372	24.000	60.25	1446.00	2026-01-06 21:11:37.189
20738	1	137	154	3.000	78.33	234.99	2026-01-08 10:31:17.596
18667	1	128	653	3.000	60.00	180.00	2026-01-06 21:11:35.786
20746	1	137	87	1.000	69.72	69.72	2026-01-08 10:31:17.988
20747	1	137	597	1.000	361.30	361.30	2026-01-08 10:31:17.996
20748	1	137	598	3.000	441.30	1323.90	2026-01-08 10:31:18.086
20729	1	137	575	16.000	330.35	5285.60	2026-01-08 10:31:17.193
20726	1	137	1502	0.000	135.46	0.00	2026-01-09 07:46:55.885
20744	1	137	591	0.000	49.94	0.00	2026-01-08 10:31:17.891
20725	1	137	1469	0.000	156.66	0.00	2026-01-09 07:46:55.389
20730	1	137	524	0.000	71.65	0.00	2026-01-12 16:12:44.486
20719	1	137	1508	0.000	156.66	0.00	2026-01-12 16:12:45.096
20749	1	137	600	0.000	0.00	0.01	2026-01-08 10:31:18.184
21065	1	139	1613	2.000	72.76	145.51	2026-01-08 10:39:25.291
21083	1	139	1600	3.000	112.95	338.84	2026-01-08 10:39:26.296
21061	1	139	172	12.000	106.17	1274.07	2026-01-08 10:39:25.082
17447	8	115	5732	9.000	88.19	793.69	2026-01-05 15:20:29.799
17449	8	115	5719	2.000	71.00	142.00	2026-01-05 15:20:29.911
17451	8	115	5721	11.000	113.27	1245.97	2026-01-05 15:20:30.004
17456	8	115	5725	2.000	98.78	197.56	2026-01-05 15:20:30.295
17458	8	115	5675	1.000	92.98	92.98	2026-01-05 15:20:30.585
17460	8	115	5733	6.000	82.90	497.37	2026-01-05 15:20:30.983
17461	8	115	5707	4.000	149.39	597.57	2026-01-05 15:20:31.082
17463	8	115	5704	5.000	139.30	696.48	2026-01-05 15:20:31.283
17464	8	115	5718	13.000	163.07	2119.97	2026-01-05 15:20:31.486
17468	8	115	5712	8.000	133.43	1067.44	2026-01-05 15:20:31.785
17475	8	115	5713	7.000	137.21	960.45	2026-01-05 15:20:32.487
17479	8	115	6075	17.000	52.53	892.93	2026-01-05 15:20:32.692
17481	8	115	5676	4.000	61.71	246.82	2026-01-05 15:20:32.792
17482	8	115	5720	4.000	53.20	212.78	2026-01-05 15:20:32.882
17484	8	115	5622	1.000	77.72	77.72	2026-01-05 15:20:33.089
17485	8	115	5726	1.000	87.07	87.07	2026-01-05 15:20:33.283
17486	8	115	5642	5.000	83.63	418.13	2026-01-05 15:20:33.389
17487	8	115	5698	9.000	92.35	831.17	2026-01-05 15:20:33.885
17488	8	115	5730	9.000	74.36	669.20	2026-01-05 15:20:34.188
17489	8	115	5668	14.000	58.62	820.64	2026-01-05 15:20:34.285
17490	8	115	5705	9.000	87.72	789.46	2026-01-05 15:20:34.387
17491	8	115	5636	3.000	147.23	441.69	2026-01-05 15:20:34.487
17492	8	115	5633	5.000	118.32	591.60	2026-01-05 15:20:34.586
17493	8	115	5663	3.000	53.75	161.26	2026-01-05 15:20:34.689
17494	8	115	5703	76.000	57.61	4378.62	2026-01-05 15:20:34.788
17495	8	115	5706	19.000	62.88	1194.73	2026-01-05 15:20:34.799
17496	8	115	5637	36.000	77.44	2787.78	2026-01-05 15:20:34.889
17497	8	115	5643	3.000	58.14	174.43	2026-01-05 15:20:34.983
17498	8	115	5709	6.000	62.22	373.31	2026-01-05 15:20:34.996
17499	8	115	5715	2.000	73.22	146.44	2026-01-05 15:20:35.089
17500	8	115	5688	5.000	82.45	412.26	2026-01-05 15:20:35.101
18905	1	127	1605	1.000	135.00	135.00	2026-01-06 21:17:51.693
18926	1	127	196	4.000	252.91	1011.64	2026-01-06 21:17:52.59
18833	1	127	58	17.000	80.14	1362.38	2026-01-06 21:17:48.096
18825	1	127	142	11.000	85.14	936.54	2026-01-06 21:17:47.791
18784	1	127	531	48.000	50.66	2431.68	2026-01-07 20:11:03.268
20750	1	137	602	2.000	78.32	156.64	2026-01-08 10:31:18.196
20751	1	137	339	1.000	115.21	115.21	2026-01-08 10:31:18.29
18840	1	127	63	1.000	44.71	44.71	2026-01-06 21:17:48.483
20752	1	137	604	3.000	148.59	445.78	2026-01-08 10:31:18.385
18819	1	127	139	8.000	114.22	913.76	2026-01-06 21:17:47.583
18796	1	127	700	6.000	70.16	420.96	2026-01-06 21:17:46.684
18828	1	127	85	8.000	75.14	601.12	2026-01-06 21:17:47.892
18818	1	127	92	5.000	150.02	750.10	2026-01-06 21:17:47.491
18832	1	127	123	10.000	60.04	600.40	2026-01-06 21:17:48.088
18822	1	127	114	10.000	101.50	1015.00	2026-01-06 21:17:47.691
19846	1	127	129	0.000	0.00	0.00	2026-01-07 20:10:26.385103
20753	1	137	605	1.000	105.32	105.32	2026-01-08 10:31:18.393
14953	1	103	633	1.000	278.78	278.78	2025-12-31 07:51:47.783
14936	1	103	580	69.000	212.49	14661.81	2025-12-12 11:52:59.985
18831	1	127	113	16.000	69.45	1111.20	2026-01-06 21:17:48.081
18895	1	127	1610	5.000	61.51	307.55	2026-01-06 21:17:51.194
18894	1	127	1651	2.000	71.10	142.20	2026-01-06 21:17:51.187
18910	1	127	1602	10.000	71.68	716.80	2026-01-06 21:17:51.894
19847	1	127	1633	0.000	0.00	0.00	2026-01-07 20:10:26.385103
18884	1	127	1591	6.000	65.93	395.58	2026-01-06 21:17:50.296
18875	1	127	1614	2.000	98.18	196.36	2026-01-06 21:17:49.981
18889	1	127	724	37.000	56.08	2074.96	2026-01-06 21:17:50.892
18902	1	127	1638	6.000	86.16	516.96	2026-01-06 21:17:51.586
19848	1	127	133	0.000	0.00	0.00	2026-01-07 20:10:26.385103
19849	1	127	1661	0.000	0.00	0.00	2026-01-07 20:10:26.385103
18897	1	127	1628	4.000	66.01	264.04	2026-01-06 21:17:51.29
20754	1	137	606	2.000	117.82	235.64	2026-01-08 10:31:18.483
19850	1	127	245	0.000	0.00	0.00	2026-01-07 20:10:26.385103
19851	1	127	811	0.000	0.00	0.00	2026-01-07 20:10:26.385103
19006	1	127	1804	7.000	118.26	827.82	2026-01-06 21:17:56.793
19852	1	127	769	0.000	0.00	0.00	2026-01-07 20:10:26.385103
18959	1	127	784	4.000	141.06	564.24	2026-01-06 21:17:54.185
18968	1	127	412	1.000	111.66	111.66	2026-01-06 21:17:54.59
19853	1	127	789	0.000	0.00	0.00	2026-01-07 20:10:26.385103
18930	1	127	205	14.000	66.80	935.20	2026-01-06 21:17:52.787
18941	1	127	234	1.000	50.70	50.70	2026-01-06 21:17:53.286
18785	1	127	155	40.000	13.55	542.00	2026-01-06 21:17:46.183
20755	1	137	607	1.000	180.32	180.32	2026-01-08 10:31:18.493
20756	1	137	608	1.000	182.82	182.82	2026-01-08 10:31:18.582
20757	1	137	609	1.000	182.82	182.82	2026-01-08 10:31:18.59
21060	1	139	182	4.000	126.34	505.36	2026-01-08 10:39:24.991
21062	1	139	159	7.000	65.63	459.39	2026-01-08 10:39:25.091
21068	1	139	734	2.000	65.80	131.60	2026-01-08 10:39:25.49
21074	1	139	168	10.000	70.52	705.20	2026-01-08 10:39:25.794
21076	1	139	740	9.000	88.80	799.18	2026-01-08 10:39:25.982
21080	1	139	161	1.000	79.81	79.81	2026-01-08 10:39:26.185
21067	1	139	176	11.000	57.56	633.16	2026-01-08 10:39:25.395
21078	1	139	1660	6.000	83.64	501.84	2026-01-08 10:39:26.085
21071	1	139	729	11.000	57.13	628.43	2026-01-08 10:39:25.683
21073	1	139	720	7.000	73.40	513.80	2026-01-08 10:39:25.786
20798	1	138	569	4.000	228.78	915.12	2026-01-08 10:34:15.583
20762	1	138	523	4.000	152.91	611.64	2026-01-08 10:34:13.893
19154	1	126	1489	2.000	0.00	0.00	2026-01-06 21:20:21.586
20777	1	138	509	10.000	128.78	1287.80	2026-01-08 10:34:14.496
20789	1	138	572	6.000	130.01	780.06	2026-01-08 10:34:15.095
20790	1	138	535	6.000	149.80	898.80	2026-01-08 10:34:15.186
20775	1	138	627	2.000	144.44	288.88	2026-01-12 16:12:44.794
20786	1	138	532	2.000	85.85	171.70	2026-01-08 10:34:14.989
20783	1	138	512	14.000	49.51	693.14	2026-01-08 10:34:14.797
20808	1	138	1465	5.000	109.33	546.65	2026-01-08 10:34:15.897
19155	1	126	1490	2.000	0.00	0.00	2026-01-06 21:20:21.594
18629	1	128	1490	1.000	59.65	59.65	2026-01-06 21:11:33.896
19110	1	126	568	14.000	54.91	768.74	2026-01-06 21:20:19.095
19145	1	126	1495	4.000	225.45	901.80	2026-01-06 21:20:21.192
19099	1	126	571	3.000	0.00	0.00	2026-01-06 21:20:18.598
18599	1	128	571	2.000	79.66	159.33	2026-01-06 21:11:32.693
19190	1	126	1508	1.000	0.00	0.00	2026-01-06 21:20:23.285
19191	1	126	1507	2.000	0.00	0.00	2026-01-06 21:20:23.294
19113	1	126	1509	11.000	80.10	881.10	2026-01-06 21:20:19.284
19164	1	126	634	18.000	80.98	1457.64	2026-01-06 21:20:21.997
18634	1	128	634	5.000	79.29	396.43	2026-01-06 21:11:34.098
19138	1	126	635	1.000	0.00	0.00	2026-01-06 21:20:20.485
19114	1	126	1511	15.000	150.29	2254.35	2026-01-06 21:20:19.291
18607	1	128	1511	4.000	149.31	597.24	2026-01-06 21:11:33.083
20760	1	138	584	3.000	138.77	416.31	2026-01-08 10:34:13.882
20767	1	138	580	16.000	211.90	3390.35	2026-01-08 10:34:14.096
20769	1	138	582	3.000	129.55	388.65	2026-01-08 10:34:14.193
20770	1	138	624	8.000	169.89	1359.12	2026-01-08 10:34:14.282
20771	1	138	626	1.000	86.06	86.06	2026-01-08 10:34:14.289
20779	1	138	1513	1.000	103.76	103.76	2026-01-08 10:34:14.593
20794	1	138	1489	0.000	176.66	0.00	2026-01-12 16:12:44.981
20772	1	138	618	0.000	48.53	0.00	2026-01-08 10:34:14.295
20791	1	138	573	5.000	80.51	402.55	2026-01-08 10:34:15.194
20804	1	138	541	8.000	71.64	573.12	2026-01-08 10:34:15.787
20761	1	138	555	12.000	132.55	1590.66	2026-01-08 10:34:13.888
20810	1	138	1507	2.000	105.67	211.34	2026-01-08 10:34:16.088
20822	1	138	631	0.000	69.46	0.00	2026-01-08 10:34:16.587
20785	1	138	548	0.000	93.47	0.00	2026-01-12 16:12:44.789
20795	1	138	1490	3.000	64.40	193.20	2026-01-12 16:12:44.988
19130	1	126	611	5.000	0.00	0.00	2026-01-06 21:20:20.085
19092	1	126	153	17.000	331.37	5633.29	2026-01-06 21:20:18.291
19084	1	126	514	10.000	241.60	2416.00	2026-01-06 21:20:17.882
19087	1	126	515	44.000	80.26	3531.44	2026-01-06 21:20:17.996
19088	1	126	1466	5.000	153.92	769.60	2026-01-06 21:20:18.094
19136	1	126	625	1.000	0.00	0.00	2026-01-06 21:20:20.294
19131	1	126	548	1.000	0.00	0.00	2026-01-06 21:20:20.092
19150	1	126	553	9.000	0.00	0.00	2026-01-06 21:20:21.391
19097	1	126	561	11.000	129.42	1423.62	2026-01-06 21:20:18.583
20774	1	138	589	2.000	129.72	259.43	2026-01-08 10:34:14.391
15006	1	103	527	8.000	107.27	858.13	2025-12-31 07:51:49.393
20787	1	138	587	6.000	67.66	405.95	2026-01-08 10:34:15.082
20796	1	138	562	3.000	228.57	685.71	2026-01-08 10:34:15.482
11950	1	82	95	9.000	369.73	3327.61	2025-12-29 12:50:53.182
20797	1	138	552	8.000	156.95	1255.57	2026-01-08 10:34:15.488
20801	1	138	518	1.000	220.71	220.71	2026-01-08 10:34:15.685
20802	1	138	528	2.000	218.00	436.00	2026-01-08 10:34:15.691
11896	1	82	97	16.000	149.99	2399.84	2025-12-29 12:50:53.787
20803	1	138	539	2.000	244.75	489.49	2026-01-08 10:34:15.696
12982	1	82	62	79.000	75.15	5936.85	2025-12-29 12:50:54.803
11883	1	82	93	165.000	152.09	25094.85	2025-12-29 12:50:53.694
11924	1	82	94	57.000	97.90	5580.30	2025-12-29 12:50:54.392
20805	1	138	513	3.000	188.77	566.31	2026-01-08 10:34:15.794
14935	1	103	570	2.000	304.10	608.20	2025-12-31 07:51:47.696
20811	1	138	578	4.000	228.34	913.37	2026-01-08 10:34:16.096
20812	1	138	588	4.000	277.88	1111.52	2026-01-08 10:34:16.187
20813	1	138	620	4.000	92.76	371.04	2026-01-08 10:34:16.193
20814	1	138	1483	7.000	55.41	387.89	2026-01-08 10:34:16.282
20815	1	138	575	5.000	326.30	1631.51	2026-01-08 10:34:16.288
20817	1	138	557	17.000	69.59	1183.04	2026-01-08 10:34:16.385
20820	1	138	554	6.000	69.60	417.62	2026-01-08 10:34:16.489
11931	1	82	1541	10.000	74.87	748.70	2025-12-29 12:50:54.689
20788	1	138	625	1.000	234.82	234.82	2026-01-12 16:12:44.782
20793	1	138	1478	0.000	111.05	0.00	2026-01-08 10:34:15.294
20758	1	138	2387	0.000	0.10	0.00	2026-01-08 10:34:13.784
20766	1	138	570	4.000	304.25	1217.01	2026-01-08 10:34:14.09
12960	1	82	111	5.000	229.61	1148.05	2025-12-29 12:50:53.891
11947	1	82	1538	25.000	75.39	1884.75	2025-12-29 12:50:54.897
20806	1	138	1503	0.000	199.86	0.00	2026-01-08 10:34:15.885
20819	1	138	545	8.000	68.80	550.38	2026-01-08 10:34:16.482
20763	1	138	561	5.000	135.54	677.70	2026-01-12 16:12:44.889
15002	1	103	528	6.000	222.31	1333.84	2025-12-31 07:51:49.296
15005	1	103	1498	3.000	109.69	329.08	2025-12-31 07:51:49.39
20765	1	138	571	1.000	86.65	86.65	2026-01-12 16:12:45.088
20776	1	138	633	0.000	280.15	0.00	2026-01-08 10:34:14.486
20768	1	138	547	10.000	189.44	1894.40	2026-01-08 10:34:14.187
11877	1	82	153	1.000	328.04	328.04	2025-12-23 08:12:24.784
11811	1	81	667	10.000	123.13	1231.31	2025-12-05 10:57:22.997
11812	1	81	340	6.000	111.10	666.58	2025-12-05 10:57:23.001
11722	1	81	546	6.000	332.04	1992.24	2025-12-05 10:57:21.492
11746	1	81	552	8.000	156.95	1569.50	2025-12-05 10:57:21.898
11738	1	81	625	2.000	467.11	934.22	2025-12-05 10:57:21.786
11741	1	81	573	3.000	81.95	245.85	2025-12-05 10:57:21.803
11790	1	81	656	0.000	140.38	140.38	2025-12-05 10:57:22.688
11780	1	81	601	6.000	84.12	757.08	2025-12-05 10:57:22.502
11773	1	81	1473	7.000	70.20	1263.63	2025-11-27 08:44:05.389
11770	1	81	594	8.000	130.35	1042.80	2025-12-05 10:57:22.299
11793	1	81	339	3.000	104.37	730.59	2025-12-05 10:57:22.696
11813	1	81	348	3.000	103.92	727.44	2025-12-05 10:57:23.005
11798	1	81	641	0.000	94.05	376.20	2025-12-05 10:57:22.794
17896	8	118	5972	15.000	69.41	1041.15	2026-01-05 10:25:36.69
11760	1	81	588	4.000	277.88	1389.40	2025-12-05 10:57:22.191
11802	1	81	646	0.000	49.05	98.10	2025-12-05 10:57:22.888
11784	1	81	649	4.000	59.19	295.95	2025-12-05 10:57:22.588
11730	1	81	519	4.000	116.48	1164.78	2025-12-05 10:57:21.596
11727	1	81	633	7.000	454.11	3632.89	2025-12-05 10:57:21.584
11809	1	81	677	6.000	108.86	762.02	2025-12-05 10:57:22.989
11735	1	81	548	5.000	90.87	908.70	2025-12-05 10:57:21.692
11724	1	81	616	1.000	132.76	132.76	2025-12-05 10:57:21.497
11729	1	81	610	3.000	112.99	338.97	2025-12-05 10:57:21.592
14682	1	101	668	0.000	69.76	279.04	2025-12-12 11:29:49.483
11731	1	81	511	12.000	98.89	1186.68	2025-12-05 10:57:21.6
11755	1	81	586	9.000	106.03	954.27	2025-12-05 10:57:22.103
11739	1	81	572	3.000	129.08	645.40	2025-12-05 10:57:21.793
11718	1	81	624	1.000	169.89	169.89	2025-12-05 10:57:21.402
11778	1	81	640	3.000	98.21	294.63	2025-12-05 10:57:22.493
11785	1	81	650	1.000	73.29	73.29	2025-12-05 10:57:22.592
11767	1	81	545	5.000	71.34	356.70	2025-12-05 10:57:22.29
11748	1	81	529	5.000	254.29	1271.45	2025-12-05 10:57:21.993
11753	1	81	556	1.000	129.67	518.68	2025-12-05 10:57:22.093
11710	1	81	523	2.000	152.34	304.68	2025-12-05 10:57:21.292
11713	1	81	536	3.000	129.27	517.08	2025-12-05 10:57:21.305
11768	1	81	554	3.000	69.51	208.53	2025-12-05 10:57:22.295
11725	1	81	589	2.000	129.72	259.44	2025-12-05 10:57:21.505
11758	1	81	1507	2.000	122.36	611.81	2025-11-27 08:44:04.791
11788	1	81	654	1.000	155.27	155.27	2025-12-05 10:57:22.605
11711	1	81	550	4.000	71.60	644.40	2025-12-05 10:57:21.297
11743	1	81	622	1.000	95.15	190.30	2025-12-05 10:57:21.887
11719	1	81	626	1.000	86.06	86.06	2025-12-05 10:57:21.406
11779	1	81	600	2.000	164.14	328.28	2025-12-05 10:57:22.498
11774	1	81	591	5.000	101.53	710.73	2025-12-05 10:57:22.396
14718	1	101	1558	0.000	52.92	211.68	2025-12-12 11:29:51.89
11750	1	81	593	0.000	112.71	112.71	2025-11-27 08:44:04.49
11766	1	81	558	0.000	72.33	216.99	2025-12-05 10:57:22.286
11752	1	81	513	3.000	188.77	566.31	2025-12-05 10:57:22.087
11717	1	81	547	8.000	213.89	1711.08	2025-12-05 10:57:21.394
11732	1	81	520	8.000	49.59	545.49	2025-12-05 10:57:21.604
11714	1	81	570	4.000	303.52	1214.08	2025-12-05 10:57:21.309
11740	1	81	535	5.000	149.55	747.75	2025-12-05 10:57:21.798
11733	1	81	512	9.000	49.35	444.15	2025-12-05 10:57:21.683
14645	1	101	654	0.000	155.27	155.27	2025-12-12 11:29:47.195
11759	1	81	578	4.000	228.34	913.36	2025-12-05 10:57:22.187
11726	1	81	1477	0.000	506.36	506.36	2025-12-04 09:54:12.85
11747	1	81	569	5.000	321.33	1606.65	2025-12-05 10:57:21.987
11716	1	81	592	7.000	53.02	371.14	2025-12-05 10:57:21.39
14735	1	101	691	0.000	63.42	63.42	2025-12-12 11:29:52.685
18866	1	127	1593	3.000	111.88	335.65	2026-01-06 21:17:49.499
11736	1	81	532	1.000	87.04	87.04	2025-12-05 10:57:21.696
11761	1	81	620	4.000	92.76	371.04	2025-12-05 10:57:22.195
11749	1	81	585	0.000	129.22	0.00	2025-12-01 16:21:09.288
11762	1	81	575	2.000	324.32	648.64	2025-12-05 10:57:22.2
14641	1	101	649	1.000	59.19	59.19	2025-12-12 11:29:47.089
14652	1	101	643	0.000	149.05	447.15	2025-12-12 11:29:47.593
11782	1	81	645	1.000	141.81	141.81	2025-12-05 10:57:22.507
11783	1	81	648	3.000	368.65	1105.95	2025-12-05 10:57:22.583
11721	1	81	615	0.000	192.76	192.76	2025-12-05 10:57:21.488
21077	1	139	1638	0.000	90.08	0.00	2026-01-08 10:39:25.992
11715	1	81	580	18.000	211.83	3812.92	2025-12-05 10:57:21.386
14647	1	101	339	0.000	104.37	0.00	2025-12-12 11:29:47.293
11792	1	81	659	1.000	159.78	159.78	2025-12-05 10:57:22.692
14726	1	101	296	0.000	97.31	0.00	2025-12-12 11:29:52.199
11794	1	81	664	6.000	91.11	546.66	2025-12-05 10:57:22.699
11795	1	81	665	4.000	155.06	620.24	2025-12-05 10:57:22.703
11797	1	81	642	4.000	84.05	336.20	2025-12-05 10:57:22.788
11737	1	81	587	3.000	67.01	201.03	2025-12-05 10:57:21.701
14694	1	101	1561	50.000	53.72	2686.20	2025-12-12 11:29:50.29
11791	1	81	658	0.000	140.47	0.00	2025-12-01 16:21:09.985
11799	1	81	638	5.000	44.05	220.25	2025-12-05 10:57:22.798
11800	1	81	643	3.000	149.05	447.15	2025-12-05 10:57:22.802
14687	1	101	352	0.000	82.65	-325.66	2025-12-12 11:29:49.895
11803	1	81	359	31.000	95.13	2949.03	2025-12-05 10:57:22.891
11805	1	81	342	4.000	73.94	295.76	2025-12-05 10:57:22.898
11806	1	81	672	2.000	72.07	144.14	2025-12-05 10:57:22.902
11807	1	81	355	6.000	105.87	635.22	2025-12-05 10:57:22.905
14713	1	101	682	4.000	73.86	295.44	2025-12-12 11:29:51.587
11728	1	81	509	8.000	128.80	1288.00	2025-12-05 10:57:21.588
20898	1	138	678	10.000	54.68	546.80	2026-01-08 10:34:20.291
11745	1	81	562	3.000	228.57	685.71	2025-12-05 10:57:21.892
11814	1	81	374	2.000	156.21	312.42	2025-12-05 10:57:23.085
11754	1	81	1465	4.000	109.25	437.00	2025-12-05 10:57:22.098
11744	1	81	1490	0.000	60.07	60.07	2025-12-01 16:21:09.192
11815	1	81	669	1.000	105.17	105.17	2025-12-05 10:57:23.09
11757	1	81	1508	1.000	200.97	602.91	2025-12-01 16:21:09.386
11775	1	81	628	2.000	78.52	157.04	2025-12-05 10:57:22.401
11801	1	81	657	1.000	428.96	428.96	2025-12-05 10:57:22.883
11720	1	81	618	0.000	47.93	47.93	2025-12-05 10:57:21.484
11765	1	81	557	13.000	69.55	1043.25	2025-12-05 10:57:22.204
11820	1	81	679	10.000	126.07	1260.74	2025-12-05 10:57:23.191
11840	1	81	681	5.000	94.21	471.06	2025-12-05 10:57:23.493
11843	1	81	2326	5.000	118.81	594.05	2025-11-27 08:44:08.384
11902	1	82	73	45.000	146.73	6602.76	2025-12-29 12:50:53.582
11887	1	82	87	104.000	69.87	7266.92	2025-12-27 08:28:09.38
11903	1	82	101	78.000	109.57	8546.14	2025-12-23 09:15:53.984
11837	1	81	351	3.000	77.42	232.26	2025-12-05 10:57:23.415
11868	1	81	697	9.000	68.13	749.43	2025-12-01 16:21:11.602
11838	1	81	378	0.000	105.56	422.24	2025-12-05 10:57:23.485
21194	1	139	1842	1.000	60.01	60.01	2026-01-08 10:41:54.891
11827	1	81	345	9.000	84.75	1017.00	2025-12-05 10:57:23.29
21204	1	139	831	0.000	114.24	0.00	2026-01-08 10:41:55.396
11869	1	81	694	0.000	112.55	112.55	2025-12-05 10:57:24.094
21207	1	139	829	0.000	69.22	0.00	2026-01-08 10:41:55.682
11871	1	81	290	9.000	82.25	987.00	2025-12-05 10:57:24.103
14578	1	101	571	2.000	79.12	158.24	2025-12-12 11:29:44.684
11879	1	82	80	14.000	83.37	1167.17	2025-12-23 09:15:51.692
11880	1	82	146	6.000	234.09	1404.52	2025-12-23 09:15:51.782
11882	1	82	77	1.000	229.34	229.34	2025-12-23 09:15:51.798
21209	1	139	826	0.000	83.95	0.00	2026-01-08 10:41:55.789
14573	1	101	584	3.000	138.77	416.31	2025-12-12 11:29:44.483
11852	1	81	296	2.000	97.31	583.86	2025-12-05 10:57:23.784
14569	1	101	614	0.000	0.01	0.00	2025-12-20 12:59:29.485
14574	1	101	153	0.000	329.63	1.59	2025-12-22 16:07:26.703
11905	1	82	74	91.000	81.17	7386.48	2025-12-29 12:50:53.586
11824	1	81	344	7.000	73.35	513.45	2025-12-05 10:57:23.208
14572	1	101	516	0.000	48.67	48.67	2025-12-12 11:29:44.394
11867	1	81	687	1.000	147.58	442.74	2025-12-05 10:57:24.087
11825	1	81	346	3.000	84.01	252.03	2025-12-05 10:57:23.212
11828	1	81	349	3.000	50.60	151.80	2025-12-05 10:57:23.293
11829	1	81	350	7.000	61.09	427.63	2025-12-05 10:57:23.298
11915	1	82	60	34.000	110.04	3741.36	2025-12-29 12:50:53.392
11841	1	81	341	1.000	97.86	97.86	2025-12-05 10:57:23.496
11842	1	81	671	2.000	109.07	218.14	2025-12-05 10:57:23.5
11846	1	81	321	1.000	92.12	92.12	2025-12-05 10:57:23.598
21206	1	139	834	0.000	57.22	0.00	2026-01-08 10:41:55.588
11847	1	81	302	4.000	67.26	269.04	2025-12-05 10:57:23.683
11818	1	81	368	6.000	67.25	403.50	2025-12-05 10:57:23.182
11833	1	81	365	3.000	55.81	167.43	2025-12-05 10:57:23.393
11919	1	82	88	23.000	200.83	4618.99	2025-12-29 12:50:53.686
20964	1	139	52	1.000	62.70	62.70	2026-01-08 10:36:27.682
11819	1	81	369	3.000	42.65	127.95	2025-12-05 10:57:23.187
11844	1	81	367	7.000	56.86	398.02	2025-12-05 10:57:23.588
11858	1	81	305	3.000	61.45	737.40	2025-12-05 10:57:23.896
11855	1	81	1993	1.000	179.21	179.21	2025-12-05 10:57:23.798
11830	1	81	361	4.000	48.97	195.88	2025-12-05 10:57:23.302
11865	1	81	319	2.000	365.64	1462.54	2025-12-05 10:57:24
11895	1	82	65	42.000	75.31	3163.02	2025-12-29 12:50:53.399
11906	1	82	102	81.000	100.31	8125.11	2025-12-29 12:50:53.79
11860	1	81	293	0.000	71.47	71.47	2025-11-27 08:44:09.183
11834	1	81	364	7.000	56.15	393.05	2025-12-05 10:57:23.398
11836	1	81	376	4.000	73.56	294.24	2025-12-05 10:57:23.407
11848	1	81	328	8.000	92.24	1106.88	2025-12-05 10:57:23.688
14576	1	101	523	5.000	152.99	764.94	2025-12-12 11:29:44.588
11859	1	81	316	24.000	70.94	1773.55	2025-12-05 10:57:23.892
14584	1	101	582	3.000	130.48	391.43	2025-12-12 11:29:44.887
11861	1	81	333	7.000	82.36	576.52	2025-12-05 10:57:23.9
14577	1	101	550	18.000	70.92	1276.54	2025-12-30 11:26:27.982
11851	1	81	332	6.000	142.34	854.04	2025-12-05 10:57:23.7
11916	1	82	70	81.000	119.43	9673.49	2025-12-23 09:15:55.284
11898	1	82	138	123.000	110.25	13561.35	2025-12-29 12:50:54.086
14575	1	101	555	12.000	130.11	1561.33	2025-12-12 11:29:44.58
14581	1	101	580	16.000	212.04	3392.64	2025-12-16 10:56:02.895
11914	1	82	151	226.000	93.55	21142.99	2025-12-29 12:50:54.199
14580	1	101	570	2.000	303.52	607.04	2025-12-12 11:29:44.78
20980	1	139	76	7.000	90.26	631.79	2026-01-08 10:36:28.385
11853	1	81	301	2.000	132.13	528.52	2025-12-05 10:57:23.789
11856	1	81	318	11.000	60.35	844.90	2025-12-05 10:57:23.803
14582	1	101	592	0.000	53.20	0.00	2025-12-24 10:32:21.887
11826	1	81	375	0.000	56.72	510.48	2025-12-05 10:57:23.286
11835	1	81	683	2.000	65.32	195.95	2025-12-05 10:57:23.403
11875	1	81	690	0.000	101.59	101.59	2025-12-01 14:26:22.696
11839	1	81	377	3.000	48.80	146.40	2025-12-05 10:57:23.489
11817	1	81	363	4.000	59.40	237.60	2025-12-05 10:57:23.101
11845	1	81	676	7.000	55.69	389.83	2025-12-05 10:57:23.593
11849	1	81	309	11.000	102.81	1130.91	2025-12-05 10:57:23.695
11821	1	81	674	1.000	61.29	61.29	2025-12-05 10:57:23.195
11854	1	81	329	3.000	132.43	397.29	2025-12-05 10:57:23.794
11832	1	81	370	7.000	60.09	480.72	2025-12-05 10:57:23.389
11897	1	82	100	4.000	156.76	627.04	2025-12-23 10:39:44.992
11862	1	81	294	5.000	61.56	307.80	2025-12-05 10:57:23.986
21046	1	139	1636	0.000	142.95	0.00	2026-01-08 10:39:24.284
11870	1	81	297	4.000	102.16	408.64	2025-12-05 10:57:24.098
14570	1	101	612	0.000	129.25	129.25	2025-12-12 11:29:44.381
14583	1	101	547	12.000	190.61	2287.32	2025-12-12 11:29:44.799
14579	1	101	536	0.000	129.27	0.00	2025-12-12 11:29:44.692
14571	1	101	515	6.000	80.42	482.52	2025-12-30 11:26:28.585
20963	1	139	700	1.000	73.12	73.12	2026-01-08 10:36:27.59
20970	1	139	117	1.000	144.98	144.98	2026-01-08 10:36:27.892
11872	1	81	334	0.000	73.37	0.00	2025-12-01 16:21:11.697
21054	1	139	1640	0.000	235.28	0.00	2026-01-08 10:39:24.682
11831	1	81	360	4.000	47.12	188.48	2025-12-05 10:57:23.306
21037	1	139	1593	5.000	113.68	568.40	2026-01-08 10:39:23.787
11873	1	81	1955	3.000	191.90	575.70	2025-12-01 14:26:22.686
11874	1	81	306	5.000	71.60	358.00	2025-12-01 14:26:22.691
11876	1	81	695	7.000	96.45	771.60	2025-12-01 14:26:22.701
20987	1	139	92	9.000	151.35	1362.15	2026-01-08 10:36:28.686
11864	1	81	307	12.000	56.30	675.60	2025-12-05 10:57:23.996
11866	1	81	299	7.000	132.01	924.07	2025-12-05 10:57:24.005
14593	1	101	610	3.000	148.48	445.45	2025-12-12 11:29:45.195
11985	1	83	359	17.000	98.37	1672.28	2025-12-10 06:27:28
11960	1	83	140	0.000	0.00	0.00	2025-12-05 11:01:41.182
12021	1	83	385	0.000	110.88	1663.20	2025-12-05 11:01:42.994
11981	1	83	63	96.000	47.38	4548.48	2025-12-12 07:30:00.59
11959	1	83	87	5.000	69.94	349.70	2025-12-11 09:56:27.966
12006	1	83	373	56.000	74.67	4181.49	2025-12-10 06:27:28.487
11989	1	83	363	10.000	62.49	624.93	2025-12-10 06:27:28.494
11998	1	83	349	30.000	53.53	1605.79	2025-12-10 06:27:28.504
12000	1	83	361	10.000	51.99	519.93	2025-12-10 06:27:28.594
12001	1	83	360	24.000	49.10	1178.29	2025-12-10 06:27:28.597
12002	1	83	370	26.000	62.69	1630.04	2025-12-10 06:27:28.601
12003	1	83	365	12.000	58.76	705.11	2025-12-10 06:27:28.605
12007	1	83	2326	5.000	118.73	593.64	2025-11-27 08:50:37.884
12005	1	83	377	15.000	51.62	774.27	2025-12-10 06:27:28.696
12020	1	83	384	0.000	181.81	181.81	2025-12-01 16:33:02.596
14594	1	101	519	14.000	90.42	1265.88	2025-12-12 11:29:45.282
14585	1	101	624	8.000	169.89	1359.12	2025-12-30 11:26:28.284
11995	1	83	375	0.000	0.00	0.00	2025-12-01 16:33:02.291
14587	1	101	546	0.000	180.53	-1318.05	2025-12-12 11:29:44.993
11957	1	82	99	30.000	192.27	5768.16	2025-12-29 12:50:53.192
12022	1	83	386	0.000	0.00	0.00	2025-12-05 11:01:42.998
11953	1	82	145	38.000	243.42	9249.78	2025-12-29 12:50:53.204
11962	1	83	74	10.000	82.38	823.80	2025-12-05 11:01:41.191
11943	1	82	67	110.000	71.36	7849.38	2025-12-29 12:50:54.292
11942	1	82	81	50.000	74.25	3712.50	2025-12-29 12:50:54.382
11982	1	83	104	0.000	0.00	0.00	2025-11-27 08:50:36.8
11963	1	83	66	6.000	82.71	496.26	2025-12-05 11:01:41.196
11964	1	83	149	4.000	82.37	329.48	2025-12-05 11:01:41.2
11970	1	83	114	0.000	0.00	0.00	2025-11-27 08:50:36.394
11991	1	83	352	0.000	0.00	-0.01	2025-12-10 06:27:28.397
14592	1	101	509	12.000	128.73	1544.70	2025-12-12 11:29:45.19
11966	1	83	152	1.000	89.01	89.01	2025-12-05 11:01:41.282
11993	1	83	344	23.000	76.54	1760.42	2025-12-11 08:50:07.999
11929	1	82	142	144.000	85.02	12242.23	2025-12-29 12:50:54.789
12023	1	83	387	3.000	101.12	303.36	2025-12-05 11:01:43.082
12028	1	83	401	127.000	112.37	14383.36	2025-12-05 11:01:43.187
11994	1	83	346	5.000	88.37	441.84	2025-12-10 06:27:29.086
11937	1	82	123	159.000	60.24	9577.57	2025-12-29 12:50:54.682
14591	1	101	633	2.000	279.65	559.30	2025-12-12 11:29:45.183
11974	1	83	123	0.000	0.00	-0.04	2025-11-27 08:50:36.582
12014	1	83	404	0.000	394.14	3941.38	2025-12-05 11:01:42.896
11930	1	82	148	23.000	69.84	1606.33	2025-12-29 12:50:54.793
11952	1	82	96	5.000	179.86	899.30	2025-12-29 12:50:53.186
11992	1	83	343	0.000	0.00	0.00	2025-12-01 16:33:02.284
11980	1	83	143	0.000	0.00	-0.02	2025-11-27 08:50:36.786
11979	1	83	338	0.000	50.53	151.59	2025-11-27 08:50:36.704
11999	1	83	350	12.000	62.15	807.95	2025-12-05 11:01:42.29
11978	1	83	115	0.000	50.37	201.46	2025-11-27 08:50:36.696
20112	10	131	6254	35.000	42.71	1494.70	2026-01-15 08:54:23.485
12016	1	83	403	13.000	101.11	1314.43	2025-12-05 11:01:42.903
11968	1	83	60	3.000	112.53	337.59	2025-12-05 11:01:41.293
14586	1	101	626	1.000	86.06	86.06	2025-12-12 11:29:44.985
11987	1	83	366	5.000	126.65	633.26	2025-12-10 06:27:28.286
11925	1	82	91	107.000	56.66	6062.62	2025-12-29 12:50:54.389
11986	1	83	371	59.000	101.55	5991.17	2025-12-10 06:27:28.199
11973	1	83	113	0.000	0.00	0.00	2025-12-05 11:01:41.389
11965	1	83	106	0.000	94.87	284.61	2025-12-01 16:33:01.988
12015	1	83	397	53.000	96.63	5121.39	2025-12-05 11:01:42.899
11969	1	83	89	11.000	112.33	1235.63	2025-12-05 11:01:41.298
11971	1	83	148	2.000	72.32	144.64	2025-12-05 11:01:41.302
11972	1	83	71	100.000	47.39	4739.00	2025-12-05 11:01:41.385
20089	10	131	6229	3.000	177.95	533.85	2026-01-15 08:54:23.498
11975	1	83	127	28.000	79.55	2227.40	2025-12-05 11:01:41.393
11976	1	83	118	12.000	72.38	868.56	2025-12-05 11:01:41.398
11940	1	82	122	60.000	70.30	4218.00	2025-12-29 12:50:54.592
11997	1	83	347	13.000	0.10	1.30	2025-12-11 08:49:33.698
11983	1	83	145	2.000	244.82	489.64	2025-12-05 11:01:41.486
11984	1	83	339	10.000	80.26	802.60	2025-12-05 11:01:41.491
14589	1	101	616	1.000	132.76	132.76	2025-12-12 11:29:45.089
11996	1	83	345	4.000	88.36	353.44	2025-12-11 08:50:08.002
11988	1	83	374	2.000	156.59	313.18	2025-12-05 11:01:41.893
11954	1	82	121	9.000	279.33	2513.97	2025-12-23 09:15:58.5
11958	1	83	79	7.000	68.44	479.08	2025-12-05 11:01:41.091
12008	1	83	379	6.000	145.96	875.76	2025-12-05 11:01:42.793
12004	1	83	376	0.000	0.00	0.00	2025-12-01 16:33:02.396
11977	1	83	67	0.000	0.00	0.00	2025-12-01 16:33:02.101
20101	10	131	6243	2.000	77.95	155.90	2026-01-15 08:54:23.682
14590	1	101	589	2.000	129.72	259.44	2025-12-12 11:29:45.095
20127	10	131	6270	1.000	346.70	346.70	2026-01-15 08:54:23.694
20123	10	131	6266	440.000	50.58	22256.40	2026-01-15 08:54:23.793
11990	1	83	369	8.000	43.09	344.72	2025-12-05 11:01:42.001
12009	1	83	380	1.000	284.96	284.96	2025-12-05 11:01:42.797
12010	1	83	381	12.000	154.96	1859.52	2025-12-05 11:01:42.8
12011	1	83	191	43.000	115.76	4977.68	2025-12-05 11:01:42.883
12012	1	83	206	99.000	96.97	9600.03	2025-12-05 11:01:42.888
12013	1	83	205	190.000	66.28	12593.20	2025-12-05 11:01:42.892
12018	1	83	382	15.000	112.36	1685.40	2025-12-05 11:01:42.986
12019	1	83	383	2.000	119.90	239.80	2025-12-05 11:01:42.989
12024	1	83	388	55.000	61.52	3383.60	2025-12-05 11:01:43.088
12025	1	83	390	24.000	81.13	1947.12	2025-12-05 11:01:43.093
12026	1	83	396	39.000	61.22	2387.58	2025-12-05 11:01:43.098
12027	1	83	398	5.000	120.62	603.10	2025-12-05 11:01:43.102
12029	1	83	406	28.000	81.71	2287.88	2025-12-05 11:01:43.192
12030	1	83	409	10.000	92.32	923.20	2025-12-05 11:01:43.197
11961	1	83	65	5.000	77.58	465.48	2025-12-05 11:01:41.187
11967	1	83	137	0.000	112.76	112.76	2025-12-05 11:01:41.288
12035	1	83	391	2.000	88.34	176.68	2025-11-27 08:50:38.981
12037	1	83	411	1.000	0.10	0.10	2025-11-27 08:50:39.079
14602	1	101	625	1.000	231.47	231.47	2025-12-12 11:29:45.59
12078	1	83	463	4.000	90.47	361.88	2025-12-05 11:01:44.103
12075	1	83	453	9.000	89.50	805.50	2025-11-27 08:50:41.892
12076	1	83	459	1.000	0.10	0.10	2025-11-27 08:50:41.901
12088	1	83	475	1.000	155.91	155.91	2025-12-05 11:01:44.29
12092	1	83	478	16.000	60.86	973.76	2025-12-05 11:01:44.299
12137	1	83	480	0.000	0.00	0.00	2025-11-27 08:50:44.881
14597	1	101	512	15.000	49.97	749.49	2025-12-12 11:29:45.383
12116	1	83	1933	0.000	0.00	0.00	2025-12-05 11:01:44.597
20114	10	131	6257	178.000	169.48	30167.92	2026-01-15 08:54:23.585
20126	10	131	6269	5.000	61.70	308.50	2026-01-15 08:54:23.691
12094	1	83	484	8.000	55.33	498.00	2025-12-05 11:01:44.304
12046	1	83	288	0.000	128.55	128.55	2025-12-05 11:01:43.582
12134	1	83	473	25.000	280.31	7007.86	2025-11-27 08:50:44.692
12135	1	83	476	13.000	140.21	1822.74	2025-11-27 08:50:44.785
12040	1	83	407	0.000	0.00	0.01	2025-11-27 08:50:39.184
12038	1	83	400	13.000	81.61	1060.93	2025-12-05 11:01:43.389
12100	1	83	489	4.000	150.26	601.04	2025-12-05 11:01:44.487
12055	1	83	439	0.000	0.00	0.00	2025-12-01 16:33:03.089
12032	1	83	413	9.000	81.50	733.50	2025-12-05 11:01:43.286
12086	1	83	472	0.000	0.00	-0.02	2025-11-27 08:50:42.39
12126	1	83	474	1.000	89.48	89.48	2025-12-05 11:01:44.797
12115	1	83	1932	0.000	74.52	74.52	2025-11-27 08:50:43.789
12112	1	83	876	0.000	179.58	179.58	2025-11-27 08:50:43.592
12107	1	83	1927	0.000	119.70	119.70	2025-11-27 08:50:43.393
12031	1	83	410	4.000	92.33	369.32	2025-12-05 11:01:43.202
12070	1	83	443	0.000	79.19	79.19	2025-11-27 08:50:41.695
12090	1	83	477	0.000	0.00	224.82	2025-11-27 08:50:42.582
12096	1	83	488	17.000	389.86	6627.62	2025-12-05 11:01:44.391
12113	1	83	877	0.000	0.00	219.39	2025-11-27 08:50:43.685
12118	1	83	502	0.000	0.00	0.00	2025-11-27 08:50:43.9
12119	1	83	879	0.000	0.00	0.00	2025-11-27 08:50:43.988
12033	1	83	414	14.000	53.50	749.00	2025-12-05 11:01:43.29
12109	1	83	875	0.000	269.11	269.11	2025-11-27 08:50:43.49
12034	1	83	415	26.000	131.71	3424.46	2025-12-05 11:01:43.382
12121	1	83	881	1.000	94.59	283.77	2025-12-05 11:01:44.692
12061	1	83	454	9.000	74.13	667.17	2025-12-05 11:01:43.801
12045	1	83	423	5.000	68.79	343.95	2025-12-05 11:01:43.497
12105	1	83	1925	0.000	0.00	0.00	2025-12-05 11:01:44.583
12041	1	83	416	6.000	75.36	452.16	2025-12-05 11:01:43.4
12047	1	83	424	2.000	179.55	359.10	2025-12-05 11:01:43.588
12048	1	83	427	3.000	76.96	230.88	2025-12-05 11:01:43.592
12049	1	83	431	4.000	56.30	225.20	2025-12-05 11:01:43.596
12050	1	83	433	8.000	91.74	733.92	2025-12-05 11:01:43.6
12051	1	83	434	1.000	83.41	83.41	2025-12-05 11:01:43.683
12052	1	83	435	4.000	57.57	230.28	2025-12-05 11:01:43.688
12124	1	83	506	17.000	49.84	996.80	2025-12-05 11:01:44.787
12064	1	83	458	0.000	0.00	0.00	2025-12-01 16:33:03.199
12043	1	83	420	8.000	89.46	715.68	2025-12-05 11:01:43.488
12057	1	83	446	1.000	241.69	241.69	2025-12-05 11:01:43.784
12054	1	83	438	7.000	48.33	338.31	2025-12-05 11:01:43.697
12062	1	83	455	34.000	83.36	2834.24	2025-12-05 11:01:43.885
12063	1	83	457	3.000	76.96	230.88	2025-12-05 11:01:43.89
12065	1	83	289	6.000	76.99	461.94	2025-12-05 11:01:43.895
12060	1	83	452	2.000	104.55	209.10	2025-12-05 11:01:43.795
12066	1	83	460	4.000	56.99	227.96	2025-12-05 11:01:43.899
12067	1	83	461	17.000	78.96	1342.32	2025-12-05 11:01:43.903
12068	1	83	456	4.000	44.55	178.20	2025-12-05 11:01:43.986
12069	1	83	445	1.000	47.93	47.93	2025-12-05 11:01:43.992
12071	1	83	440	4.000	242.05	968.20	2025-12-05 11:01:43.998
12072	1	83	437	6.000	49.18	295.08	2025-12-05 11:01:44.083
12073	1	83	429	1.000	85.43	85.43	2025-12-05 11:01:44.089
12074	1	83	428	1.000	141.69	141.69	2025-12-05 11:01:44.095
12080	1	83	465	6.000	65.51	393.06	2025-12-05 11:01:44.19
12081	1	83	466	4.000	249.95	999.80	2025-12-05 11:01:44.194
12095	1	83	487	18.000	255.12	4592.16	2025-12-05 11:01:44.386
12120	1	83	1941	0.000	189.97	759.88	2025-12-05 11:01:44.687
12083	1	83	468	0.000	170.00	0.00	2025-12-01 16:33:03.496
14598	1	101	611	4.000	89.12	356.48	2025-12-12 11:29:45.391
14600	1	101	532	3.000	88.94	266.82	2025-12-12 11:29:45.493
12082	1	83	467	10.000	54.85	548.50	2025-12-05 11:01:44.198
12097	1	83	869	4.000	180.11	720.44	2025-12-05 11:01:44.395
12098	1	83	1904	1.000	139.69	139.69	2025-12-05 11:01:44.399
12056	1	83	444	0.000	119.67	119.67	2025-12-05 11:01:43.701
12101	1	83	1912	1.000	199.77	199.77	2025-12-05 11:01:44.492
12102	1	83	495	5.000	230.08	1150.40	2025-12-05 11:01:44.496
14596	1	101	520	10.000	51.20	512.00	2025-12-12 11:29:45.294
12106	1	83	498	14.000	254.49	3562.86	2025-12-05 11:01:44.588
14601	1	101	587	6.000	67.80	406.80	2025-12-12 11:29:45.582
12117	1	83	501	3.000	230.37	691.11	2025-12-05 11:01:44.601
12036	1	83	392	0.000	0.10	0.10	2025-11-27 08:50:38.994
14603	1	101	572	6.000	130.72	784.32	2025-12-12 11:29:45.68
12122	1	83	1946	2.000	89.58	179.16	2025-12-05 11:01:44.782
14595	1	101	511	14.000	99.24	1389.36	2025-12-12 11:29:45.287
12125	1	83	507	9.000	69.77	627.93	2025-12-05 11:01:44.792
12127	1	83	482	5.000	279.73	1398.65	2025-12-05 11:01:44.802
12130	1	83	508	2.000	89.68	179.36	2025-12-05 11:01:44.89
12133	1	83	490	12.000	130.26	1563.12	2025-12-05 11:01:44.899
12136	1	83	1988	0.000	49.79	99.58	2025-11-27 08:50:44.794
12103	1	83	496	0.000	59.82	119.64	2025-12-01 16:33:03.792
12131	1	83	503	14.000	60.64	909.60	2025-12-05 11:01:44.894
12084	1	83	469	4.000	55.30	276.50	2025-12-05 11:01:44.203
12129	1	83	1944	0.000	89.81	449.05	2025-12-01 16:33:04.089
12091	1	83	865	3.000	90.38	361.52	2025-12-05 11:01:44.295
12110	1	83	499	0.000	115.39	115.39	2025-12-01 16:33:03.888
12053	1	83	436	5.000	63.38	380.28	2025-12-05 11:01:43.693
21059	1	139	1591	0.000	70.28	0.00	2026-01-08 10:39:24.896
12042	1	83	244	0.000	43.63	1003.49	2025-12-05 11:01:43.482
12139	1	83	494	7.000	39.41	275.84	2025-11-27 08:50:44.982
12175	1	84	610	2.000	115.24	230.48	2025-12-11 06:41:27.396
12177	1	84	519	91.000	90.48	8233.32	2025-12-11 06:41:27.482
20828	1	138	63	139.000	46.02	6396.78	2026-01-08 10:34:16.884
12169	1	84	1515	1.000	160.87	321.74	2025-12-11 06:41:27.387
12226	1	84	1504	0.000	194.83	194.83	2025-12-06 08:09:18.091
19690	1	124	758	7.000	57.31	401.17	2026-01-06 21:33:50.295
12192	1	84	535	13.000	150.73	1959.43	2025-12-11 06:41:27.581
12227	1	84	513	1.000	196.91	196.91	2025-12-11 06:41:27.599
14621	1	101	578	4.000	228.34	913.36	2025-12-12 11:29:46.385
14622	1	101	588	4.000	277.88	1111.52	2025-12-12 11:29:46.39
12156	1	84	542	0.000	127.96	383.88	2025-12-05 10:58:39.528
12244	1	84	632	0.000	81.28	243.83	2025-12-06 08:09:18.599
18940	1	127	764	4.000	149.50	598.00	2026-01-06 21:17:53.194
14623	1	101	620	4.000	92.76	371.04	2025-12-12 11:29:46.396
12200	1	84	562	27.000	230.14	6213.79	2025-12-11 06:41:27.082
12201	1	84	552	9.000	165.08	1485.75	2025-12-11 06:41:27.085
12202	1	84	569	14.000	230.46	3226.39	2025-12-11 06:41:27.089
12181	1	84	611	4.000	94.17	376.66	2025-12-11 06:41:27.485
12234	1	84	578	8.000	233.66	1869.24	2025-12-11 06:41:27.095
12235	1	84	588	16.000	283.28	4532.47	2025-12-11 06:41:27.098
12241	1	84	575	19.000	330.35	6276.73	2025-12-11 06:41:27.1
14607	1	101	622	0.000	95.14	0.00	2025-12-12 11:29:45.887
12161	1	84	582	6.000	131.80	790.81	2025-12-11 06:41:27.287
12162	1	84	626	1.000	96.91	96.91	2025-12-11 06:41:27.29
12174	1	84	509	17.000	129.03	2193.55	2025-12-11 06:41:27.393
12229	1	84	556	13.000	131.05	1703.63	2025-12-11 06:41:27.687
12231	1	84	586	10.000	102.91	1029.09	2025-12-11 06:41:27.69
12232	1	84	1508	5.000	153.65	768.24	2025-12-11 06:41:27.693
12152	1	84	550	114.000	67.76	7724.76	2025-12-11 06:41:27.791
12154	1	84	536	1.000	136.91	136.91	2025-12-11 06:41:27.793
12166	1	84	1509	3.000	83.72	251.17	2025-12-11 06:41:27.801
12179	1	84	520	182.000	51.74	9417.47	2025-12-11 06:41:27.883
12180	1	84	512	156.000	51.08	7969.02	2025-12-11 06:41:27.885
12199	1	84	1481	4.000	66.07	264.28	2025-12-11 06:41:27.896
12144	1	84	516	27.000	56.91	1536.68	2025-12-11 06:41:27.992
20827	1	138	628	2.000	78.52	157.03	2026-01-08 10:34:16.792
12242	1	84	524	9.000	71.91	647.23	2025-12-11 06:41:28.002
12185	1	84	587	6.000	68.93	413.56	2025-12-11 06:41:28.192
20829	1	138	640	3.000	98.21	294.63	2026-01-08 10:34:16.891
12220	1	84	540	2.000	135.66	271.32	2025-12-11 06:41:28.484
12243	1	84	613	9.000	81.91	737.15	2025-12-11 06:41:28.082
12164	1	84	546	26.000	203.83	5299.59	2025-12-11 06:41:27.296
20830	1	138	645	1.000	141.81	141.81	2026-01-08 10:34:16.898
12186	1	84	625	1.000	235.25	235.25	2025-12-11 06:41:28.194
12153	1	84	571	2.000	82.51	165.01	2025-12-11 06:41:27.994
12176	1	84	1513	3.000	103.87	311.61	2025-12-05 10:58:40.985
12203	1	84	529	27.000	256.28	6919.56	2025-12-11 08:18:11.106
12182	1	84	548	6.000	109.82	658.92	2025-12-11 08:18:11.112
12150	1	84	523	8.000	153.54	1381.87	2025-12-11 06:41:27.2
20831	1	138	649	1.000	59.19	59.19	2026-01-08 10:34:16.985
12228	1	84	1503	2.000	204.05	408.09	2025-12-11 06:41:27.603
14640	1	101	648	0.000	368.65	0.00	2025-12-12 11:29:47.082
14618	1	101	586	8.000	106.03	848.24	2025-12-12 11:29:46.283
14643	1	101	652	0.000	109.46	109.46	2025-12-12 11:29:47.183
12138	1	83	483	0.000	190.40	1142.42	2025-11-27 08:50:44.892
12171	1	84	633	4.000	283.96	1419.79	2025-12-11 06:41:26.997
14608	1	101	562	3.000	228.57	685.71	2025-12-12 11:29:45.893
14609	1	101	552	8.000	156.95	1255.60	2025-12-12 11:29:45.898
14610	1	101	569	5.000	228.78	1143.90	2025-12-12 11:29:45.986
14612	1	101	518	1.000	69.58	69.58	2025-12-12 11:29:46.081
12178	1	84	511	55.000	99.73	5485.15	2025-12-06 08:09:17.899
14614	1	101	513	3.000	188.77	566.31	2025-12-12 11:29:46.095
20834	1	138	664	6.000	91.11	546.64	2026-01-08 10:34:17.088
20835	1	138	665	3.000	155.06	465.17	2026-01-08 10:34:17.095
14635	1	101	628	2.000	78.52	157.04	2025-12-12 11:29:46.886
14636	1	101	640	3.000	98.21	294.63	2025-12-12 11:29:46.892
20836	1	138	642	4.000	84.05	336.20	2026-01-08 10:34:17.187
14639	1	101	645	1.000	141.81	141.81	2025-12-12 11:29:46.994
14642	1	101	650	1.000	73.29	73.29	2025-12-12 11:29:47.094
12207	1	84	526	1.000	403.84	403.84	2025-12-05 10:58:41.704
14617	1	101	1465	7.000	110.27	771.90	2025-12-12 11:29:46.199
20839	1	138	359	24.000	95.13	2283.04	2026-01-08 10:34:17.294
12208	1	84	522	1.000	207.71	207.71	2025-12-05 10:58:41.783
12145	1	84	584	35.000	139.60	4886.00	2025-12-05 10:58:39.391
12209	1	84	544	1.000	95.71	95.71	2025-12-05 10:58:41.788
14637	1	101	600	0.000	164.14	0.00	2025-12-12 11:29:46.98
12211	1	84	521	6.000	77.74	466.44	2025-12-05 10:58:41.802
14606	1	101	553	2.000	81.68	163.36	2025-12-12 11:29:45.88
12212	1	84	518	0.000	0.00	0.00	2025-12-01 14:11:44.687
12155	1	84	565	16.000	88.95	1423.23	2025-12-06 08:09:18.292
14611	1	101	529	6.000	256.00	1535.98	2025-12-29 13:40:01.205
12216	1	84	566	4.000	245.13	980.52	2025-12-05 10:58:41.985
14624	1	101	575	5.000	328.00	1640.02	2025-12-12 11:29:46.483
14604	1	101	535	7.000	150.63	1054.44	2025-12-12 11:29:45.688
14628	1	101	554	6.000	70.21	421.29	2025-12-12 11:29:46.603
14626	1	101	557	17.000	70.05	1190.87	2025-12-12 11:29:46.496
14613	1	101	539	2.000	244.86	489.71	2025-12-12 11:29:46.089
14605	1	101	573	4.000	80.05	320.21	2025-12-12 11:29:45.695
14615	1	101	1503	3.000	200.90	602.70	2025-12-12 11:29:46.185
12218	1	84	577	1.000	47.71	47.71	2025-12-05 10:58:41.998
20832	1	138	650	0.000	73.29	0.00	2026-01-08 10:34:16.991
20840	1	138	354	13.000	69.15	898.94	2026-01-08 10:34:17.388
14625	1	101	613	9.000	84.86	763.74	2025-12-12 11:29:46.49
12159	1	84	592	8.000	53.40	427.20	2025-12-05 10:58:39.595
12219	1	84	590	1.000	107.71	107.71	2025-12-05 10:58:42.082
12230	1	84	1465	2.000	112.22	224.43	2025-12-06 08:09:18.406
12198	1	84	1490	3.000	61.36	184.07	2025-12-06 08:09:18.583
21350	1	135	1789	1.000	134.57	134.57	2026-01-08 12:38:27.587
21351	1	135	1803	1.000	224.57	224.57	2026-01-08 12:38:27.688
12250	1	84	154	7.000	78.33	783.30	2025-12-05 10:58:42.888
12249	1	84	1514	0.000	81.95	573.63	2025-12-06 08:09:18.691
12245	1	84	557	53.000	71.36	3782.04	2025-12-11 06:41:28.086
21354	1	135	1819	1.000	234.57	234.57	2026-01-08 12:38:27.797
14695	1	101	349	3.000	50.60	151.80	2025-12-12 11:29:50.38
14697	1	101	350	7.000	61.09	427.63	2025-12-12 11:29:50.49
12253	1	84	563	15.000	61.23	918.46	2025-12-11 06:41:28.1
12259	1	84	597	1.000	361.30	361.30	2025-12-05 10:58:43.092
12260	1	84	598	3.000	441.30	1323.90	2025-12-05 10:58:43.096
12261	1	84	600	4.000	163.95	655.80	2025-12-05 10:58:43.1
12262	1	84	602	2.000	78.32	156.64	2025-12-05 10:58:43.104
12263	1	84	339	3.000	115.21	345.63	2025-12-05 10:58:43.186
12265	1	84	599	0.000	178.96	178.96	2025-11-27 08:53:13.386
12264	1	84	604	3.000	148.59	445.77	2025-12-05 10:58:43.19
12266	1	84	605	1.000	105.32	105.32	2025-12-05 10:58:43.195
12267	1	84	606	2.000	117.82	235.64	2025-12-05 10:58:43.2
12268	1	84	607	1.000	180.32	180.32	2025-12-05 10:58:43.283
12269	1	84	608	1.000	182.82	182.82	2025-12-05 10:58:43.288
12270	1	84	609	1.000	182.82	182.82	2025-12-05 10:58:43.293
12255	1	84	1473	2.000	66.91	133.83	2025-12-11 06:41:28.184
14700	1	101	361	4.000	48.97	195.88	2025-12-12 11:29:50.786
12257	1	84	630	11.000	56.91	626.06	2025-12-11 06:41:28.189
14701	1	101	360	4.000	47.12	188.48	2025-12-12 11:29:50.985
14703	1	101	365	3.000	55.81	167.43	2025-12-12 11:29:51.09
12248	1	84	554	25.000	70.75	1768.63	2025-12-06 08:09:18.688
12247	1	84	545	5.000	69.69	348.45	2025-12-11 08:17:35.837
12246	1	84	558	7.000	82.43	577.01	2025-12-11 08:18:11.109
14706	1	101	376	4.000	73.56	294.24	2025-12-12 11:29:51.283
21361	1	135	271	1.000	134.58	134.58	2026-01-08 12:38:27.99
12256	1	84	591	11.000	51.60	567.59	2025-12-11 06:41:28.187
14709	1	101	1567	2.000	36.25	72.50	2025-12-12 11:29:51.389
12251	1	84	594	64.000	69.73	4462.81	2025-12-11 06:41:28.094
12254	1	84	531	460.000	51.62	23747.02	2025-12-11 06:41:28.181
14648	1	101	664	6.000	91.11	546.66	2025-12-12 11:29:47.387
14650	1	101	642	4.000	84.05	336.20	2025-12-12 11:29:47.492
14653	1	101	657	1.000	428.96	428.96	2025-12-12 11:29:47.685
21358	1	135	1868	0.000	159.58	0.00	2026-01-08 12:38:27.896
14659	1	101	342	4.000	73.94	295.76	2025-12-12 11:29:47.89
14660	1	101	672	2.000	72.07	144.14	2025-12-12 11:29:47.896
14662	1	101	355	6.000	105.87	635.22	2025-12-12 11:29:47.994
21364	1	135	1786	0.000	0.00	0.00	2026-01-08 12:38:28.195
21352	1	135	1809	0.000	44.57	0.00	2026-01-08 12:38:27.691
21365	1	135	1785	0.000	0.00	0.00	2026-01-08 12:38:28.199
14671	1	101	667	10.000	109.32	1093.20	2025-12-12 11:29:48.388
14675	1	101	374	2.000	156.21	312.42	2025-12-12 11:29:48.582
14678	1	101	1583	3.000	91.64	274.92	2025-12-12 11:29:48.787
14679	1	101	363	4.000	59.40	237.60	2025-12-12 11:29:49.08
14680	1	101	368	6.000	67.25	403.50	2025-12-12 11:29:49.28
14681	1	101	369	3.000	42.65	127.95	2025-12-12 11:29:49.383
14685	1	101	679	10.000	124.90	1249.00	2025-12-12 11:29:49.79
14686	1	101	674	1.000	61.29	61.29	2025-12-12 11:29:49.886
14720	1	101	1581	7.000	70.30	492.10	2025-12-12 11:29:51.988
14721	1	101	321	1.000	92.12	92.12	2025-12-12 11:29:51.995
14651	1	101	638	0.000	44.05	0.00	2025-12-16 10:56:02.887
14712	1	101	671	4.000	110.21	440.82	2025-12-12 11:29:51.496
14668	1	101	371	14.000	99.46	1392.44	2025-12-12 11:29:48.288
14704	1	101	364	3.000	56.15	168.45	2025-12-12 11:29:51.181
14676	1	101	669	0.000	105.17	0.00	2025-12-12 11:29:48.591
14689	1	101	344	15.000	74.51	1117.61	2025-12-12 11:29:50.084
14677	1	101	680	3.000	52.63	157.89	2025-12-12 11:29:48.683
14690	1	101	346	6.000	85.27	511.62	2025-12-12 11:29:50.091
14672	1	101	1555	0.000	110.39	0.00	2025-12-12 11:29:48.395
14673	1	101	340	5.000	110.25	551.26	2025-12-12 11:29:48.486
14669	1	101	677	9.000	109.58	986.22	2025-12-12 11:29:48.295
14674	1	101	348	8.000	120.52	964.12	2025-12-12 11:29:48.492
14714	1	101	673	0.000	118.77	0.00	2025-12-12 11:29:51.595
14656	1	101	353	0.000	81.94	491.64	2025-12-12 11:29:47.79
14684	1	101	1577	4.000	117.36	469.44	2025-12-12 11:29:49.78
14666	1	101	1579	6.000	90.07	540.42	2025-12-12 11:29:48.191
14646	1	101	659	0.000	159.78	159.78	2025-12-12 11:29:47.285
14698	1	101	670	5.000	62.45	312.25	2025-12-12 11:29:50.586
19829	1	127	574	0.000	0.00	0.00	2026-01-07 20:05:38.595436
14657	1	101	354	13.000	68.52	890.74	2025-12-12 11:29:47.796
14654	1	101	357	7.000	164.63	1152.39	2025-12-12 11:29:47.693
14717	1	101	676	11.000	56.53	621.83	2025-12-12 11:29:51.782
19830	1	127	1503	0.000	0.00	0.00	2026-01-07 20:05:38.595436
14691	1	101	345	3.000	138.32	414.96	2025-12-12 11:29:50.097
14719	1	101	1578	7.000	50.43	352.99	2025-12-12 11:29:51.9
14710	1	101	681	2.000	92.75	185.50	2025-12-12 11:29:51.48
14722	1	101	302	8.000	68.86	550.88	2025-12-12 11:29:52.084
14693	1	101	1574	0.000	74.28	0.00	2025-12-12 11:29:50.205
14711	1	101	341	0.000	97.86	0.00	2025-12-12 11:29:51.489
14723	1	101	328	12.000	95.33	1143.96	2025-12-12 11:29:52.092
14649	1	101	665	3.000	155.06	465.18	2025-12-12 11:29:47.483
19831	1	127	576	0.000	0.00	0.00	2026-01-07 20:05:38.595436
19832	1	127	1514	0.000	0.00	0.00	2026-01-07 20:05:38.595436
14716	1	101	367	8.000	58.09	464.72	2025-12-12 11:29:51.692
14688	1	101	343	6.000	73.92	443.52	2025-12-12 11:29:49.987
19833	1	127	1515	0.000	0.00	0.00	2026-01-07 20:05:38.595436
19834	1	127	594	0.000	0.00	0.00	2026-01-07 20:05:38.595436
14683	1	101	1584	5.000	50.47	252.35	2025-12-12 11:29:49.583
14708	1	101	377	2.000	48.80	97.60	2025-12-12 11:29:51.38
21353	1	135	1811	0.000	0.00	0.02	2026-01-08 12:38:27.695
21363	1	135	1787	0.000	54.57	0.00	2026-01-08 12:38:28.191
14658	1	101	1569	9.000	47.12	424.08	2025-12-12 11:29:47.883
21357	1	135	1854	0.000	384.57	0.00	2026-01-08 12:38:27.892
14715	1	101	678	12.000	55.63	667.56	2025-12-12 11:29:51.684
12404	1	85	190	12.000	71.61	1933.47	2025-12-05 11:03:59.293
12394	1	85	191	27.000	116.64	3265.92	2025-12-05 11:03:59.183
12381	1	85	212	8.000	52.18	521.80	2025-12-05 11:03:58.907
12330	1	85	1597	2.000	148.21	444.63	2025-12-05 11:03:58.383
12332	1	85	172	34.000	106.01	3710.35	2025-12-05 11:03:58.392
12349	1	85	164	5.000	107.13	535.64	2025-12-05 11:03:58.595
12395	1	85	192	4.000	51.67	516.70	2025-12-05 11:03:59.188
12402	1	85	205	104.000	67.03	7172.21	2025-12-05 11:03:59.282
12318	1	85	1647	0.000	88.24	88.24	2025-12-05 11:03:58.204
20841	1	138	1569	9.000	46.99	422.95	2026-01-08 10:34:17.394
12313	1	85	1616	2.000	73.17	292.68	2025-12-05 11:03:58.188
12362	1	85	1650	3.000	48.01	288.06	2025-12-05 11:03:58.695
12316	1	85	160	0.000	99.38	3378.92	2025-12-05 11:03:58.199
12371	1	85	178	1.000	205.75	205.75	2025-12-05 11:03:58.8
12408	1	85	220	76.000	257.38	19560.88	2025-12-05 11:03:59.301
12340	1	85	1663	0.000	0.00	0.00	2025-11-27 09:02:25.894
12305	1	85	1664	0.000	0.00	0.00	2025-11-27 09:02:24.579
12361	1	85	1602	0.000	0.00	142.94	2025-12-01 16:28:25.097
12387	1	85	1682	0.000	112.51	337.54	2025-11-27 09:02:28.089
12379	1	85	1686	0.000	77.70	0.00	2025-12-05 12:39:08.488
12345	1	85	720	0.000	0.00	0.00	2025-12-05 11:03:58.502
12406	1	85	1677	0.000	132.14	132.14	2025-11-27 09:02:28.989
12357	1	85	1600	0.000	0.00	0.00	2025-11-27 09:02:26.679
12311	1	85	1595	4.000	82.54	330.16	2025-12-05 11:03:58.102
12312	1	85	167	11.000	80.38	884.18	2025-12-05 11:03:58.184
12385	1	85	1684	0.000	171.76	171.76	2025-11-27 09:02:27.987
12407	1	85	203	0.000	234.15	468.30	2025-11-27 09:02:28.998
12331	1	85	182	12.000	127.16	1525.92	2025-12-05 11:03:58.388
12329	1	85	1640	0.000	231.19	231.19	2025-11-27 09:02:25.487
12353	1	85	1641	1.000	83.24	83.24	2025-12-05 11:03:58.683
12360	1	85	1655	0.000	56.08	841.13	2025-11-27 09:02:26.785
12367	1	85	1645	0.000	45.96	91.91	2025-11-27 09:02:27.089
12386	1	85	1687	0.000	143.18	0.00	2025-12-05 12:39:08.492
12336	1	85	724	0.000	0.00	-0.08	2025-11-27 09:02:25.782
12335	1	85	159	10.000	65.87	658.70	2025-12-05 11:03:58.405
12358	1	85	733	0.000	103.26	0.00	2025-12-01 16:28:25.091
12324	1	85	1626	0.000	0.00	-0.01	2025-11-27 09:02:25.289
12319	1	85	1636	0.000	0.00	0.00	2025-11-27 09:02:25.093
12350	1	85	1638	0.000	0.00	0.01	2025-11-27 09:02:26.292
12365	1	85	1649	0.000	0.00	152.74	2025-11-27 09:02:26.991
12400	1	85	1739	0.000	92.69	92.69	2025-11-27 09:02:28.681
12409	1	85	216	9.000	144.94	1304.46	2025-12-05 11:03:59.382
12314	1	85	171	8.000	50.80	406.40	2025-12-05 11:03:58.192
12317	1	85	735	0.000	116.20	116.20	2025-11-27 09:02:24.999
12306	1	85	166	1.000	115.74	115.74	2025-12-05 11:03:58.084
12397	1	85	1741	0.000	152.66	152.66	2025-12-01 16:28:25.686
12328	1	85	1635	0.000	142.36	0.00	2025-12-01 16:28:24.689
12315	1	85	1671	8.000	78.42	627.36	2025-12-05 11:03:58.196
12396	1	85	189	1.000	81.77	81.77	2025-12-05 11:03:59.191
12388	1	85	193	0.000	47.51	0.00	2025-12-05 12:39:08.497
12372	1	85	179	1.000	210.89	210.89	2025-12-05 11:03:58.804
12405	1	85	1692	0.000	72.25	0.00	2025-12-05 12:39:08.501
12375	1	85	188	4.000	135.43	541.72	2025-12-05 11:03:58.895
12320	1	85	1653	1.000	132.07	132.07	2025-12-05 11:03:58.285
12325	1	85	169	3.000	105.83	317.49	2025-12-05 11:03:58.293
12343	1	85	729	0.000	0.00	0.00	2025-12-01 16:28:24.888
12327	1	85	162	1.000	171.08	171.08	2025-12-05 11:03:58.301
12383	1	85	1723	0.000	182.53	0.00	2025-12-05 12:39:08.505
12334	1	85	1608	4.000	77.96	311.84	2025-12-05 11:03:58.401
12337	1	85	1613	1.000	72.07	72.07	2025-12-05 11:03:58.486
12338	1	85	176	7.000	56.30	394.10	2025-12-05 11:03:58.49
12339	1	85	181	2.000	65.81	131.62	2025-12-05 11:03:58.494
11313	1	76	1697	0.000	0.00	0.00	2025-11-27 05:59:14.426224
12354	1	85	1654	12.000	81.02	972.24	2025-12-05 11:03:58.688
12346	1	85	168	67.000	71.37	4781.79	2025-12-05 11:03:58.582
12307	1	85	184	4.000	106.05	424.20	2025-12-05 11:03:58.089
12308	1	85	732	1.000	121.04	121.04	2025-12-05 11:03:58.093
12309	1	85	158	7.000	66.27	463.89	2025-12-05 11:03:58.098
12351	1	85	1670	9.000	68.08	612.72	2025-12-05 11:03:58.599
14730	1	101	317	11.000	71.93	791.22	2025-12-12 11:29:52.391
14739	1	101	687	2.000	154.82	309.64	2025-12-12 11:29:52.884
12363	1	85	1604	2.000	52.90	105.80	2025-12-05 11:03:58.699
12364	1	85	1659	2.000	66.51	133.02	2025-12-05 11:03:58.703
12403	1	85	1740	0.000	91.01	91.01	2025-12-05 11:03:59.287
14732	1	101	305	16.000	64.79	1036.64	2025-12-12 11:29:52.58
14734	1	101	294	10.000	63.50	635.00	2025-12-12 11:29:52.596
12368	1	85	1609	3.000	46.24	138.72	2025-12-05 11:03:58.788
12366	1	85	157	110.000	51.22	5839.08	2025-12-05 11:03:58.784
12373	1	85	173	3.000	243.25	729.75	2025-12-05 11:03:58.886
12347	1	85	738	8.000	61.94	495.52	2025-12-05 11:03:58.587
12378	1	85	204	148.000	65.68	9720.64	2025-12-05 11:03:58.9
14736	1	101	307	11.000	56.30	619.30	2025-12-12 11:29:52.693
11314	1	76	633	0.000	0.00	0.00	2025-11-27 05:59:14.426224
14738	1	101	299	9.000	132.63	1193.64	2025-12-12 11:29:52.793
14728	1	101	329	7.000	133.38	933.66	2025-12-12 11:29:52.294
14568	1	81	298	0.000	0.00	0.00	2025-12-12 11:26:18.182149
12352	1	85	161	1.000	79.86	79.86	2025-12-05 11:03:58.603
12398	1	85	235	33.000	102.06	3367.98	2025-12-05 11:03:59.195
12374	1	85	1621	2.000	372.08	744.16	2025-12-05 11:03:58.89
12356	1	85	731	0.000	94.41	94.41	2025-12-01 16:28:25.087
12370	1	85	1629	2.000	182.08	364.16	2025-12-05 11:03:58.796
12369	1	85	722	0.000	46.00	1564.00	2025-12-05 11:03:58.793
12391	1	85	197	4.000	72.97	364.85	2025-12-05 11:03:59.096
12326	1	85	165	0.000	131.13	0.00	2025-12-05 11:03:58.297
14724	1	101	309	14.000	105.01	1470.18	2025-12-12 11:29:52.183
14725	1	101	332	8.000	136.38	1091.04	2025-12-12 11:29:52.19
12376	1	85	229	0.000	182.38	364.76	2025-12-01 16:28:25.389
12333	1	85	1612	2.000	62.96	188.88	2025-12-05 11:03:58.396
12341	1	85	1651	0.000	71.51	1001.14	2025-12-05 11:03:58.498
12348	1	85	740	7.000	81.47	651.76	2025-12-05 11:03:58.591
14733	1	101	333	11.000	83.44	917.86	2025-12-12 11:29:52.588
20843	1	138	672	2.000	72.07	144.14	2026-01-08 10:34:17.493
12344	1	85	1628	0.000	66.25	66.25	2025-12-01 16:28:24.891
12487	1	85	804	3.000	90.22	360.88	2025-12-05 11:04:00.093
12492	1	85	805	6.000	59.35	415.45	2025-12-05 11:04:00.198
12442	1	85	1711	0.000	153.21	306.42	2025-12-05 11:03:59.883
12411	1	85	195	27.000	285.51	7708.80	2025-12-05 11:03:59.393
18100	8	115	5666	1.000	138.15	138.15	2026-01-05 15:20:31.69
12423	1	85	224	8.000	334.18	3675.98	2025-12-05 11:03:59.599
12490	1	85	239	0.000	65.23	65.23	2025-12-05 11:04:00.188
12503	1	85	1805	18.000	41.67	791.73	2025-12-05 11:04:00.888
12501	1	85	248	6.000	46.67	466.70	2025-12-05 11:04:00.691
12488	1	85	276	2.000	88.88	355.52	2025-12-05 11:04:00.097
12447	1	85	201	5.000	73.22	1098.30	2025-12-05 11:03:59.892
12436	1	85	231	84.000	57.02	8153.86	2025-12-05 11:03:59.798
14740	1	101	697	9.000	68.13	613.17	2025-12-12 11:29:52.893
14743	1	101	1955	3.000	191.90	575.70	2025-12-12 11:29:53.081
14744	1	101	306	5.000	71.60	358.00	2025-12-12 11:29:53.09
19600	1	124	193	31.000	48.29	1496.99	2026-01-06 21:33:45.684
18101	8	115	5714	0.000	0.00	0.00	2026-01-05 15:07:19.110112
18102	8	115	5660	0.000	0.00	0.00	2026-01-05 15:07:19.110112
18103	8	115	5677	0.000	0.00	0.00	2026-01-05 15:07:19.110112
18104	8	115	5680	0.000	0.00	0.00	2026-01-05 15:07:19.110112
18105	8	115	5655	0.000	0.00	0.00	2026-01-05 15:07:19.110112
18106	8	115	5702	0.000	0.00	0.00	2026-01-05 15:07:19.110112
18107	8	115	5665	0.000	0.00	0.00	2026-01-05 15:07:19.110112
18108	8	115	5723	0.000	0.00	0.00	2026-01-05 15:07:19.110112
19607	1	124	192	55.000	52.36	2879.80	2026-01-06 21:33:45.99
14745	1	101	695	6.000	96.45	675.15	2025-12-12 11:29:53.18
19691	1	124	1685	1.000	82.36	82.36	2026-01-06 21:33:50.482
11893	1	82	52	1.000	60.23	60.23	2025-12-29 12:50:53.285
12510	1	85	2261	4.000	48.82	195.29	2025-11-27 09:02:34.688
12465	1	85	1717	0.000	231.65	231.65	2025-11-27 09:02:32.1
12460	1	85	1735	0.000	83.01	498.04	2025-11-27 09:02:31.892
12461	1	85	1736	0.000	56.47	395.28	2025-11-27 09:02:31.982
19657	1	124	202	1.000	130.97	130.97	2026-01-06 21:33:48.482
12483	1	85	1707	0.000	136.82	136.82	2025-11-27 09:02:33.096
11901	1	82	105	5.000	84.55	422.75	2025-12-29 12:50:53.793
15822	1	101	630	0.000	45.61	0.00	2025-12-18 08:21:50.183341
12491	1	85	241	23.000	56.15	1291.45	2025-12-05 11:04:00.193
19688	1	124	759	11.000	182.49	2007.39	2026-01-06 21:33:50.194
12494	1	85	1831	1.000	58.67	58.67	2025-12-05 11:04:00.282
15821	1	101	1489	1.000	148.24	148.24	2025-12-18 08:21:50.183341
15820	1	101	1572	6.000	45.70	274.18	2025-12-18 08:21:50.183341
12441	1	85	233	0.000	61.94	0.00	2025-12-01 16:28:26.287
12420	1	85	218	0.000	0.00	0.00	2025-11-27 09:02:29.584
19634	1	124	1691	2.000	68.40	136.80	2026-01-06 21:33:47.283
12459	1	85	1732	0.000	0.00	-0.01	2025-11-27 09:02:31.882
12475	1	85	765	0.000	0.00	0.00	2025-11-27 09:02:32.593
12431	1	85	1738	0.000	98.76	98.76	2025-11-27 09:02:30.085
12439	1	85	1693	0.000	80.56	80.56	2025-11-27 09:02:30.78
12440	1	85	214	0.000	46.72	46.72	2025-11-27 09:02:30.79
12422	1	85	764	0.000	151.90	607.61	2025-11-27 09:02:29.684
12410	1	85	756	3.000	257.86	773.58	2025-12-05 11:03:59.388
12480	1	85	758	0.000	0.00	0.00	2025-12-05 11:03:59.982
12495	1	85	815	0.000	0.00	0.00	2025-12-05 11:04:00.287
19683	1	124	1698	46.000	55.59	2557.14	2026-01-06 21:33:49.895
12496	1	85	263	2.000	98.61	197.22	2025-12-05 11:04:00.291
19635	1	124	1696	2.000	61.60	123.20	2026-01-06 21:33:47.293
12412	1	85	225	4.000	331.37	1325.48	2025-12-05 11:03:59.397
12500	1	85	1808	2.000	73.96	147.92	2025-12-05 11:04:00.582
12493	1	85	249	0.000	86.10	258.30	2025-12-01 16:28:27.099
19662	1	124	1700	2.000	67.75	135.50	2026-01-06 21:33:48.685
12413	1	85	194	30.000	259.43	7782.90	2025-12-05 11:03:59.403
19664	1	124	1728	3.000	102.78	308.34	2026-01-06 21:33:48.785
14644	1	101	653	3.000	70.61	211.83	2025-12-26 07:32:25.876
12414	1	85	1688	1.000	233.89	233.89	2025-12-05 11:03:59.488
12416	1	85	207	5.000	182.99	914.95	2025-12-05 11:03:59.506
12417	1	85	215	4.000	153.24	612.96	2025-12-05 11:03:59.511
12418	1	85	221	2.000	183.33	366.66	2025-12-05 11:03:59.585
12421	1	85	760	2.000	331.96	663.92	2025-12-05 11:03:59.594
12504	1	85	272	7.000	50.11	350.77	2025-12-05 11:04:00.987
12505	1	85	238	3.000	109.19	327.57	2025-12-05 11:04:00.994
12509	1	85	266	3.000	39.75	119.25	2025-12-05 11:04:00.998
13032	1	87	531	75.000	50.65	3798.75	2025-12-23 09:23:07.09
12425	1	85	1696	1.000	61.32	61.32	2025-12-05 11:03:59.689
12428	1	85	763	6.000	41.02	246.12	2025-12-05 11:03:59.698
12482	1	85	757	0.000	0.00	0.00	2025-12-01 16:28:26.401
12511	1	85	273	9.000	50.26	452.34	2025-12-05 11:04:01.091
12512	1	85	278	25.000	88.78	2219.50	2025-12-05 11:04:01.095
12430	1	85	222	1.000	92.61	92.61	2025-12-05 11:03:59.785
12506	1	85	1848	0.000	210.12	420.24	2025-12-01 16:28:27.894
12514	1	85	267	2.000	228.58	457.16	2025-12-05 11:04:01.185
12515	1	85	258	3.000	368.91	1106.73	2025-12-05 11:04:01.19
19654	1	124	1727	3.000	183.21	549.63	2026-01-06 21:33:48.287
12486	1	85	1861	0.000	168.80	168.80	2025-12-05 11:04:00.088
12516	1	85	260	67.000	68.60	5419.40	2025-12-05 11:04:01.194
12502	1	85	257	2.000	179.85	1079.10	2025-12-05 11:04:00.882
12432	1	85	1734	0.000	92.02	184.04	2025-12-05 11:03:59.791
12571	1	87	515	13.000	80.80	1050.40	2025-12-30 11:26:28.583
14664	1	101	362	9.000	79.49	715.45	2025-12-27 07:59:32.67
14742	1	101	290	13.000	89.33	1161.25	2025-12-12 11:29:52.99
11892	1	82	55	113.000	110.43	12478.59	2025-12-29 12:50:53.297
14741	1	101	297	3.000	103.13	309.38	2025-12-12 11:29:52.982
12484	1	85	277	22.000	81.36	1789.92	2025-12-05 11:03:59.991
12485	1	85	240	13.000	90.66	1178.58	2025-12-05 11:03:59.999
11908	1	82	702	1.000	92.07	92.07	2025-12-27 08:28:09.583
12507	1	85	1849	0.000	110.00	220.00	2025-12-01 16:28:27.898
12508	1	85	1850	0.000	69.52	69.52	2025-12-01 16:28:27.983
12803	1	87	416	10.000	75.21	752.10	2025-12-05 10:28:12.688
12513	1	85	1881	3.000	149.58	598.32	2025-12-05 11:04:01.099
12587	1	87	93	11.000	151.86	1670.44	2025-12-08 12:56:16.584
11894	1	82	53	9.000	80.09	720.81	2025-12-29 12:50:53.291
12489	1	85	1985	2.000	53.24	106.48	2025-12-05 11:04:00.101
12572	1	87	153	1.000	335.64	335.64	2025-12-23 09:23:06.304
12800	1	87	408	5.000	245.53	1227.65	2025-12-10 07:37:58.984
12525	1	85	243	2.000	82.81	165.62	2025-11-27 09:02:35.49
12526	1	85	253	2.000	98.79	197.57	2025-11-27 09:02:35.581
12528	1	85	262	1.000	48.79	48.79	2025-11-27 09:02:35.679
12543	1	85	301	0.000	139.19	278.39	2025-12-08 12:18:11.296
12567	1	85	306	4.000	71.60	286.38	2025-11-27 09:02:37.897
12568	1	85	324	1.000	88.41	88.41	2025-11-27 09:02:37.986
12569	1	85	335	1.000	68.41	68.41	2025-11-27 09:02:37.996
12542	1	85	296	0.000	97.19	97.19	2025-11-27 09:02:36.391
12532	1	85	279	0.000	144.22	432.66	2025-12-01 16:28:28.898
12561	1	85	299	11.000	132.95	1595.40	2025-12-05 11:04:02.291
12562	1	85	330	28.000	132.34	3705.52	2025-12-05 11:04:02.298
12563	1	85	325	7.000	91.55	640.85	2025-12-05 11:04:02.385
12559	1	85	336	10.000	78.36	861.93	2025-12-08 12:18:10.893
12544	1	85	304	1.000	137.03	411.08	2025-12-08 12:18:11.385
12545	1	85	329	0.000	132.78	531.11	2025-11-27 09:02:36.593
15583	1	101	641	0.000	94.05	0.00	2025-12-16 07:54:41.396
12519	1	85	274	8.000	109.21	982.89	2025-12-05 11:04:01.295
12549	1	85	305	22.000	69.19	1591.48	2025-12-08 12:18:11.693
12527	1	85	259	0.000	67.91	67.91	2025-11-27 09:02:35.591
15584	1	101	636	0.000	67.78	0.00	2025-12-16 07:54:41.402
15585	1	101	655	0.000	54.13	0.00	2025-12-16 07:54:41.482
15588	1	101	524	0.000	64.12	-21.06	2025-12-16 07:54:41.68
12535	1	85	450	0.000	147.15	294.30	2025-12-05 11:04:01.499
12557	1	85	331	14.000	85.29	1194.08	2025-12-08 12:18:10.882
14299	1	87	1906	3.000	133.00	399.00	2025-12-10 08:06:46.597664
12675	1	87	735	0.000	115.68	0.00	2025-12-23 09:23:32.492405
14630	1	101	337	0.000	49.16	-2.44	2025-12-17 10:49:41.786
12655	1	87	341	6.000	98.90	593.40	2025-12-05 10:28:09.686
12566	1	85	290	16.000	84.75	1356.00	2025-12-08 12:18:11.179
12539	1	85	302	41.000	69.83	2862.85	2025-12-08 12:18:11.187
12540	1	85	328	32.000	101.82	3258.09	2025-12-08 12:18:11.197
12541	1	85	332	15.000	133.62	2004.27	2025-12-08 12:18:11.293
14588	1	101	568	0.000	53.12	-23.80	2025-12-12 11:29:45.083
12517	1	85	236	1.000	138.95	138.95	2025-12-05 11:04:01.198
14297	1	87	471	0.000	279.70	0.00	2025-12-10 08:06:46.597664
12518	1	85	1823	1.000	109.19	109.19	2025-12-05 11:04:01.203
12521	1	85	255	7.000	88.95	622.65	2025-12-05 11:04:01.299
12553	1	85	333	9.000	83.93	755.35	2025-12-08 12:18:11.491
12523	1	85	251	8.000	44.81	358.48	2025-12-05 11:04:01.392
12547	1	85	318	33.000	67.19	2217.43	2025-12-08 12:18:11.688
12529	1	85	281	6.000	67.37	404.22	2025-12-05 11:04:01.399
12530	1	85	280	9.000	91.40	822.60	2025-12-05 11:04:01.404
12564	1	85	323	3.000	95.41	477.06	2025-12-08 12:18:11.099
12531	1	85	282	7.000	103.44	724.08	2025-12-05 11:04:01.484
12554	1	85	294	17.000	65.46	1112.81	2025-12-08 12:18:11.779
12551	1	85	291	65.000	44.22	2874.41	2025-12-08 12:18:11.787
19669	1	124	1718	19.000	57.84	1098.96	2026-01-06 21:33:49.089
12552	1	85	311	17.000	78.50	2197.88	2025-12-08 12:18:11.485
12560	1	85	314	0.000	108.11	648.68	2025-12-08 12:18:10.986
12550	1	85	316	72.000	54.48	4412.88	2025-12-11 08:10:42.406
12104	1	83	497	16.000	179.89	3058.13	2025-12-05 11:01:44.501
12111	1	83	500	6.000	254.63	1782.41	2025-12-11 08:56:15.038
12524	1	85	814	0.000	0.00	0.00	2025-12-01 16:28:28.802
12522	1	85	1812	0.000	69.41	694.10	2025-12-01 16:28:28.793
12565	1	85	297	0.000	102.77	102.77	2025-12-05 11:04:02.397
12099	1	83	1906	4.000	119.70	598.50	2025-12-05 11:01:44.482
12520	1	85	254	0.000	56.60	2150.80	2025-12-01 16:28:28.491
12059	1	83	450	0.000	148.82	1190.56	2025-12-05 11:01:43.79
12039	1	83	408	8.000	178.40	1605.60	2025-12-05 11:01:43.394
12533	1	85	285	7.000	140.50	983.50	2025-12-05 11:04:01.489
12534	1	85	286	1.000	74.49	74.49	2025-12-05 11:04:01.494
12536	1	85	289	4.000	75.07	300.28	2025-12-05 11:04:01.587
12537	1	85	312	1.000	56.66	56.66	2025-12-05 11:04:01.597
12538	1	85	321	1.000	74.39	74.39	2025-12-05 11:04:01.683
12872	1	87	449	1.000	69.73	69.73	2025-12-05 10:28:14.284
12546	1	85	1993	1.000	176.67	176.67	2025-12-05 11:04:01.798
12548	1	85	317	17.000	71.82	1220.94	2025-12-05 11:04:01.883
12555	1	85	307	14.000	56.34	788.76	2025-12-05 11:04:02.086
12556	1	85	326	24.000	48.03	1152.72	2025-12-05 11:04:02.096
14298	1	87	480	0.000	0.10	0.10	2025-12-10 08:06:46.597664
12869	1	87	853	1.000	68.75	137.50	2025-12-05 10:28:14.191
14599	1	101	548	2.000	91.81	183.62	2025-12-12 11:29:45.484
15586	1	101	635	0.000	43.77	0.00	2025-12-16 07:54:41.494
15587	1	101	514	0.000	240.70	0.00	2025-12-16 07:54:41.496
12707	1	87	164	0.000	76.12	0.00	2025-12-23 09:23:32.492405
14631	1	101	563	14.000	58.20	814.80	2025-12-12 11:29:46.696
14737	1	101	319	0.000	112.40	224.80	2025-12-12 11:29:52.784
17452	8	115	5667	5.000	127.50	637.52	2026-01-05 15:20:30.089
12589	1	87	144	12.000	126.04	1512.48	2025-12-05 10:28:08.596
14729	1	101	318	19.000	62.21	1181.93	2025-12-12 11:29:52.384
12695	1	87	724	51.000	55.89	2850.39	2025-12-23 09:24:25.285
12634	1	87	81	10.000	74.18	741.84	2025-12-05 10:28:09.298
17455	8	115	5650	6.000	78.19	469.15	2026-01-05 15:20:30.286
17465	8	115	5635	1.000	237.42	237.42	2026-01-05 15:20:31.495
12608	1	87	102	10.000	100.31	1003.10	2025-12-05 10:28:08.894
14629	1	101	594	10.000	69.60	696.00	2025-12-12 11:29:46.683
12643	1	87	131	5.000	206.10	1030.50	2025-12-05 10:28:09.487
12627	1	87	103	11.000	60.75	668.25	2025-12-05 10:28:09.196
17467	8	115	5653	70.000	152.98	10708.55	2026-01-05 15:20:31.596
17469	8	115	5670	7.000	163.44	1144.10	2026-01-05 15:20:31.795
12610	1	87	107	12.000	76.50	918.01	2025-12-05 10:28:08.903
17471	8	115	5657	16.000	166.79	2668.58	2026-01-05 15:20:31.899
14619	1	101	1508	0.000	151.34	0.00	2025-12-12 11:29:46.29
12558	1	85	319	0.000	119.19	0.00	2025-12-08 12:18:10.886
14634	1	101	591	10.000	51.28	512.81	2025-12-12 11:29:46.797
14661	1	101	1571	13.000	115.14	1496.85	2025-12-12 11:29:47.985
14663	1	101	1573	2.000	92.74	185.48	2025-12-12 11:29:48.081
19693	1	124	1719	16.000	67.59	1081.44	2026-01-06 21:33:50.881
14616	1	101	556	4.000	130.73	522.92	2025-12-12 11:29:46.192
14620	1	101	1507	1.000	89.12	89.12	2025-12-12 11:29:46.296
19677	1	124	1717	3.000	232.23	696.69	2026-01-06 21:33:49.582
19678	1	124	1720	5.000	133.16	665.80	2026-01-06 21:33:49.617
19674	1	124	1722	2.000	83.43	166.86	2026-01-06 21:33:49.386
19673	1	124	1721	2.000	152.28	304.56	2026-01-06 21:33:49.293
12649	1	87	711	0.000	95.73	0.00	2025-12-05 10:28:09.585
12615	1	87	70	8.000	120.09	960.72	2025-12-05 10:28:09.079
18110	8	120	5394	1.000	71.81	71.81	2026-01-05 15:32:51.082
12578	1	87	562	5.000	228.45	1142.25	2025-12-23 09:23:06.79
12639	1	87	104	4.000	169.06	845.30	2025-12-05 10:28:09.393
14754	1	102	89	11.000	112.33	1235.63	2025-12-12 11:46:01.288
14755	1	102	148	2.000	72.32	144.64	2025-12-12 11:46:01.296
18112	8	120	5403	1.000	61.93	61.93	2026-01-05 15:32:51.095
12579	1	87	552	1.000	156.95	156.95	2025-12-23 09:23:06.802
12682	1	87	1656	4.000	126.59	506.36	2025-12-23 09:23:32.492405
14747	1	102	87	3.000	70.20	210.60	2025-12-12 11:46:00.992
12596	1	87	55	12.000	110.57	1326.84	2025-12-05 10:28:08.699
14750	1	102	66	2.000	82.71	165.42	2025-12-12 11:46:01.093
12666	1	87	719	2.000	75.91	151.81	2025-12-23 09:24:24.087
14748	1	102	65	2.000	77.58	155.16	2025-12-12 11:46:00.998
12636	1	87	143	5.000	56.05	280.25	2025-12-05 10:28:09.379
14764	1	102	359	25.000	96.86	2421.59	2025-12-27 13:52:01.285
14746	1	102	79	7.000	68.44	479.08	2025-12-12 11:46:00.984
14749	1	102	74	10.000	82.38	823.80	2025-12-12 11:46:01.086
14753	1	102	60	0.000	112.53	0.00	2025-12-12 11:46:01.28
12673	1	87	160	3.000	98.87	296.61	2025-12-23 09:24:24.49
14756	1	102	71	100.000	47.39	4739.00	2025-12-12 11:46:01.388
14751	1	102	149	4.000	82.37	329.48	2025-12-12 11:46:01.188
14752	1	102	152	1.000	89.01	89.01	2025-12-12 11:46:01.198
12600	1	87	100	1.000	235.58	235.58	2025-12-05 10:28:08.791
14757	1	102	127	28.000	79.55	2227.40	2025-12-12 11:46:01.484
12597	1	87	700	11.000	71.42	785.59	2025-12-05 10:28:08.703
12644	1	87	119	4.000	349.45	1397.78	2025-12-05 10:28:09.491
18122	8	120	5415	4.000	125.99	503.95	2026-01-05 15:32:51.491
14758	1	102	118	12.000	72.38	868.56	2025-12-12 11:46:01.491
12647	1	87	653	0.000	72.79	0.00	2025-12-26 07:32:25.873
14760	1	102	145	2.000	244.82	489.64	2025-12-12 11:46:01.586
12642	1	87	145	2.000	242.25	484.50	2025-12-05 10:28:09.483
12616	1	87	703	1.000	69.53	69.53	2025-12-05 10:28:09.086
14761	1	102	339	10.000	80.26	802.60	2025-12-12 11:46:01.594
12585	1	87	704	2.000	168.31	336.62	2025-12-05 10:28:08.578
12631	1	87	90	0.000	69.43	69.43	2025-11-27 09:09:21.191
12581	1	87	575	1.000	324.32	324.32	2025-12-23 09:23:06.988
12582	1	87	631	0.000	69.46	0.00	2025-12-30 11:26:28.083
12586	1	87	707	39.000	159.93	6237.27	2025-12-05 10:28:08.583
12646	1	87	601	5.000	83.90	419.50	2025-12-05 10:28:09.499
12657	1	87	725	5.000	85.78	428.90	2025-12-23 09:24:23.585
12658	1	87	175	13.000	95.79	1245.26	2025-12-23 09:24:23.598
12591	1	87	86	0.000	55.17	110.34	2025-11-27 09:09:19.288
12611	1	87	76	11.000	89.99	989.86	2025-12-05 10:28:08.984
12603	1	87	141	0.000	44.42	0.00	2025-12-30 11:27:02.601
12606	1	87	73	7.000	187.97	1315.79	2025-12-05 10:28:08.886
14766	1	102	354	12.000	68.62	823.39	2025-12-27 13:52:01.296
12659	1	87	185	9.000	80.75	726.73	2025-12-23 09:24:23.692
14762	1	102	357	4.000	166.65	666.60	2025-12-27 13:52:01.186
12638	1	87	95	6.000	369.86	2219.13	2025-12-05 10:28:09.389
12588	1	87	79	9.000	65.75	591.75	2025-12-05 10:28:08.592
12654	1	87	356	0.000	46.84	0.00	2025-12-05 10:28:09.682
14767	1	102	1569	33.000	47.80	1577.31	2025-12-27 13:52:01.299
14769	1	102	362	11.000	79.52	874.75	2025-12-27 13:52:01.384
12612	1	87	149	0.000	80.88	0.00	2025-12-30 11:27:02.61
12662	1	87	1632	1.000	87.90	87.90	2025-12-23 09:24:23.799
12663	1	87	184	9.000	105.80	952.23	2025-12-23 09:24:23.888
12664	1	87	732	1.000	120.72	120.72	2025-12-23 09:24:23.9
14763	1	102	358	0.000	135.95	0.00	2025-12-27 13:52:01.282
14770	1	102	675	12.000	103.76	1245.17	2025-12-27 13:52:01.388
18114	8	120	5372	9.000	186.46	1678.18	2026-01-08 08:00:01.589
18119	8	120	5385	6.000	136.27	817.61	2026-01-08 08:00:01.689
14765	1	102	353	12.000	81.97	983.64	2025-12-27 13:52:01.289
12580	1	87	529	1.000	257.85	257.85	2025-12-29 13:40:01.207
12593	1	87	140	7.000	152.14	1217.12	2025-12-05 10:28:08.687
12668	1	87	167	4.000	79.32	317.28	2025-12-23 09:24:24.19
12674	1	87	1630	0.000	88.83	0.00	2025-12-23 09:23:32.492405
12669	1	87	726	3.000	75.76	227.28	2025-12-23 09:24:24.283
12676	1	87	1614	4.000	96.87	387.46	2025-12-23 09:23:32.492405
21367	1	135	237	0.000	84.57	0.00	2026-01-08 12:38:28.304
18120	8	120	5404	3.000	156.99	470.96	2026-01-05 15:57:04.089
12592	1	87	87	8.000	68.97	551.76	2025-12-05 10:28:08.682
12604	1	87	120	3.000	110.10	330.30	2025-12-05 10:28:08.802
12645	1	87	99	7.000	193.47	1354.29	2025-12-05 10:28:09.495
12584	1	87	155	42.000	13.54	568.68	2025-12-05 10:28:08.496
12609	1	87	66	1.000	80.16	80.16	2025-12-05 10:28:08.899
12650	1	87	714	0.000	120.79	0.00	2025-12-05 10:28:09.589
12651	1	87	715	2.000	90.25	180.50	2025-12-05 10:28:09.593
12660	1	87	728	8.000	52.09	416.74	2025-12-23 09:24:23.788
12653	1	87	717	14.000	105.21	1472.94	2025-12-05 10:28:09.601
12681	1	87	1627	3.000	151.33	453.98	2025-12-23 09:24:24.502
12598	1	87	52	4.000	66.51	266.04	2025-12-05 10:28:08.783
18118	8	120	5376	0.000	165.69	0.00	2026-01-05 15:32:51.385
14768	1	102	1571	35.000	116.25	4068.70	2025-12-27 13:52:01.302
12599	1	87	53	4.000	88.23	352.92	2025-12-05 10:28:08.787
12605	1	87	105	5.000	136.82	684.08	2025-12-05 10:28:08.882
12607	1	87	74	17.000	85.76	1457.92	2025-12-05 10:28:08.89
12590	1	87	84	13.000	56.60	735.80	2025-12-05 10:28:08.602
18117	8	120	5367	2.000	66.99	133.99	2026-01-08 08:00:01.492
12622	1	87	114	11.000	103.15	1134.60	2025-12-05 10:28:09.18
18115	8	120	5371	31.000	104.04	3225.37	2026-01-08 08:00:01.584
21366	1	135	1788	0.000	0.00	0.03	2026-01-08 12:38:28.292
18111	8	120	5468	6.000	101.41	608.48	2026-01-08 08:00:02.291
12640	1	87	706	2.000	370.43	740.86	2025-12-05 10:28:09.397
18113	8	120	5469	2.000	123.55	247.10	2026-01-08 08:00:02.299
21369	1	135	1790	0.000	154.57	0.00	2026-01-08 12:38:28.386
18123	8	120	5417	0.000	161.31	0.00	2026-01-05 15:32:51.496
18126	8	120	5460	0.000	136.72	0.00	2026-01-08 08:00:02.187
12648	1	87	709	1.000	166.09	166.09	2025-12-05 10:28:09.581
12656	1	87	718	0.000	38.31	38.31	2025-12-01 16:24:57.895
14784	1	102	1583	0.000	92.74	0.00	2025-12-27 13:52:01.593
14776	1	102	366	0.000	0.00	0.03	2025-12-27 13:52:01.486
12778	1	87	783	0.000	109.90	0.00	2025-12-05 10:28:12.188
12722	1	87	748	7.000	65.96	461.72	2025-11-27 09:09:25.381
18137	8	120	5395	4.000	275.91	1103.64	2026-01-05 15:32:52.084
12780	1	87	398	11.000	120.83	1329.10	2025-12-05 10:28:12.197
18140	8	120	5375	19.000	115.30	2190.67	2026-01-05 15:32:52.19
12717	1	87	743	2.000	397.02	794.04	2025-11-27 09:09:25.182
12720	1	87	742	1.000	171.34	171.34	2025-11-27 09:09:25.287
12723	1	87	749	2.000	391.96	783.92	2025-11-27 09:09:25.391
12740	1	87	195	0.000	321.22	0.00	2025-12-11 12:16:09.329
12753	1	87	393	0.000	151.54	1060.78	2025-12-05 10:28:11.691
14771	1	102	1576	26.000	72.15	1875.90	2025-12-27 13:52:01.39
12694	1	87	723	11.000	45.87	504.55	2025-12-23 09:24:25.189
12718	1	87	741	4.000	64.84	259.36	2025-11-27 09:09:25.191
14782	1	102	374	2.000	156.59	313.18	2025-12-12 11:46:02.495
12696	1	87	170	9.000	70.82	637.36	2025-12-23 09:24:25.391
12697	1	87	176	13.000	55.85	726.08	2025-12-23 09:24:25.485
12705	1	87	738	3.000	60.91	182.73	2025-12-23 09:24:25.794
12706	1	87	740	9.000	88.80	799.18	2025-12-23 09:24:25.889
12716	1	87	180	3.000	280.50	841.50	2025-12-23 09:24:26.306
14783	1	102	680	8.000	54.09	432.73	2025-12-27 13:52:01.589
12784	1	87	406	8.000	81.62	652.96	2025-12-05 10:28:12.381
12746	1	87	1732	0.000	109.69	0.00	2025-12-05 10:28:11.595
14772	1	102	1579	5.000	90.07	450.35	2025-12-27 13:52:01.393
12765	1	87	770	5.000	152.06	760.30	2025-12-05 10:28:11.892
12724	1	87	750	0.000	98.69	0.00	2025-11-27 09:09:25.4
12786	1	87	409	5.000	91.88	459.40	2025-12-05 10:28:12.388
12731	1	87	191	15.000	115.63	1734.45	2025-12-05 10:28:11.288
12763	1	87	385	0.000	110.43	0.00	2025-12-05 10:28:11.884
12762	1	87	384	0.000	181.81	0.00	2025-11-29 07:09:59.762
12766	1	87	387	3.000	99.95	299.85	2025-12-05 10:28:11.896
12772	1	87	776	0.000	74.99	0.00	2025-12-05 10:28:12.08
12689	1	87	736	2.000	165.17	330.34	2025-12-23 09:23:32.492405
14787	1	102	369	8.000	43.09	344.72	2025-12-12 11:46:02.697
18143	8	120	5402	6.000	76.33	457.99	2026-01-08 08:00:01.788
14785	1	102	1588	33.000	87.74	2895.42	2025-12-27 13:52:01.596
14786	1	102	363	16.000	61.54	984.63	2025-12-27 13:52:01.699
12741	1	87	760	2.000	332.25	664.50	2025-12-05 10:28:11.497
14780	1	102	1557	0.000	146.45	0.00	2025-12-27 13:52:01.499
12721	1	87	744	0.000	230.86	230.86	2025-11-27 09:09:25.296
18144	8	120	5387	2.000	76.15	152.30	2026-01-08 08:00:01.692
12727	1	87	755	1.000	124.78	124.78	2025-12-05 10:28:11.192
12726	1	87	188	5.000	135.56	677.80	2025-12-05 10:28:11.187
12728	1	87	753	1.000	94.86	94.86	2025-12-05 10:28:11.279
12750	1	87	757	0.000	269.73	0.00	2025-12-05 10:28:11.679
12732	1	87	208	10.000	82.54	825.40	2025-12-05 10:28:11.293
12773	1	87	777	0.000	191.94	191.94	2025-12-05 10:28:12.085
12736	1	87	761	1.000	145.83	145.83	2025-12-05 10:28:11.391
12756	1	87	768	2.000	86.34	172.68	2025-12-05 10:28:11.702
12764	1	87	386	0.000	192.26	0.00	2025-12-05 10:28:11.888
12725	1	87	751	0.000	112.82	0.00	2025-11-27 09:09:25.486
12744	1	87	763	11.000	40.90	449.90	2025-12-05 10:28:11.588
12687	1	87	183	2.000	130.77	261.54	2025-12-23 09:23:32.492405
12782	1	87	787	0.000	111.10	0.00	2025-12-05 10:28:12.289
12734	1	87	205	15.000	70.88	1063.20	2025-12-05 10:28:11.38
14775	1	102	677	10.000	110.86	1108.63	2025-12-27 13:52:01.483
18145	8	120	5406	32.000	156.31	5001.92	2026-01-08 08:00:01.791
12752	1	87	397	14.000	96.63	1352.82	2025-12-05 10:28:11.688
14788	1	102	372	0.000	60.95	0.00	2025-12-27 13:52:01.993
12759	1	87	789	1.000	92.10	92.10	2025-12-05 10:28:11.792
12745	1	87	202	0.000	104.24	0.00	2025-12-05 10:28:11.592
12768	1	87	390	10.000	81.15	811.50	2025-12-05 10:28:11.981
12769	1	87	773	4.000	139.90	559.60	2025-12-05 10:28:11.985
18135	8	120	5421	8.000	81.71	653.65	2026-01-08 08:00:01.986
12776	1	87	396	18.000	60.89	1096.02	2025-12-05 10:28:12.099
12791	1	87	412	2.000	111.66	223.32	2025-12-05 10:28:12.489
12775	1	87	395	0.000	77.78	0.00	2025-12-05 10:28:12.094
12779	1	87	784	5.000	141.06	705.30	2025-12-05 10:28:12.192
12742	1	87	764	2.000	142.27	284.54	2025-12-05 10:28:11.579
12760	1	87	383	2.000	120.04	240.08	2025-12-05 10:28:11.796
12781	1	87	399	14.000	71.56	1001.84	2025-12-05 10:28:12.284
12743	1	87	234	4.000	64.50	258.00	2025-12-05 10:28:11.584
12787	1	87	794	1.000	71.65	71.65	2025-12-05 10:28:12.393
12788	1	87	795	1.000	131.40	131.40	2025-12-05 10:28:12.398
12789	1	87	796	2.000	111.15	222.30	2025-12-05 10:28:12.48
12790	1	87	797	6.000	111.32	667.92	2025-12-05 10:28:12.484
14777	1	102	667	17.000	110.55	1879.42	2025-12-27 13:52:01.488
12785	1	87	793	0.000	252.30	0.00	2025-12-01 16:25:00
18129	8	120	5429	10.000	76.53	765.33	2026-01-08 08:00:02.086
12719	1	87	746	0.000	134.44	0.00	2025-11-27 09:09:25.2
12771	1	87	775	8.000	131.67	1053.36	2025-12-05 10:28:11.994
14781	1	102	348	4.000	103.38	413.52	2025-12-27 13:52:01.586
14774	1	102	371	81.000	100.02	8101.95	2025-12-27 13:52:01.397
18142	8	120	5389	4.000	166.78	667.13	2026-01-08 08:00:01.696
12761	1	87	767	4.000	66.46	265.84	2025-12-05 10:28:11.879
12737	1	87	762	1.000	115.20	115.20	2025-12-05 10:28:11.396
12738	1	87	216	2.000	144.39	288.78	2025-12-05 10:28:11.48
12783	1	87	401	11.000	107.71	1184.81	2025-12-05 10:28:12.299
12739	1	87	756	7.000	256.99	1798.93	2025-12-05 10:28:11.484
12767	1	87	389	0.000	81.21	0.00	2025-12-05 10:28:11.9
21373	1	135	1794	0.000	109.57	0.00	2026-01-08 12:38:28.402
18136	8	120	5454	7.000	136.59	956.11	2026-01-08 08:00:02.096
21372	1	135	1793	0.000	174.56	0.00	2026-01-08 12:38:28.398
18127	8	120	5467	1.000	146.19	146.19	2026-01-08 08:00:02.287
12754	1	87	394	1.000	90.93	818.37	2025-12-05 10:28:11.695
18128	8	120	5470	5.000	96.70	483.49	2026-01-08 08:00:02.303
21370	1	135	1791	0.000	234.57	0.00	2026-01-08 12:38:28.39
18139	8	120	5458	35.000	162.18	5676.30	2026-01-08 08:00:02.1
18130	8	120	5419	21.000	106.63	2239.23	2026-01-08 08:00:01.902
12795	1	87	769	1.000	0.10	0.10	2025-11-27 09:09:28.992
12796	1	87	391	1.000	84.77	84.77	2025-11-27 09:09:29.081
12880	1	87	463	3.000	113.22	452.86	2025-12-05 10:28:14.481
12809	1	87	804	9.000	90.05	810.48	2025-12-05 10:28:12.882
12882	1	87	465	0.000	64.18	0.00	2025-12-05 10:28:14.489
14798	1	102	1563	5.000	43.75	218.73	2025-12-27 13:52:01.692
12879	1	87	459	1.000	0.10	0.10	2025-11-27 09:09:33.987
12890	1	87	865	1.000	268.50	268.50	2025-12-05 10:28:14.689
12830	1	87	809	0.000	138.60	138.60	2025-12-05 10:28:13.288
14789	1	102	1584	30.000	50.69	1520.78	2025-12-27 13:52:01.998
14796	1	102	345	3.000	86.95	260.84	2025-12-27 13:52:02.098
14795	1	102	346	0.000	86.52	0.00	2025-12-27 13:52:02.096
12847	1	87	420	19.000	89.04	1780.80	2025-12-05 10:28:13.694
12802	1	87	799	1.000	131.29	393.87	2025-12-05 10:28:12.683
12792	1	87	413	17.000	81.51	1385.67	2025-12-05 10:28:12.493
12820	1	87	819	7.000	98.43	689.01	2025-12-05 10:28:13.088
12793	1	87	415	9.000	131.74	1185.66	2025-12-05 10:28:12.497
12794	1	87	800	10.000	121.00	1210.00	2025-12-05 10:28:12.579
12833	1	87	251	8.000	43.79	350.32	2025-12-05 10:28:13.389
12898	1	87	1907	0.000	96.49	192.98	2025-11-27 09:09:35.182
12850	1	87	421	5.000	69.14	345.70	2025-12-05 10:28:13.788
12812	1	87	239	0.000	68.30	0.00	2025-12-05 10:28:12.899
12808	1	87	817	3.000	68.76	206.28	2025-12-05 10:28:12.794
12815	1	87	263	7.000	98.63	690.41	2025-12-05 10:28:12.994
12829	1	87	274	5.000	109.31	546.55	2025-12-05 10:28:13.279
14797	1	102	347	13.000	0.10	1.30	2025-12-12 11:46:03.186
12853	1	87	839	0.000	66.36	66.36	2025-11-27 09:09:32.386
12841	1	87	834	2.000	57.22	114.44	2025-12-05 10:28:13.587
12876	1	87	457	1.000	75.07	75.07	2025-12-05 10:28:14.384
12804	1	87	237	3.000	78.40	235.20	2025-12-05 10:28:12.698
12799	1	87	786	0.000	90.99	90.99	2025-12-05 10:28:12.592
14793	1	102	1589	0.000	51.95	0.00	2025-12-27 13:52:01.688
12806	1	87	240	10.000	89.10	891.00	2025-12-05 10:28:12.785
12807	1	87	813	2.000	58.51	117.02	2025-12-05 10:28:12.79
14794	1	102	344	33.000	75.52	2492.30	2025-12-27 13:52:01.69
12897	1	87	869	3.000	178.69	536.07	2025-12-05 10:28:14.88
12813	1	87	241	7.000	54.42	380.94	2025-12-05 10:28:12.983
12816	1	87	1871	4.000	58.29	233.16	2025-12-05 10:28:12.997
12886	1	87	472	0.000	414.28	828.56	2025-12-05 10:28:14.59
14792	1	102	679	79.000	126.55	9997.30	2025-12-27 13:52:02.091
12824	1	87	278	9.000	88.68	798.12	2025-12-05 10:28:13.184
12825	1	87	250	1.000	228.75	228.75	2025-12-05 10:28:13.188
12797	1	87	790	0.000	131.20	131.20	2025-12-05 10:28:12.584
12828	1	87	252	5.000	241.70	1208.50	2025-12-05 10:28:13.201
12823	1	87	273	6.000	50.54	303.26	2025-12-05 10:28:13.179
12884	1	87	467	7.000	59.19	414.33	2025-12-05 10:28:14.497
14799	1	102	349	43.000	52.92	2275.64	2025-12-27 13:52:01.788
12832	1	87	818	1.000	83.73	83.73	2025-12-05 10:28:13.379
12834	1	87	821	3.000	47.99	143.97	2025-12-05 10:28:13.397
12835	1	87	822	2.000	94.25	188.50	2025-12-05 10:28:13.481
12836	1	87	825	4.000	84.25	337.00	2025-12-05 10:28:13.485
12837	1	87	823	10.000	99.25	992.50	2025-12-05 10:28:13.489
12838	1	87	830	1.000	128.44	128.44	2025-12-05 10:28:13.494
12839	1	87	831	3.000	114.24	342.72	2025-12-05 10:28:13.498
12840	1	87	833	12.000	73.87	886.44	2025-12-05 10:28:13.583
12842	1	87	829	2.000	69.22	138.44	2025-12-05 10:28:13.591
12843	1	87	827	2.000	138.90	277.80	2025-12-05 10:28:13.596
12895	1	87	488	4.000	389.29	1557.16	2025-12-05 10:28:14.795
12844	1	87	826	3.000	83.95	251.85	2025-12-05 10:28:13.681
12845	1	87	828	1.000	88.83	88.83	2025-12-05 10:28:13.686
12878	1	87	856	0.000	46.99	0.00	2025-11-27 09:09:33.891
12866	1	87	846	1.000	75.07	150.14	2025-12-05 10:28:14.096
12848	1	87	835	1.000	60.07	60.07	2025-12-05 10:28:13.698
14790	1	102	1564	26.000	43.88	1140.83	2025-12-27 13:52:02.083
12814	1	87	805	8.000	64.51	516.08	2025-12-05 10:28:12.986
12851	1	87	837	6.000	107.92	647.52	2025-12-05 10:28:13.793
12852	1	87	838	10.000	72.63	726.30	2025-12-05 10:28:13.879
12891	1	87	478	4.000	62.48	249.92	2025-12-05 10:28:14.694
21377	1	135	1798	0.000	49.57	0.00	2026-01-08 12:38:28.497
12856	1	87	425	17.000	52.83	898.11	2025-12-05 10:28:13.893
12857	1	87	426	15.000	90.85	1362.75	2025-12-05 10:28:13.897
12811	1	87	808	0.000	108.42	0.00	2025-12-05 10:28:12.895
12859	1	87	432	6.000	91.80	550.80	2025-12-05 10:28:13.983
12860	1	87	840	1.000	92.00	92.00	2025-12-05 10:28:13.987
12861	1	87	841	2.000	105.07	210.14	2025-12-05 10:28:13.992
12862	1	87	434	1.000	81.90	81.90	2025-12-05 10:28:13.996
12863	1	87	435	6.000	57.19	343.14	2025-12-05 10:28:14
18148	8	120	5393	67.000	71.19	4769.65	2026-01-08 08:00:02.49
18149	8	120	5444	43.000	82.05	3528.15	2026-01-08 08:00:02.696
12867	1	87	847	2.000	105.76	211.52	2025-12-05 10:28:14.182
18157	8	120	5471	27.000	76.31	2060.29	2026-01-08 08:00:02.791
12871	1	87	448	11.000	49.55	594.60	2025-12-05 10:28:14.28
12870	1	87	854	1.000	241.69	241.69	2025-12-05 10:28:14.195
12849	1	87	836	1.000	81.00	81.00	2025-12-05 10:28:13.783
12864	1	87	843	0.000	50.07	0.00	2025-12-05 10:28:14.081
12877	1	87	860	0.000	129.55	129.55	2025-12-05 10:28:14.394
12865	1	87	844	2.000	60.07	120.14	2025-12-05 10:28:14.085
12875	1	87	858	4.000	75.07	300.28	2025-12-05 10:28:14.38
12805	1	87	807	1.000	108.66	108.66	2025-12-05 10:28:12.78
12854	1	87	422	1.000	48.03	48.03	2025-12-05 10:28:13.884
12868	1	87	848	1.000	97.82	97.82	2025-12-05 10:28:14.186
12881	1	87	464	9.000	108.90	980.10	2025-12-05 10:28:14.485
18155	8	120	5461	18.000	91.71	1650.78	2026-01-08 08:00:02.783
12885	1	87	862	3.000	149.62	448.86	2025-12-05 10:28:14.585
12827	1	87	1837	0.000	88.90	88.90	2025-12-05 10:28:13.197
12826	1	87	260	12.000	68.80	894.40	2025-12-05 10:28:13.193
12873	1	87	855	2.000	89.15	356.60	2025-12-05 10:28:14.289
14804	1	102	361	14.000	51.25	717.45	2025-12-27 13:52:01.88
11881	1	82	147	5.000	85.12	425.58	2025-12-23 09:15:51.79
12940	1	85	58	106.000	79.23	9190.68	2025-12-05 11:03:57.902
12929	1	87	866	2.000	188.28	376.56	2025-11-27 09:09:37.101
12931	1	87	868	1.000	103.28	103.28	2025-11-27 09:09:37.198
11769	1	81	1514	0.000	121.24	484.96	2025-12-01 16:21:09.584
18161	8	120	5442	6.000	65.09	390.51	2026-01-05 15:32:52.991
12922	1	87	881	2.000	94.15	188.30	2025-12-05 10:28:15.189
11878	1	82	78	3.000	254.32	762.97	2025-12-23 09:15:51.684
14802	1	102	670	0.000	0.00	-0.02	2025-12-27 13:52:01.792
14817	1	102	673	0.000	121.95	0.00	2025-12-27 13:52:01.192
11764	1	81	613	12.000	73.72	1253.24	2025-12-01 16:21:09.488
14829	1	102	380	1.000	284.96	284.96	2025-12-12 11:46:05.394
18163	8	120	5396	3.000	79.94	239.82	2026-01-05 15:32:53.086
11712	1	81	571	3.000	93.86	657.04	2025-12-05 10:57:21.301
11734	1	81	611	4.000	221.18	1105.88	2025-12-05 10:57:21.688
11705	1	81	515	20.000	100.36	3111.16	2025-12-10 07:37:58.988
11771	1	81	563	10.000	54.99	934.83	2025-12-05 10:57:22.386
12937	1	87	291	0.000	40.95	0.00	2025-12-30 11:26:28.383
14801	1	102	350	12.000	62.15	745.80	2025-12-12 11:46:03.383
14813	1	102	373	63.000	74.65	4702.88	2025-12-27 13:52:01.695
14828	1	102	379	0.000	145.96	0.00	2025-12-16 10:16:16.348
12904	1	87	495	3.000	305.32	915.96	2025-12-05 10:28:14.897
14805	1	102	360	28.000	48.89	1368.93	2025-12-27 13:52:01.883
14830	1	102	381	12.000	154.96	1859.52	2025-12-12 11:46:05.486
14826	1	102	1581	96.000	78.06	7493.33	2025-12-27 13:52:02.093
14832	1	102	206	99.000	96.97	9600.03	2025-12-12 11:46:05.587
14822	1	102	1587	0.000	58.95	0.00	2025-12-27 13:52:02.192
12925	1	87	490	1.000	126.97	126.97	2025-12-05 10:28:15.287
14833	1	102	205	190.000	66.28	12593.20	2025-12-12 11:46:05.594
14834	1	102	397	53.000	96.63	5121.39	2025-12-12 11:46:05.686
11756	1	81	619	0.000	188.51	188.51	2025-11-27 08:44:04.695
11742	1	81	629	0.000	108.04	108.04	2025-11-27 08:44:04.183
14835	1	102	403	13.000	101.11	1314.43	2025-12-12 11:46:05.696
14836	1	102	382	15.000	112.36	1685.40	2025-12-12 11:46:05.788
12917	1	87	1938	0.000	123.20	369.59	2025-11-27 09:09:36.387
12921	1	87	1941	0.000	189.92	379.84	2025-11-27 09:09:36.601
12916	1	87	1934	0.000	152.51	152.51	2025-11-27 09:09:36.296
14837	1	102	383	2.000	119.90	239.80	2025-12-12 11:46:05.883
14838	1	102	387	3.000	101.12	303.36	2025-12-12 11:46:05.891
14839	1	102	388	55.000	61.52	3383.60	2025-12-12 11:46:05.982
12913	1	87	876	0.000	179.27	179.27	2025-11-27 09:09:36.09
12908	1	87	1926	0.000	239.43	239.43	2025-11-27 09:09:35.785
14840	1	102	390	24.000	81.13	1947.12	2025-12-12 11:46:05.991
14841	1	102	396	39.000	61.22	2387.58	2025-12-12 11:46:06.084
14843	1	102	401	127.000	112.37	14270.99	2025-12-12 11:46:06.181
12926	1	87	861	0.000	86.04	86.04	2025-11-27 09:09:36.982
14846	1	102	410	4.000	92.33	369.32	2025-12-12 11:46:06.293
11751	1	81	1504	0.000	0.00	188.77	2025-11-27 08:44:04.498
14847	1	102	413	9.000	81.50	733.50	2025-12-12 11:46:06.387
12939	1	85	139	200.000	116.41	23282.00	2025-12-05 11:03:57.898
12935	1	87	878	6.000	391.96	2351.76	2025-11-27 09:09:37.485
14831	1	102	191	32.000	115.76	3704.32	2025-12-12 11:46:05.494
14842	1	102	398	0.000	0.00	0.00	2025-12-12 11:46:06.092
14819	1	102	678	23.000	56.05	1289.15	2025-12-27 13:52:02.187
12928	1	87	476	1.000	140.74	140.74	2025-11-27 09:09:37.087
12987	1	82	338	11.000	47.84	526.27	2025-12-29 12:50:54.883
12936	1	87	305	0.000	66.30	0.00	2025-12-05 10:28:15.294
12900	1	87	872	3.000	119.40	358.20	2025-12-05 10:28:14.888
12902	1	87	1908	0.000	110.83	110.83	2025-11-27 09:09:35.398
12920	1	87	879	2.000	154.21	462.63	2025-12-05 10:28:15.185
12899	1	87	489	11.000	150.52	1655.72	2025-12-05 10:28:14.884
18159	8	120	5400	61.000	81.16	4950.92	2026-01-08 08:00:02.494
12905	1	87	497	2.000	178.69	357.38	2025-12-05 10:28:14.985
14806	1	102	370	38.000	61.68	2343.95	2025-12-27 13:52:01.885
14803	1	102	1565	0.000	0.00	-0.02	2025-12-27 13:52:01.795
12985	1	82	128	73.000	54.77	3998.21	2025-12-29 12:50:54.989
12923	1	87	882	0.000	144.01	144.01	2025-12-05 10:28:15.194
18160	8	120	5418	38.000	66.21	2515.84	2026-01-08 08:00:02.581
12930	1	87	867	0.000	79.20	0.00	2025-11-27 09:09:37.186
18166	8	120	5390	27.000	49.93	1348.03	2026-01-08 08:00:02.884
14844	1	102	406	26.000	81.71	2124.46	2025-12-12 11:46:06.192
14807	1	102	365	18.000	58.08	1045.41	2025-12-27 13:52:01.888
14808	1	102	364	6.000	63.23	379.39	2025-12-27 13:52:01.89
12932	1	87	870	1.000	108.28	108.28	2025-11-27 09:09:37.286
14820	1	102	367	34.000	59.21	2012.98	2025-12-27 13:52:02.189
14827	1	102	1566	0.000	0.00	-0.02	2025-12-27 13:52:02.196
14815	1	102	671	2.000	110.24	220.49	2025-12-27 13:52:01.988
12912	1	87	500	5.000	253.70	1268.50	2025-12-11 08:56:15.04
14818	1	102	1572	0.000	0.00	0.00	2025-12-27 13:52:02.183
12918	1	87	1939	0.000	229.42	0.00	2025-12-01 16:25:03.189
12914	1	87	1933	0.000	230.45	0.00	2025-12-05 10:28:15.09
12903	1	87	1916	0.000	169.77	169.77	2025-12-01 16:25:02.985
12911	1	87	875	2.000	260.39	520.78	2025-12-05 10:28:15.001
14810	1	102	351	4.000	57.74	230.97	2025-12-27 13:52:01.894
12907	1	87	498	2.000	253.62	507.24	2025-12-05 10:28:14.995
18165	8	120	5428	15.000	54.14	812.11	2026-01-08 08:00:02.893
12933	1	87	871	0.000	73.28	219.84	2025-11-27 09:09:37.298
12934	1	87	874	0.000	350.38	0.00	2025-11-27 09:09:37.388
14812	1	102	377	9.000	51.01	459.09	2025-12-27 13:52:01.898
21382	1	135	1810	0.000	64.57	0.00	2026-01-08 12:38:28.705
14821	1	102	676	9.000	57.23	515.09	2025-12-23 06:28:17.685
12906	1	87	1925	0.000	286.69	0.00	2025-12-05 10:28:14.99
12927	1	87	863	3.000	390.21	1170.63	2025-11-27 09:09:36.995
18168	8	120	5435	38.000	81.53	3098.14	2026-01-08 08:00:02.898
21381	1	135	245	0.000	0.00	0.00	2026-01-08 12:38:28.692
14825	1	102	1578	22.000	50.95	1120.90	2025-12-27 13:52:02.088
14814	1	102	681	0.000	0.00	-0.01	2025-12-27 13:52:01.986
12919	1	87	502	1.000	74.36	148.72	2025-12-05 10:28:15.18
14816	1	102	682	0.000	0.00	-0.02	2025-12-27 13:52:01.99
12915	1	87	501	1.000	228.69	228.69	2025-12-05 10:28:15.096
14811	1	102	378	0.000	0.00	-0.02	2025-12-27 13:52:01.896
14809	1	102	683	0.000	0.00	-0.01	2025-12-27 13:52:01.892
12883	1	87	470	0.000	104.83	314.49	2025-12-05 10:28:14.493
21399	1	135	1834	1.000	94.57	94.57	2026-01-08 12:38:29.287
21403	1	135	1838	3.000	44.57	133.72	2026-01-08 12:38:29.386
21419	1	135	1860	6.000	59.57	357.44	2026-01-08 12:38:29.793
21383	1	135	1813	0.000	164.57	0.00	2026-01-08 12:38:28.79
21391	1	135	1821	0.000	84.57	0.00	2026-01-08 12:38:28.994
21390	1	135	1822	0.000	154.57	0.00	2026-01-08 12:38:28.989
21393	1	135	1825	0.000	64.57	0.00	2026-01-08 12:38:29.182
21402	1	135	1837	0.000	94.57	0.00	2026-01-08 12:38:29.381
18172	8	120	5432	29.000	87.54	2538.62	2026-01-08 08:00:02.896
21406	1	135	1842	0.000	64.57	0.00	2026-01-08 12:38:29.482
18170	8	120	5445	66.000	58.57	3865.62	2026-01-08 08:00:02.901
21384	1	135	811	0.000	0.00	0.03	2026-01-08 12:38:28.794
21392	1	135	1984	0.000	0.00	0.01	2026-01-08 12:38:29.095
21386	1	135	249	0.000	84.57	0.00	2026-01-08 12:38:28.801
18176	8	120	5507	1.000	195.08	195.08	2026-01-05 15:32:53.684
12108	1	83	1928	0.000	64.93	64.93	2025-11-27 08:50:43.481
21389	1	135	1820	0.000	0.00	0.02	2026-01-08 12:38:28.898
12114	1	83	1931	0.000	129.83	129.83	2025-11-27 08:50:43.696
21401	1	135	815	0.000	0.00	0.00	2026-01-08 12:38:29.297
11934	1	82	103	49.000	60.11	2945.39	2025-12-29 12:50:54.398
21417	1	135	1858	0.000	0.00	0.01	2026-01-08 12:38:29.781
12801	1	87	407	4.000	101.34	405.36	2025-12-05 10:28:12.6
12819	1	87	265	15.000	48.63	729.45	2025-12-05 10:28:13.084
14856	1	102	421	0.000	68.69	0.00	2025-12-12 11:46:06.785
12079	1	83	464	0.000	110.52	1105.20	2025-12-05 11:01:44.186
18177	8	120	5560	1.000	235.00	235.00	2026-01-05 15:32:53.692
12093	1	83	481	0.000	109.53	109.53	2025-11-27 08:50:42.686
12896	1	87	1903	0.000	84.71	169.42	2025-11-27 09:09:35.002
14517	1	100	328	40.000	100.56	4022.41	2025-12-24 12:31:24.495
11857	1	81	317	10.000	72.06	720.60	2025-12-05 10:57:23.886
14854	1	102	416	0.000	0.00	0.00	2025-12-12 11:46:06.688
12128	1	83	504	8.000	59.77	478.16	2025-12-05 11:01:44.886
12085	1	83	471	10.000	459.51	6433.10	2025-12-05 11:01:44.286
14858	1	102	424	0.000	179.55	0.00	2025-12-16 10:16:16.343
14848	1	102	414	14.000	53.50	749.00	2025-12-12 11:46:06.395
11723	1	81	568	6.000	137.33	823.97	2025-11-27 08:44:03.395
12909	1	87	1927	0.000	119.24	0.00	2025-12-01 16:25:03.083
12132	1	83	1898	0.000	0.00	60.28	2025-11-27 08:50:44.589
14853	1	102	408	0.000	0.00	0.00	2025-12-12 11:46:06.681
14855	1	102	420	8.000	89.46	715.68	2025-12-12 11:46:06.695
12089	1	83	1893	0.000	150.13	600.51	2025-11-27 08:50:42.493
12575	1	87	1477	0.000	252.88	0.00	2025-12-23 09:21:38.296569
11810	1	81	366	5.000	332.30	1993.79	2025-12-05 10:57:22.993
12123	1	83	505	0.000	79.71	398.54	2025-11-27 08:50:44.187
11822	1	81	352	2.000	194.39	583.16	2025-12-05 10:57:23.199
14849	1	102	415	26.000	131.71	3424.46	2025-12-12 11:46:06.485
12887	1	87	1891	0.000	94.28	0.00	2025-12-01 16:25:02.69
12087	1	83	1891	0.000	142.16	284.32	2025-11-27 08:50:42.398
14864	1	102	436	0.000	63.38	0.00	2025-12-12 11:46:07.093
11863	1	81	691	1.000	63.42	190.26	2025-12-05 10:57:23.991
14857	1	102	423	5.000	68.79	343.95	2025-12-12 11:46:06.792
14852	1	102	400	7.000	81.61	571.27	2025-12-12 11:46:06.589
14850	1	102	391	2.000	88.34	176.68	2025-12-12 11:46:06.491
14851	1	102	411	1.000	0.10	0.10	2025-12-12 11:46:06.581
12889	1	87	477	0.000	45.98	0.00	2025-12-05 10:28:14.682
14859	1	102	427	3.000	76.96	230.88	2025-12-12 11:46:06.887
14860	1	102	431	4.000	56.30	225.20	2025-12-12 11:46:06.894
14861	1	102	433	8.000	91.74	733.92	2025-12-12 11:46:06.984
12058	1	83	447	0.000	54.55	163.65	2025-11-27 08:50:40.682
14862	1	102	434	1.000	83.41	83.41	2025-12-12 11:46:06.992
14863	1	102	435	4.000	57.57	230.28	2025-12-12 11:46:07.086
12774	1	87	778	1.000	141.40	141.40	2025-12-05 10:28:12.09
14865	1	102	438	7.000	48.33	338.31	2025-12-12 11:46:07.184
14866	1	102	446	1.000	241.69	241.69	2025-12-12 11:46:07.191
14867	1	102	452	2.000	104.55	209.10	2025-12-12 11:46:07.281
11823	1	81	343	7.000	73.92	665.28	2025-12-05 10:57:23.204
12044	1	83	421	1.000	68.69	68.69	2025-12-05 11:01:43.493
11850	1	81	292	0.000	92.41	92.41	2025-12-01 16:21:11.381
12755	1	87	766	1.000	56.47	56.47	2025-12-05 10:28:11.698
12758	1	87	382	10.000	111.98	1119.80	2025-12-05 10:28:11.787
12077	1	83	462	0.000	45.34	45.34	2025-12-05 11:01:44.099
12757	1	87	781	0.000	88.14	0.00	2025-12-05 10:28:11.783
14523	1	100	1993	2.000	174.80	349.60	2025-12-23 09:10:31.982
14524	1	100	1976	1.000	153.80	153.80	2025-12-24 12:31:24.791
12583	1	87	337	0.000	50.82	0.00	2025-12-23 09:21:38.296569
12924	1	87	883	0.000	79.30	79.30	2025-12-01 16:25:03.287
12910	1	87	1929	0.000	69.78	69.78	2025-12-01 16:25:03.087
12427	1	85	234	3.000	102.00	408.00	2025-12-05 11:03:59.693
18178	8	120	5577	1.000	235.00	235.00	2026-01-05 15:32:53.784
18179	8	120	5531	1.000	259.86	259.86	2026-01-05 15:32:53.792
18181	8	120	5601	8.000	85.28	682.24	2026-01-05 15:32:53.893
18182	8	120	5524	9.000	74.92	674.28	2026-01-05 15:32:53.9
18183	8	120	5619	1.000	60.26	60.26	2026-01-05 15:32:53.986
12238	1	84	1469	1.000	156.91	156.91	2025-12-11 06:41:27.698
18184	8	120	5658	5.000	111.03	555.15	2026-01-05 15:32:53.993
18190	8	120	5947	6.000	116.51	699.03	2026-01-05 15:32:54.29
14872	1	102	460	4.000	56.99	227.96	2025-12-12 11:46:07.487
12165	1	84	568	12.000	61.46	737.51	2025-12-11 06:41:27.796
14877	1	102	437	5.000	49.18	245.90	2025-12-12 11:46:07.695
16061	1	100	1971	2.000	233.46	466.92	2025-12-24 12:31:24.779
14868	1	102	454	9.000	74.13	667.17	2025-12-12 11:46:07.288
14873	1	102	461	17.000	78.96	1342.32	2025-12-12 11:46:07.494
12233	1	84	1507	5.000	99.85	499.23	2025-12-11 06:41:27.899
12621	1	87	91	8.000	78.17	625.36	2025-12-08 12:55:56.462
12140	1	84	514	19.000	270.76	5144.45	2025-12-11 06:41:27.183
12163	1	84	618	1.000	56.91	56.91	2025-12-11 06:41:27.293
12167	1	84	1511	23.000	168.19	3868.45	2025-12-11 06:41:27.301
12206	1	84	564	0.000	254.99	509.98	2025-11-27 08:53:10.485
18197	8	120	5959	18.000	80.10	1441.83	2026-01-05 15:32:54.584
18201	8	120	5971	11.000	59.63	655.94	2026-01-05 15:32:54.795
12184	1	84	543	2.000	116.91	233.83	2025-12-11 06:41:27.999
21423	1	135	1866	0.000	84.57	0.00	2026-01-08 12:38:29.891
21425	1	135	1867	0.000	0.00	0.00	2026-01-08 12:38:29.983
18186	8	120	5943	40.000	59.91	2396.40	2026-01-10 14:23:06.398
21424	1	135	264	0.000	64.57	0.00	2026-01-08 12:38:29.895
18189	8	120	5946	11.000	159.00	1749.05	2026-01-10 14:23:06.499
21420	1	135	1862	0.000	84.57	0.00	2026-01-08 12:38:29.797
21422	1	135	1864	0.000	114.57	0.00	2026-01-08 12:38:29.887
18192	8	120	5952	10.000	249.22	2492.15	2026-01-10 14:23:06.691
21421	1	135	1863	0.000	154.57	0.00	2026-01-08 12:38:29.882
12168	1	84	589	0.000	132.51	662.54	2025-12-06 08:09:17.805
18200	8	120	5970	6.000	117.46	704.77	2026-01-10 14:23:07.795
18207	8	120	5978	17.000	69.46	1180.74	2026-01-10 14:23:06.695
12435	1	85	1726	0.000	97.13	971.34	2025-11-27 09:02:30.285
12438	1	85	1712	0.000	72.05	1296.94	2025-11-27 09:02:30.582
12434	1	85	1725	0.000	171.95	1203.64	2025-11-27 09:02:30.193
12449	1	85	1746	0.000	72.90	72.90	2025-11-27 09:02:31.289
12471	1	85	1699	0.000	63.03	315.16	2025-11-27 09:02:32.397
12468	1	85	217	0.000	47.52	142.56	2025-11-27 09:02:32.285
12477	1	85	1708	0.000	131.95	923.63	2025-11-27 09:02:32.693
12470	1	85	1706	0.000	140.53	281.06	2025-11-27 09:02:32.386
12142	1	84	612	24.000	136.76	3418.99	2025-12-11 06:41:27.784
12479	1	85	1703	0.000	82.30	493.80	2025-11-27 09:02:32.891
12455	1	85	1742	0.000	47.74	95.47	2025-11-27 09:02:31.597
12444	1	85	1727	0.000	182.75	182.75	2025-11-27 09:02:30.996
12451	1	85	1715	0.000	82.55	330.18	2025-11-27 09:02:31.394
12458	1	85	1718	0.000	57.22	629.39	2025-11-27 09:02:31.79
12456	1	85	1730	0.000	73.28	73.28	2025-12-01 16:28:26.39
12466	1	85	1719	0.000	66.96	803.53	2025-11-27 09:02:32.189
12221	1	84	1487	2.000	74.79	149.58	2025-12-11 06:41:28.486
18193	8	120	5953	27.000	139.19	3758.24	2026-01-10 14:23:06.698
18196	8	120	5958	8.000	68.05	544.36	2026-01-10 14:23:06.902
12419	1	85	219	0.000	0.00	0.00	2025-12-05 11:03:59.59
18203	8	120	5973	45.000	79.25	3566.11	2026-01-10 14:23:07.601
16054	1	100	1951	0.000	223.62	0.00	2025-12-24 12:31:24.498
12467	1	85	1720	0.000	132.46	794.74	2025-11-27 09:02:32.2
12157	1	84	570	2.000	308.18	924.55	2025-12-11 06:41:26.989
12702	1	87	1628	10.000	65.72	657.20	2025-12-23 09:23:32.492405
18199	8	120	5969	6.000	139.45	836.70	2026-01-10 14:23:07.792
12452	1	85	1728	0.000	102.27	409.07	2025-11-27 09:02:31.484
21427	1	135	1872	0.000	74.57	0.00	2026-01-12 11:06:12.695
12205	1	84	537	1.000	286.91	286.91	2025-12-11 06:41:28.293
16035	1	100	309	17.000	95.99	1631.83	2025-12-24 12:31:24.084
18202	8	120	5972	14.000	69.37	971.18	2026-01-10 14:23:07.893
16060	1	100	1974	4.000	153.81	615.24	2025-12-24 12:31:24.697
12217	1	84	539	7.000	245.58	1719.03	2025-12-11 06:41:28.403
12196	1	84	1478	19.000	115.25	2189.84	2025-12-11 06:41:27.592
14869	1	102	455	34.000	83.36	2834.24	2025-12-12 11:46:07.295
12195	1	84	553	12.000	110.71	1328.55	2025-12-11 06:41:27.891
14870	1	102	457	3.000	76.96	230.88	2025-12-12 11:46:07.385
14871	1	102	289	6.000	76.99	461.94	2025-12-12 11:46:07.393
12380	1	85	227	0.000	0.00	134.10	2025-11-27 09:02:27.688
14874	1	102	456	4.000	44.55	178.20	2025-12-12 11:46:07.586
14875	1	102	445	1.000	47.93	47.93	2025-12-12 11:46:07.596
14876	1	102	440	4.000	242.05	968.20	2025-12-12 11:46:07.688
12437	1	85	199	6.000	72.45	869.40	2025-12-05 11:03:59.803
12443	1	85	200	0.000	153.26	0.00	2025-12-01 16:28:26.295
12433	1	85	232	2.000	82.47	164.94	2025-12-05 11:03:59.795
14878	1	102	429	1.000	85.43	85.43	2025-12-12 11:46:07.787
14879	1	102	428	1.000	141.69	141.69	2025-12-12 11:46:07.883
16058	1	100	1964	3.000	132.03	396.09	2025-12-24 12:31:24.684
14880	1	102	453	9.000	89.50	805.50	2025-12-12 11:46:07.892
14881	1	102	459	1.000	0.10	0.10	2025-12-12 11:46:07.991
16055	1	100	1962	0.000	123.50	0.00	2025-12-24 12:31:24.582
14882	1	102	463	4.000	90.47	361.88	2025-12-12 11:46:08.085
14883	1	102	465	6.000	65.51	393.06	2025-12-12 11:46:08.097
12389	1	85	228	1.000	112.26	224.52	2025-12-05 11:03:59.091
16059	1	100	1968	4.000	153.67	614.68	2025-12-24 12:31:24.689
14885	1	102	467	10.000	54.85	548.50	2025-12-12 11:46:08.28
12637	1	87	125	33.000	57.01	1881.33	2025-12-05 10:28:09.384
14884	1	102	466	0.000	249.95	0.00	2025-12-12 11:46:08.194
12632	1	87	58	10.000	80.30	803.00	2025-12-05 10:28:09.29
12619	1	87	139	13.000	119.93	1559.09	2025-12-05 10:28:09.095
12613	1	87	151	14.000	115.35	1614.90	2025-12-05 10:28:08.998
14547	1	100	325	7.000	91.55	640.88	2025-12-23 09:10:34.996
12628	1	87	109	16.000	84.62	1353.92	2025-12-05 10:28:09.2
12476	1	85	1705	0.000	91.72	550.34	2025-11-27 09:02:32.682
12463	1	85	1721	0.000	151.92	151.92	2025-11-27 09:02:32.08
12464	1	85	1722	0.000	82.85	248.54	2025-11-27 09:02:32.09
12454	1	85	1709	0.000	52.17	365.16	2025-11-27 09:02:31.585
12457	1	85	1710	0.000	112.19	673.13	2025-11-27 09:02:31.698
12426	1	85	1695	0.000	182.20	182.20	2025-11-27 09:02:29.883
12474	1	85	210	0.000	202.70	202.70	2025-11-27 09:02:32.581
14892	1	102	487	13.000	255.12	3316.56	2025-12-12 11:46:08.68
12384	1	85	1689	0.000	172.21	172.21	2025-11-27 09:02:27.896
12390	1	85	1690	0.000	91.30	91.30	2025-11-27 09:02:28.199
12453	1	85	754	0.000	142.47	142.47	2025-11-27 09:02:31.495
12445	1	85	1681	0.000	112.07	224.13	2025-11-27 09:02:31.085
12448	1	85	1680	0.000	72.07	288.26	2025-11-27 09:02:31.196
12469	1	85	1694	0.000	172.11	344.22	2025-11-27 09:02:32.295
12462	1	85	1679	0.000	92.72	92.72	2025-11-27 09:02:31.993
12481	1	85	1685	0.000	81.36	81.36	2025-11-27 09:02:33
14891	1	102	484	0.000	0.00	0.00	2025-12-12 11:46:08.585
14886	1	102	469	0.000	55.30	221.20	2025-12-12 11:46:08.29
12303	1	85	1594	0.000	86.96	86.96	2025-11-27 09:02:24.482
12321	1	85	1665	0.000	126.00	126.00	2025-11-27 09:02:25.188
12304	1	85	1646	0.000	80.84	80.84	2025-11-27 09:02:24.491
14904	1	102	881	0.000	94.59	0.00	2025-12-12 11:46:09.294
12310	1	85	719	0.000	76.47	76.47	2025-11-27 09:02:24.788
18209	8	120	5980	4.000	56.24	224.97	2026-01-05 15:32:55.29
12892	1	87	481	0.000	54.44	108.88	2025-12-05 10:28:14.779
12017	1	83	394	0.000	0.00	-0.03	2025-11-27 08:50:38.283
13033	1	81	630	0.000	49.00	147.00	2025-12-01 16:21:09.686
11763	1	81	524	0.000	173.75	1563.71	2025-12-01 16:21:09.484
11772	1	81	531	7.000	52.22	1775.48	2025-12-05 10:57:22.391
12620	1	87	54	3.000	88.34	265.02	2025-12-01 16:24:57.293
11796	1	81	666	0.000	58.72	58.72	2025-12-05 10:57:22.782
12661	1	87	1664	3.000	70.02	210.06	2025-12-23 09:23:32.492405
16073	1	100	1953	26.000	63.72	1656.72	2025-12-24 12:31:25.08
14906	1	102	506	16.000	49.84	797.44	2025-12-12 11:46:09.394
11786	1	81	652	1.000	109.46	109.46	2025-12-05 10:57:22.596
14889	1	102	865	0.000	0.00	0.00	2025-12-12 11:46:08.482
12399	1	85	206	50.000	97.72	4886.00	2025-12-05 11:03:59.199
13035	1	81	1511	0.000	176.48	1058.88	2025-12-05 10:57:21.501
14890	1	102	478	10.000	60.86	608.60	2025-12-12 11:46:08.492
12359	1	85	1652	0.000	51.33	410.64	2025-12-05 11:03:58.692
12473	1	85	1698	0.000	55.32	2323.59	2025-11-27 09:02:32.495
11706	1	81	516	1.000	54.11	1298.75	2025-12-01 16:21:08.492
12424	1	85	1691	1.000	67.98	67.98	2025-12-05 11:03:59.684
12446	1	85	202	0.000	130.30	130.30	2025-12-05 11:03:59.888
12342	1	85	1610	0.000	61.71	185.14	2025-11-27 09:02:25.99
12382	1	85	223	211.000	48.49	10764.78	2025-12-05 11:03:58.988
12215	1	84	1474	15.000	76.48	1147.14	2025-12-11 06:41:28.401
12274	1	85	153	141.000	328.04	46909.72	2025-12-11 08:10:42.408
12498	1	85	244	0.000	44.03	528.36	2025-12-05 11:04:00.299
12415	1	85	226	13.000	354.18	4958.52	2025-12-05 11:03:59.499
21431	1	135	1875	5.000	52.57	262.87	2026-01-08 12:38:30.105
18219	8	120	5993	2.000	55.15	110.30	2026-01-05 15:32:55.885
21429	1	135	1874	0.000	0.00	0.00	2026-01-08 12:38:29.999
21428	1	135	1873	0.000	134.57	0.00	2026-01-08 12:38:29.995
18214	8	120	5986	19.000	108.08	2053.54	2026-01-10 14:23:07.491
21430	1	135	268	0.000	74.57	0.00	2026-01-08 12:38:30.081
14900	1	102	497	15.000	179.89	2698.35	2025-12-12 11:46:09.098
12429	1	85	211	1.000	57.27	57.27	2025-12-05 11:03:59.702
12393	1	85	187	8.000	51.35	462.15	2025-12-05 11:03:59.105
12286	1	85	93	240.000	151.62	37298.52	2025-12-05 11:03:57.798
12499	1	85	247	30.000	44.39	1376.09	2025-12-05 11:04:00.387
18217	8	120	5991	84.000	63.87	5364.80	2026-01-10 14:23:06.786
18213	8	120	5985	6.000	84.48	506.88	2026-01-10 14:23:07.399
14887	1	102	471	0.000	0.00	1678.20	2025-12-12 11:46:08.384
14888	1	102	475	0.000	155.91	155.91	2025-12-12 11:46:08.392
13030	1	87	1898	0.000	58.80	0.00	2025-12-05 10:28:15.281
13027	1	87	220	14.000	219.64	3294.55	2025-12-05 10:28:11.401
12377	1	85	209	0.000	49.76	0.00	2025-12-04 09:50:20.693
12355	1	85	1605	0.000	0.00	1129.24	2025-11-27 09:02:26.582
16071	1	100	1950	6.000	94.23	565.38	2025-12-24 12:31:25
14894	1	102	869	4.000	180.11	720.44	2025-12-12 11:46:08.786
14893	1	102	488	15.000	389.86	5847.90	2025-12-12 11:46:08.691
12450	1	85	1700	0.000	67.39	0.00	2025-12-01 16:28:26.385
12472	1	85	1701	1.000	72.75	72.75	2025-12-05 11:03:59.896
13034	1	81	635	0.000	94.60	94.60	2025-11-28 06:23:10.089043
12630	1	87	123	11.000	69.53	764.83	2025-12-05 10:28:09.286
12478	1	85	759	2.000	182.11	364.22	2025-12-05 11:03:59.9
12401	1	85	1674	0.000	52.47	472.23	2025-12-01 16:28:25.781
14899	1	102	495	3.000	230.08	690.24	2025-12-12 11:46:09.089
14895	1	102	1904	1.000	139.69	139.69	2025-12-12 11:46:08.794
12323	1	85	1627	0.000	151.54	606.16	2025-12-01 16:28:24.591
14897	1	102	489	4.000	150.26	601.04	2025-12-12 11:46:08.988
14898	1	102	1912	1.000	199.77	199.77	2025-12-12 11:46:09.001
14901	1	102	498	14.000	254.49	3562.86	2025-12-12 11:46:09.184
14902	1	102	500	6.000	254.63	1527.78	2025-12-12 11:46:09.194
14903	1	102	501	3.000	230.37	691.11	2025-12-12 11:46:09.285
14905	1	102	1946	2.000	89.58	179.16	2025-12-12 11:46:09.385
16070	1	100	1978	2.000	53.51	107.02	2025-12-24 12:31:24.997
12901	1	87	873	3.000	74.38	223.14	2025-12-05 10:28:14.892
13031	1	87	1547	0.000	263.57	0.00	2025-12-01 16:24:57.303
16072	1	100	1949	0.000	94.71	0.00	2025-12-23 09:10:33.39
16076	1	100	320	0.000	47.82	0.00	2025-12-24 12:31:25.199
12322	1	85	163	1.000	231.36	231.36	2025-12-05 11:03:58.289
12497	1	85	261	0.000	58.89	0.00	2025-12-01 16:28:27.391
12392	1	85	196	1.000	252.32	252.32	2025-12-05 11:03:59.1
12292	1	85	83	0.000	149.96	149.96	2025-12-01 16:28:24.199
14896	1	102	1906	1.000	99.75	99.75	2025-12-12 11:46:08.89
16065	1	100	1952	11.000	133.70	1470.70	2025-12-24 12:31:24.879
16036	1	100	1957	29.000	89.13	2584.77	2025-12-24 12:31:24.095
16075	1	100	1972	15.000	58.43	876.45	2025-12-24 12:31:25.18
14528	1	100	316	38.000	54.24	2061.12	2025-12-24 12:31:25.189
16068	1	100	1977	12.000	93.76	1125.12	2025-12-24 12:31:24.984
18221	8	120	5995	5.000	84.93	424.64	2026-01-05 15:32:55.985
14692	1	101	1563	9.000	51.30	461.70	2025-12-12 11:29:50.188
13043	1	81	673	1.000	118.77	593.85	2025-12-05 10:57:23.583
13090	1	85	237	0.000	79.21	158.42	2025-12-05 11:03:59.987
18225	8	120	6003	1.000	53.25	53.25	2026-01-05 15:32:56.185
13084	1	85	269	0.000	89.04	89.04	2025-12-05 11:04:00.896
18229	8	120	6009	1.000	189.36	189.36	2026-01-05 15:32:56.385
18230	8	120	6010	1.000	88.07	88.07	2026-01-05 15:32:56.392
18232	8	120	6013	1.000	158.54	158.54	2026-01-05 15:32:56.494
13042	1	83	673	3.000	123.63	865.38	2025-12-10 06:27:27.994
12955	1	82	110	26.000	79.88	2076.77	2025-12-29 12:50:53.882
18239	8	120	6021	1.000	248.92	248.92	2026-01-05 15:32:56.795
18240	8	120	6076	3.000	127.99	383.98	2026-01-05 15:32:56.884
14907	1	102	507	9.000	69.77	627.93	2025-12-12 11:46:09.486
14908	1	102	474	0.000	89.48	0.00	2025-12-12 11:46:09.495
13096	1	85	1793	0.000	168.94	337.88	2025-12-01 16:28:26.584
21434	1	135	820	0.000	0.00	0.00	2026-01-08 12:38:30.231
13036	1	81	1471	0.000	0.00	0.00	2025-11-29 07:07:11.889446
13038	1	81	1491	0.000	0.00	0.00	2025-11-29 07:07:11.889446
13048	1	87	814	6.000	89.16	534.96	2025-12-05 10:28:13.393
13063	1	84	346	1.000	84.84	84.84	2025-11-29 11:34:42.505
13064	1	84	352	14.000	81.50	1141.00	2025-11-29 11:34:42.586741
13065	1	84	673	5.000	0.00	0.00	2025-11-29 11:34:42.592608
13066	1	84	366	5.000	102.23	511.15	2025-11-29 11:34:42.598303
13067	1	84	371	5.000	98.89	494.45	2025-11-29 11:34:42.603791
13068	1	84	290	4.000	82.73	330.92	2025-11-29 11:34:42.684688
13069	1	84	305	5.000	62.82	314.10	2025-11-29 11:34:42.690359
13070	1	84	319	6.000	112.56	675.36	2025-11-29 11:34:42.695546
14910	1	102	504	8.000	59.77	478.16	2025-12-12 11:46:09.593
13074	1	85	1815	0.000	68.93	137.86	2025-12-05 11:04:00.783
13041	1	81	582	2.000	129.53	259.06	2025-12-05 10:57:21.398
13072	1	85	1801	0.000	0.00	0.00	2025-12-04 09:51:21.188
12293	1	85	128	0.000	54.53	1745.01	2025-11-27 09:02:24.093
14916	1	102	494	1.000	39.41	39.41	2025-12-12 11:46:09.894
18237	8	120	6018	0.000	219.88	0.00	2026-01-05 15:32:56.696
13060	1	87	51	0.000	70.35	0.00	2025-12-02 11:30:05.403
13094	1	85	808	0.000	109.00	109.00	2025-12-01 16:28:26.99
13045	1	87	877	0.000	109.70	109.70	2025-11-29 07:08:56.491578
18241	8	120	6023	2.000	96.38	192.75	2026-01-05 15:32:56.893
18238	8	120	6020	4.000	79.74	318.96	2026-01-05 15:32:56.788
18228	8	120	6008	29.000	79.32	2300.28	2026-01-10 14:23:06.196
13083	1	85	271	0.000	129.37	258.74	2025-12-05 11:04:00.892
18233	8	120	6014	2.000	49.94	99.87	2026-01-10 14:23:06.199
14627	1	101	545	4.000	71.34	356.70	2025-12-12 11:29:46.592
14912	1	102	503	14.000	60.64	848.96	2025-12-12 11:46:09.695
13040	1	81	1503	1.000	601.70	601.70	2025-12-01 16:21:09.295
21432	1	135	1876	0.000	174.57	0.00	2026-01-08 12:38:30.186
21433	1	135	1877	0.000	184.57	0.00	2026-01-08 12:38:30.202
14913	1	102	490	12.000	130.26	1563.12	2025-12-12 11:46:09.785
21435	1	135	1879	0.000	99.57	0.00	2026-01-08 12:38:30.254
12941	1	82	82	1.000	269.78	269.78	2025-12-29 12:50:53.088
13076	1	85	1817	0.000	68.84	68.84	2025-12-05 11:04:01.086
18234	8	120	6015	1.000	140.71	140.71	2026-01-10 14:23:06.296
12966	1	82	1550	7.000	139.77	978.42	2025-12-29 12:50:54.1
13081	1	85	1869	0.000	88.85	444.25	2025-12-01 16:28:27.682
14914	1	102	473	25.000	280.31	7007.75	2025-12-12 11:46:09.792
13086	1	85	275	1.000	39.84	39.84	2025-12-05 11:04:00.991
18227	8	120	6005	36.000	47.50	1709.99	2026-01-10 14:23:06.093
13087	1	85	1786	0.000	0.00	0.00	2025-12-01 16:28:28.598
13079	1	85	256	0.000	50.45	353.14	2025-11-29 14:48:29.388
13088	1	85	1785	0.000	0.00	0.00	2025-12-01 16:28:28.584
14909	1	102	482	5.000	279.73	1398.65	2025-12-12 11:46:09.586
18226	8	120	6004	11.000	78.46	863.06	2026-01-10 14:23:06.09
13078	1	85	1839	0.000	79.34	0.00	2025-12-01 16:28:27.994
13089	1	85	1788	0.000	0.00	0.00	2025-12-01 16:28:26.484
18223	8	120	5997	0.000	69.36	0.00	2026-01-14 08:50:14.684
18235	8	120	6016	2.000	98.35	196.70	2026-01-10 14:23:06.298
13077	1	85	250	1.000	229.38	229.38	2025-12-05 11:04:01.104
13080	1	85	1868	0.000	153.89	923.34	2025-12-01 16:28:27.602
13052	1	87	1600	2.000	111.07	222.14	2025-12-23 09:23:32.492405
13071	1	85	1800	6.000	49.25	295.50	2025-12-05 11:04:01.282
13075	1	85	1814	0.000	38.97	116.91	2025-12-05 11:04:00.788
18220	8	120	5994	8.000	57.55	460.41	2026-01-10 14:23:07.701
21436	1	135	1880	3.000	64.58	193.73	2026-01-08 12:38:30.284
13051	1	87	1985	7.000	53.82	376.74	2025-12-05 10:28:12.891
18224	8	120	6002	1.000	69.36	69.36	2026-01-10 14:23:06.387
13092	1	85	1790	0.000	148.95	0.00	2025-12-01 16:28:26.498
13093	1	85	1791	0.000	229.06	0.00	2025-12-01 16:28:26.502
14911	1	102	508	1.000	89.68	89.68	2025-12-12 11:46:09.685
13049	1	87	815	2.000	118.92	237.84	2025-12-05 10:28:12.99
18236	8	120	6017	1.000	68.81	68.81	2026-01-10 14:23:06.301
14915	1	102	476	0.000	140.21	420.63	2025-12-16 10:16:16.386
15589	1	101	1511	4.000	150.47	601.88	2025-12-16 07:54:41.887
14707	1	101	351	5.000	79.74	398.71	2025-12-12 11:29:51.291
13085	1	85	270	0.000	59.23	0.00	2025-12-01 16:28:27.798
13073	1	85	1809	0.000	40.16	0.00	2025-12-01 16:28:28.085
13053	1	87	1602	17.000	71.16	1209.72	2025-12-23 09:23:32.492405
14705	1	101	683	13.000	64.55	839.15	2025-12-12 11:29:51.19
13046	1	87	1812	0.000	79.67	0.00	2025-12-05 10:28:13.384
13050	1	87	1861	0.000	168.60	168.60	2025-12-01 16:25:00.991
13054	1	87	1605	5.000	140.76	703.80	2025-12-23 09:23:32.492405
13103	1	85	1806	1.000	59.02	59.02	2025-12-05 11:04:00.686
13061	1	87	517	0.000	128.59	0.00	2025-12-23 09:21:38.296569
13055	1	87	1626	1.000	155.17	155.17	2025-12-23 09:23:32.492405
13039	1	81	574	0.000	229.05	229.05	2025-12-01 16:21:09.396
13037	1	81	1489	0.000	132.16	132.16	2025-12-01 16:21:09.188
13082	1	85	1870	0.000	53.91	0.00	2025-12-04 09:50:20.683
13097	1	85	1794	0.000	103.86	415.44	2025-12-01 16:28:26.994
13047	1	87	249	0.000	86.06	0.00	2025-12-01 16:25:01.183
13056	1	87	1636	3.000	142.62	427.86	2025-12-23 09:23:32.492405
13058	1	87	218	0.000	182.58	365.16	2025-12-01 16:24:59.285
12730	1	87	196	3.000	254.73	764.20	2025-12-05 10:28:11.284
13147	1	85	1867	0.000	54.19	108.38	2025-12-05 11:04:01.388
13146	1	85	265	12.000	49.37	691.18	2025-12-05 11:04:00.308
13123	1	85	1836	0.000	100.04	100.04	2025-12-05 11:04:00.003
15590	1	87	688	0.000	51.22	0.00	2025-12-16 07:58:36.38921
18257	8	120	6052	2.000	166.00	332.00	2026-01-05 15:32:57.686
18268	8	120	6072	8.000	265.33	2122.64	2026-01-05 15:32:58.685
18269	8	120	6022	1.000	0.00	0.00	2026-01-05 15:32:58.694
18271	8	120	5865	2.000	52.81	105.61	2026-01-05 15:32:58.882
18272	8	120	5866	1.000	97.80	97.80	2026-01-05 15:32:58.892
18273	8	120	5867	1.000	147.80	147.80	2026-01-05 15:32:58.986
18274	8	120	5868	1.000	136.87	136.87	2026-01-05 15:32:58.996
18275	8	120	5870	16.000	51.41	822.54	2026-01-05 15:32:59.091
21439	1	135	1985	1.000	54.57	54.57	2026-01-08 12:38:30.386
20681	1	137	1496	0.000	153.32	0.00	2026-01-09 07:46:55.787
18253	8	120	6048	2.000	149.82	299.65	2026-01-10 14:23:07.883
18270	8	120	6073	16.000	58.57	937.12	2026-01-10 14:23:06.888
18247	8	120	6036	0.000	118.71	0.00	2026-01-10 14:23:07.083
18249	8	120	6038	2.000	79.94	159.87	2026-01-10 14:23:06.996
20662	1	137	595	1.000	76.66	76.66	2026-01-13 10:23:15.916
18266	8	120	6070	10.000	54.52	545.20	2026-01-10 14:23:06.988
21438	1	135	1881	0.000	154.57	0.00	2026-01-08 12:38:30.318
21450	1	137	1505	0.000	231.66	0.00	2026-01-09 07:46:56.486
20697	1	137	534	1.000	116.66	116.66	2026-01-09 07:46:56.497
18242	8	120	6074	22.000	61.59	1355.07	2026-01-10 14:23:07.489
19601	1	124	228	10.000	112.77	1127.70	2026-01-06 21:33:45.693
19682	1	124	1701	8.000	73.24	585.92	2026-01-06 21:33:49.886
19636	1	124	234	15.000	51.76	776.40	2026-01-06 21:33:47.385
19689	1	124	1703	6.000	83.06	498.36	2026-01-06 21:33:50.287
19641	1	124	1734	2.000	92.20	184.40	2026-01-06 21:33:47.596
19784	1	124	336	12.000	77.90	934.80	2026-01-06 21:33:56.397
19778	1	124	1972	12.000	58.42	701.04	2026-01-06 21:33:56.088
19791	1	124	694	4.000	114.05	456.20	2026-01-06 21:33:56.887
19765	1	124	1980	6.000	73.69	442.14	2026-01-06 21:33:55.19
13153	1	85	1876	0.000	168.83	168.83	2025-12-01 16:28:28.396
19763	1	124	318	46.000	62.78	2887.88	2026-01-06 21:33:55.087
19698	1	124	804	4.000	91.32	365.28	2026-01-06 21:33:51.095
19707	1	124	244	40.000	44.47	1778.80	2026-01-06 21:33:51.783
21437	1	135	1882	0.000	144.57	0.00	2026-01-08 12:38:30.293
13109	1	85	1816	1.000	178.96	178.96	2025-12-05 11:04:00.587
21441	1	135	1883	0.000	104.57	0.00	2026-01-08 12:38:30.395
21440	1	135	1885	0.000	64.57	0.00	2026-01-08 12:38:30.391
13114	1	85	252	3.000	242.16	726.48	2025-12-05 11:04:01.291
20674	1	137	1495	0.000	231.66	0.00	2026-01-09 07:46:55.186
20680	1	137	1497	0.000	66.66	0.00	2026-01-09 07:46:55.983
20644	1	137	1512	0.000	96.66	0.00	2026-01-09 07:46:54.896
13117	1	85	1826	1.000	154.34	154.34	2025-12-05 11:04:01.396
20641	1	137	1479	0.000	146.66	0.00	2026-01-09 07:46:54.886
20633	1	137	1476	0.000	76.66	0.00	2026-01-09 07:46:54.786
13121	1	85	1829	0.000	96.76	0.00	2025-12-01 16:28:28.495
13128	1	85	1843	0.000	169.04	0.00	2025-12-01 16:28:28.595
13112	1	85	1822	0.000	148.77	0.00	2025-12-01 16:28:26.589
20640	1	137	551	0.000	94.31	0.00	2026-01-09 07:46:55.593
13126	1	85	1841	0.000	88.37	0.00	2025-12-01 16:28:28.689
13127	1	85	1842	0.000	59.57	0.00	2025-12-01 16:28:28.693
20676	1	137	1480	0.000	136.66	0.00	2026-01-09 07:46:55.2
18259	8	120	6054	41.000	119.94	4917.59	2026-01-10 14:23:06.395
18263	8	120	6064	19.000	59.07	1122.33	2026-01-10 14:23:07.402
18267	8	120	6071	50.000	98.74	4937.00	2026-01-10 14:23:06.986
13156	1	85	1879	0.000	93.82	0.00	2025-12-05 12:39:08.509
18254	8	120	6049	28.000	59.57	1667.96	2026-01-10 14:23:07.087
13118	1	85	1827	0.000	183.91	0.00	2025-12-01 16:28:26.693
18248	8	120	6037	10.000	99.72	997.16	2026-01-10 14:23:07.193
18245	8	120	6030	4.000	240.45	961.79	2026-01-10 14:23:06.294
18260	8	120	6055	1.000	99.28	99.28	2026-01-10 14:23:06.39
13124	1	85	1837	0.000	0.00	0.00	2025-12-01 16:28:28.296
13150	1	85	1873	0.000	0.00	129.04	2025-12-01 16:28:26.888
18244	8	120	6027	40.000	74.83	2993.20	2026-01-14 08:50:14.583
13155	1	85	820	0.000	0.00	0.00	2025-12-01 16:28:26.895
18261	8	120	6058	15.000	149.56	2243.40	2026-01-10 14:23:06.392
13157	1	85	1882	0.000	0.00	0.00	2025-12-01 16:28:28.488
13116	1	85	1825	0.000	58.95	58.95	2025-12-01 16:28:28.498
13151	1	85	268	0.000	69.71	0.00	2025-12-01 16:28:27.297
18256	8	120	6051	44.000	106.21	4673.24	2026-01-10 14:23:07.101
12949	1	82	66	39.000	79.82	3113.06	2025-12-29 12:50:53.483
13110	1	85	1818	0.000	59.23	118.46	2025-12-01 16:28:27.185
13135	1	85	1853	0.000	0.00	237.56	2025-12-04 09:51:21.185
18262	8	120	6063	7.000	67.85	474.97	2026-01-10 14:23:07.199
13120	1	85	1830	0.000	59.07	0.00	2025-12-01 16:28:28.202
18252	8	120	6047	6.000	119.15	714.90	2026-01-14 08:50:14.596
13113	1	85	1821	0.000	78.96	0.00	2025-12-01 16:28:28.302
18251	8	120	6043	5.000	114.80	574.00	2026-01-10 14:23:06.701
13106	1	85	245	0.000	0.00	0.00	2025-12-01 16:28:28.188
13108	1	85	811	0.000	0.00	0.00	2025-12-01 16:28:27.383
13132	1	85	816	0.000	0.00	0.00	2025-12-01 16:28:27.987
13139	1	85	1858	0.000	0.00	0.00	2025-12-01 16:28:28.696
13137	1	85	1856	0.000	38.64	77.28	2025-12-05 11:04:00.304
13134	1	85	1852	0.000	229.08	229.08	2025-12-01 16:28:26.784
13149	1	85	1872	0.000	68.88	275.52	2025-12-01 16:28:26.986
13133	1	85	1851	0.000	58.92	294.60	2025-12-01 16:28:27.294
13125	1	85	1840	0.000	65.61	65.61	2025-12-01 16:28:28.185
13107	1	85	1810	0.000	58.95	58.95	2025-12-01 16:28:27.597
13152	1	85	1875	0.000	47.13	141.39	2025-12-05 11:04:00.486
13129	1	85	1844	0.000	94.00	94.00	2025-12-01 16:28:28.681
18255	8	120	6050	0.000	145.77	0.00	2026-01-14 08:50:14.694
18258	8	120	6053	0.000	69.91	0.00	2026-01-14 08:50:14.783
13143	1	85	1864	0.000	109.09	218.18	2025-12-01 16:28:26.799
18276	8	122	5419	6.000	105.94	635.64	2026-01-05 15:38:06.092
18277	8	122	5395	1.000	275.91	275.91	2026-01-05 15:38:06.1
18281	8	122	5529	1.000	0.10	0.10	2026-01-05 15:38:06.199
18321	8	122	5476	0.000	117.26	0.00	2026-01-05 15:38:07.585
18282	8	122	5566	1.000	0.00	0.00	2026-01-05 15:38:06.285
18283	8	122	5514	2.000	0.00	0.00	2026-01-05 15:38:06.291
18287	8	122	5491	13.000	159.25	2070.25	2026-01-12 07:23:36.705
11918	1	82	83	0.000	149.60	0.00	2025-12-29 12:50:53.598
18308	8	122	5505	0.000	129.43	0.00	2026-01-05 15:38:07.093
18298	8	122	5526	1.000	133.75	133.75	2026-01-05 15:38:06.788
18299	8	122	5499	1.000	237.80	237.80	2026-01-05 15:38:06.794
18304	8	122	5532	6.000	177.83	1066.95	2026-01-05 15:38:06.985
13105	1	85	810	6.000	53.84	1399.84	2025-12-05 11:04:00.295
13044	1	81	337	31.000	56.19	3258.82	2025-12-06 11:20:52.158
11781	1	81	644	0.000	87.73	0.00	2025-12-01 16:21:09.792
13099	1	85	1795	0.000	88.93	88.93	2025-12-01 16:28:26.998
11787	1	81	653	8.000	69.04	828.42	2025-12-09 10:33:28.878
11776	1	81	636	0.000	67.78	135.56	2025-12-05 10:57:22.483
12146	1	84	153	44.000	389.41	21417.31	2025-12-11 06:41:26.985
12252	1	84	337	164.000	60.46	10579.92	2025-12-11 06:41:28.097
12172	1	84	579	8.000	351.03	3159.24	2025-12-06 08:09:17.889
13091	1	85	806	0.000	102.67	102.67	2025-12-01 16:28:26.491
12158	1	84	580	88.000	212.49	19124.10	2025-12-11 08:17:35.839
18333	8	122	5586	3.000	137.38	412.13	2026-01-05 15:38:08.082
12237	1	84	621	0.000	229.24	229.24	2025-12-05 10:58:42.486
18334	8	122	5576	7.000	232.21	1625.47	2026-01-05 15:38:08.09
18335	8	122	5519	19.000	156.12	2966.27	2026-01-05 15:38:08.182
12149	1	84	555	18.000	128.36	2438.82	2025-12-11 06:41:27.195
12147	1	84	576	3.000	131.37	525.47	2025-12-11 06:41:27.189
12258	1	84	87	3.000	69.83	628.46	2025-12-11 09:56:08.799
13057	1	87	1649	0.000	76.37	0.00	2025-12-23 09:23:32.492405
11945	1	82	50	142.000	56.22	7983.24	2025-12-29 12:50:54.8
18341	8	122	5518	3.000	95.69	287.06	2026-01-05 15:38:08.394
18331	8	122	5475	2.000	74.67	149.34	2026-01-05 16:40:21.187
18284	8	122	5493	4.000	138.93	555.72	2026-01-12 07:23:36.7
18289	8	122	5488	50.000	58.35	2917.50	2026-01-12 07:23:37.685
18348	8	122	5577	13.000	237.35	3085.58	2026-01-12 07:23:36.598
18318	8	122	5527	26.000	108.67	2825.54	2026-01-12 07:23:36.992
18307	8	122	5573	45.000	62.42	2808.90	2026-01-12 07:23:37.395
18325	8	122	5496	23.000	57.42	1320.72	2026-01-12 07:23:37.488
12958	1	82	117	5.000	141.75	708.77	2025-12-29 12:50:53.885
18285	8	122	5486	67.000	142.58	9552.86	2026-01-12 07:23:37.301
18290	8	122	5490	8.000	338.85	2710.80	2026-01-12 07:23:36.495
18310	8	122	5597	2.000	90.24	180.48	2026-01-12 07:23:37.403
18349	8	122	5531	8.000	262.77	2102.17	2026-01-12 07:23:36.683
18296	8	122	5569	1.000	97.57	97.57	2026-01-12 07:23:37.392
18297	8	122	5581	7.000	57.72	404.07	2026-01-12 07:23:37.692
18313	8	122	5611	10.000	137.84	1378.40	2026-01-12 07:23:36.982
18280	8	122	5448	0.000	60.12	0.00	2026-01-05 15:38:06.194
18316	8	122	5540	18.000	261.53	4707.54	2026-01-12 07:23:36.59
18314	8	122	5547	4.000	148.87	595.46	2026-01-12 07:23:36.587
18279	8	122	5374	0.000	85.22	0.00	2026-01-05 15:38:06.188
18323	8	122	5497	22.000	97.21	2138.59	2026-01-12 07:23:37.084
21339	1	134	1528	2.000	76.20	152.40	2026-01-14 07:40:16.089
18347	8	122	5560	10.000	237.42	2374.24	2026-01-12 07:23:36.594
21340	1	134	1529	2.000	146.20	292.40	2026-01-14 07:40:16.093
21343	1	134	1527	3.000	166.20	498.60	2026-01-14 07:40:16.101
18292	8	122	5498	21.000	156.95	3296.04	2026-01-12 07:23:36.791
21346	1	134	1521	30.000	156.08	4682.40	2026-01-14 07:40:16.701
18345	8	122	5558	11.000	67.55	743.05	2026-01-12 07:23:37.699
20074	1	134	63	825.000	46.61	38453.25	2026-01-14 07:40:17.401
13098	1	85	1796	0.000	158.81	0.00	2025-12-01 16:28:26.592
13102	1	85	1802	0.000	129.03	0.00	2025-12-01 16:28:26.6
18320	8	122	5478	2.000	137.50	275.00	2026-01-12 07:23:37.001
18330	8	122	5528	18.000	118.49	2132.82	2026-01-12 07:23:37.787
18315	8	122	5616	4.000	162.89	651.57	2026-01-12 07:23:36.986
19975	1	134	93	192.000	154.10	29587.20	2026-01-14 07:40:16.084
18319	8	122	5504	12.000	69.07	828.88	2026-01-12 07:23:36.996
20031	1	134	92	16.000	152.49	2439.84	2026-01-14 07:40:16.003
18324	8	122	5482	30.000	107.52	3225.67	2026-01-12 07:23:37.089
18328	8	122	5538	21.000	98.75	2073.78	2026-01-12 07:23:37.096
18336	8	122	5530	16.000	198.88	3182.08	2026-01-12 07:23:37.184
13104	1	85	1807	0.000	141.99	0.00	2025-12-01 16:28:26.686
13095	1	85	1792	0.000	128.91	0.00	2025-12-01 16:28:28.481
18326	8	122	5481	25.000	57.46	1436.52	2026-01-12 07:23:37.491
12749	1	87	758	4.000	56.97	227.88	2025-12-01 16:24:59.395
18332	8	122	5512	1.000	190.24	190.24	2026-01-12 07:23:37.991
18301	8	122	5536	1.000	78.88	78.88	2026-01-12 07:23:36.797
13101	1	85	1799	1.000	238.94	238.94	2025-12-05 11:03:59.995
18305	8	122	5539	0.000	100.24	0.00	2026-01-12 07:23:36.886
12626	1	87	85	23.000	82.95	1907.88	2025-12-05 10:28:09.192
18317	8	122	5598	20.000	151.14	3022.80	2026-01-12 07:23:36.989
18300	8	122	5534	21.000	137.65	2890.65	2026-01-12 07:23:36.794
12747	1	87	1722	1.000	83.26	83.26	2025-12-01 16:24:59.388
18303	8	122	5600	7.000	137.77	964.39	2026-01-12 07:23:36.882
12625	1	87	71	53.000	46.66	2472.98	2025-12-05 10:28:09.188
12735	1	87	190	11.000	71.29	784.19	2025-12-05 10:28:11.386
13252	1	83	357	11.000	168.75	1856.25	2025-12-11 08:49:33.7
13266	1	83	677	5.000	113.71	568.54	2025-12-10 06:27:28.203
13111	1	85	813	0.000	59.00	0.00	2025-12-01 16:28:26.696
13136	1	85	1855	0.000	209.68	0.00	2025-12-01 16:28:26.788
13142	1	85	1863	0.000	148.74	0.00	2025-12-01 16:28:26.796
13305	1	83	367	23.000	60.72	1396.61	2025-12-10 06:27:29.103
13100	1	85	1797	0.000	108.17	0.00	2025-12-01 16:28:27.084
13254	1	83	358	16.000	137.28	2333.79	2025-12-10 06:27:27.997
13141	1	85	1862	0.000	78.83	0.00	2025-12-01 16:28:27.286
13306	1	83	676	13.000	58.37	758.81	2025-12-10 06:27:29.108
13154	1	85	1877	0.000	178.93	0.00	2025-12-01 16:28:28.285
13119	1	85	1828	0.000	118.75	0.00	2025-12-01 16:28:28.388
13284	1	83	364	2.000	66.46	132.91	2025-12-10 06:27:28.683
13131	1	85	1846	0.000	159.05	0.00	2025-12-01 16:28:28.591
13130	1	85	1845	0.000	48.89	0.00	2025-12-01 16:28:28.685
13260	1	83	1573	0.000	0.00	0.01	2025-12-10 06:27:28.101
13140	1	85	1859	0.000	128.00	0.00	2025-12-01 16:28:28.783
13144	1	85	1866	0.000	79.73	0.00	2025-12-01 16:28:28.79
13263	1	83	1576	16.000	74.57	2535.44	2025-12-10 06:27:28.189
18350	8	122	5563	1.000	265.21	265.21	2026-01-05 15:38:08.983
13253	1	83	1568	0.000	89.21	535.24	2025-12-10 06:27:27.991
13276	1	83	1589	3.000	53.52	214.07	2025-12-10 06:27:28.4
13279	1	83	1574	0.000	0.00	0.00	2025-12-10 06:27:28.497
13257	1	83	354	11.000	71.71	788.78	2025-12-10 06:27:28.091
13255	1	83	353	6.000	84.76	593.30	2025-12-10 06:27:28.083
13259	1	83	1571	23.000	118.11	2716.42	2025-12-10 06:27:28.097
13272	1	83	348	5.000	105.75	1057.54	2025-12-10 06:27:28.382
14944	1	103	568	14.000	53.61	750.56	2025-12-31 07:51:48.5
13232	1	84	532	4.000	85.46	341.85	2025-12-11 06:41:27.489
14925	1	103	576	1.000	129.69	129.69	2025-12-31 07:51:47.892
13235	1	84	1501	1.000	236.91	236.91	2025-12-11 06:41:27.701
13236	1	84	551	3.000	95.60	286.81	2025-12-11 06:41:27.798
13307	1	83	1587	1.000	61.21	244.83	2025-12-10 06:27:29.112
13280	1	83	1561	0.000	0.00	165.40	2025-12-10 06:27:28.5
13281	1	83	1562	39.000	38.11	3048.95	2025-12-10 06:27:28.584
13242	1	84	1463	1.000	96.91	96.91	2025-12-11 06:41:28.197
14932	1	103	571	3.000	79.69	239.08	2025-12-31 07:51:48.8
13245	1	84	634	10.000	82.36	823.62	2025-12-11 06:41:28.302
13269	1	83	1586	0.000	169.71	1357.66	2025-12-10 06:27:28.299
13148	1	85	1871	0.000	58.14	174.42	2025-12-01 16:28:27.29
13294	1	83	718	218.000	42.01	11005.95	2025-12-10 06:27:28.884
13288	1	83	1590	0.000	55.96	111.91	2025-12-10 06:27:28.699
13291	1	83	671	3.000	112.56	337.67	2025-12-10 06:27:28.785
13256	1	83	1570	0.000	61.21	122.41	2025-12-10 06:27:28.087
13293	1	83	372	172.000	62.20	10698.16	2025-12-10 06:27:28.792
13275	1	83	1588	21.000	89.89	1977.57	2025-12-10 06:27:28.39
13243	1	84	1472	0.000	184.83	184.83	2025-12-06 08:09:18.886
13244	1	84	1485	0.000	84.83	84.83	2025-12-06 08:09:18.889
13312	1	87	1786	2.000	140.09	280.18	2025-12-05 10:28:13.292
14923	1	103	584	35.000	139.60	4886.00	2025-12-12 11:52:59.489
13298	1	83	1564	22.000	45.15	993.40	2025-12-10 06:27:28.897
13251	1	84	1486	1.000	115.03	230.05	2025-12-06 08:09:19.086
13145	1	85	264	0.000	58.81	117.62	2025-12-05 11:04:01.383
13278	1	83	1582	0.000	78.71	393.54	2025-12-10 06:27:28.491
13268	1	83	1555	0.000	0.00	-0.01	2025-12-10 06:27:28.295
13295	1	83	668	0.000	0.00	-0.01	2025-12-10 06:27:28.887
13303	1	83	1572	8.000	48.29	386.32	2025-12-10 06:27:29.095
13296	1	83	1558	0.000	0.00	-0.02	2025-12-10 06:27:28.89
13267	1	83	667	5.000	112.73	563.64	2025-12-10 06:27:28.291
13270	1	83	340	2.000	112.75	225.49	2025-12-10 06:27:28.302
13122	1	85	1835	0.000	128.63	128.63	2025-12-01 16:28:28.392
13286	1	83	351	4.000	59.76	239.05	2025-12-10 06:27:28.69
13271	1	83	1559	36.000	118.89	9748.98	2025-12-11 11:55:10.682
13308	1	83	1560	48.000	53.38	2989.15	2025-12-10 06:27:29.185
13277	1	83	1563	7.000	46.53	325.70	2025-12-10 06:27:28.484
13283	1	83	1565	5.000	42.83	214.13	2025-12-10 06:27:28.591
13115	1	85	1984	0.000	0.00	0.00	2025-12-05 11:04:00.084
13273	1	83	680	4.000	55.51	222.03	2025-12-06 08:08:32.792
13309	1	83	1566	5.000	34.32	171.59	2025-12-10 06:27:29.188
13282	1	83	670	5.000	63.66	318.29	2025-12-10 06:27:28.587
13258	1	83	1569	19.000	49.53	941.05	2025-12-10 06:27:28.094
13289	1	83	1567	0.000	0.00	0.01	2025-12-10 06:27:28.702
18358	8	122	5515	4.000	0.00	0.00	2026-01-05 15:38:09.296
13261	1	83	362	32.000	81.22	2599.10	2025-12-10 06:27:28.182
13262	1	83	675	25.000	106.14	2653.53	2025-12-10 06:27:28.186
13304	1	83	678	23.000	56.64	1302.62	2025-12-10 06:27:29.1
14927	1	103	555	24.000	121.23	2909.52	2025-12-31 07:51:47.898
13301	1	83	679	41.000	128.09	5251.65	2025-12-10 06:27:28.986
13302	1	83	1581	38.000	79.84	3034.03	2025-12-10 06:27:29.082
13290	1	83	681	2.000	94.93	189.85	2025-12-10 06:27:28.705
18362	8	122	5570	1.000	251.73	251.73	2026-01-05 15:38:09.491
18363	8	122	5525	1.000	253.43	253.43	2026-01-05 15:38:09.499
14938	1	103	592	0.000	0.00	0.00	2025-12-12 11:52:59.996
14928	1	103	1475	0.000	230.51	0.00	2025-12-12 11:52:59.681
14940	1	103	582	5.000	130.94	654.72	2025-12-18 08:37:56.685
18351	8	122	5561	3.000	291.47	874.40	2026-01-12 07:23:38.083
13313	1	87	1785	2.000	122.26	244.52	2025-12-02 07:28:28.592684
14939	1	103	547	6.000	158.08	948.47	2025-12-31 07:51:47.984
18364	8	122	5612	50.000	115.31	5765.50	2026-01-12 07:23:38.3
14929	1	103	523	6.000	153.43	920.56	2025-12-18 08:37:56.584
18352	8	122	5606	9.000	139.17	1252.55	2026-01-12 07:23:38.088
14931	1	103	550	124.000	66.88	8293.12	2025-12-31 07:51:48.497
14917	1	103	2387	0.000	0.00	0.00	2025-12-12 11:52:59.363
14919	1	103	517	6.000	130.26	781.56	2025-12-31 07:51:47.886
14934	1	103	565	17.000	88.70	1507.84	2025-12-24 07:03:21.789
13311	1	87	111	0.000	1500.01	0.00	2025-12-02 07:28:28.592684
13310	1	87	94	6.000	97.43	584.58	2025-12-08 12:56:50.788
18353	8	122	5603	7.000	139.80	978.61	2026-01-12 07:23:38.091
18357	8	122	5516	29.000	116.11	3367.26	2026-01-12 07:23:38.196
18355	8	122	5509	1.000	231.88	231.88	2026-01-12 07:23:38.107
13320	1	87	146	2.000	234.09	468.18	2025-12-02 08:55:52.303
14957	1	103	610	1.000	109.69	109.69	2025-12-31 07:51:48.093
18365	8	122	5523	1.000	133.24	133.24	2026-01-05 15:38:09.597
18366	8	122	5524	5.000	75.17	375.85	2026-01-05 15:38:09.685
13319	1	81	1509	0.000	79.96	79.96	2025-12-02 07:30:02.494393
18369	8	122	5591	12.000	196.29	2355.49	2026-01-05 15:38:09.795
13317	1	81	518	1.000	69.58	69.58	2025-12-05 10:57:21.998
13138	1	85	1857	0.000	75.27	75.27	2025-12-01 16:28:27.2
13158	1	85	1885	0.000	58.88	117.76	2025-12-01 16:28:26.982
13318	1	81	539	2.000	244.52	489.04	2025-12-05 10:57:22.003
12818	1	87	810	1.000	54.12	54.12	2025-12-05 10:28:13.079
21334	1	134	1518	0.000	174.75	0.00	2026-01-08 11:52:42.19
18378	8	122	5564	5.000	175.19	875.93	2026-01-05 15:38:10.19
18404	8	122	5675	0.000	92.87	0.00	2026-01-05 15:59:57.998
18380	8	122	5522	12.000	236.76	2841.09	2026-01-05 15:38:10.298
14971	1	103	1463	1.000	89.69	89.69	2025-12-31 07:51:49.186
13321	1	82	132	1.000	192.10	192.10	2025-12-29 12:50:53.201
12831	1	87	1858	1.000	60.18	60.18	2025-12-05 10:28:13.296
14956	1	103	509	10.000	128.65	1286.50	2025-12-18 07:57:49.698
14960	1	103	519	96.000	90.35	8673.78	2025-12-31 07:51:48.096
14961	1	103	511	63.000	99.99	6299.36	2025-12-31 07:51:48.1
18394	8	122	5645	1.000	74.05	74.05	2026-01-05 15:38:11.488
18396	8	122	5682	1.000	85.95	85.95	2026-01-05 15:38:11.587
18399	8	122	5620	2.000	70.84	141.67	2026-01-05 15:38:11.782
18408	8	122	5679	6.000	112.05	672.31	2026-01-05 15:38:12.108
18412	8	122	5724	1.000	135.83	135.83	2026-01-05 15:38:12.299
18417	8	122	5644	2.000	135.90	271.80	2026-01-05 15:38:12.5
18425	8	122	5696	1.000	93.29	93.29	2026-01-05 15:38:12.893
18427	8	122	5652	4.000	76.16	304.64	2026-01-05 15:38:12.993
18403	8	122	5626	10.000	105.27	1052.66	2026-01-05 15:59:57.765
21451	1	137	1486	0.000	121.66	0.00	2026-01-09 07:46:56.704
18419	8	122	5634	2.000	177.75	355.50	2026-01-05 15:59:57.791
18418	8	122	5657	20.000	167.05	3341.00	2026-01-13 08:49:28.046
18401	8	122	5650	10.000	78.02	780.21	2026-01-05 15:59:57.882
18402	8	122	5725	2.000	98.17	196.34	2026-01-05 15:59:58.296
18398	8	122	5667	11.000	127.66	1404.26	2026-01-05 15:59:57.986
18433	8	122	5642	5.000	83.38	416.90	2026-01-06 13:20:19.689
20696	1	137	1506	1.000	116.66	116.66	2026-01-09 07:46:56.493
18416	8	122	5670	9.000	163.29	1469.63	2026-01-05 15:59:57.989
18391	8	122	5513	32.000	67.75	2168.00	2026-01-12 07:23:37.893
20708	1	137	1487	0.000	81.66	0.00	2026-01-09 07:46:56.71
14964	1	103	611	5.000	89.69	448.47	2025-12-31 07:51:48.103
18423	8	122	5717	2.000	147.79	295.58	2026-01-05 15:38:12.795
18409	8	122	5704	6.000	139.04	834.25	2026-01-05 15:59:58.186
19976	1	134	79	163.000	66.64	10862.66	2026-01-14 07:40:15.984
14958	1	103	1462	0.000	79.33	0.00	2025-12-12 11:53:01.387
18422	8	122	5713	9.000	137.33	1235.98	2026-01-05 15:59:58.195
14978	1	103	535	0.000	0.00	0.00	2025-12-18 08:37:56.898
14965	1	103	548	1.000	89.69	89.69	2025-12-31 07:51:48.188
18410	8	122	5718	16.000	163.02	2608.27	2026-01-05 15:59:58.197
18415	8	122	5712	12.000	133.17	1598.04	2026-01-05 15:59:58.189
18370	8	122	5568	1.000	206.92	206.92	2026-01-05 15:38:09.803
20011	1	134	126	46.000	136.72	6288.98	2026-01-14 07:40:16.394
14966	1	103	532	5.000	84.64	423.22	2025-12-31 07:51:48.192
18406	8	122	5733	12.000	82.83	993.96	2026-01-05 15:59:58.305
14950	1	103	627	8.000	140.31	1122.52	2025-12-31 07:51:47.699
20012	1	134	702	3.000	98.18	294.55	2026-01-14 07:40:15.996
21079	1	139	1658	0.000	88.36	0.00	2026-01-08 10:39:26.095
18426	8	122	6075	22.000	52.58	1156.76	2026-01-05 15:59:58.583
18374	8	122	5592	2.000	115.78	231.56	2026-01-05 15:38:09.998
21337	1	134	68	1.000	135.70	135.70	2026-01-14 07:40:15.881
13316	1	87	816	0.000	100.12	200.24	2025-12-02 07:28:28.592684
20052	1	134	113	203.000	71.33	14479.80	2026-01-14 07:40:16.984
18381	8	122	5587	9.000	137.49	1237.41	2026-01-12 07:23:37.596
18435	8	122	5730	10.000	74.20	741.97	2026-01-05 15:59:58.897
20004	1	134	141	0.000	44.37	0.00	2026-01-08 09:36:51.892
18384	8	122	5588	4.000	337.82	1351.28	2026-01-12 07:23:36.691
14952	1	103	1477	6.000	254.74	1528.42	2025-12-31 07:51:47.701
20698	1	137	1498	0.000	116.66	0.00	2026-01-09 07:46:56.5
18420	8	122	5697	1.000	149.56	149.56	2026-01-05 15:38:12.688
20701	1	137	1499	0.000	81.66	0.00	2026-01-09 07:46:56.595
18405	8	122	5710	1.000	122.40	122.40	2026-01-05 15:38:11.997
20017	1	134	76	40.000	91.47	3658.76	2026-01-14 07:40:15.903
20001	1	134	138	124.000	110.50	13701.40	2026-01-14 07:40:16.496
18393	8	122	5732	10.000	88.08	880.80	2026-01-05 15:59:58.299
18372	8	122	5548	26.000	137.60	3577.49	2026-01-12 07:23:37.2
18432	8	122	5726	3.000	87.63	262.89	2026-01-05 15:59:58.89
12984	1	82	1542	10.000	59.77	597.70	2025-12-23 10:39:46.194
11955	1	82	131	26.000	206.03	5356.88	2025-12-29 12:50:53.198
18428	8	122	5676	5.000	62.24	311.20	2026-01-05 15:59:58.685
14976	1	103	572	6.000	130.50	782.98	2025-12-31 07:51:48.201
20005	1	134	105	4.000	88.96	355.84	2026-01-14 07:40:16.197
18367	8	122	5556	14.000	75.34	1054.76	2026-01-12 07:23:38.382
14945	1	103	551	8.000	89.91	719.32	2025-12-31 07:51:48.586
18383	8	122	5483	5.000	178.22	891.11	2026-01-12 07:23:37.298
18373	8	122	5484	4.000	117.55	470.18	2026-01-12 07:23:37.588
12291	1	85	126	2.000	134.55	538.20	2025-12-05 11:03:57.894
14947	1	103	1509	11.000	80.46	885.08	2025-12-31 07:51:48.589
18382	8	122	5521	16.000	138.98	2223.70	2026-01-12 07:23:37.599
14959	1	103	1513	1.000	99.69	99.69	2025-12-31 07:51:48.593
14970	1	103	625	1.000	229.69	229.69	2025-12-31 07:51:49.102
18385	8	122	5501	47.000	72.74	3418.77	2026-01-12 07:23:37.79
18387	8	122	5552	20.000	77.70	1554.07	2026-01-12 07:23:37.8
18388	8	122	5615	30.000	87.84	2635.33	2026-01-12 07:23:37.803
18390	8	122	5510	59.000	57.46	3390.41	2026-01-12 07:23:37.889
13315	1	87	245	5.000	82.63	413.15	2025-12-02 07:28:28.592684
18411	8	122	5635	6.000	237.74	1426.44	2026-01-05 15:59:57.796
14946	1	103	1479	4.000	139.69	558.77	2025-12-31 07:51:47.997
18448	8	122	5699	1.000	210.90	210.90	2026-01-05 15:38:13.987
18449	8	122	5728	1.000	248.60	248.60	2026-01-05 15:38:13.995
18450	8	122	5659	3.000	248.33	745.00	2026-01-05 15:38:14.086
18451	8	122	5664	1.000	248.20	248.20	2026-01-05 15:38:14.093
18452	8	122	5669	4.000	60.00	240.00	2026-01-05 15:38:14.185
18453	8	122	5683	1.000	0.00	0.00	2026-01-05 15:38:14.193
18455	8	122	5946	2.000	158.26	316.51	2026-01-05 15:38:14.292
18456	8	122	5959	3.000	68.79	206.37	2026-01-05 15:38:14.382
18458	8	122	5977	10.000	109.41	1094.10	2026-01-05 15:38:14.399
18459	8	122	5979	20.000	72.72	1454.44	2026-01-05 15:38:14.49
18462	8	122	6005	3.000	46.39	139.17	2026-01-05 15:38:14.689
18463	8	122	6012	1.000	78.18	78.18	2026-01-05 15:38:14.782
14998	1	103	585	1.000	132.25	132.25	2025-12-24 07:03:22.495
18467	8	122	6052	1.000	166.00	166.00	2026-01-05 15:38:14.987
18469	8	122	5869	1.000	72.43	72.43	2026-01-05 15:38:15.091
18470	8	122	5876	3.000	101.03	303.09	2026-01-05 15:38:15.183
18471	8	122	5877	6.000	143.69	862.11	2026-01-05 15:38:15.193
18472	8	122	5891	1.000	144.49	144.49	2026-01-05 15:38:15.285
18473	8	122	5919	4.000	143.50	573.98	2026-01-05 15:38:15.293
18475	8	122	5910	14.000	70.95	993.26	2026-01-05 15:38:15.395
18476	8	122	5879	1.000	164.49	164.49	2026-01-05 15:38:15.486
18477	8	122	5885	6.000	142.86	857.14	2026-01-05 15:38:15.495
18478	8	122	5893	101.000	74.20	7494.01	2026-01-05 15:38:15.583
18481	8	122	5909	25.000	68.37	1709.35	2026-01-05 15:38:15.691
18482	8	122	5937	3.000	93.85	281.56	2026-01-05 15:38:15.699
18484	8	122	5900	43.000	63.49	2730.03	2026-01-05 15:38:15.797
18485	8	122	5880	1.000	103.65	103.65	2026-01-05 15:38:15.889
18487	8	122	5915	3.000	62.95	188.85	2026-01-05 15:38:15.989
18488	8	122	5918	12.000	68.75	824.94	2026-01-05 15:38:15.997
18489	8	122	5873	47.000	52.43	2464.44	2026-01-05 15:38:16.089
18490	8	122	5935	8.000	93.74	749.88	2026-01-05 15:38:16.191
18491	8	122	5905	8.000	113.75	909.96	2026-01-05 15:38:16.285
18492	8	122	5911	4.000	103.71	414.84	2026-01-05 15:38:16.295
18493	8	122	5940	3.000	93.71	281.13	2026-01-05 15:38:16.391
18494	8	122	5895	1.000	63.71	63.71	2026-01-05 15:38:16.486
18498	8	122	5934	9.000	103.83	934.44	2026-01-05 15:38:16.69
18500	8	122	5929	4.000	123.76	495.04	2026-01-05 15:38:16.792
18501	8	122	5883	1.000	163.65	163.65	2026-01-05 15:38:16.886
18502	8	122	5924	1.000	102.80	102.80	2026-01-05 15:38:16.896
18503	8	122	5878	1.000	113.71	113.71	2026-01-05 15:38:16.988
18504	8	122	5926	2.000	81.30	162.59	2026-01-05 15:38:16.996
18505	8	122	5932	2.000	0.00	0.00	2026-01-05 15:38:17.086
18506	8	122	5939	1.000	0.00	0.00	2026-01-05 15:38:17.096
18447	8	122	5688	8.000	82.68	661.44	2026-01-05 15:59:58.991
18446	8	122	5715	3.000	72.90	218.70	2026-01-05 15:59:59.184
18436	8	122	5668	22.000	58.21	1280.62	2026-01-05 15:59:58.599
18443	8	122	5637	56.000	77.56	4343.09	2026-01-05 15:59:58.984
18457	8	122	5973	47.000	78.90	3708.30	2026-01-05 15:38:14.391
18441	8	122	5703	91.000	57.64	5245.10	2026-01-05 15:59:58.993
18438	8	122	5636	21.000	147.70	3101.70	2026-01-06 13:20:19.695
18468	8	122	6055	1.000	98.39	98.39	2026-01-05 15:38:14.996
18445	8	122	5709	12.000	61.99	743.90	2026-01-05 15:59:59.004
19702	1	124	1818	15.000	60.54	908.10	2026-01-06 21:33:51.389
18464	8	122	6025	0.000	98.96	0.00	2026-01-05 15:38:14.791
18483	8	122	5908	3.000	93.71	281.13	2026-01-05 15:38:15.789
18465	8	122	6027	15.000	74.83	1122.45	2026-01-14 08:50:14.586
18474	8	122	5927	1.000	163.76	163.76	2026-01-05 15:38:15.386
18863	1	127	732	3.000	121.24	363.72	2026-01-06 21:17:49.395
18486	8	122	5888	4.000	77.69	310.76	2026-01-05 15:38:15.898
18495	8	122	5882	1.000	144.02	144.02	2026-01-05 15:38:16.495
18496	8	122	5890	0.000	163.65	0.00	2026-01-05 15:38:16.588
18461	8	122	5996	3.000	189.81	569.44	2026-01-14 08:50:14.691
18439	8	122	5633	6.000	118.16	708.96	2026-01-05 15:59:58.488
18444	8	122	5643	1.000	58.05	58.05	2026-01-05 15:59:58.997
18857	1	127	1634	1.000	49.02	49.02	2026-01-06 21:17:49.188
18497	8	122	5872	1.000	123.71	123.71	2026-01-05 15:38:16.597
18442	8	122	5706	43.000	62.82	2701.26	2026-01-05 15:59:58.995
19876	1	124	400	7.000	81.61	571.27	2026-01-08 07:14:39.256134
19706	1	124	810	16.000	54.15	866.40	2026-01-06 21:33:51.686
19016	1	127	1826	2.000	155.36	310.72	2026-01-06 21:17:57.485
19877	1	124	100	1.000	157.12	157.12	2026-01-08 07:14:39.256134
19878	1	124	111	2.000	230.51	461.02	2026-01-08 07:14:39.256134
19879	1	124	130	6.000	85.32	511.92	2026-01-08 07:14:39.256134
19880	1	124	142	5.000	85.18	425.90	2026-01-08 07:14:39.256134
14980	1	103	1480	2.000	129.69	259.39	2025-12-31 07:51:48.291
19881	1	124	1538	4.000	75.65	302.60	2026-01-08 07:14:39.256134
14985	1	103	1478	10.000	110.17	1101.70	2025-12-31 07:51:48.294
14995	1	103	526	0.000	403.84	0.00	2025-12-12 11:53:02.89
19882	1	124	1535	1.000	156.20	156.20	2026-01-08 07:14:39.256134
21301	1	135	1620	0.000	155.28	0.00	2026-01-08 11:51:53.386
18480	8	122	5901	2.000	83.76	167.52	2026-01-05 15:38:15.683
18499	8	122	5912	39.000	103.54	4038.06	2026-01-05 15:38:16.783
14989	1	103	562	30.000	230.25	6907.52	2025-12-31 07:51:47.787
14990	1	103	552	12.000	162.48	1949.78	2025-12-31 07:51:47.79
14986	1	103	1489	2.000	169.69	339.39	2025-12-31 07:51:48.297
14991	1	103	569	17.000	230.41	3917.05	2025-12-31 07:51:47.793
14994	1	103	537	0.000	284.12	0.00	2025-12-24 07:03:22.492
14979	1	103	530	7.000	189.67	1327.71	2025-12-31 07:51:48.288
14981	1	103	573	5.000	79.68	398.40	2025-12-31 07:51:48.687
14982	1	103	553	9.000	79.50	715.52	2025-12-31 07:51:48.694
14996	1	103	522	1.000	207.71	207.71	2025-12-12 11:53:02.896
14997	1	103	544	1.000	95.71	95.71	2025-12-12 11:53:02.988
15001	1	103	521	6.000	77.74	466.44	2025-12-12 11:53:03.099
15000	1	103	634	18.000	80.82	1454.85	2025-12-31 07:51:49.293
14992	1	103	529	24.000	256.02	6144.53	2025-12-31 07:51:47.796
14999	1	103	1494	0.000	117.85	117.85	2025-12-12 11:53:03.082
14993	1	103	1492	0.000	279.65	0.00	2025-12-12 11:53:02.793
18174	8	120	5397	0.000	276.58	0.00	2026-01-05 16:06:41.345
18133	8	120	5382	18.000	86.43	1555.68	2026-01-08 08:00:01.602
20844	1	138	1571	14.000	115.76	1620.70	2026-01-08 10:34:17.587
19868	1	126	345	3.000	86.43	259.29	2026-01-08 07:14:35.072258
20850	1	138	1579	4.000	89.80	359.21	2026-01-08 10:34:17.794
18532	8	120	5424	2.000	90.81	181.62	2026-01-08 08:00:02.585
18158	8	120	5388	113.000	52.08	5885.04	2026-01-08 08:00:02.484
20852	1	138	371	10.000	99.78	997.80	2026-01-12 16:12:45.481
18512	8	120	5398	4.000	63.17	252.69	2026-01-08 08:00:01.781
18534	8	120	5440	0.000	61.81	0.00	2026-01-08 08:00:02.688
18526	8	120	5472	0.000	97.54	0.00	2026-01-05 15:57:04.688
18527	8	120	5374	24.000	87.17	2092.17	2026-01-08 08:00:02.386
18147	8	120	5369	15.000	81.72	1225.80	2026-01-08 08:00:02.383
18536	8	120	5443	9.000	82.17	739.53	2026-01-08 08:00:02.693
19869	1	126	1559	7.000	117.25	820.75	2026-01-08 07:14:35.072258
18523	8	120	5427	0.000	163.54	0.00	2026-01-05 15:57:04.397
19870	1	126	353	12.000	82.90	994.80	2026-01-08 07:14:35.072258
18535	8	120	5441	0.000	81.61	0.00	2026-01-08 08:00:02.691
19871	1	126	675	8.000	104.82	838.56	2026-01-08 07:14:35.072258
19872	1	126	369	8.000	43.09	344.72	2026-01-08 07:14:35.072258
18528	8	120	5383	18.000	97.19	1749.42	2026-01-08 08:00:02.389
18513	8	120	5410	1.000	176.81	176.81	2026-01-08 08:00:01.798
18540	8	120	5463	0.000	61.81	0.00	2026-01-08 08:00:02.987
18516	8	120	5405	0.000	166.81	0.00	2026-01-08 08:00:01.891
19873	1	126	680	4.000	54.62	218.48	2026-01-08 07:14:35.072258
20854	1	138	366	1.000	102.94	102.94	2026-01-08 10:34:17.994
18514	8	120	5412	0.000	146.81	0.00	2026-01-08 08:00:01.884
20846	1	138	1573	0.000	91.51	0.00	2026-01-08 10:34:17.695
18116	8	120	5368	3.000	76.86	230.58	2026-01-08 08:00:01.496
18660	1	128	591	10.000	49.38	493.80	2026-01-06 21:11:35.398
18615	1	128	511	14.000	98.98	1385.72	2026-01-06 21:11:33.389
18658	1	128	563	14.000	55.48	776.72	2026-01-06 21:11:35.295
18655	1	128	1514	4.000	78.67	314.68	2026-01-06 21:11:35.195
18643	1	128	586	8.000	106.03	848.24	2026-01-06 21:11:34.581
18633	1	128	529	6.000	255.34	1532.04	2026-01-06 21:11:34.091
18754	1	128	305	16.000	62.44	999.04	2026-01-06 21:11:39.782
13553	1	87	219	3.000	349.56	1048.68	2025-12-05 10:28:11.493
18762	1	128	1957	11.000	87.45	961.95	2026-01-06 21:11:41.387
16049	1	100	694	9.000	113.75	1023.75	2025-12-24 12:31:24.39
18747	1	128	1971	2.000	232.32	464.64	2026-01-06 21:11:39.282
18671	1	128	657	1.000	428.96	428.96	2026-01-06 21:11:35.902
16043	1	100	1966	4.000	89.14	356.56	2025-12-24 12:31:24.196
18916	1	127	743	1.000	397.02	397.02	2026-01-06 21:17:52.185
18618	1	128	611	4.000	89.39	357.56	2026-01-06 21:11:33.49
18593	1	128	515	6.000	79.47	476.82	2026-01-06 21:11:32.494
16052	1	100	1947	0.000	95.99	0.00	2025-12-24 12:31:24.403
15004	1	103	534	5.000	109.68	548.40	2025-12-31 07:51:49.386
18652	1	128	558	2.000	72.85	145.70	2026-01-06 21:11:35.086
19874	1	126	688	60.000	52.55	3153.00	2026-01-08 07:14:35.072258
19875	1	126	316	6.000	55.14	330.84	2026-01-08 07:14:35.072258
18753	1	128	316	21.000	53.55	1124.55	2026-01-06 21:11:39.595
15011	1	103	539	6.000	245.19	1471.14	2025-12-12 11:53:03.492
13556	1	87	439	1.000	56.90	56.90	2025-12-05 10:28:14.091
20845	1	138	355	5.000	105.87	529.35	2026-01-08 10:34:17.594
15012	1	103	577	1.000	47.71	47.71	2025-12-12 11:53:03.499
18508	8	120	5373	5.000	172.45	862.23	2026-01-08 08:00:01.592
18525	8	120	5465	0.000	51.81	0.00	2026-01-08 08:00:02.282
18519	8	120	5420	1.000	99.80	99.80	2026-01-08 08:00:01.983
18511	8	120	5384	0.000	146.81	0.00	2026-01-08 08:00:01.686
18518	8	120	5414	0.000	91.97	0.00	2026-01-13 12:53:32.889
18510	8	120	5378	20.000	247.13	4942.60	2026-01-08 08:00:01.682
15009	1	103	1474	11.000	74.66	821.30	2025-12-31 07:51:49.485
15018	1	103	560	10.000	69.67	696.70	2025-12-31 08:47:30.583
18538	8	120	5473	3.000	76.99	230.97	2026-01-08 08:00:02.795
16037	1	100	1959	0.000	93.60	0.00	2025-12-24 12:31:24.101
15013	1	103	590	1.000	107.71	107.71	2025-12-12 11:53:03.588
20851	1	138	1575	1.000	110.73	110.73	2026-01-08 10:34:17.887
16044	1	100	1961	2.000	113.68	227.36	2025-12-24 12:31:24.199
20853	1	138	677	9.000	109.69	987.24	2026-01-08 10:34:17.986
15015	1	103	540	2.000	132.21	264.42	2025-12-31 07:51:49.488
13558	1	87	133	1.000	194.76	194.76	2025-12-03 07:53:12.687963
13557	1	87	458	0.000	148.30	148.30	2025-12-05 10:28:14.389
20855	1	138	667	10.000	109.32	1093.22	2026-01-08 10:34:18.089
18507	8	120	5409	0.000	376.81	0.00	2026-01-08 08:00:01.484
15022	1	103	1503	1.000	200.89	200.89	2025-12-31 07:51:48.383
16041	1	100	313	6.000	153.53	921.18	2025-12-24 12:31:24.19
18515	8	120	5422	0.000	116.81	0.00	2026-01-08 08:00:01.888
15010	1	103	566	4.000	246.13	984.51	2025-12-24 07:03:22.695
15007	1	103	1500	2.000	74.69	149.39	2025-12-31 07:51:49.397
16048	1	100	1967	53.000	93.73	4967.69	2025-12-24 12:31:24.387
15020	1	103	567	138.000	44.44	6132.76	2025-12-31 07:51:49.502
16053	1	100	334	6.000	74.60	447.60	2025-12-24 12:31:24.486
12810	1	87	820	0.000	129.53	0.00	2025-12-05 10:28:12.887
15014	1	103	1486	0.000	114.12	0.00	2025-12-24 07:03:22.699
16045	1	100	696	2.000	73.53	147.06	2025-12-24 12:31:24.202
14458	1	100	211	2.000	57.66	115.32	2025-12-23 09:13:28.18
16050	1	100	1963	1.000	94.10	94.10	2025-12-23 09:10:34.985
18400	8	122	5623	12.000	118.28	1419.39	2026-01-05 15:59:57.76
13554	1	87	1873	0.000	129.04	129.04	2025-12-03 07:53:12.687963
18544	8	122	5627	3.000	187.77	563.30	2026-01-05 15:59:57.783
18545	8	122	5629	2.000	172.97	345.93	2026-01-05 15:59:57.788
18554	8	122	5678	2.000	77.97	155.93	2026-01-05 15:59:58.088
18559	8	122	5630	9.000	87.77	789.89	2026-01-05 15:59:58.486
13590	1	84	1505	0.000	229.83	229.83	2025-12-06 08:09:18.9
18546	8	122	5640	0.000	77.97	0.00	2026-01-05 15:59:57.794
18553	8	122	5677	0.000	102.77	0.00	2026-01-05 15:59:58.084
20869	1	138	1577	1.000	116.44	116.44	2026-01-08 10:34:18.79
20859	1	138	374	2.000	156.21	312.41	2026-01-08 10:34:18.29
18551	8	122	5665	0.000	72.77	0.00	2026-01-05 15:59:57.898
18558	8	122	5723	0.000	179.77	0.00	2026-01-05 15:59:58.291
18556	8	122	5691	0.000	217.77	0.00	2026-01-05 15:59:58.097
18541	8	122	5662	0.000	377.77	0.00	2026-01-06 13:20:19.591
12817	1	87	811	1.000	100.00	100.00	2025-12-01 16:25:01.198
18549	8	122	5656	1.000	157.77	157.77	2026-01-05 15:59:57.891
18543	8	122	5624	0.000	94.02	0.00	2026-01-05 15:59:57.763
20861	1	138	1583	3.000	91.64	274.93	2026-01-08 10:34:18.393
20862	1	138	1588	2.000	88.20	176.40	2026-01-08 10:34:18.485
18563	8	122	5684	1.000	97.77	97.77	2026-01-05 15:59:58.689
15054	1	103	597	1.000	361.30	361.30	2025-12-12 11:53:06.099
15055	1	103	598	3.000	441.30	1323.90	2025-12-12 11:53:06.187
20863	1	138	363	4.000	59.40	237.61	2026-01-08 10:34:18.492
15056	1	103	600	4.000	163.95	655.80	2025-12-12 11:53:06.195
15057	1	103	602	2.000	78.32	156.64	2025-12-12 11:53:06.284
11708	1	81	153	19.000	483.61	11122.99	2025-12-10 09:50:56.938
15059	1	103	604	3.000	148.59	445.77	2025-12-12 11:53:06.298
18561	8	122	5661	0.000	100.77	0.00	2026-01-05 15:59:58.594
18548	8	122	5655	0.000	87.77	0.00	2026-01-05 15:59:57.888
15053	1	103	87	1.000	69.72	69.72	2025-12-12 11:53:06.092
15060	1	103	605	1.000	105.32	105.32	2025-12-12 11:53:06.385
18547	8	122	5649	0.000	102.77	0.00	2026-01-05 15:59:57.798
15061	1	103	606	2.000	117.82	235.64	2025-12-12 11:53:06.48
15030	1	103	588	16.000	283.28	4532.48	2025-12-12 11:53:04.988
21302	1	135	730	0.000	157.28	0.00	2026-01-08 11:51:53.393
20875	1	138	345	1.000	85.69	85.69	2026-01-08 10:34:19.085
20867	1	138	1584	5.000	49.52	247.58	2026-01-08 10:34:18.691
18560	8	122	5647	99.000	67.77	6709.23	2026-01-05 15:59:58.587
18565	8	122	5687	2.000	112.77	225.54	2026-01-05 15:59:58.783
18552	8	122	5671	5.000	157.77	788.85	2026-01-05 15:59:57.995
18571	8	122	5729	0.000	82.77	0.00	2026-01-05 15:59:58.894
20868	1	138	1564	0.000	45.15	0.00	2026-01-09 07:56:38.817
20878	1	138	349	9.000	53.33	480.00	2026-01-08 10:34:19.193
15062	1	103	607	1.000	180.32	180.32	2025-12-12 11:53:06.489
18557	8	122	5695	0.000	163.77	0.00	2026-01-05 15:59:58.182
15063	1	103	608	1.000	182.82	182.82	2025-12-12 11:53:06.581
15064	1	103	609	1.000	182.82	182.82	2025-12-12 11:53:06.59
18569	8	122	5716	0.000	87.77	0.00	2026-01-05 15:59:58.799
18570	8	122	5714	1.000	92.77	92.77	2026-01-05 15:59:58.887
19883	1	124	109	4.000	84.41	337.64	2026-01-08 07:14:39.256134
19884	1	124	107	2.000	75.41	150.82	2026-01-08 07:14:39.256134
19885	1	124	125	14.000	52.91	740.74	2026-01-08 07:14:39.256134
20856	1	138	340	5.000	109.93	549.65	2026-01-08 10:34:18.097
20870	1	138	679	10.000	124.90	1249.00	2026-01-08 10:34:18.797
20871	1	138	674	1.000	61.29	61.29	2026-01-08 10:34:18.885
20874	1	138	346	6.000	84.85	509.11	2026-01-08 10:34:18.991
13559	1	81	632	0.000	79.60	159.20	2025-12-03 07:55:31.687666
13589	1	84	1494	1.000	124.41	124.41	2025-12-11 06:41:28.299
13250	1	84	1499	7.000	76.91	538.40	2025-12-11 06:41:28.398
18574	8	122	5638	0.000	52.77	0.00	2026-01-05 15:59:59.286
20879	1	138	350	14.000	62.00	867.98	2026-01-08 10:34:19.286
20860	1	138	680	7.000	53.77	376.36	2026-01-08 10:34:18.385
18555	8	122	5686	1.000	237.77	237.77	2026-01-05 15:59:58.094
21296	1	135	1594	0.000	91.53	0.00	2026-01-08 11:51:53.194
21305	1	135	174	0.000	165.28	0.00	2026-01-08 11:51:53.489
15497	1	101	558	2.000	78.46	156.92	2025-12-15 06:08:01.28482
15493	1	101	1560	27.000	51.95	1402.53	2025-12-15 06:08:01.28482
18564	8	122	5708	0.000	92.57	0.00	2026-01-05 15:59:58.695
15494	1	101	1564	5.000	45.15	225.75	2025-12-15 06:08:01.28482
15495	1	101	1566	8.000	32.99	263.89	2025-12-15 06:08:01.28482
13555	1	87	1882	0.000	281.44	0.00	2025-12-05 10:28:13.284
21293	1	135	1618	0.000	290.28	0.00	2026-01-08 11:51:53.172
21304	1	135	1624	0.000	110.28	0.00	2026-01-08 11:51:53.485
14665	1	101	675	5.000	103.37	516.84	2025-12-12 11:29:48.184
18542	8	122	5621	1.000	72.77	72.77	2026-01-05 15:59:57.758
20864	1	138	368	4.000	67.25	269.00	2026-01-08 10:34:18.583
15496	1	101	378	4.000	45.50	182.00	2025-12-15 06:08:01.28482
18572	8	122	5680	0.000	58.77	0.00	2026-01-05 15:59:58.988
20873	1	138	344	14.000	74.58	1044.12	2026-01-08 10:34:18.983
20872	1	138	343	5.000	73.92	369.60	2026-01-08 10:34:18.893
15029	1	103	578	12.000	232.56	2790.69	2025-12-31 07:51:47.799
15034	1	103	1501	0.000	230.50	0.00	2025-12-12 11:53:05.188
13322	1	82	1535	5.000	155.94	779.71	2025-12-29 12:50:53.982
13314	1	87	1788	9.000	59.11	531.97	2025-12-05 10:28:12.694
14943	1	103	546	5.000	179.69	898.47	2025-12-31 07:51:47.994
15058	1	103	339	1.000	115.21	115.21	2025-12-12 11:53:06.291
15023	1	103	1484	1.000	189.69	189.69	2025-12-31 07:51:48.387
15045	1	103	154	3.000	78.33	234.99	2025-12-12 11:53:05.781
15026	1	103	586	17.000	98.96	1682.26	2025-12-31 07:51:48.393
15027	1	103	1508	1.000	149.69	149.69	2025-12-31 07:51:48.396
15051	1	103	591	9.000	49.69	447.24	2025-12-31 07:51:49.091
15038	1	103	575	17.000	330.39	5616.63	2025-12-24 07:03:20.585
14397	1	100	169	2.000	105.84	211.68	2025-12-23 08:16:49.692
12576	1	87	579	7.000	143.15	1002.05	2025-12-23 09:23:06.69
15043	1	103	545	11.000	63.95	703.49	2025-12-31 07:51:48.903
14476	1	100	810	19.000	54.15	1028.85	2025-12-23 08:16:53.093
18575	8	122	5397	1.000	276.58	276.58	2026-01-05 16:06:41.349
14496	1	100	260	60.000	68.60	4116.00	2025-12-23 08:16:53.699
12777	1	87	782	0.000	91.42	91.42	2025-12-05 10:28:12.183
15046	1	103	594	63.000	69.74	4393.53	2025-12-31 07:51:48.993
14420	1	100	157	86.000	50.91	4378.26	2025-12-24 14:42:29.685
14412	1	100	164	0.000	75.30	0.00	2025-12-24 14:42:29.288
15048	1	103	563	9.000	59.64	536.72	2025-12-31 07:51:48.999
14461	1	100	231	249.000	57.31	14270.19	2025-12-23 09:13:29.09
14436	1	100	192	24.000	52.00	1248.00	2025-12-23 09:13:26.096
19886	8	120	5436	1.000	199.31	199.31	2026-01-08 08:00:01.489
14463	1	100	201	0.000	73.61	0.00	2025-12-23 09:13:29.699
19888	8	120	5377	1.000	176.81	176.81	2026-01-08 08:00:01.596
14430	1	100	223	228.000	48.75	11115.00	2025-12-23 09:13:25.392
12888	1	87	475	1.000	174.71	174.71	2025-12-05 10:28:14.595
12893	1	87	484	0.000	52.14	0.00	2025-12-05 10:28:14.785
20888	1	138	376	4.000	73.56	294.22	2026-01-08 10:34:19.695
15049	1	103	531	457.000	51.39	23485.42	2025-12-31 07:51:49.002
15052	1	103	630	12.000	49.69	596.32	2025-12-31 07:51:49.095
14924	1	103	153	17.000	329.69	5604.66	2025-12-31 07:51:47.692
15036	1	103	538	0.000	129.42	0.00	2025-12-12 11:53:05.286
14918	1	103	514	10.000	249.69	2496.93	2025-12-31 07:51:47.802
14969	1	103	587	6.000	67.20	403.19	2025-12-31 07:51:49.098
15798	1	103	1491	2.000	254.69	509.39	2025-12-31 07:51:47.895
15792	1	103	618	1.000	49.69	49.69	2025-12-31 07:51:47.991
15806	1	103	1515	1.000	154.69	154.69	2025-12-31 07:51:48.009
15795	1	103	623	1.000	99.69	99.69	2025-12-31 07:51:48.089
15593	1	100	476	0.000	140.21	0.00	2025-12-16 10:16:16.388
15592	1	100	379	0.000	145.96	0.00	2025-12-16 10:16:16.383
14486	1	100	275	2.000	41.11	82.22	2025-12-23 08:16:53.49
15793	1	103	635	1.000	44.69	44.69	2025-12-31 07:51:49.19
14435	1	100	191	47.000	117.08	5502.76	2025-12-23 09:13:26.085
15800	1	103	1495	4.000	224.69	898.77	2025-12-31 07:51:48.283
20899	1	138	367	8.000	57.45	459.62	2026-01-08 10:34:20.386
15024	1	103	556	6.000	130.57	783.44	2025-12-31 07:51:48.39
15032	1	103	574	3.000	229.69	689.08	2025-12-31 07:51:48.399
14973	1	103	1468	6.000	55.74	334.43	2025-12-31 07:51:49.193
15799	1	103	1464	1.000	169.69	169.69	2025-12-31 07:51:48.405
15591	1	100	424	0.000	179.55	0.00	2025-12-16 10:16:16.345
15803	1	103	612	20.000	139.69	2793.87	2025-12-31 07:51:48.486
14503	1	100	251	21.000	46.06	967.26	2025-12-23 08:16:54.181
15805	1	103	1472	1.000	179.69	179.69	2025-12-31 07:51:49.2
15791	1	103	1485	1.000	79.69	79.69	2025-12-31 07:51:49.286
14975	1	103	525	12.000	80.29	963.43	2025-12-31 07:51:49.29
14454	1	100	1691	1.000	68.16	68.16	2025-12-23 09:13:27.686
14962	1	103	520	203.000	51.54	10463.45	2025-12-31 07:51:48.596
14963	1	103	512	161.000	50.82	8182.52	2025-12-31 07:51:48.683
15802	1	103	1510	1.000	46.69	46.69	2025-12-31 07:51:49.5
15801	1	103	629	4.000	108.16	432.63	2025-12-31 07:51:48.69
20906	1	138	302	8.000	67.39	539.14	2026-01-08 10:34:21.189
15797	1	103	561	12.000	129.69	1556.28	2025-12-31 08:47:30.586
20908	1	138	309	14.000	103.62	1450.67	2026-01-08 10:34:21.295
15025	1	103	1465	2.000	109.89	219.78	2025-12-31 07:51:48.704
15044	1	103	554	26.000	70.92	1843.81	2025-12-31 07:51:48.986
15041	1	103	557	67.000	70.97	4754.99	2025-12-31 08:47:30.683
15796	1	103	1502	4.000	129.60	518.40	2025-12-31 08:47:30.365
15794	1	103	1481	6.000	59.53	357.18	2025-12-31 07:51:48.7
14478	1	100	247	46.000	44.79	2060.34	2025-12-23 08:16:53.191
14378	1	100	58	93.000	79.23	7368.39	2025-12-23 08:16:49.292
15028	1	103	1507	2.000	89.69	179.39	2025-12-31 07:51:48.783
15031	1	103	1493	4.000	109.69	438.77	2025-12-31 07:51:48.787
20917	1	138	317	11.000	72.00	792.01	2026-01-08 10:34:21.786
15804	1	103	543	3.000	109.69	329.08	2025-12-31 07:51:48.887
15039	1	103	524	8.000	64.69	517.55	2025-12-31 07:51:48.89
15040	1	103	613	9.000	69.69	627.24	2025-12-31 07:51:48.892
14400	1	100	1597	2.000	145.30	290.59	2025-12-24 14:42:27.58
20893	1	138	681	0.000	92.40	0.00	2026-01-08 10:34:19.991
19889	8	120	5392	0.000	118.06	0.00	2026-01-08 08:00:01.699
19887	8	120	5370	0.000	93.06	0.00	2026-01-08 08:00:01.5
14392	1	100	1616	3.000	71.25	213.76	2025-12-24 14:42:27.782
20897	1	138	1580	4.000	57.99	231.96	2026-01-08 10:34:20.282
20892	1	138	1567	1.000	38.19	38.19	2026-01-08 10:34:19.984
20914	1	138	329	1.000	132.62	132.62	2026-01-08 10:34:21.598
20886	1	138	364	3.000	64.28	192.84	2026-01-08 10:34:19.594
20907	1	138	328	10.000	93.66	936.60	2026-01-08 10:34:21.283
20912	1	138	693	0.000	91.43	0.00	2026-01-08 10:34:21.583
20894	1	138	671	4.000	110.85	443.40	2026-01-12 16:12:45.292
20905	1	138	321	2.000	83.25	166.51	2026-01-12 16:12:45.583
20883	1	138	360	7.000	48.02	336.17	2026-01-08 10:34:19.49
20882	1	138	361	8.000	50.50	403.98	2026-01-08 10:34:19.482
20885	1	138	365	6.000	57.87	347.22	2026-01-08 10:34:19.587
20903	1	138	1581	10.000	75.42	754.24	2026-01-08 10:34:20.889
20916	1	138	318	16.000	61.45	983.20	2026-01-08 10:34:21.696
20889	1	138	351	2.000	56.47	112.94	2026-01-08 10:34:19.788
20909	1	138	292	1.000	92.52	92.52	2026-01-08 10:34:21.389
20891	1	138	377	3.000	50.85	152.55	2026-01-08 10:34:19.892
20915	1	138	1973	0.000	135.46	0.00	2026-01-08 10:34:21.689
20911	1	138	1968	1.000	153.17	153.17	2026-01-08 10:34:21.488
20910	1	138	332	9.000	137.16	1234.44	2026-01-08 10:34:21.398
20887	1	138	683	9.000	64.38	579.42	2026-01-08 10:34:19.687
21299	1	135	162	0.000	175.28	0.00	2026-01-08 11:51:53.297
21318	1	135	1626	0.000	160.28	0.00	2026-01-08 11:51:53.89
20208	1	135	1627	1.000	154.93	154.93	2026-01-08 11:51:53.492
21323	1	135	1668	0.000	115.28	0.00	2026-01-08 11:51:53.994
20441	1	135	1980	0.000	73.69	0.00	2026-01-12 16:12:45.596
20215	1	135	1666	0.000	175.31	0.00	2026-01-08 11:51:53.698
21478	8	120	5999	8.000	99.28	794.24	2026-01-10 14:23:06.288
20462	1	135	1983	0.000	74.13	0.00	2026-01-12 16:12:45.683
21592	1	138	1983	1.000	74.13	74.13	2026-01-12 16:12:45.686
20270	1	135	223	274.000	49.39	13532.86	2026-01-13 12:36:57.283
21480	8	120	6001	2.000	99.28	198.56	2026-01-10 14:23:06.384
18531	8	120	5416	5.000	76.99	384.95	2026-01-08 08:00:02.5
21309	1	135	736	0.000	0.00	0.00	2026-01-08 11:51:53.598
20201	1	135	1672	0.000	0.00	0.00	2026-01-08 11:51:53.783
18533	8	120	5426	1.000	96.87	96.87	2026-01-08 08:00:02.592
20220	1	135	1644	0.000	90.06	0.00	2026-01-08 11:51:53.9
18169	8	120	5448	150.000	61.73	9259.50	2026-01-08 08:00:02.983
21591	1	138	1978	1.000	53.45	53.45	2026-01-12 16:12:45.593
20469	1	135	323	0.000	94.08	0.00	2026-01-08 09:52:07.491
21182	1	139	273	3.000	50.29	150.87	2026-01-08 10:41:54.187
21229	1	139	844	0.000	60.07	0.00	2026-01-08 10:41:56.986
21240	1	139	858	3.000	75.07	225.21	2026-01-08 10:41:57.682
21248	1	139	478	6.000	60.65	363.90	2026-01-08 10:41:58.095
21512	8	120	6034	2.000	189.28	378.56	2026-01-10 14:23:07.789
21102	1	139	196	0.000	252.86	0.00	2026-01-08 10:39:27.495
21445	1	136	418	7.000	48.26	337.82	2026-01-12 16:12:45.694
21516	1	139	1811	3.000	109.57	328.71	2026-01-12 06:10:24.784102
21520	1	139	1642	4.000	72.80	291.20	2026-01-12 06:10:24.784102
20895	1	138	682	0.000	75.46	0.00	2026-01-08 10:34:20.094
18173	8	120	5380	105.000	51.86	5445.30	2026-01-08 08:00:02.991
20277	1	135	228	3.000	116.88	350.64	2026-01-13 12:36:57.481
21282	1	138	1509	6.000	81.98	491.85	2026-01-12 16:12:45.188
21285	1	138	688	0.000	52.55	0.00	2026-01-08 10:52:00.083888
21510	8	120	6024	0.000	59.28	0.00	2026-01-10 14:23:07.691
21081	1	139	1605	0.000	144.98	0.00	2026-01-08 10:39:26.194
21513	8	120	6026	0.000	159.28	0.00	2026-01-10 14:23:07.887
21507	8	120	6066	0.000	64.28	0.00	2026-01-10 14:23:07.595
18265	8	120	6069	11.000	73.66	810.26	2026-01-05 15:32:58.485
21519	1	139	1880	3.000	64.57	193.71	2026-01-12 06:10:24.784102
21327	1	135	1638	0.000	0.00	0.00	2026-01-08 11:51:54.59
20213	1	135	183	0.000	0.00	0.00	2026-01-08 11:51:53.601
21522	1	139	739	2.000	138.23	276.46	2026-01-12 06:10:24.784102
21576	8	122	5565	1.000	295.24	295.24	2026-01-12 07:23:37.996
21577	8	122	5520	1.000	295.24	295.24	2026-01-12 07:23:38
21070	1	139	1610	8.000	64.44	515.52	2026-01-08 10:39:25.588
21509	8	120	5967	0.000	139.28	0.00	2026-01-10 14:23:07.686
21066	1	139	170	3.000	70.82	212.46	2026-01-08 10:39:25.383
20919	1	138	316	23.000	54.62	1256.26	2026-01-12 16:12:45.496
21494	8	120	6062	3.000	99.28	297.84	2026-01-10 14:23:07.196
21508	8	120	5988	0.000	64.28	0.00	2026-01-10 14:23:07.599
21488	8	120	5981	0.000	89.28	0.00	2026-01-10 14:23:06.898
18210	8	120	5982	20.000	69.34	1386.80	2026-01-10 14:23:06.9
21521	1	139	1648	0.000	70.39	0.00	2026-01-12 06:10:24.784102
20497	1	136	675	0.000	104.82	0.00	2026-01-12 16:12:45.383
20443	1	135	316	6.000	55.14	330.84	2026-01-12 16:12:45.494
18250	8	120	6040	0.000	104.28	0.00	2026-01-10 14:23:07.798
20456	1	135	326	0.000	48.03	0.00	2026-01-12 16:12:45.586
21590	1	138	326	24.000	48.03	1152.72	2026-01-12 16:12:45.588
20442	1	135	1978	0.000	53.45	0.00	2026-01-12 16:12:45.591
21496	8	120	6060	0.000	104.28	0.00	2026-01-10 14:23:07.287
20412	1	135	254	5.000	55.37	276.85	2026-01-08 12:38:29.09
21506	8	120	6068	0.000	89.28	0.00	2026-01-10 14:23:07.591
18243	8	120	6025	7.000	99.27	694.89	2026-01-10 14:23:07.89
21578	8	122	5594	0.000	235.24	0.00	2026-01-12 07:23:38.102
21579	8	122	5583	0.000	120.24	0.00	2026-01-12 07:23:38.185
21580	8	122	5593	-1.000	120.24	-120.24	2026-01-12 07:23:38.189
21581	8	122	5584	0.000	85.24	0.00	2026-01-12 07:23:38.284
21582	8	122	5579	0.000	85.24	0.00	2026-01-12 07:23:38.288
21583	8	122	5590	0.000	60.24	0.00	2026-01-12 07:23:38.296
21584	8	122	5554	0.000	85.24	0.00	2026-01-12 07:23:38.303
21497	8	120	6061	4.000	59.28	237.12	2026-01-10 14:23:07.29
21280	1	138	574	0.000	236.66	0.00	2026-01-12 16:12:45.093
21281	1	138	1508	0.000	156.66	0.00	2026-01-12 16:12:45.098
21593	1	138	419	19.000	53.26	1011.94	2026-01-12 16:12:45.691
21446	1	136	419	447.000	53.26	23807.22	2026-01-12 16:12:45.689
20842	1	138	342	3.000	73.94	221.82	2026-01-08 10:34:17.485
21064	1	139	724	12.000	57.90	694.80	2026-01-08 10:39:25.206
21599	8	122	5414	0.000	91.97	0.00	2026-01-13 12:53:32.891
20393	1	135	1805	17.000	43.53	740.01	2026-01-08 12:38:28.186
20409	1	135	1800	18.000	51.28	923.04	2026-01-12 11:06:12.683
20857	1	138	1559	0.000	116.94	0.00	2026-01-08 10:34:18.19
21063	1	139	723	5.000	45.87	229.35	2026-01-08 10:39:25.186
21594	1	138	418	18.000	48.26	868.68	2026-01-12 16:12:45.696
21072	1	139	1628	9.000	69.84	628.56	2026-01-08 10:39:25.693
21459	1	139	1604	3.000	54.71	164.14	2026-01-09 07:53:32.492415
20205	1	135	1653	1.000	134.65	134.65	2026-01-08 09:47:18.082
20247	1	135	733	3.000	105.64	316.92	2026-01-08 11:51:54.687
21331	1	135	1655	0.000	60.28	0.00	2026-01-08 11:51:55.085
21082	1	139	731	3.000	95.33	285.99	2026-01-08 10:39:26.286
21106	1	139	205	8.000	67.36	538.88	2026-01-08 10:39:27.698
21523	1	139	229	2.000	186.02	372.04	2026-01-12 06:10:24.784102
20951	1	139	531	9.000	50.65	455.85	2026-01-10 11:07:15.491
18246	8	120	6033	103.000	69.19	7126.57	2026-01-14 08:50:14.589
18264	8	120	6067	5.000	54.50	272.50	2026-01-10 14:23:06.688
18231	8	120	6011	1.000	59.00	59.00	2026-01-10 14:23:06.099
21479	8	120	6000	17.000	64.28	1092.76	2026-01-10 14:23:06.291
18311	8	122	5608	47.000	158.15	7433.05	2026-01-12 07:23:36.899
19958	7	113	5347	2.000	66.40	132.80	2026-01-08 08:34:02.593
19959	7	113	5351	0.000	66.40	0.00	2026-01-08 08:34:02.596
18346	8	122	5549	0.000	70.24	0.00	2026-01-12 07:23:37.585
19944	7	113	5325	0.000	61.40	0.00	2026-01-08 08:34:02.194
18377	8	122	5596	10.000	156.71	1567.10	2026-01-12 07:23:37.288
19931	7	113	5308	2.000	71.40	142.80	2026-01-08 08:34:01.99
19953	7	113	5339	17.000	111.40	1893.80	2026-01-08 08:34:02.491
18312	8	122	5609	0.000	100.24	0.00	2026-01-12 07:23:36.902
18354	8	122	5605	60.000	86.46	5187.60	2026-01-13 08:49:28.039
19908	7	113	5276	3.000	81.40	244.20	2026-01-08 08:34:01.402
19916	7	113	5284	6.000	251.40	1508.40	2026-01-08 08:34:01.591
18344	8	122	5559	0.000	180.24	0.00	2026-01-12 07:23:37.193
19922	7	113	5297	8.000	91.40	731.20	2026-01-08 08:34:01.79
19945	7	113	5326	3.000	171.40	514.20	2026-01-08 08:34:02.198
19896	7	113	5332	0.000	121.40	0.00	2026-01-08 08:34:01.194
19897	7	113	5333	10.000	81.40	814.00	2026-01-08 08:34:01.198
18414	8	122	5666	1.000	141.23	141.23	2026-01-05 15:59:57.984
18424	8	122	5658	20.000	112.33	2246.60	2026-01-05 15:59:57.893
19910	7	113	5278	1.000	181.39	181.39	2026-01-08 08:34:01.488
19911	7	113	5279	2.000	116.40	232.80	2026-01-08 08:34:01.492
19912	7	113	5281	2.000	171.40	342.80	2026-01-08 08:34:01.495
18407	8	122	5707	4.000	149.55	598.20	2026-01-05 15:59:58.09
19891	7	113	5295	7.000	56.40	394.80	2026-01-08 08:34:01.091
19892	7	113	5320	2.000	191.41	382.82	2026-01-08 08:34:01.095
15594	1	87	359	5.000	95.13	475.65	2025-12-16 10:56:02.883
19895	7	113	5331	5.000	191.40	957.00	2026-01-08 08:34:01.19
19898	7	113	5348	5.000	166.41	832.05	2026-01-08 08:34:01.282
19899	7	113	5349	10.000	101.40	1014.00	2026-01-08 08:34:01.286
19900	7	113	5350	15.000	66.40	996.00	2026-01-08 08:34:01.29
19902	7	113	5271	1.000	151.40	151.40	2026-01-08 08:34:01.296
19903	7	113	5270	1.000	121.40	121.40	2026-01-08 08:34:01.3
19906	7	113	5274	3.000	101.40	304.20	2026-01-08 08:34:01.394
19907	7	113	5275	7.000	71.40	499.80	2026-01-08 08:34:01.398
19909	7	113	5277	2.000	141.40	282.80	2026-01-08 08:34:01.484
19913	7	113	5280	1.000	101.40	101.40	2026-01-08 08:34:01.499
19915	7	113	5283	5.000	56.40	282.00	2026-01-08 08:34:01.587
19917	7	113	5285	4.000	71.40	285.60	2026-01-08 08:34:01.595
19918	7	113	5286	1.000	141.40	141.40	2026-01-08 08:34:01.598
19919	7	113	5287	1.000	101.40	101.40	2026-01-08 08:34:01.602
19920	7	113	5292	4.000	86.40	345.60	2026-01-08 08:34:01.699
19921	7	113	5293	1.000	71.40	71.40	2026-01-08 08:34:01.783
19923	7	113	5298	6.000	71.40	428.40	2026-01-08 08:34:01.794
19926	7	113	5301	5.000	56.40	282.00	2026-01-08 08:34:01.885
19927	7	113	5303	6.000	161.40	968.40	2026-01-08 08:34:01.889
19928	7	113	5302	5.000	91.40	457.00	2026-01-08 08:34:01.893
19929	7	113	5306	6.000	71.40	428.40	2026-01-08 08:34:01.982
19930	7	113	5307	3.000	116.40	349.20	2026-01-08 08:34:01.986
19933	7	113	5310	1.000	131.40	131.40	2026-01-08 08:34:01.997
19934	7	113	5312	29.000	71.40	2070.59	2026-01-08 08:34:02
19935	7	113	5313	12.000	108.40	1300.80	2026-01-08 08:34:02.081
19936	7	113	5314	18.000	71.40	1285.19	2026-01-08 08:34:02.085
19937	7	113	5311	3.000	141.40	424.20	2026-01-08 08:34:02.089
19938	7	113	5315	2.000	111.40	222.80	2026-01-08 08:34:02.094
19940	7	113	5321	13.000	101.40	1318.20	2026-01-08 08:34:02.104
19941	7	113	5322	8.000	71.40	571.20	2026-01-08 08:34:02.182
19942	7	113	5323	4.000	181.40	725.60	2026-01-08 08:34:02.186
19946	7	113	5327	4.000	111.40	445.60	2026-01-08 08:34:02.281
19948	7	113	5329	4.000	241.40	965.60	2026-01-08 08:34:02.29
19949	7	113	5330	7.000	131.40	919.80	2026-01-08 08:34:02.294
19951	7	113	5337	2.000	61.40	122.80	2026-01-08 08:34:02.482
19952	7	113	5338	2.000	141.40	282.80	2026-01-08 08:34:02.486
19955	7	113	5341	3.000	181.40	544.20	2026-01-08 08:34:02.501
19956	7	113	5342	1.000	91.40	91.40	2026-01-08 08:34:02.505
19957	7	113	5343	1.000	161.40	161.40	2026-01-08 08:34:02.582
19960	7	113	5352	2.000	81.40	162.80	2026-01-08 08:34:02.6
19961	7	113	5353	1.000	141.40	141.40	2026-01-08 08:34:02.685
19962	7	113	5356	2.000	121.40	242.80	2026-01-08 08:34:02.688
19963	7	113	5360	2.000	181.40	362.80	2026-01-08 08:34:02.694
19964	7	113	5361	4.000	191.40	765.60	2026-01-08 08:34:02.698
19965	7	113	5359	10.000	141.40	1414.00	2026-01-08 08:34:02.702
19966	7	113	5362	1.000	106.40	106.40	2026-01-08 08:34:02.783
19967	7	113	5365	1.000	151.40	151.40	2026-01-08 08:34:02.788
15596	1	87	580	4.000	143.15	572.60	2025-12-23 09:23:06.487
15595	1	87	638	0.000	44.05	0.00	2025-12-16 10:56:02.891
15522	1	100	1677	0.000	137.43	0.00	2025-12-23 09:12:25.806414
15530	1	100	1687	3.000	143.59	430.77	2025-12-23 09:13:25.592
15807	1	103	1476	1.000	69.69	69.69	2025-12-31 07:51:47.901
15808	1	103	1512	7.000	89.69	627.85	2025-12-31 07:51:48.003
15810	1	103	1496	4.000	149.80	599.19	2025-12-31 07:51:48.697
15809	1	103	1497	2.000	59.69	119.39	2025-12-31 07:51:48.803
15521	1	100	1676	0.000	87.43	0.00	2025-12-23 09:12:25.806414
15527	1	100	1684	0.000	177.43	0.00	2025-12-23 09:12:25.806414
13238	1	84	1496	2.000	156.91	313.83	2025-12-11 06:41:27.894
13239	1	84	1493	2.000	116.91	233.83	2025-12-11 06:41:27.901
12239	1	84	1502	1.000	136.91	136.91	2025-12-11 06:41:27.984
19989	1	134	53	9.000	82.02	738.20	2026-01-14 07:40:15.603
12143	1	84	515	38.000	86.91	3302.74	2025-12-11 06:41:27.989
13241	1	84	1497	1.000	66.91	66.91	2025-12-11 06:41:27.997
12187	1	84	635	2.000	51.91	103.83	2025-12-11 06:41:28.199
12188	1	84	1468	2.000	59.59	119.18	2025-12-11 06:41:28.281
12189	1	84	1471	2.000	66.91	133.83	2025-12-11 06:41:28.284
11777	1	81	639	0.000	78.89	157.78	2025-12-05 10:57:22.488
12170	1	84	1477	6.000	258.93	2330.40	2025-12-11 09:56:08.795
12190	1	84	525	12.000	80.37	964.49	2025-12-11 06:41:28.287
13231	1	84	1512	5.000	96.57	579.40	2025-12-11 06:41:27.384
12204	1	84	1492	1.000	286.91	286.91	2025-12-11 06:41:28.29
12210	1	84	585	2.000	133.56	267.12	2025-12-11 06:41:28.296
13240	1	84	538	2.000	132.58	1060.61	2025-12-11 06:41:27.987
12213	1	84	528	7.000	220.72	1545.03	2025-12-11 06:41:28.383
12194	1	84	629	0.000	111.81	335.43	2025-12-06 08:09:18.392
14150	1	82	1553	0.000	89.57	0.00	2025-12-27 08:28:09.795
13246	1	84	1506	6.000	111.91	671.49	2025-12-11 06:41:28.386
11816	1	81	680	6.000	52.63	315.78	2025-12-05 10:57:23.097
12148	1	84	1491	2.000	260.61	781.84	2025-12-11 06:41:27.192
13247	1	84	534	5.000	111.91	559.57	2025-12-11 06:41:28.389
13248	1	84	1498	6.000	112.12	672.74	2025-12-11 06:41:28.391
12222	1	84	541	161.000	72.17	11763.83	2025-12-11 06:41:28.489
19986	1	134	55	127.000	111.33	14139.43	2026-01-14 07:40:15.689
11789	1	81	655	0.000	54.13	216.52	2025-12-05 10:57:22.683
19973	1	134	147	4.000	85.12	340.48	2026-01-08 09:36:50.189
13237	1	84	573	4.000	104.01	416.03	2025-12-11 06:41:27.888
12214	1	84	527	8.000	106.36	850.90	2025-12-11 06:41:28.394
19984	1	134	51	7.000	70.35	492.47	2026-01-08 09:36:50.995
20018	1	134	133	2.000	136.20	272.40	2026-01-14 07:40:16.485
11804	1	81	354	3.000	66.90	669.00	2025-12-05 10:57:22.895
13249	1	84	1500	6.000	75.45	452.71	2025-12-11 06:41:28.396
13226	1	84	627	12.000	145.04	1885.53	2025-12-11 06:41:26.992
12141	1	84	517	4.000	131.67	526.67	2025-12-11 06:41:27.186
19985	1	134	57	11.000	183.00	2012.99	2026-01-14 07:40:15.697
13227	1	84	1475	1.000	236.91	236.91	2025-12-11 06:41:27.197
13228	1	84	1476	1.000	76.91	76.91	2025-12-11 06:41:27.202
12160	1	84	547	14.000	192.77	2698.76	2025-12-11 06:41:27.284
20015	1	134	59	7.000	170.09	1190.60	2026-01-14 07:40:15.701
13230	1	84	1479	5.000	146.91	734.57	2025-12-11 06:41:27.299
19981	1	134	86	21.000	57.51	1207.62	2026-01-14 07:40:15.999
12173	1	84	623	2.000	105.36	210.72	2025-12-11 06:41:27.39
12183	1	84	595	2.000	76.91	153.83	2025-12-11 06:41:27.492
19970	1	134	78	3.000	254.32	762.97	2026-01-08 09:36:50.089
12191	1	84	572	10.000	131.96	1319.59	2025-12-11 06:41:27.496
19971	1	134	80	14.000	83.37	1167.17	2026-01-08 09:36:50.096
19972	1	134	146	6.000	234.09	1404.52	2026-01-08 09:36:50.103
13233	1	84	1495	3.000	231.91	695.74	2025-12-11 06:41:27.499
12225	1	84	567	98.000	43.97	5056.48	2025-12-11 06:41:28.496
19974	1	134	77	1.000	229.34	229.34	2026-01-08 09:36:50.196
13234	1	84	1480	4.000	136.91	547.66	2025-12-11 06:41:27.589
12197	1	84	1489	3.000	111.22	333.66	2025-12-11 06:41:27.596
12236	1	84	574	2.000	236.91	473.83	2025-12-11 06:41:27.696
12240	1	84	1464	1.000	176.91	176.91	2025-12-11 06:41:27.703
12151	1	84	561	2.000	136.91	273.83	2025-12-11 06:41:27.787
19983	1	134	140	45.000	135.95	6117.78	2026-01-14 07:40:16.586
12223	1	84	560	11.000	72.19	794.10	2025-12-11 06:41:28.491
12224	1	84	1510	1.000	48.91	48.91	2025-12-11 06:41:28.493
19992	1	134	97	9.000	154.88	1393.90	2026-01-14 07:40:16.182
12193	1	84	530	10.000	196.42	1964.20	2025-12-11 08:17:35.835
20006	1	134	73	65.000	132.06	8583.67	2026-01-14 07:40:15.893
20010	1	134	102	85.000	101.58	8634.55	2026-01-14 07:40:16.193
11808	1	81	371	17.000	104.65	1883.66	2025-12-05 10:57:22.985
19977	1	134	144	16.000	97.40	1558.44	2026-01-14 07:40:16.593
19998	1	134	117	2.000	146.06	292.12	2026-01-14 07:40:16.287
19991	1	134	1524	1.000	131.39	131.39	2026-01-08 09:36:51.387
20009	1	134	74	111.000	82.56	9164.16	2026-01-14 07:40:15.896
19979	1	134	75	3.000	116.70	350.10	2026-01-14 07:40:15.9
19993	1	134	100	2.000	158.02	316.04	2026-01-08 11:52:42.486
18343	8	122	5544	9.000	118.47	1066.23	2026-01-12 07:23:37.19
20016	1	134	107	27.000	77.76	2099.61	2026-01-14 07:40:16.204
19999	1	134	1535	0.000	0.00	0.01	2026-01-09 07:51:31.796
20013	1	134	66	49.000	81.35	3986.15	2026-01-14 07:40:15.794
20014	1	134	110	14.000	83.00	1162.00	2026-01-14 07:40:16.284
14696	1	101	1562	0.000	34.73	833.52	2025-12-12 11:29:50.48
20007	1	134	101	78.000	109.57	8546.14	2026-01-08 09:36:51.994
13229	1	84	1482	0.000	74.83	149.66	2025-12-06 08:09:17.787
19997	1	134	129	4.000	148.20	592.80	2026-01-14 07:40:16.291
19988	1	134	52	1.000	66.20	66.20	2026-01-14 07:40:15.595
19995	1	134	111	6.000	235.44	1412.64	2026-01-14 07:40:16.295
14699	1	101	1565	5.000	41.45	207.25	2025-12-12 11:29:50.683
20008	1	134	116	21.000	70.35	1477.28	2026-01-14 07:40:16.39
12680	1	87	730	0.000	152.72	0.00	2025-12-23 09:23:32.492405
21087	1	139	157	32.000	51.19	1638.08	2026-01-08 10:39:26.587
14153	1	83	1556	0.000	65.21	65.21	2025-12-10 06:27:28.394
20027	1	134	70	81.000	119.43	9673.49	2026-01-08 09:36:52.795
11886	1	82	84	53.000	56.67	3003.47	2025-12-29 12:50:53.601
20083	1	134	119	2.000	279.25	558.49	2026-01-08 09:36:55.39
20077	1	134	132	1.000	198.70	198.70	2026-01-14 07:40:15.588
20934	1	138	1981	1.000	94.25	94.25	2026-01-08 10:34:22.691
14156	1	84	1462	1.000	84.83	169.66	2025-12-06 08:09:19.185
14154	1	84	1484	1.000	196.91	196.91	2025-12-11 06:41:27.684
18187	8	120	5944	2.000	89.86	179.72	2026-01-10 14:23:06.487
14152	1	83	1557	1.000	148.48	148.48	2025-12-06 08:08:32.785
20937	1	138	297	1.000	102.48	102.48	2026-01-08 10:34:22.888
20930	1	138	299	9.000	132.41	1191.66	2026-01-08 10:34:22.489
20046	1	134	150	9.000	74.03	666.24	2026-01-14 07:40:17.191
20079	1	134	145	42.000	244.13	10253.50	2026-01-14 07:40:15.592
20050	1	134	103	70.000	62.77	4394.00	2026-01-14 07:40:16.885
20025	1	134	60	35.000	110.91	3881.90	2026-01-14 07:40:15.781
20020	1	134	106	27.000	93.70	2529.90	2026-01-14 07:40:16.201
20921	1	138	293	0.000	71.94	0.00	2026-01-08 10:34:21.997
20040	1	134	112	33.000	108.26	3572.58	2026-01-14 07:40:16.901
20066	1	134	338	19.000	50.32	956.03	2026-01-14 07:40:17.281
20084	1	134	99	37.000	193.47	7158.29	2026-01-10 07:05:00.893
20039	1	134	114	61.000	105.61	6442.21	2026-01-14 07:40:16.905
20041	1	134	130	31.000	88.33	2738.25	2026-01-14 07:40:16.898
20928	1	138	1957	0.000	87.45	0.00	2026-01-08 10:34:22.391
18218	8	120	5992	155.000	54.08	8382.40	2026-01-10 14:23:06.79
20935	1	138	1967	0.000	92.46	0.00	2026-01-08 10:34:22.782
20932	1	138	697	9.000	68.13	613.17	2026-01-08 10:34:22.59
12665	1	87	158	26.000	66.00	1716.07	2025-12-23 09:24:24.038
21085	1	139	733	5.000	105.30	526.50	2026-01-08 10:39:26.398
20026	1	134	1546	1.000	56.20	56.20	2026-01-14 07:40:16.481
20064	1	134	1543	0.000	66.39	0.00	2026-01-10 07:05:02.492
12858	1	87	431	8.000	60.75	546.75	2025-12-05 10:28:13.978
18109	8	120	5407	43.000	158.72	6824.96	2026-01-08 08:00:01.794
20065	1	134	115	43.000	49.16	2113.71	2026-01-14 07:40:17.289
18191	8	120	5951	1.000	169.93	169.93	2026-01-10 14:23:06.596
20926	1	138	322	2.000	123.84	247.68	2026-01-08 10:34:22.287
20070	1	134	1538	36.000	77.89	2803.88	2026-01-14 07:40:17.297
20029	1	134	88	25.000	201.46	5036.43	2026-01-09 07:51:31.585
20069	1	134	143	89.000	56.90	5064.18	2026-01-14 07:40:17.397
20056	1	134	122	86.000	72.16	6205.52	2026-01-14 07:40:16.996
20927	1	138	291	23.000	44.58	1025.34	2026-01-12 16:12:45.486
14155	1	84	1470	0.000	50.83	50.83	2025-12-06 08:09:19.107
20936	1	138	694	2.000	113.45	226.90	2026-01-08 10:34:22.793
20929	1	138	1966	0.000	85.55	0.00	2026-01-08 10:34:22.4
20925	1	138	307	20.000	56.33	1126.60	2026-01-12 16:12:45.491
20931	1	138	687	2.000	151.60	303.20	2026-01-08 10:34:22.581
20924	1	138	1977	2.000	94.14	188.28	2026-01-08 10:34:22.19
20923	1	138	294	11.000	64.15	705.65	2026-01-08 10:34:22.182
20939	1	138	1955	3.000	191.90	575.70	2026-01-08 10:34:22.987
20940	1	138	306	5.000	71.60	358.00	2026-01-08 10:34:23.082
20938	1	138	290	11.000	82.59	908.49	2026-01-08 10:34:22.895
20922	1	138	333	8.000	83.11	664.88	2026-01-08 10:34:22.089
20082	1	134	82	3.000	273.67	821.02	2026-01-14 07:40:15.491
20024	1	134	151	244.000	94.06	22949.89	2026-01-14 07:40:16.681
20022	1	134	152	12.000	89.04	1068.51	2026-01-14 07:40:16.685
20075	1	134	95	7.000	372.39	2606.70	2026-01-14 07:40:15.496
21084	1	139	1639	5.000	104.93	524.64	2026-01-08 10:39:26.389
20030	1	134	1523	1.000	112.42	112.42	2026-01-08 09:36:52.986
20034	1	134	89	194.000	111.65	21660.10	2026-01-08 09:36:53.185
20021	1	134	136	0.000	149.99	0.00	2026-01-08 09:36:52.583
20076	1	134	104	60.000	169.41	10164.60	2026-01-10 07:05:00.896
20053	1	134	123	170.000	61.03	10375.10	2026-01-14 07:40:17.084
12709	1	87	1660	7.000	80.92	566.44	2025-12-23 09:23:32.492405
20081	1	134	131	30.000	206.92	6207.59	2026-01-14 07:40:15.584
20920	1	138	305	0.000	62.44	0.00	2026-01-08 10:34:21.984
20038	1	134	124	76.000	76.97	5849.70	2026-01-14 07:40:17.092
20044	1	134	142	150.000	85.71	12856.50	2026-01-14 07:40:17.184
20047	1	134	1541	5.000	79.60	398.00	2026-01-14 07:40:17.088
20033	1	134	54	27.000	78.32	2114.77	2026-01-14 07:40:16.688
20933	1	138	695	5.000	96.45	482.25	2026-01-08 10:34:22.683
20054	1	134	127	615.000	80.37	49427.55	2026-01-14 07:40:17.095
20032	1	134	139	116.000	120.02	13922.32	2026-01-14 07:40:16.583
20078	1	134	96	5.000	183.02	915.10	2026-01-10 07:05:00.887
21086	1	139	1602	9.000	74.81	673.29	2026-01-08 10:39:26.489
20060	1	134	67	118.000	71.84	8477.29	2026-01-14 07:40:16.695
20059	1	134	81	53.000	74.79	3963.82	2026-01-14 07:40:16.788
20042	1	134	1547	15.000	83.39	1250.87	2026-01-14 07:40:17.098
20045	1	134	148	29.000	70.91	2056.30	2026-01-14 07:40:17.188
20037	1	134	91	121.000	57.40	6945.40	2026-01-14 07:40:16.794
20085	10	131	6224	4.000	182.08	728.32	2026-01-09 13:50:24.834
20094	10	131	6234	200.000	100.83	20167.00	2026-01-15 08:54:23.384
20120	10	131	6263	92.000	54.76	5038.19	2026-01-15 08:54:23.4
20106	10	131	6248	96.000	75.57	7254.28	2026-01-15 08:54:23.488
20108	10	131	6250	44.000	136.47	6004.68	2026-01-15 08:54:23.49
20113	10	131	6256	5.000	277.95	1389.75	2026-01-15 08:54:23.501
20116	10	131	6259	116.000	49.96	5795.64	2026-01-15 08:54:23.59
20124	10	131	6267	6.000	182.11	1092.65	2026-01-15 08:54:23.685
20125	10	131	6268	9.000	108.07	972.60	2026-01-15 08:54:23.688
20129	10	131	6272	11.000	100.80	1108.78	2026-01-15 08:54:23.782
20090	10	131	6230	3.000	127.95	383.85	2026-01-15 08:54:23.787
20131	10	131	6274	3.000	157.53	472.60	2026-01-15 08:54:23.8
14244	1	85	1958	0.000	59.19	118.39	2025-12-08 12:18:10.999
14277	1	85	320	0.000	53.19	265.97	2025-12-08 12:18:11.79
20087	10	131	6226	10.000	106.63	1066.30	2026-01-15 08:54:23.9
14215	1	81	1567	2.000	77.17	154.34	2025-12-06 09:04:20.989316
14262	1	85	1976	1.000	159.09	477.28	2025-12-08 12:18:11.4
14241	1	85	1966	0.000	99.19	297.58	2025-12-08 12:18:10.989
14242	1	85	1961	0.000	119.19	238.39	2025-12-08 12:18:10.993
14272	1	85	1950	0.000	99.19	595.17	2025-12-08 12:18:11.595
14220	1	81	1574	1.000	153.05	153.05	2025-12-06 09:04:20.989316
14232	1	87	668	0.000	143.16	715.80	2025-12-06 09:05:47.922245
13265	1	83	1575	2.000	113.26	226.52	2025-12-10 06:27:28.196
12950	1	82	61	0.000	239.62	0.00	2025-12-29 12:50:53.487
14263	1	85	1952	0.000	139.19	3201.48	2025-12-08 12:18:11.478
14229	1	81	682	2.000	77.11	308.44	2025-12-06 09:04:20.989316
14227	1	81	1583	3.000	94.16	376.64	2025-12-06 09:04:20.989316
14209	1	81	634	0.000	82.82	248.46	2025-12-06 09:04:20.989316
14246	1	85	1981	1.000	99.19	495.97	2025-12-08 12:18:11.084
14245	1	85	687	1.000	159.19	159.19	2025-12-08 12:18:11.079
14250	1	85	2004	4.000	89.19	356.78	2025-12-08 12:18:11.184
14255	1	85	292	1.000	99.19	99.19	2025-12-08 12:18:11.29
14265	1	85	293	4.000	79.19	316.78	2025-12-08 12:18:11.489
14276	1	85	688	30.000	56.92	1707.75	2025-12-08 12:18:11.783
14254	1	85	310	0.000	159.19	795.97	2025-12-08 12:18:11.286
14217	1	81	1571	8.000	117.44	1174.40	2025-12-06 09:04:20.989316
14238	1	85	1960	0.000	79.19	316.78	2025-12-08 12:18:10.9
14218	1	81	357	7.000	483.58	3868.60	2025-12-06 09:04:20.989316
14224	1	81	1577	5.000	118.97	1427.64	2025-12-06 09:04:20.989316
14214	1	81	670	3.000	126.26	631.30	2025-12-06 09:04:20.989316
13299	1	83	1577	40.000	120.08	6004.18	2025-12-10 06:27:28.9
11951	1	82	104	52.000	168.44	8758.88	2025-12-29 12:50:53.195
13264	1	83	1579	10.000	91.94	919.44	2025-12-10 06:27:28.193
13274	1	83	1583	5.000	95.39	476.94	2025-12-10 06:27:28.386
13285	1	83	683	6.000	67.33	404.00	2025-12-10 06:27:28.687
20132	10	131	6275	2.000	178.19	356.38	2026-01-09 13:50:26.293
13292	1	83	682	6.000	77.64	465.81	2025-12-10 06:27:28.788
13297	1	83	1584	14.000	52.54	735.62	2025-12-10 06:27:28.893
20103	10	131	6245	13.000	87.52	1137.82	2026-01-15 08:54:23.997
20104	10	131	6246	47.000	70.31	3304.53	2026-01-15 08:54:24
14222	1	81	675	1.000	211.75	1270.50	2025-12-06 09:04:20.989316
14256	1	85	295	1.000	149.19	1790.34	2025-12-08 12:18:11.3
14252	1	85	1951	0.000	229.19	1833.56	2025-12-08 12:18:11.204
13287	1	83	378	4.000	47.84	191.35	2025-12-10 06:27:28.693
20097	10	131	6239	0.000	361.34	0.00	2026-01-09 13:49:09.495782
14273	1	85	1953	0.000	69.19	0.00	2025-12-10 13:06:57.984
14231	1	87	630	0.000	51.95	0.00	2025-12-23 09:21:38.296569
13300	1	83	1578	63.000	52.19	3339.85	2025-12-10 06:27:28.982
14278	1	85	1954	0.000	54.19	0.00	2025-12-10 13:06:57.987
14260	1	85	1971	0.000	239.19	0.00	2025-12-10 13:06:57.992
14271	1	85	1978	0.000	59.19	0.00	2025-12-10 13:06:57.994
14236	1	85	1957	0.000	94.39	1887.90	2025-12-08 12:18:10.89
14259	1	85	1974	0.000	159.19	477.58	2025-12-08 12:18:11.389
20098	10	131	6240	4.000	252.95	1011.80	2026-01-15 08:54:24.082
20096	10	131	6238	0.000	325.18	0.00	2026-01-12 06:14:56.897
14230	1	87	516	0.000	52.08	0.00	2025-12-23 09:21:38.296569
12855	1	87	423	1.000	71.84	574.72	2025-12-05 10:28:13.889
14233	1	87	1558	0.000	67.33	0.00	2025-12-06 09:05:47.922245
11917	1	82	72	11.000	160.10	1761.10	2025-12-29 12:50:53.499
18162	8	120	5447	125.000	86.65	10831.25	2026-01-08 08:00:02.699
14234	1	87	1561	0.000	81.06	0.00	2025-12-12 07:46:56.619
14212	1	81	1565	10.000	51.08	510.81	2025-12-06 09:04:20.989316
14226	1	81	1579	2.000	91.17	364.68	2025-12-06 09:04:20.989316
14279	1	71	5036	490.000	50.00	24500.00	2025-12-08 12:25:57.36
14280	1	71	5037	115.000	50.00	5750.00	2025-12-08 12:25:57.363
14281	1	71	5038	1.000	50.00	50.00	2025-12-08 12:25:57.367
20137	10	131	6282	362.000	31.88	11541.65	2026-01-15 08:54:23.392
20136	10	131	6281	63.000	66.78	4207.35	2026-01-15 08:54:23.389
18375	8	122	5607	28.000	104.99	2939.76	2026-01-12 07:23:37.203
20139	10	131	6284	543.000	39.94	21689.05	2026-01-15 08:54:23.397
20138	10	131	6283	10.000	96.34	963.36	2026-01-15 08:54:23.394
20957	1	139	144	9.000	95.09	855.81	2026-01-08 10:36:27.194
20942	1	139	515	13.000	83.56	1086.28	2026-01-12 16:12:43.391
20979	1	139	107	7.000	76.56	535.92	2026-01-08 10:36:28.294
18386	8	122	5495	0.000	77.94	0.00	2026-01-12 07:23:37.793
18392	8	122	5614	10.000	58.34	583.44	2026-01-12 07:23:37.897
20971	1	139	1535	2.000	158.69	317.38	2026-01-08 10:36:27.899
18288	8	122	5492	24.000	98.96	2374.96	2026-01-12 07:23:37.382
14284	1	81	514	0.000	243.48	1217.40	2025-12-09 07:34:13.494869
14221	1	81	362	6.000	143.87	1294.80	2025-12-06 09:04:20.989316
20944	1	139	580	4.000	143.15	572.60	2026-01-08 10:36:26.596
20945	1	139	579	7.000	143.15	1002.02	2026-01-08 10:36:26.689
20946	1	139	699	1.000	82.71	82.71	2026-01-08 10:36:26.697
20947	1	139	562	5.000	228.45	1142.25	2026-01-08 10:36:26.787
12821	1	87	247	5.000	44.62	223.10	2025-12-05 10:28:13.092
20948	1	139	552	1.000	156.95	156.95	2026-01-08 10:36:26.796
20949	1	139	529	1.000	254.07	254.07	2026-01-08 10:36:26.888
18302	8	122	5537	30.000	198.66	5959.80	2026-01-12 07:23:36.8
20955	1	139	93	13.000	153.62	1997.06	2026-01-08 10:36:27.097
20950	1	139	575	1.000	324.32	324.32	2026-01-08 10:36:26.896
12688	1	87	1661	2.000	140.48	280.96	2025-12-23 09:23:32.492405
20953	1	139	704	2.000	168.31	336.62	2026-01-08 10:36:27.083
20954	1	139	707	39.000	159.93	6237.44	2026-01-08 10:36:27.09
20956	1	139	79	9.000	65.75	591.77	2026-01-08 10:36:27.187
20958	1	139	84	13.000	55.82	725.64	2026-01-08 10:36:27.287
20960	1	139	140	7.000	134.97	944.81	2026-01-08 10:36:27.386
15814	1	103	1471	2.000	59.99	119.98	2025-12-31 07:51:49.197
14213	1	81	1566	0.000	66.94	334.70	2025-12-06 09:04:20.989316
20961	1	139	57	4.000	179.84	719.37	2026-01-08 10:36:27.485
20965	1	139	53	4.000	79.90	319.59	2026-01-08 10:36:27.688
12729	1	87	227	2.000	67.33	134.66	2025-12-01 16:24:59
14211	1	81	1563	4.000	69.29	277.14	2025-12-06 09:04:20.989316
14225	1	81	1578	5.000	51.53	515.30	2025-12-06 09:04:20.989316
15813	1	103	1499	3.000	74.69	224.08	2025-12-31 07:51:49.4
18368	8	122	5572	86.000	49.99	4299.14	2026-01-12 07:23:38.386
20976	1	139	74	13.000	80.71	1049.23	2026-01-08 10:36:28.189
20972	1	139	138	11.000	110.32	1213.52	2026-01-08 10:36:27.989
12770	1	87	774	0.000	96.48	964.80	2025-12-05 10:28:11.99
14228	1	81	1584	3.000	51.66	309.96	2025-12-06 09:04:20.989316
14216	1	81	353	2.000	218.22	1091.11	2025-12-06 09:04:20.989316
20941	1	139	698	1.000	0.01	0.01	2026-01-08 10:36:26.514
20973	1	139	120	3.000	110.10	330.29	2026-01-08 10:36:27.998
14219	1	81	1573	3.000	189.58	568.74	2025-12-06 09:04:20.989316
14223	1	81	1575	2.000	281.14	562.28	2025-12-06 09:04:20.989316
14210	1	81	1560	0.000	84.95	1274.25	2025-12-10 07:37:58.87
20975	1	139	73	7.000	191.36	1339.51	2026-01-08 10:36:28.097
15047	1	103	337	75.000	49.68	3726.00	2025-12-31 08:47:30.362
20978	1	139	66	1.000	80.16	80.16	2026-01-08 10:36:28.288
20983	1	139	60	9.000	109.94	989.49	2026-01-08 10:36:28.49
20984	1	139	70	8.000	120.09	960.75	2026-01-08 10:36:28.582
20985	1	139	72	4.000	160.46	641.82	2026-01-08 10:36:28.589
20986	1	139	703	1.000	69.53	69.53	2026-01-08 10:36:28.595
15555	1	100	1715	0.000	82.76	0.00	2025-12-23 09:13:30.088
20977	1	139	102	5.000	101.29	506.45	2026-01-08 10:36:28.2
18309	8	122	5545	0.000	150.24	0.00	2026-01-12 07:23:36.896
15547	1	100	1703	1.000	82.70	82.70	2025-12-23 09:13:31.887
20982	1	139	151	12.000	98.11	1177.32	2026-01-08 10:36:28.483
12751	1	87	404	0.000	91.66	0.00	2025-12-10 07:37:58.892
20968	1	139	705	0.000	164.56	0.00	2026-01-08 10:36:27.793
20962	1	139	55	10.000	110.79	1107.94	2026-01-08 10:36:27.583
12667	1	87	1593	3.000	111.30	333.90	2025-12-23 09:24:24.101
20974	1	139	105	3.000	89.54	268.61	2026-01-08 10:36:28.089
20967	1	139	100	1.000	156.78	156.78	2026-01-08 10:36:27.785
20966	1	139	97	2.000	149.47	298.94	2026-01-08 10:36:27.695
20959	1	139	87	7.000	68.97	482.79	2026-01-08 10:36:27.293
12617	1	87	83	0.000	150.48	902.88	2025-12-01 16:24:57.281
12602	1	87	1550	0.000	140.17	140.17	2025-12-01 16:24:56.994
11948	1	82	125	129.000	52.64	6790.56	2025-12-29 12:50:54.985
15564	1	100	1730	2.000	73.69	147.38	2025-12-23 09:13:30.381
14283	1	87	1984	3.000	126.77	380.31	2025-12-09 07:33:06.990572
12894	1	87	487	1.000	254.90	254.90	2025-12-05 10:28:14.79
12874	1	87	450	1.000	147.00	147.00	2025-12-05 10:28:14.294
12822	1	87	266	11.000	40.00	440.00	2025-12-05 10:28:13.096
15542	1	100	217	0.000	52.43	0.00	2025-12-23 09:12:25.806414
12641	1	87	96	5.000	199.46	997.30	2025-12-05 10:28:09.401
15565	1	100	1729	0.000	157.43	0.00	2025-12-23 09:12:25.806414
15815	1	103	1482	0.000	71.46	0.00	2025-12-18 08:37:56.689
12601	1	87	138	12.000	110.32	1323.84	2025-12-05 10:28:08.795
14439	1	100	206	64.000	98.06	6275.77	2025-12-23 09:13:26.286
14444	1	100	756	5.000	258.26	1291.28	2025-12-23 09:13:26.787
14448	1	100	226	31.000	355.40	11017.26	2025-12-23 09:13:26.99
14449	1	100	207	5.000	182.99	914.97	2025-12-23 09:13:27.085
14452	1	100	760	3.000	332.10	996.30	2025-12-23 09:13:27.403
14455	1	100	1696	2.000	61.46	122.91	2025-12-23 09:13:27.699
15523	1	100	1680	4.000	72.39	289.54	2025-12-23 09:13:29.785
18576	8	122	6079	1.000	0.10	0.10	2026-01-06 13:20:19.686
18295	8	122	5580	66.000	87.81	5795.46	2026-01-12 07:23:37.689
20140	1	135	2289	1.000	0.10	0.10	2026-01-08 09:45:11.34
20141	1	135	2285	1.000	0.10	0.10	2026-01-08 09:45:11.384
20142	1	135	2283	1.000	0.10	0.10	2026-01-08 09:45:11.393
20145	1	135	562	44.000	227.88	10026.72	2026-01-08 09:45:11.497
20146	1	135	552	100.000	177.88	17788.00	2026-01-08 09:45:11.585
20147	1	135	569	70.000	227.88	15951.60	2026-01-08 09:45:11.592
20149	1	135	578	77.000	227.88	17546.76	2026-01-08 09:45:11.687
14633	1	101	1473	0.000	53.24	0.00	2025-12-12 11:29:46.788
20150	1	135	588	15.000	277.88	4168.20	2026-01-08 09:45:11.694
20151	1	135	154	1.000	69.46	69.46	2026-01-08 09:45:11.701
20152	1	135	155	350.000	13.54	4739.00	2026-01-08 09:45:11.789
20154	1	135	79	1.000	65.83	65.83	2026-01-08 09:45:11.803
20155	1	135	144	82.000	94.75	7769.83	2026-01-08 09:45:11.888
20156	1	135	87	4.000	69.68	278.72	2026-01-08 09:45:11.894
15842	1	100	1809	0.000	41.24	0.00	2025-12-23 08:16:53.591
20158	1	135	74	80.000	80.84	6467.20	2026-01-08 09:45:11.988
15532	1	100	200	0.000	153.72	0.00	2025-12-23 09:13:29.48
15570	1	100	1726	4.000	97.35	389.40	2025-12-23 09:13:28.988
12961	1	82	705	4.000	164.64	658.56	2025-12-29 12:50:53.901
20159	1	135	126	2.000	134.55	269.10	2026-01-08 09:45:11.994
20163	1	135	95	67.000	369.38	24748.46	2026-01-08 09:45:12.187
20164	1	135	104	90.000	167.93	15113.70	2026-01-08 09:45:12.197
20165	1	135	99	129.000	192.32	24809.28	2026-01-08 09:45:12.285
20991	1	139	91	8.000	56.16	449.30	2026-01-08 10:36:28.882
15559	1	100	1718	1.000	57.53	57.53	2025-12-23 09:13:30.78
15487	1	100	57	5.000	179.94	899.70	2025-12-23 08:16:49.194
15851	1	100	1869	2.000	89.15	178.30	2025-12-23 08:16:53.291
21012	1	139	706	2.000	370.43	740.85	2026-01-08 10:36:29.795
14948	1	103	1511	15.000	149.84	2247.60	2025-12-31 07:51:48
15572	1	100	1733	2.000	132.49	264.98	2025-12-23 09:13:28.588
12971	1	82	1520	5.000	89.60	448.00	2025-12-29 12:50:54.295
21016	1	139	119	4.000	279.63	1118.52	2026-01-08 10:36:30.082
21017	1	139	99	7.000	193.47	1354.31	2026-01-08 10:36:30.091
21019	1	139	709	1.000	166.09	166.09	2026-01-08 10:36:30.196
20143	1	135	570	28.000	302.75	8477.00	2026-01-15 09:06:57.875
18337	8	122	5550	0.000	140.24	0.00	2026-01-12 07:23:37.187
20148	1	135	529	28.000	252.88	7080.64	2026-01-08 09:45:11.598
20157	1	135	57	0.000	179.94	0.00	2026-01-08 09:45:11.9
20161	1	135	58	79.000	79.23	6259.17	2026-01-08 09:45:12.09
21005	1	139	67	20.000	71.06	1421.20	2026-01-08 10:36:29.489
15844	1	100	1815	3.000	69.53	208.59	2025-12-23 08:16:53.299
18339	8	122	5557	12.000	116.83	1401.96	2026-01-12 07:23:37.497
21013	1	139	96	0.000	179.53	0.00	2026-01-08 10:36:29.888
11884	1	82	79	151.000	66.01	9967.51	2025-12-29 12:50:53.595
18322	8	122	5613	6.000	109.15	654.90	2026-01-12 07:23:37.485
20144	1	135	633	0.000	277.88	0.00	2026-01-08 09:45:11.491
20865	1	138	369	1.000	42.97	42.97	2026-01-08 10:34:18.59
20989	1	139	54	0.000	74.83	0.00	2026-01-08 10:36:28.784
20996	1	139	71	39.000	46.47	1812.33	2026-01-08 10:36:29.085
21015	1	139	131	4.000	205.96	823.84	2026-01-08 10:36:29.99
21007	1	139	1538	6.000	75.37	452.22	2026-01-08 10:36:29.591
20792	1	138	553	5.000	82.56	412.81	2026-01-08 10:34:15.285
20993	1	139	112	6.000	106.38	638.30	2026-01-08 10:36:28.895
20162	1	135	63	10.000	46.36	463.60	2026-01-13 09:40:27.883
20990	1	139	94	0.000	97.86	0.00	2026-01-08 10:36:28.791
20153	1	135	93	185.000	151.62	28049.70	2026-01-08 09:45:11.796
15563	1	100	1722	0.000	83.26	0.00	2025-12-23 09:13:31.085
14438	1	100	235	37.000	102.42	3789.54	2025-12-23 09:13:26.196
15847	1	100	1832	1.000	130.93	130.93	2025-12-23 08:16:54.091
11935	1	82	109	82.000	84.18	6902.76	2025-12-29 12:50:54.401
15850	1	100	1868	0.000	155.87	0.00	2025-12-20 11:13:49.497
15543	1	100	1699	0.000	63.45	0.00	2025-12-23 09:13:31.492
15852	1	100	1870	0.000	55.86	0.00	2025-12-20 11:13:49.581
18356	8	122	5494	1.000	120.24	120.24	2026-01-12 07:23:38.192
15854	1	100	1786	3.000	140.09	420.27	2025-12-23 08:16:53.99
15845	1	100	1814	2.000	39.34	78.68	2025-12-23 08:16:53.303
18359	8	122	5578	0.000	120.24	0.00	2026-01-12 07:23:38.199
15855	1	100	1785	3.000	108.81	326.43	2025-12-23 08:16:53.981
15551	1	100	1708	0.000	132.41	0.00	2025-12-23 09:13:31.697
15856	1	100	1788	0.000	0.00	0.00	2025-12-23 08:16:52.498
15848	1	100	1839	0.000	80.89	0.00	2025-12-20 11:13:49.491
15849	1	100	1849	1.000	110.49	110.49	2025-12-23 08:16:53.501
15871	1	100	245	5.000	66.30	331.50	2025-12-23 08:16:53.684
15843	1	100	1812	1.000	69.08	69.08	2025-12-23 08:16:54.095
15873	1	100	811	0.000	0.00	0.00	2025-12-23 08:16:53.088
15846	1	100	1817	1.000	69.33	69.33	2025-12-23 08:16:53.587
15569	1	100	1725	3.000	172.13	516.39	2025-12-23 09:13:28.882
18360	8	122	5508	7.000	113.26	792.82	2026-01-12 07:23:38.202
20998	1	139	103	4.000	61.26	245.04	2026-01-08 10:36:29.183
15826	1	87	179	1.000	210.89	210.89	2025-12-23 09:24:26.192
14731	1	101	316	21.000	54.65	1147.65	2025-12-12 11:29:52.4
15857	1	100	237	1.000	80.32	80.32	2025-12-23 08:16:52.501
14473	1	100	805	16.000	59.99	959.84	2025-12-23 08:16:52.893
20160	1	135	139	191.000	116.41	22234.31	2026-01-08 09:45:12.084
20995	1	139	1541	4.000	78.11	312.44	2026-01-08 10:36:28.991
14525	1	100	318	67.000	62.11	4161.51	2025-12-24 12:31:25.183
21278	1	138	568	5.000	60.25	301.25	2026-01-12 16:12:45.083
12967	1	82	152	7.000	85.97	601.81	2025-12-29 12:50:54.282
15853	1	100	270	0.000	59.73	0.00	2025-12-23 08:16:53.482
14460	1	100	232	2.000	82.76	165.52	2025-12-23 09:13:28.69
15841	1	100	1801	6.000	79.47	476.82	2025-12-23 08:16:53.497
14954	1	103	579	3.000	142.19	426.58	2025-12-31 07:51:48.086
21014	1	139	145	1.000	242.25	242.25	2026-01-08 10:36:29.982
14921	1	103	515	44.000	79.73	3508.12	2025-12-31 08:47:30.386
21003	1	139	122	50.000	69.98	3499.00	2026-01-08 10:36:29.386
21117	1	139	234	4.000	51.71	206.83	2026-01-08 10:39:28.385
20166	10	132	6226	2.000	106.71	213.42	2026-01-08 09:46:24.647
20168	10	132	6233	9.000	190.75	1716.75	2026-01-08 09:46:24.69
20172	10	132	6258	19.000	100.05	1900.93	2026-01-08 09:46:24.886
20174	10	132	6261	4.000	119.50	478.00	2026-01-08 09:46:24.984
20175	10	132	6262	22.000	59.40	1306.83	2026-01-08 09:46:25.186
20178	10	132	6266	14.000	50.75	710.50	2026-01-08 09:46:25.382
20179	10	132	6270	1.000	344.39	344.39	2026-01-08 09:46:25.39
20182	10	132	6283	1.000	94.48	94.48	2026-01-08 09:46:25.498
20183	10	132	6284	37.000	40.75	1507.75	2026-01-08 09:46:25.587
21088	1	139	178	2.000	205.60	411.19	2026-01-08 10:39:26.598
21089	1	139	179	1.000	210.89	210.89	2026-01-08 10:39:26.691
21090	1	139	737	1.000	280.66	280.66	2026-01-08 10:39:26.784
21091	1	139	180	3.000	280.50	841.50	2026-01-08 10:39:26.882
21093	1	139	741	4.000	64.84	259.36	2026-01-08 10:39:26.982
21094	1	139	742	1.000	171.34	171.34	2026-01-08 10:39:26.992
21095	1	139	748	7.000	65.96	461.72	2026-01-08 10:39:27.086
21096	1	139	749	2.000	391.96	783.92	2026-01-08 10:39:27.095
21097	1	139	188	5.000	135.56	677.80	2026-01-08 10:39:27.189
21098	1	139	755	1.000	124.78	124.78	2026-01-08 10:39:27.282
21099	1	139	753	1.000	94.86	94.86	2026-01-08 10:39:27.291
21103	1	139	191	15.000	115.57	1733.58	2026-01-08 10:39:27.588
15817	1	87	5037	49.000	50.00	2450.00	2025-12-18 08:18:20.797
21104	1	139	208	10.000	82.54	825.40	2026-01-08 10:39:27.682
15889	1	100	815	1.000	79.52	79.52	2025-12-23 08:16:52.985
15901	1	100	1858	0.000	0.00	0.00	2025-12-23 08:16:53.998
12635	1	87	67	21.000	71.06	1492.26	2025-12-05 10:28:09.302
15824	1	87	1538	4.000	75.54	302.16	2025-12-18 08:23:41.185034
21109	1	139	762	1.000	115.20	115.20	2026-01-08 10:39:27.893
21111	1	139	216	2.000	144.39	288.78	2026-01-08 10:39:27.999
21113	1	139	221	2.000	183.33	366.66	2026-01-08 10:39:28.096
21114	1	139	219	3.000	263.98	791.95	2026-01-08 10:39:28.187
21118	1	139	763	11.000	40.90	449.90	2026-01-08 10:39:28.395
20180	10	132	6281	5.000	65.75	328.75	2026-01-12 12:56:32.241
21467	1	138	220	2.000	207.06	414.12	2026-01-10 11:07:15.583
21092	1	139	743	1.000	397.02	397.02	2026-01-08 10:39:26.892
21115	1	139	760	4.000	333.31	1333.23	2026-01-08 10:39:28.196
15911	1	100	268	0.000	70.77	0.00	2025-12-19 07:42:07.583
15920	1	87	592	0.000	53.16	0.00	2025-12-24 10:32:21.885
18286	8	122	5487	87.000	88.54	7702.98	2026-01-12 07:23:37.682
11913	1	82	106	26.000	92.45	2403.63	2025-12-29 12:50:53.796
20528	1	136	377	5.000	51.53	257.65	2026-01-08 10:28:52.996
20503	1	136	1559	0.000	0.00	0.00	2026-01-08 10:28:51.986
20169	10	132	6236	0.000	57.98	0.00	2026-01-08 12:48:48.304
20171	10	132	6249	7.000	48.25	337.75	2026-01-10 11:22:31.291
21108	1	139	761	0.000	145.83	0.00	2026-01-08 10:39:27.882
20176	10	132	6263	20.000	54.23	1084.60	2026-01-10 11:22:31.295
21119	1	139	1722	0.000	82.75	0.00	2026-01-08 10:39:28.489
20181	10	132	6282	83.000	32.00	2656.00	2026-01-09 07:59:43.493
15921	1	102	153	0.000	356.26	0.00	2025-12-19 07:46:45.806
12652	1	87	716	0.000	112.02	0.00	2025-12-05 10:28:09.597
12614	1	87	60	9.000	110.06	990.54	2025-12-05 10:28:09.003
15890	1	100	1837	0.000	90.86	0.00	2025-12-23 08:16:53.79
15917	1	100	1882	1.000	141.91	141.91	2025-12-23 08:16:53.898
20177	10	132	6264	2.000	73.23	146.46	2026-01-08 12:48:48.298
21116	1	139	764	3.000	149.50	448.50	2026-01-08 10:39:28.291
15915	1	100	820	0.000	0.00	0.00	2025-12-23 08:16:52.78
21527	1	139	524	0.000	71.65	0.00	2026-01-12 16:12:43.353
21100	1	139	204	8.000	66.13	529.04	2026-01-08 10:39:27.384
21524	1	139	611	0.000	96.65	0.00	2026-01-12 16:12:43.381
15919	1	101	63	77.000	45.09	3471.93	2025-12-26 07:32:25.87
15812	1	103	1506	2.000	109.69	219.39	2025-12-31 07:51:49.3
21020	1	139	715	1.000	90.25	90.25	2026-01-08 10:36:30.286
12594	1	87	57	4.000	178.44	713.76	2025-12-05 10:28:08.691
12595	1	87	56	0.000	99.14	0.00	2025-12-05 10:28:08.695
15823	1	87	97	7.000	150.42	1052.93	2025-12-18 08:23:41.185034
12959	1	82	129	1.000	141.68	141.68	2025-12-29 12:50:53.888
21120	1	139	758	1.000	56.94	56.94	2026-01-08 10:39:28.497
20173	10	132	6259	23.000	49.80	1145.40	2026-01-08 12:48:48.38
21101	1	139	227	6.000	67.57	405.42	2026-01-08 10:39:27.487
20170	10	132	6248	6.000	75.55	453.30	2026-01-09 07:59:43.497
11939	1	82	58	154.000	80.13	12340.02	2025-12-29 12:50:54.289
11907	1	82	126	34.000	134.78	4582.52	2025-12-29 12:50:53.989
11938	1	82	127	588.000	79.88	46969.44	2025-12-29 12:50:54.702
20943	1	139	153	0.000	336.66	0.00	2026-01-12 16:12:43.387
21112	1	139	756	4.000	256.99	1027.96	2026-01-08 10:39:28.087
21047	1	139	1614	0.000	100.28	0.00	2026-01-08 10:39:24.291
15916	1	100	1878	0.000	148.85	0.00	2025-12-23 08:16:52.786
15888	1	100	1836	0.000	101.26	0.00	2025-12-23 08:16:52.599
21525	1	139	1466	0.000	155.87	0.00	2026-01-12 16:12:43.481
21110	1	139	220	9.000	207.06	1863.54	2026-01-10 11:07:15.497
15825	1	87	1541	2.000	75.45	150.90	2025-12-18 08:23:41.185034
20507	1	136	1588	19.000	88.58	1683.02	2026-01-08 10:28:52.097
21287	1	139	1635	2.000	146.23	292.46	2026-01-08 10:53:11.182262
21105	1	139	206	12.000	98.62	1183.44	2026-01-08 10:39:27.69
21107	1	139	190	15.000	71.58	1073.70	2026-01-08 10:39:27.791
18138	8	120	5459	0.000	116.43	0.00	2026-01-05 15:57:04.495
20199	1	135	171	3.000	50.80	152.41	2026-01-08 09:47:17.788
20218	1	135	1612	11.000	64.48	709.28	2026-01-08 11:51:53.793
18215	8	120	5987	9.000	88.21	793.86	2026-01-10 14:23:07.501
18132	8	120	5399	6.000	99.43	596.60	2026-01-08 08:00:01.784
20206	1	135	163	1.000	235.06	235.06	2026-01-08 11:51:53.289
20196	1	135	1595	8.000	83.85	670.80	2026-01-12 11:02:02.91
20239	1	135	1599	12.000	83.03	996.34	2026-01-08 11:51:54.189
20223	1	135	1613	0.000	0.00	0.00	2026-01-08 09:47:19.095
20212	1	135	1596	0.000	183.43	0.00	2026-01-12 11:02:02.914
18134	8	120	5425	12.000	86.62	1039.44	2026-01-08 08:00:01.99
18125	8	120	5451	2.000	126.50	253.00	2026-01-05 15:57:04.39
20194	1	135	158	15.000	67.94	1019.09	2026-01-08 11:51:53.175
20214	1	135	1598	6.000	167.38	1004.28	2026-01-12 11:02:02.986
20187	1	135	1662	0.000	68.87	0.00	2026-01-08 09:47:17.19
20216	1	135	182	18.000	128.23	2308.16	2026-01-08 11:51:53.286
18195	8	120	5957	0.000	194.28	0.00	2026-01-10 14:23:07.092
20195	1	135	1593	0.000	0.00	0.00	2026-01-08 11:51:53.19
20244	1	135	731	0.000	96.64	0.00	2026-01-08 11:51:54.386
18212	8	120	5984	1.000	129.21	129.21	2026-01-10 14:23:07.393
20184	1	135	175	10.000	96.84	968.40	2026-01-08 11:51:53.495
20192	1	135	184	3.000	107.56	322.69	2026-01-08 11:51:53.688
20193	1	135	732	2.000	123.33	246.66	2026-01-08 11:51:53.481
18206	8	120	5977	144.000	106.13	15282.72	2026-01-10 14:23:06.685
20217	1	135	172	54.000	107.50	5805.00	2026-01-08 11:51:53.39
18204	8	120	5975	34.000	114.17	3881.78	2026-01-10 14:23:06.593
18151	8	120	5434	12.000	111.87	1342.44	2026-01-08 08:00:02.601
20224	1	135	176	0.000	0.00	-0.01	2026-01-08 11:51:54.582
20200	1	135	1671	12.000	78.93	947.16	2026-01-08 11:51:54
20219	1	135	1608	7.000	79.29	555.06	2026-01-08 11:51:54.181
20202	1	135	1667	0.000	94.84	0.00	2026-01-08 09:47:17.9
20234	1	135	1642	0.000	0.00	-0.02	2026-01-08 11:51:54.693
18188	8	120	5945	6.000	82.97	497.82	2026-01-10 14:23:06.497
18153	8	120	5450	8.000	91.49	731.91	2026-01-08 08:00:02.598
18156	8	120	5466	19.000	91.48	1738.12	2026-01-08 08:00:02.787
18150	8	120	5438	9.000	108.91	980.19	2026-01-08 08:00:02.681
20188	1	135	1646	4.000	81.99	327.94	2026-01-08 09:47:17.197
20189	1	135	186	1.000	87.80	87.80	2026-01-08 09:47:17.287
20191	1	135	166	1.000	115.74	115.74	2026-01-08 09:47:17.385
15969	1	82	1526	0.000	149.60	0.00	2025-12-29 12:50:53.689
15924	1	100	1791	0.000	230.95	0.00	2025-12-20 11:13:49.801
20210	1	135	169	2.000	105.84	211.67	2026-01-08 09:47:18.384
15927	1	100	816	0.000	100.95	0.00	2025-12-20 11:13:51.091
15929	1	100	261	0.000	60.95	0.00	2025-12-20 11:13:51.196
15931	1	100	1859	0.000	130.95	0.00	2025-12-20 11:13:51.283
15933	1	100	1865	0.000	110.95	0.00	2025-12-20 11:13:51.386
15932	1	100	1864	0.000	110.95	0.00	2025-12-20 11:13:51.301
15966	1	82	59	2.000	164.98	329.96	2025-12-29 12:50:53.389
15986	1	82	1549	1.000	54.60	54.60	2025-12-29 12:50:54.993
15935	1	100	1883	0.000	100.95	0.00	2025-12-20 11:13:51.701
15968	1	82	69	0.000	69.67	0.00	2025-12-29 12:50:53.496
20221	1	135	159	16.000	66.53	1064.55	2026-01-08 09:47:18.986
20222	1	135	723	13.000	46.84	608.93	2026-01-08 09:47:19.082
20225	1	135	181	2.000	65.81	131.62	2026-01-08 09:47:19.191
15925	1	100	239	0.000	65.27	0.00	2025-12-23 08:16:52.886
15928	1	100	1847	0.000	0.00	0.00	2025-12-23 08:16:54.098
15923	1	100	269	0.000	89.65	0.00	2025-12-23 08:16:53.397
20238	1	135	161	1.000	79.86	79.86	2026-01-08 09:47:19.795
20245	1	135	1600	2.000	113.79	227.57	2026-01-08 11:51:54.802
20197	1	135	167	18.000	81.75	1471.58	2026-01-08 11:51:53.3
20228	1	135	729	27.000	58.38	1576.37	2026-01-08 11:51:54.381
20203	1	135	1611	0.000	109.78	0.00	2026-01-08 09:47:17.987
18124	8	120	5449	11.000	148.56	1634.16	2026-01-08 08:00:01.996
20229	1	135	720	0.000	0.00	0.00	2026-01-08 11:51:54.185
20232	1	135	740	19.000	82.71	1571.55	2026-01-08 11:51:54.793
20230	1	135	168	87.000	72.15	6276.62	2026-01-08 11:51:54.796
20198	1	135	1616	0.000	0.00	0.00	2026-01-08 11:51:53.881
20240	1	135	1603	6.000	89.36	536.16	2026-01-08 11:51:54.805
20246	1	135	1639	0.000	0.00	0.00	2026-01-12 11:02:02.996
20226	1	135	1663	6.000	49.49	296.96	2026-01-08 11:51:54.891
15930	1	100	1856	37.000	39.04	1444.48	2025-12-23 08:16:53.183
15922	1	100	271	1.000	129.68	129.68	2025-12-23 08:16:53.393
20235	1	135	1670	17.000	69.01	1173.13	2026-01-08 11:51:54.894
20237	1	135	1658	0.000	0.00	-0.01	2026-01-08 11:51:54.79
15926	1	100	1842	2.000	60.01	120.02	2025-12-23 08:16:53.994
20227	1	135	1651	25.000	73.43	1835.78	2026-01-08 11:51:54.782
20186	1	135	185	22.000	82.00	1804.03	2026-01-08 11:51:53.704
18152	8	120	5431	6.000	91.39	548.34	2026-01-08 08:00:02.595
18205	8	120	5976	5.000	98.25	491.25	2026-01-10 14:23:06.599
15967	1	82	1518	0.000	171.55	0.00	2025-12-23 09:15:55.598
18216	8	120	5989	10.000	68.92	689.20	2026-01-10 14:23:07.387
20233	1	135	1637	0.000	89.56	0.00	2026-01-08 11:51:54.587
20204	1	135	1669	0.000	0.00	-0.01	2026-01-08 11:51:53.997
15934	1	100	1879	0.000	93.94	0.00	2025-12-23 08:16:53.798
18208	8	120	5979	79.000	70.86	5597.94	2026-01-10 14:23:06.494
20231	1	135	738	15.000	63.40	950.97	2026-01-08 11:51:54.888
20209	1	135	739	0.000	0.00	0.00	2026-01-08 11:51:53.701
15985	1	82	1543	3.000	71.59	214.77	2025-12-29 12:50:54.893
18131	8	120	5446	3.000	141.86	425.58	2026-01-08 08:00:02.09
20259	1	135	1631	1.000	172.30	172.30	2026-01-08 09:47:21.289
20260	1	135	1629	4.000	183.48	733.92	2026-01-08 09:47:21.298
20261	1	135	173	3.000	243.25	729.75	2026-01-08 09:47:21.395
21454	1	134	1551	1.000	123.70	123.70	2026-01-14 07:40:16.596
20290	1	135	1740	2.000	93.49	186.98	2026-01-13 12:36:57.688
21347	1	134	1537	4.000	91.00	364.00	2026-01-14 07:40:16.895
21348	1	134	1545	3.000	80.74	242.22	2026-01-14 07:40:16.987
20322	1	135	231	461.000	58.56	26996.16	2026-01-13 12:36:57.494
20252	1	135	1659	12.000	68.22	818.64	2026-01-08 11:51:54.996
15993	1	100	1789	0.000	0.00	0.00	2025-12-20 14:34:50.800915
20250	1	135	1650	6.000	49.07	294.43	2026-01-08 11:51:55.096
21457	1	134	1539	1.000	61.20	61.20	2026-01-14 07:40:16.999
20740	1	137	337	0.000	56.66	0.00	2026-01-09 07:46:56.181
20349	1	135	1721	0.000	157.56	0.00	2026-01-13 12:36:57.387
20764	1	138	550	15.000	71.37	1070.55	2026-01-08 10:34:13.99
21544	1	139	1514	0.000	86.66	0.00	2026-01-12 16:12:43.986
20253	1	135	1649	4.000	79.10	316.40	2026-01-08 11:51:54.989
21545	1	139	671	0.000	111.88	0.00	2026-01-12 16:12:43.99
20630	1	137	542	0.000	128.23	0.00	2026-01-08 10:31:11.583
20379	1	135	1831	0.000	64.57	0.00	2026-01-08 12:38:29.201
21546	1	139	362	0.000	80.56	0.00	2026-01-12 16:12:43.994
21547	1	139	675	0.000	104.82	0.00	2026-01-12 16:12:44.083
20255	1	135	1645	0.000	47.49	0.00	2026-01-08 11:51:55.182
21349	1	134	1540	3.000	81.00	243.00	2026-01-14 07:40:17.003
20257	1	135	1648	0.000	0.00	0.00	2026-01-08 11:51:54.985
20256	1	135	1609	8.000	47.41	379.28	2026-01-08 11:51:55.1
21548	1	139	370	0.000	62.44	0.00	2026-01-12 16:12:44.088
18379	8	122	5567	1.000	238.90	238.90	2026-01-12 07:23:37.291
20258	1	135	722	0.000	48.07	0.00	2026-01-08 11:51:54.999
21549	1	139	371	0.000	100.60	0.00	2026-01-12 16:12:44.093
20063	1	134	1549	4.000	61.20	244.80	2026-01-14 07:40:17.392
20460	1	135	336	8.000	77.90	623.20	2026-01-12 11:12:47.145
21023	10	133	6236	49.000	58.04	2843.96	2026-01-12 11:42:58.397
21453	1	134	1526	0.000	155.19	0.00	2026-01-09 07:51:31.589
20321	1	135	1726	4.000	102.56	410.24	2026-01-13 12:36:57.492
20314	1	135	211	2.000	60.98	121.96	2026-01-13 12:36:56.885
20366	1	135	758	5.000	62.56	312.80	2026-01-13 12:36:57.09
20300	1	135	226	29.000	355.72	10315.88	2026-01-13 12:36:57.392
20782	1	138	520	14.000	50.78	710.92	2026-01-08 10:34:14.787
21550	1	139	291	0.000	44.65	0.00	2026-01-12 16:12:44.185
20918	1	138	1980	3.000	73.35	220.05	2026-01-12 16:12:45.598
21022	10	133	6232	8.000	25.62	204.96	2026-01-14 12:15:27.086
20262	1	135	1621	0.000	372.99	0.00	2026-01-08 09:47:21.482
18361	8	122	5517	31.000	79.05	2450.55	2026-01-12 07:23:38.292
18389	8	122	5617	8.000	78.18	625.44	2026-01-12 07:23:37.885
18376	8	122	5610	1.000	123.44	123.44	2026-01-12 07:23:37.285
21543	1	139	635	0.000	103.31	0.00	2026-01-12 16:12:43.981
21551	1	139	307	0.000	56.34	0.00	2026-01-12 16:12:44.189
21552	1	139	316	0.000	55.14	0.00	2026-01-12 16:12:44.193
21553	1	139	321	0.000	74.39	0.00	2026-01-12 16:12:44.283
21554	1	139	326	0.000	48.03	0.00	2026-01-12 16:12:44.287
21555	1	139	1978	0.000	53.45	0.00	2026-01-12 16:12:44.291
21556	1	139	1980	0.000	73.69	0.00	2026-01-12 16:12:44.384
21557	1	139	1983	0.000	74.13	0.00	2026-01-12 16:12:44.389
21595	8	122	5553	-1.000	0.00	0.00	2026-01-12 16:17:51.184652
21558	1	139	418	0.000	48.26	0.00	2026-01-12 16:12:44.398
21021	10	133	6231	18.000	66.75	1201.50	2026-01-14 12:15:27.095
20639	1	137	568	0.000	60.25	0.00	2026-01-12 16:12:45.081
18440	8	122	5663	0.000	53.51	0.00	2026-01-05 15:59:58.596
21601	8	120	5657	2.000	167.05	334.10	2026-01-13 08:49:28.081
21276	1	138	1473	1.000	66.66	66.66	2026-01-12 16:12:44.692
20623	1	137	1491	0.000	261.66	0.00	2026-01-09 07:46:54.706
20309	1	135	224	13.000	335.74	4364.68	2026-01-13 12:36:57.291
20271	1	135	1723	3.000	187.56	562.68	2026-01-13 12:36:57.487
21455	1	134	1553	0.000	95.21	0.00	2026-01-10 07:05:01.805
20002	1	134	708	19.000	131.24	2493.56	2026-01-14 07:40:16.5
20254	1	135	157	125.000	52.68	6585.00	2026-01-08 11:51:54.9
21456	1	134	1522	15.000	50.19	752.85	2026-01-09 07:51:32.095
20248	1	135	1607	54.000	48.45	2616.30	2026-01-08 11:51:54.195
20249	1	135	1652	32.000	53.24	1703.68	2026-01-08 11:51:54.992
18371	8	122	5533	0.000	197.55	0.00	2026-01-05 15:38:09.892
18568	8	122	5702	2.000	77.97	155.94	2026-01-05 15:59:58.794
20616	1	137	515	0.000	0.00	0.00	2026-01-12 16:12:44.588
18395	8	122	5719	0.000	71.88	0.00	2026-01-05 15:59:58.2
20251	1	135	1604	0.000	0.00	0.01	2026-01-08 11:51:55.092
21452	1	134	1519	4.000	145.45	581.82	2026-01-14 07:40:15.801
18180	8	120	5605	10.000	86.33	863.30	2026-01-13 08:49:28.041
20272	1	135	1689	0.000	177.56	0.00	2026-01-13 12:36:56.786
20265	1	135	209	8.000	55.56	444.48	2026-01-13 12:36:56.789
20359	1	135	1698	7.000	57.56	402.92	2026-01-13 12:36:56.896
20369	1	135	1719	7.000	72.56	507.92	2026-01-13 12:36:57.38
18577	1	129	154	127.000	69.46	8821.42	2026-01-06 21:07:46.184
18578	1	129	55	80.000	109.94	8795.20	2026-01-06 21:07:46.192
18579	1	129	74	50.000	80.41	4020.50	2026-01-06 21:07:46.199
18580	1	129	151	150.000	94.35	14152.50	2026-01-06 21:07:46.287
18582	1	129	85	200.000	74.69	14938.00	2026-01-06 21:07:46.381
18583	1	129	103	100.000	69.40	6940.00	2026-01-06 21:07:46.391
15860	1	100	808	0.000	106.75	0.00	2025-12-22 14:07:15.04
18584	1	129	113	300.000	69.24	20772.00	2026-01-06 21:07:46.402
20279	1	135	197	12.000	74.58	895.02	2026-01-13 12:36:56.68
18585	1	129	118	98.000	69.42	6803.16	2026-01-06 21:07:46.408
18586	1	129	67	100.000	70.28	7028.00	2026-01-06 21:07:46.488
18587	1	129	50	59.000	54.62	3222.58	2026-01-06 21:07:46.496
18588	1	129	63	1020.000	44.73	45623.01	2026-01-06 21:07:46.584
18589	1	129	5036	490.000	50.00	24500.00	2026-01-06 21:07:46.59
18590	1	129	5037	115.000	50.00	5750.00	2026-01-06 21:07:46.597
18591	1	129	5038	1.000	50.00	50.00	2026-01-06 21:07:46.688
15970	1	82	1528	0.000	69.60	0.00	2025-12-29 12:50:53.697
15972	1	82	108	0.000	109.60	0.00	2025-12-29 12:50:53.702
12981	1	82	150	2.000	69.60	139.20	2025-12-29 12:50:54.797
11899	1	82	708	22.000	130.16	2863.62	2025-12-29 12:50:54.089
15982	1	82	1537	0.000	84.40	0.00	2025-12-29 12:50:54.487
11932	1	82	71	797.000	45.44	36215.68	2025-12-29 12:50:54.301
15864	1	100	1795	0.000	0.00	0.00	2025-12-23 08:16:52.799
15874	1	100	249	0.000	0.00	0.00	2025-12-23 08:16:52.897
14467	1	100	1799	1.000	239.33	239.33	2025-12-23 08:16:52.592
14497	1	100	236	1.000	139.30	139.30	2025-12-23 08:16:53.781
15908	1	100	1871	0.000	0.00	0.00	2025-12-23 08:16:52.998
12976	1	82	112	31.000	104.94	3253.14	2025-12-29 12:50:54.494
15868	1	100	1804	0.000	115.18	0.00	2025-12-23 08:16:53.883
15998	1	87	112	5.000	106.15	530.75	2025-12-22 07:17:46.996753
15870	1	100	244	65.000	44.47	2890.55	2025-12-23 08:16:53.097
15880	1	100	254	29.000	56.35	1634.15	2025-12-23 08:16:53.901
15859	1	100	1790	0.000	150.83	0.00	2025-12-20 11:13:49.797
15879	1	100	1821	0.000	80.88	0.00	2025-12-20 11:13:50.295
15878	1	100	1822	0.000	150.83	0.00	2025-12-20 11:13:50.292
15863	1	100	1794	0.000	105.77	0.00	2025-12-22 14:07:15.046
15858	1	100	806	0.000	75.86	0.00	2025-12-20 11:13:49.794
15900	1	100	1857	0.000	76.38	0.00	2025-12-23 08:16:52.989
15983	1	82	1540	0.000	74.47	0.00	2025-12-29 12:50:54.599
20284	1	135	189	1.000	81.77	81.77	2026-01-08 09:48:08.699
16007	1	82	1545	0.000	74.80	0.00	2025-12-29 12:50:54.584
15875	1	100	1818	16.000	60.54	968.64	2025-12-23 08:16:52.9
15877	1	100	814	10.000	91.20	912.00	2025-12-23 08:16:54.19
15866	1	100	1798	0.000	45.77	0.00	2025-12-19 07:42:06.589
16002	1	82	1517	0.000	159.76	0.00	2025-12-29 12:50:53.396
11946	1	82	143	81.000	56.19	4551.39	2025-12-29 12:50:54.996
15867	1	100	1802	0.000	130.83	0.00	2025-12-20 11:13:49.986
15861	1	100	1792	0.000	130.86	0.00	2025-12-20 11:13:49.885
15869	1	100	1807	0.000	143.67	0.00	2025-12-20 11:13:49.998
15883	1	100	1827	0.000	185.84	0.00	2025-12-20 11:13:50.395
15978	1	82	1548	2.000	171.62	343.24	2025-12-29 12:50:54.092
15872	1	100	1810	0.000	60.86	0.00	2025-12-20 11:13:50.09
15882	1	100	1825	0.000	60.86	0.00	2025-12-20 11:13:50.389
15886	1	100	1829	0.000	97.88	0.00	2025-12-20 11:13:50.485
15885	1	100	1830	0.000	60.81	0.00	2025-12-20 11:13:50.402
12979	1	82	124	71.000	75.29	5345.71	2025-12-29 12:50:54.697
18581	1	129	71	1285.000	45.01	57835.50	2026-01-12 06:07:55.963
15977	1	82	135	0.000	150.01	0.00	2025-12-29 12:50:53.997
16004	1	82	68	0.000	129.71	0.00	2025-12-29 12:50:53.493
11944	1	82	115	38.000	48.01	1824.34	2025-12-29 12:50:54.89
16001	1	82	1516	1.000	85.86	85.86	2025-12-29 12:50:53.294
15979	1	82	1551	0.000	117.10	0.00	2025-12-29 12:50:54.186
15865	1	100	1797	0.000	107.25	0.00	2025-12-23 08:16:52.881
20287	1	135	206	89.000	98.92	8803.67	2026-01-13 12:36:56.783
16005	1	82	75	1.000	110.94	110.94	2025-12-29 12:50:53.589
20282	1	135	191	75.000	118.34	8875.18	2026-01-13 12:36:56.485
15996	1	87	1613	1.000	72.07	72.07	2025-12-23 09:24:25.299
20288	1	135	1674	7.000	55.60	389.20	2026-01-13 12:36:56.391
20275	1	135	1682	0.000	117.56	0.00	2026-01-15 09:08:46.46
14480	1	100	1816	0.000	179.51	0.00	2025-12-23 08:16:53.281
20263	1	135	188	2.000	135.43	270.86	2026-01-08 09:48:07.7
20266	1	135	204	25.000	67.56	1689.00	2026-01-15 09:08:46.47
20273	1	135	1684	0.000	172.26	0.00	2026-01-08 09:48:08.282
11923	1	82	89	195.000	111.45	21732.75	2025-12-27 08:28:10
15981	1	82	1521	0.000	149.61	0.00	2025-12-29 12:50:54.298
20280	1	135	196	12.000	257.11	3085.32	2026-01-13 12:36:56.597
15862	1	100	1793	0.000	169.48	0.00	2025-12-23 08:16:52.588
15994	1	101	372	24.000	60.30	1447.20	2025-12-24 10:32:21.881
14475	1	100	263	2.000	98.75	197.50	2025-12-23 08:16:52.993
15995	1	87	229	0.000	184.26	0.00	2025-12-22 07:17:46.996753
15999	1	87	117	3.000	141.76	425.28	2025-12-22 07:17:46.996753
15902	1	100	1861	2.000	169.17	338.34	2025-12-23 08:16:52.687
20285	1	135	1741	0.000	153.13	0.00	2026-01-08 09:48:08.786
11949	1	82	63	863.000	45.03	38860.89	2025-12-29 12:50:55
12973	1	82	98	57.000	69.95	3987.15	2025-12-29 12:50:54.395
20289	1	135	205	162.000	68.15	11040.30	2026-01-13 12:36:56.697
15984	1	82	1532	14.000	50.73	710.22	2025-12-29 12:50:54.887
15906	1	100	264	1.000	59.08	59.08	2025-12-23 08:16:54.082
15907	1	100	1867	5.000	55.16	275.80	2025-12-23 08:16:54.087
15997	1	87	72	4.000	160.19	640.76	2025-12-22 07:17:46.996753
20269	1	135	212	11.000	53.50	588.50	2026-01-13 12:36:56.888
20286	1	135	235	40.000	102.94	4117.60	2026-01-13 12:36:57.691
20278	1	135	1690	0.000	92.43	0.00	2026-01-08 09:48:08.488
18592	1	128	2387	3.000	0.10	0.30	2026-01-06 21:11:32.485
14462	1	100	199	27.000	72.83	1966.41	2025-12-23 09:13:29.189
14727	1	101	301	0.000	132.13	0.00	2025-12-12 11:29:52.287
18594	1	128	584	3.000	138.77	416.31	2026-01-06 21:11:32.5
20881	1	138	1565	0.000	40.17	0.00	2026-01-08 10:34:19.387
18595	1	128	555	12.000	133.93	1607.14	2026-01-06 21:11:32.588
18596	1	128	523	5.000	152.91	764.54	2026-01-06 21:11:32.594
18598	1	128	550	18.000	71.37	1284.71	2026-01-06 21:11:32.687
21468	1	136	1557	1.000	166.67	166.67	2026-01-10 12:05:55.097
18600	1	128	570	2.000	303.53	607.05	2026-01-06 21:11:32.698
18601	1	128	580	16.000	211.90	3390.35	2026-01-06 21:11:32.785
18602	1	128	547	12.000	189.44	2273.26	2026-01-06 21:11:32.792
18603	1	128	582	3.000	129.55	388.65	2026-01-06 21:11:32.881
18604	1	128	624	8.000	169.89	1359.12	2026-01-06 21:11:32.889
21458	1	139	1596	1.000	183.43	183.43	2026-01-09 07:53:32.492415
18605	1	128	626	1.000	86.06	86.06	2026-01-06 21:11:32.896
14638	1	101	601	0.000	84.12	0.00	2025-12-12 11:29:46.987
18630	1	128	562	3.000	228.57	685.71	2026-01-06 21:11:33.987
15881	1	100	1984	0.000	0.00	0.00	2025-12-23 08:16:52.682
15891	1	100	1840	0.000	65.83	0.00	2025-12-20 11:13:50.688
18606	1	128	618	1.000	48.53	48.53	2026-01-06 21:11:32.991
15903	1	100	1862	0.000	80.86	0.00	2025-12-20 11:13:51.294
15895	1	100	1845	0.000	50.84	0.00	2025-12-20 11:13:51.083
15894	1	100	1844	0.000	95.86	0.00	2025-12-20 11:13:50.987
15896	1	100	1846	0.000	160.86	0.00	2025-12-20 11:13:51.087
15899	1	100	1853	0.000	120.87	0.00	2025-12-20 11:13:51.182
15898	1	100	1852	0.000	230.86	0.00	2025-12-20 11:13:51.101
15893	1	100	1843	0.000	170.83	0.00	2025-12-20 11:13:50.982
15892	1	100	1841	0.000	90.85	0.00	2025-12-20 11:13:50.785
15884	1	100	1828	0.000	120.83	0.00	2025-12-20 11:13:50.398
15914	1	100	1877	0.000	180.86	0.00	2025-12-20 11:13:51.591
18608	1	128	589	2.000	129.72	259.43	2026-01-06 21:11:33.091
15910	1	100	1873	0.000	130.83	0.00	2025-12-20 11:13:51.491
15918	1	100	1885	0.000	60.83	0.00	2025-12-20 11:13:51.697
15905	1	100	1866	0.000	80.81	0.00	2025-12-20 11:13:51.391
18609	1	128	627	3.000	139.08	417.23	2026-01-06 21:11:33.184
16010	1	102	672	2.000	70.54	141.09	2025-12-23 06:28:16.681
16021	1	102	1585	1.000	56.54	56.54	2025-12-23 06:28:17.39
15909	1	100	1872	0.000	0.00	0.00	2025-12-23 08:16:52.795
18610	1	128	633	2.000	280.15	560.29	2026-01-06 21:11:33.19
18611	1	128	509	12.000	128.78	1545.32	2026-01-06 21:11:33.197
18612	1	128	610	3.000	112.25	336.76	2026-01-06 21:11:33.285
18613	1	128	1513	3.000	103.76	311.28	2026-01-06 21:11:33.292
18614	1	128	519	14.000	89.47	1252.56	2026-01-06 21:11:33.382
18616	1	128	520	10.000	49.77	497.70	2026-01-06 21:11:33.395
18617	1	128	512	15.000	49.51	742.68	2026-01-06 21:11:33.484
18620	1	128	532	3.000	85.97	257.92	2026-01-06 21:11:33.585
18621	1	128	587	6.000	67.66	405.95	2026-01-06 21:11:33.592
18623	1	128	572	6.000	129.25	775.47	2026-01-06 21:11:33.691
18624	1	128	535	7.000	149.80	1048.58	2026-01-06 21:11:33.698
18625	1	128	573	4.000	79.49	317.97	2026-01-06 21:11:33.788
18627	1	128	1478	2.000	111.05	222.09	2026-01-06 21:11:33.884
18631	1	128	552	8.000	156.95	1255.57	2026-01-06 21:11:33.993
18632	1	128	569	5.000	228.78	1143.88	2026-01-06 21:11:34.083
21463	1	139	765	0.000	83.63	0.00	2026-01-09 07:53:32.492415
18635	1	128	518	1.000	220.71	220.71	2026-01-06 21:11:34.188
18636	1	128	528	2.000	218.00	436.00	2026-01-06 21:11:34.196
18637	1	128	539	2.000	244.75	489.49	2026-01-06 21:11:34.288
18638	1	128	541	15.000	71.64	1074.60	2026-01-06 21:11:34.294
18639	1	128	513	3.000	188.77	566.31	2026-01-06 21:11:34.384
18640	1	128	1503	3.000	199.86	599.59	2026-01-06 21:11:34.391
18641	1	128	556	4.000	129.77	519.09	2026-01-06 21:11:34.483
18642	1	128	1465	7.000	109.33	765.29	2026-01-06 21:11:34.491
21460	1	139	1669	1.000	89.77	89.77	2026-01-09 07:53:32.492415
20167	10	132	6232	0.000	25.75	0.00	2026-01-12 06:14:56.885
21559	10	133	6238	1.000	325.18	325.18	2026-01-12 06:14:56.982
21560	10	133	6240	2.000	220.98	441.96	2026-01-12 06:14:56.988
18622	1	128	625	1.000	232.45	232.45	2026-01-06 21:11:33.684
18619	1	128	548	2.000	90.04	180.07	2026-01-06 21:11:33.495
18626	1	128	553	2.000	79.68	159.36	2026-01-06 21:11:33.795
18597	1	128	561	2.000	128.93	257.86	2026-01-06 21:11:32.681
18628	1	128	1489	1.000	126.25	126.25	2026-01-06 21:11:33.89
15912	1	100	1875	1.000	47.81	47.81	2025-12-23 08:16:53.194
15897	1	100	1851	1.000	59.37	59.37	2025-12-23 08:16:53.084
14491	1	100	278	32.000	89.10	2851.20	2025-12-23 08:16:53.599
15554	1	100	1712	1.000	72.50	72.50	2025-12-23 09:13:29.199
16028	1	100	1693	0.000	82.73	0.00	2025-12-23 09:12:25.806414
16025	1	100	195	0.000	257.73	0.00	2025-12-23 09:12:25.806414
16032	1	100	761	0.000	148.71	0.00	2025-12-23 09:13:26.593
16023	1	102	1558	0.000	52.34	0.00	2025-12-23 06:28:17.484
16034	1	100	1717	1.000	231.91	231.91	2025-12-23 09:13:31.19
16022	1	102	668	0.000	69.04	0.00	2025-12-23 06:28:17.397
14632	1	101	531	1.000	52.22	52.22	2025-12-12 11:29:46.782
16026	1	100	1690	0.000	91.70	0.00	2025-12-23 09:13:25.882
16027	1	100	210	0.000	202.77	0.00	2025-12-23 09:13:31.599
16012	1	102	1555	0.000	111.45	0.00	2025-12-27 13:52:01.49
16014	1	102	1556	0.000	62.95	0.00	2025-12-27 13:52:01.682
16029	1	100	218	1.000	181.96	181.96	2025-12-23 09:13:27.388
16017	1	102	1574	0.000	76.45	0.00	2025-12-27 13:52:01.783
16008	1	102	1568	0.000	86.95	0.00	2025-12-27 13:52:01.189
16011	1	102	1573	0.000	92.75	0.00	2025-12-27 13:52:01.306
16016	1	102	1582	0.000	76.45	0.00	2025-12-27 13:52:01.697
16009	1	102	1570	0.000	58.95	0.00	2025-12-27 13:52:01.293
16013	1	102	1586	0.000	167.45	0.00	2025-12-27 13:52:01.492
16020	1	102	1567	1.000	36.74	36.74	2025-12-27 13:52:01.984
16019	1	102	1590	1.000	53.70	53.70	2025-12-27 13:52:01.981
16018	1	102	1561	0.000	0.00	0.15	2025-12-27 13:52:01.785
15887	1	100	1835	1.000	128.99	128.99	2025-12-23 08:16:53.802
16033	1	100	1713	0.000	81.51	0.00	2025-12-23 09:13:29.986
16030	1	100	1704	0.000	123.09	0.00	2025-12-23 09:13:29.591
16031	1	100	1707	0.000	136.95	0.00	2025-12-23 09:13:32.091
16015	1	102	352	0.000	0.00	-0.01	2025-12-27 13:52:01.685
16024	1	102	1580	0.000	0.00	-0.01	2025-12-27 13:52:02.185
15904	1	100	1863	0.000	149.38	0.00	2025-12-23 08:16:52.69
15913	1	100	1876	0.000	169.12	0.00	2025-12-23 08:16:53.887
15876	1	100	813	0.000	59.28	0.00	2025-12-23 08:16:52.603
18645	1	128	578	4.000	228.34	913.37	2026-01-06 21:11:34.681
18646	1	128	588	4.000	277.88	1111.52	2026-01-06 21:11:34.689
14363	1	100	562	44.000	227.88	10026.72	2025-12-23 08:16:48.995
18647	1	128	620	4.000	92.76	371.04	2026-01-06 21:11:34.696
18648	1	128	1483	7.000	55.41	387.89	2026-01-06 21:11:34.788
18649	1	128	575	5.000	326.30	1631.51	2026-01-06 21:11:34.796
14515	1	100	321	1.000	74.39	74.39	2025-12-23 09:10:30.281
18650	1	128	613	9.000	69.09	621.82	2026-01-06 21:11:34.982
18651	1	128	557	17.000	69.59	1183.04	2026-01-06 21:11:34.99
18653	1	128	545	4.000	71.34	285.36	2026-01-06 21:11:35.093
18654	1	128	554	6.000	69.60	417.62	2026-01-06 21:11:35.184
21247	1	139	865	0.000	89.20	0.00	2026-01-08 10:41:58.086
18656	1	128	631	1.000	69.46	69.46	2026-01-06 21:11:35.206
18657	1	128	594	10.000	69.39	693.86	2026-01-06 21:11:35.288
21219	1	139	422	0.000	48.03	0.00	2026-01-08 10:41:56.385
21234	1	139	853	0.000	68.74	0.00	2026-01-08 10:41:57.197
18661	1	128	628	2.000	78.52	157.03	2026-01-06 21:11:35.489
18662	1	128	63	77.000	45.01	3465.77	2026-01-06 21:11:35.582
18663	1	128	640	3.000	98.21	294.63	2026-01-06 21:11:35.59
18664	1	128	645	1.000	141.81	141.81	2026-01-06 21:11:35.597
18665	1	128	649	1.000	59.19	59.19	2026-01-06 21:11:35.69
18666	1	128	650	1.000	73.29	73.29	2026-01-06 21:11:35.698
18668	1	128	664	6.000	91.11	546.64	2026-01-06 21:11:35.794
18669	1	128	665	3.000	155.06	465.17	2026-01-06 21:11:35.884
18670	1	128	642	4.000	84.05	336.20	2026-01-06 21:11:35.892
18673	1	128	359	24.000	95.13	2283.04	2026-01-06 21:11:35.994
18674	1	128	354	13.000	68.54	891.07	2026-01-06 21:11:36.085
18675	1	128	1569	9.000	46.99	422.95	2026-01-06 21:11:36.092
18676	1	128	342	4.000	73.94	295.76	2026-01-06 21:11:36.182
18677	1	128	672	2.000	72.07	144.14	2026-01-06 21:11:36.191
18678	1	128	1571	13.000	114.85	1493.03	2026-01-06 21:11:36.281
18679	1	128	355	6.000	105.87	635.22	2026-01-06 21:11:36.289
18680	1	128	1573	2.000	91.51	183.01	2026-01-06 21:11:36.295
14516	1	100	302	51.000	69.97	3568.63	2025-12-24 12:31:24.489
16056	1	100	310	9.000	153.72	1383.51	2025-12-24 12:31:24.586
21289	1	139	194	0.000	256.75	0.00	2026-01-08 10:53:11.182262
18684	1	128	1579	6.000	89.37	536.21	2026-01-06 21:11:36.491
18685	1	128	1575	1.000	110.73	110.73	2026-01-06 21:11:36.498
18686	1	128	371	14.000	98.78	1382.87	2026-01-06 21:11:36.589
18687	1	128	677	9.000	109.69	987.24	2026-01-06 21:11:36.596
18688	1	128	366	6.000	102.94	617.66	2026-01-06 21:11:36.687
18689	1	128	667	10.000	109.32	1093.22	2026-01-06 21:11:36.694
18690	1	128	340	5.000	109.93	549.65	2026-01-06 21:11:36.783
21018	1	139	601	0.000	83.90	0.00	2026-01-08 10:36:30.184
18692	1	128	348	8.000	102.59	820.72	2026-01-06 21:11:36.796
16077	1	100	1954	20.000	49.76	995.20	2025-12-24 12:31:25.281
14520	1	100	295	4.000	143.82	575.28	2025-12-24 12:31:24.68
14519	1	100	332	13.000	133.81	1739.53	2025-12-24 12:31:24.593
15534	1	100	209	27.000	50.06	1351.62	2025-12-23 09:13:25.099
15488	1	100	56	6.000	98.15	588.90	2025-12-23 11:09:16.582
18693	1	128	374	2.000	156.21	312.41	2026-01-06 21:11:36.886
18695	1	128	1583	3.000	91.64	274.93	2026-01-06 21:11:36.985
18696	1	128	1588	2.000	88.20	176.40	2026-01-06 21:11:36.992
18697	1	128	363	4.000	59.40	237.61	2026-01-06 21:11:37.085
16078	1	82	1530	0.000	229.61	0.00	2025-12-29 12:50:53.189
18698	1	128	368	6.000	67.25	403.49	2026-01-06 21:11:37.091
20525	1	136	365	13.000	59.10	768.36	2026-01-08 10:28:52.888
18701	1	128	1584	5.000	49.52	247.58	2026-01-06 21:11:37.195
18702	1	128	1564	5.000	45.15	225.75	2026-01-06 21:11:37.283
18703	1	128	1577	4.000	116.44	465.74	2026-01-06 21:11:37.291
18704	1	128	679	10.000	124.90	1249.00	2026-01-06 21:11:37.298
18705	1	128	674	1.000	61.29	61.29	2026-01-06 21:11:37.388
18706	1	128	343	6.000	73.92	443.50	2026-01-06 21:11:37.395
18707	1	128	344	15.000	74.58	1118.74	2026-01-06 21:11:37.484
18708	1	128	346	6.000	84.85	509.11	2026-01-06 21:11:37.491
18712	1	128	349	3.000	50.60	151.80	2026-01-06 21:11:37.658
18713	1	128	350	7.000	61.09	427.63	2026-01-06 21:11:37.688
21464	1	138	331	4.000	86.01	344.04	2026-01-09 07:54:44.887208
18715	1	128	1565	5.000	40.17	200.86	2026-01-06 21:11:37.785
18716	1	128	361	4.000	48.97	195.86	2026-01-06 21:11:37.793
18717	1	128	360	4.000	47.12	188.48	2026-01-06 21:11:37.887
18718	1	128	370	4.000	60.09	240.36	2026-01-06 21:11:37.894
18719	1	128	365	3.000	55.81	167.42	2026-01-06 21:11:37.985
18720	1	128	364	3.000	56.15	168.44	2026-01-06 21:11:37.994
18721	1	128	683	13.000	64.38	836.92	2026-01-06 21:11:38.003
18722	1	128	376	4.000	73.56	294.22	2026-01-06 21:11:38.088
18723	1	128	351	5.000	56.47	282.37	2026-01-06 21:11:38.096
18725	1	128	377	2.000	48.80	97.60	2026-01-06 21:11:38.195
18726	1	128	1567	2.000	36.25	72.50	2026-01-06 21:11:38.285
20107	10	131	6249	191.000	48.61	9283.71	2026-01-15 08:54:23.493
18728	1	128	671	4.000	109.82	439.29	2026-01-06 21:11:38.392
18729	1	128	682	4.000	75.46	301.83	2026-01-06 21:11:38.4
20524	1	136	370	20.000	62.44	1248.80	2026-01-12 16:12:45.389
18731	1	128	1580	7.000	57.99	405.90	2026-01-06 21:11:38.492
18732	1	128	678	12.000	54.09	649.09	2026-01-06 21:11:38.499
18733	1	128	367	8.000	57.45	459.62	2026-01-06 21:11:38.589
18734	1	128	676	11.000	56.54	621.92	2026-01-06 21:11:38.596
21153	1	139	407	2.000	101.34	202.68	2026-01-08 10:41:52.686
21562	10	133	6266	18.000	50.47	908.46	2026-01-14 12:15:27.099
18737	1	128	1581	7.000	70.30	492.09	2026-01-06 21:11:38.785
18739	1	128	321	1.000	92.12	92.12	2026-01-06 21:11:38.886
21585	1	135	6287	1.000	0.10	0.10	2026-01-12 11:02:02.917
21586	1	135	6288	1.000	0.10	0.10	2026-01-12 11:02:02.92
16080	1	100	1965	0.000	90.81	0.00	2025-12-23 09:10:35.288
18644	1	128	1507	1.000	108.04	108.04	2026-01-06 21:11:34.589
18709	1	128	345	3.000	84.96	254.87	2026-01-06 21:11:37.497
18699	1	128	369	3.000	42.65	127.96	2026-01-06 21:11:37.181
18694	1	128	680	3.000	52.63	157.88	2026-01-06 21:11:36.893
21324	1	135	1610	1.000	35.98	35.98	2026-01-12 11:02:02.989
21587	1	135	6289	1.000	0.10	0.10	2026-01-12 11:02:02.993
20105	10	131	6247	31.000	43.95	1362.39	2026-01-15 08:54:24.003
21151	1	139	400	9.000	81.61	734.49	2026-01-08 10:41:52.585
21316	1	135	1614	0.000	69.22	0.00	2026-01-12 11:02:02.983
21502	8	120	5962	0.000	179.28	0.00	2026-01-10 14:23:07.495
21155	1	139	416	6.000	75.08	450.48	2026-01-08 10:41:52.788
12573	1	87	550	0.000	72.43	0.00	2025-12-30 11:26:27.886
18740	1	128	302	8.000	67.39	539.14	2026-01-06 21:11:38.894
14450	1	100	215	4.000	153.24	612.94	2025-12-23 09:13:27.095
16093	1	103	1466	5.000	149.69	748.47	2025-12-31 07:51:47.889
16095	1	103	1467	9.000	89.69	807.24	2025-12-31 07:51:48.49
15552	1	100	1709	2.000	52.37	104.73	2025-12-23 09:13:30.196
15545	1	100	1710	1.000	112.19	112.19	2025-12-23 09:13:30.488
16097	1	103	1505	0.000	224.12	0.00	2025-12-24 07:03:22.584
16085	1	101	1490	1.000	59.90	59.90	2025-12-23 10:53:05.102637
11888	1	82	140	41.000	135.19	5542.63	2025-12-29 12:50:54.097
11921	1	82	139	103.000	118.24	12178.72	2025-12-29 12:50:54.095
15549	1	100	758	5.000	56.97	284.84	2025-12-23 09:13:31.898
16081	1	100	5256	1.000	80.71	80.71	2025-12-23 09:13:32.182
16084	1	101	627	3.000	141.97	425.90	2025-12-23 10:53:05.102637
11889	1	82	51	7.000	70.35	492.47	2025-12-23 09:15:52.487
18741	1	128	328	12.000	93.66	1123.97	2026-01-06 21:11:38.984
18742	1	128	309	14.000	103.62	1450.67	2026-01-06 21:11:38.992
18743	1	128	292	3.000	92.52	277.55	2026-01-06 21:11:39.084
18744	1	128	332	8.000	139.21	1113.68	2026-01-06 21:11:39.091
18745	1	128	1968	3.000	153.17	459.52	2026-01-06 21:11:39.183
18746	1	128	693	3.000	91.43	274.28	2026-01-06 21:11:39.191
11956	1	82	119	2.000	279.25	558.49	2025-12-23 09:15:58.69
16086	1	101	574	0.000	229.12	0.00	2025-12-23 10:53:05.102637
12679	1	87	727	0.000	150.74	0.00	2025-12-23 09:23:32.492405
13028	1	87	1662	0.000	68.24	0.00	2025-12-23 09:23:32.492405
13029	1	87	1663	0.000	47.90	0.00	2025-12-23 09:23:32.492405
12670	1	87	1616	6.000	73.86	443.16	2025-12-23 09:24:24.295
12690	1	87	1591	9.000	65.80	592.20	2025-12-23 09:23:32.492405
12683	1	87	169	2.000	105.58	211.16	2025-12-23 09:24:24.59
12685	1	87	162	1.000	170.48	170.48	2025-12-23 09:24:24.695
11904	1	82	116	19.000	69.71	1324.50	2025-12-29 12:50:53.986
12691	1	87	182	4.000	126.34	505.36	2025-12-23 09:24:24.985
12692	1	87	172	10.000	105.73	1057.27	2025-12-23 09:24:25.083
12693	1	87	159	7.000	65.63	459.39	2025-12-23 09:24:25.097
12698	1	87	734	2.000	65.80	131.60	2025-12-23 09:24:25.499
12701	1	87	729	11.000	55.86	614.51	2025-12-23 09:24:25.592
12703	1	87	720	7.000	71.20	498.40	2025-12-23 09:24:25.688
12704	1	87	168	10.000	70.52	705.20	2025-12-23 09:24:25.783
12711	1	87	161	1.000	79.81	79.81	2025-12-23 09:24:25.9
18748	1	128	329	7.000	132.62	928.35	2026-01-06 21:11:39.29
12633	1	87	122	71.000	75.05	5328.55	2025-12-05 10:28:09.294
18749	1	128	1973	2.000	135.46	270.91	2026-01-06 21:11:39.384
12714	1	87	178	2.000	205.60	411.19	2025-12-23 09:24:26.098
12715	1	87	737	1.000	280.66	280.66	2025-12-23 09:24:26.292
15557	1	100	1727	0.000	182.97	0.00	2025-12-23 09:13:29.58
15561	1	100	1720	0.000	132.84	0.00	2025-12-23 09:13:31.295
18750	1	128	318	19.000	60.94	1157.94	2026-01-06 21:11:39.394
16087	1	101	1514	4.000	79.51	318.04	2025-12-23 10:53:05.102637
18751	1	128	317	11.000	72.00	792.01	2026-01-06 21:11:39.488
16096	1	103	1483	11.000	49.69	546.63	2025-12-31 07:51:48.792
18752	1	128	1980	8.000	72.93	583.45	2026-01-06 21:11:39.584
15974	1	82	1531	0.000	84.59	0.00	2025-12-23 10:39:44.989
15976	1	82	1546	1.000	49.77	49.77	2025-12-29 12:50:53.992
16094	1	103	542	1.000	129.12	129.12	2025-12-24 07:03:20.981
15525	1	100	1682	0.000	112.89	0.00	2025-12-23 09:13:25.686
16091	1	87	1847	0.000	59.44	0.00	2025-12-23 10:54:53.981113
11900	1	82	141	3.000	44.42	133.26	2025-12-30 11:27:02.606
16088	1	101	292	3.000	93.54	280.62	2025-12-23 10:53:05.102637
12629	1	87	113	21.000	83.32	1749.72	2025-12-05 10:28:09.282
15528	1	100	1685	0.000	82.01	0.00	2025-12-23 09:13:31.987
16082	1	87	616	0.000	132.76	0.00	2025-12-23 09:23:06.599
15526	1	100	193	0.000	47.86	0.00	2025-12-23 09:13:25.782
15546	1	100	1702	0.000	167.03	0.00	2025-12-23 09:13:31.401
12700	1	87	1610	18.000	61.17	1101.09	2025-12-23 09:23:32.492405
18755	1	128	293	7.000	71.94	503.55	2026-01-06 21:11:40.082
15550	1	100	1705	0.000	92.07	0.00	2025-12-23 09:13:31.686
16062	1	100	329	7.000	133.54	934.75	2025-12-24 12:31:24.783
18756	1	128	333	11.000	83.11	914.16	2026-01-06 21:11:40.381
18757	1	128	294	10.000	63.50	635.00	2026-01-06 21:11:40.584
18758	1	128	1977	6.000	94.14	564.84	2026-01-06 21:11:40.782
18759	1	128	307	11.000	56.30	619.33	2026-01-06 21:11:40.792
18760	1	128	322	7.000	123.84	866.88	2026-01-06 21:11:41.081
18761	1	128	291	3.000	40.95	122.85	2026-01-06 21:11:41.283
21465	1	139	1564	5.000	45.15	225.75	2026-01-09 07:56:38.82
18763	1	128	1966	1.000	85.55	85.55	2026-01-06 21:11:41.485
20135	10	131	6278	4.000	131.45	525.80	2026-01-15 08:54:24.085
21469	8	120	6031	1.000	229.28	229.28	2026-01-10 14:23:06.003
15535	1	100	1694	0.000	172.61	0.00	2025-12-23 09:13:31.387
15980	1	82	149	10.000	80.25	802.45	2025-12-30 11:27:02.684
12672	1	87	1633	2.000	71.01	142.01	2025-12-23 09:24:24.399
13026	1	87	157	39.000	51.19	1996.41	2025-12-23 09:24:26.088
16089	1	101	293	7.000	73.56	514.92	2025-12-23 10:53:05.102637
16090	1	87	1797	0.000	107.25	0.00	2025-12-23 10:54:53.981113
15567	1	100	229	4.000	182.67	730.68	2025-12-23 09:13:25.086
12965	1	82	137	6.000	109.69	658.14	2025-12-29 12:50:54.082
15533	1	100	1689	0.000	172.53	0.00	2025-12-23 09:13:25.58
15537	1	100	1692	6.000	72.55	435.30	2025-12-23 09:13:26.58
15540	1	100	1695	0.000	182.46	0.00	2025-12-23 09:13:27.787
15558	1	100	1728	0.000	102.55	0.00	2025-12-23 09:13:30.18
16003	1	82	1519	0.000	139.61	0.00	2025-12-29 12:50:53.49
15556	1	100	1716	0.000	161.78	0.00	2025-12-23 09:13:29.493
15560	1	100	1719	0.000	67.23	0.00	2025-12-23 09:13:31.285
12708	1	87	1638	11.000	85.70	942.70	2025-12-23 09:23:32.492405
15971	1	82	1529	0.000	139.60	0.00	2025-12-29 12:50:53.7
16092	1	87	1875	0.000	47.81	0.00	2025-12-23 10:54:53.981113
12623	1	87	130	0.000	85.11	0.00	2025-11-27 09:09:20.391
12712	1	87	731	9.000	93.93	845.37	2025-12-23 09:24:25.989
12699	1	87	1651	8.000	71.35	570.80	2025-12-23 09:23:32.492405
15017	1	103	541	161.000	72.84	11727.24	2025-12-31 08:47:30.383
12713	1	87	733	6.000	102.86	617.16	2025-12-23 09:24:25.999
12677	1	87	1669	0.000	88.14	0.00	2025-12-23 09:23:32.492405
12710	1	87	1658	2.000	85.71	171.42	2025-12-23 09:23:32.492405
12678	1	87	163	0.000	230.96	0.00	2025-12-23 09:23:32.492405
12686	1	87	1635	0.000	142.47	0.00	2025-12-23 09:24:24.79
18764	1	128	299	9.000	132.41	1191.66	2026-01-06 21:11:41.583
18765	1	128	687	2.000	150.00	299.99	2026-01-06 21:11:41.593
18766	1	128	697	9.000	68.13	613.17	2026-01-06 21:11:41.685
18767	1	128	695	6.000	96.45	578.70	2026-01-06 21:11:41.696
18768	1	128	1981	4.000	94.25	377.00	2026-01-06 21:11:41.792
18770	1	128	694	3.000	113.45	340.35	2026-01-06 21:11:41.889
18771	1	128	297	3.000	102.48	307.45	2026-01-06 21:11:41.896
18772	1	128	290	13.000	82.59	1073.61	2026-01-06 21:11:41.986
18773	1	128	1955	3.000	191.90	575.70	2026-01-06 21:11:41.993
18774	1	128	306	5.000	71.60	358.00	2026-01-06 21:11:42.085
16105	1	87	1535	1.000	156.02	156.02	2025-12-24 09:12:33.495801
16373	1	100	298	0.000	153.82	0.00	2025-12-24 12:31:24.798
18769	1	128	1967	7.000	92.46	647.22	2026-01-06 21:11:41.881
20295	1	135	220	66.000	257.38	16987.00	2026-01-08 09:48:09.285
16103	1	87	372	0.000	60.27	0.00	2025-12-24 10:32:21.879
20301	1	135	207	5.000	182.99	914.97	2026-01-08 09:48:09.494
20302	1	135	215	4.000	153.24	612.94	2026-01-08 09:48:09.588
20306	1	135	218	1.000	182.45	182.45	2026-01-08 09:48:09.788
20315	1	135	222	1.000	92.61	92.61	2026-01-08 09:48:10.197
16102	1	101	1478	2.000	111.12	222.24	2025-12-24 09:11:15.092951
20355	1	135	1724	1.000	82.94	82.94	2026-01-08 09:48:13.587
20360	1	135	210	1.000	202.92	202.92	2026-01-08 09:48:13.891
20370	1	135	5256	2.000	80.87	161.73	2026-01-08 09:48:14.387
20308	1	135	764	4.000	140.88	563.52	2026-01-13 12:36:57.591
20361	1	135	765	0.000	0.00	0.00	2026-01-08 09:48:13.898
20329	1	135	1729	0.000	152.42	0.00	2026-01-08 09:48:11.292
20307	1	135	760	10.000	334.37	3343.69	2026-01-13 12:36:57.096
20332	1	135	1681	5.000	115.09	575.45	2026-01-13 12:36:56.489
20356	1	135	217	3.000	52.06	156.18	2026-01-13 12:36:56.983
20344	1	135	1710	0.000	112.56	0.00	2026-01-13 12:36:56.991
20327	1	135	1711	8.000	156.27	1250.19	2026-01-13 12:36:57.188
20303	1	135	221	6.000	185.41	1112.46	2026-01-13 12:36:57.19
20337	1	135	1743	0.000	62.06	0.00	2026-01-08 09:48:11.698
20341	1	135	1709	0.000	57.56	0.00	2026-01-13 12:36:57.185
20335	1	135	1680	13.000	74.11	963.46	2026-01-13 12:36:56.487
20334	1	135	201	4.000	75.74	302.97	2026-01-13 12:36:56.686
20352	1	135	1737	0.000	85.01	0.00	2026-01-08 09:48:12.887
20294	1	135	203	12.000	235.89	2830.72	2026-01-13 12:36:56.691
20328	1	135	200	7.000	154.65	1082.58	2026-01-13 12:36:56.693
20292	1	135	1692	13.000	76.10	989.28	2026-01-13 12:36:56.881
20296	1	135	216	14.000	146.45	2050.33	2026-01-13 12:36:56.98
20339	1	135	1715	0.000	87.56	0.00	2026-01-13 12:36:57.195
20299	1	135	194	1.000	256.74	256.74	2026-01-08 09:48:09.398
20293	1	135	1677	0.000	132.53	0.00	2026-01-08 09:48:09.187
20298	1	135	225	7.000	333.25	2332.76	2026-01-13 12:36:57.295
20325	1	135	214	0.000	46.91	0.00	2026-01-08 09:48:11.092
20297	1	135	756	8.000	259.11	2072.86	2026-01-13 12:36:57.082
20343	1	135	1730	4.000	77.56	310.24	2026-01-13 12:36:57.394
20362	1	135	1705	0.000	97.56	0.00	2026-01-13 12:36:57.098
20346	1	135	1732	3.000	57.56	172.67	2026-01-13 12:36:57.582
20313	1	135	763	16.000	41.71	667.34	2026-01-13 12:36:57.589
20326	1	135	233	7.000	63.96	447.72	2026-01-13 12:36:57.596
20304	1	135	213	0.000	185.19	0.00	2026-01-08 09:48:09.69
20305	1	135	219	7.000	260.63	1824.41	2026-01-13 12:36:57.085
20342	1	135	1742	0.000	48.65	0.00	2026-01-08 09:48:11.985
20368	1	135	757	1.000	137.56	137.56	2026-01-13 12:36:56.794
20331	1	135	1704	0.000	127.56	0.00	2026-01-13 12:36:57.088
20348	1	135	1736	19.000	58.75	1116.25	2026-01-13 12:36:57.686
20351	1	135	1744	0.000	157.56	0.00	2026-01-13 12:36:57.693
20323	1	135	199	90.000	74.30	6687.00	2026-01-13 12:36:56.683
20324	1	135	1712	29.000	75.60	2192.40	2026-01-13 12:36:57.193
20336	1	135	1746	0.000	74.31	0.00	2026-01-08 09:48:11.687
20320	1	135	1725	0.000	177.56	0.00	2026-01-13 12:36:57.489
20318	1	135	1733	7.000	134.00	938.00	2026-01-13 12:36:57.584
16368	1	100	297	2.000	103.82	207.64	2025-12-24 12:31:24.397
16369	1	100	2004	4.000	83.82	335.27	2025-12-24 12:31:24.483
16370	1	100	2003	58.000	71.32	4136.48	2025-12-24 12:31:24.492
18775	1	127	698	1.000	0.01	0.01	2026-01-06 21:17:45.84
18776	1	127	515	13.000	80.80	1050.35	2026-01-06 21:17:45.845
18777	1	127	580	4.000	143.15	572.60	2026-01-06 21:17:45.887
18778	1	127	579	7.000	143.15	1002.02	2026-01-06 21:17:45.893
18779	1	127	699	1.000	82.71	82.71	2026-01-06 21:17:45.899
18780	1	127	562	5.000	228.45	1142.25	2026-01-06 21:17:45.987
18781	1	127	552	1.000	156.95	156.95	2026-01-06 21:17:45.993
18782	1	127	529	1.000	254.07	254.07	2026-01-06 21:17:46.084
16400	1	100	1636	2.000	142.30	284.60	2025-12-24 14:42:28.39
18783	1	127	575	1.000	324.32	324.32	2026-01-06 21:17:46.089
18786	1	127	704	2.000	168.31	336.62	2026-01-06 21:17:46.19
18787	1	127	707	39.000	159.93	6237.44	2026-01-06 21:17:46.282
18788	1	127	93	8.000	152.27	1218.19	2026-01-06 21:17:46.288
18789	1	127	79	9.000	65.75	591.77	2026-01-06 21:17:46.381
18790	1	127	144	12.000	95.09	1141.08	2026-01-06 21:17:46.389
18791	1	127	84	13.000	55.82	725.64	2026-01-06 21:17:46.396
18792	1	127	87	8.000	68.97	551.72	2026-01-06 21:17:46.486
18793	1	127	140	7.000	134.97	944.81	2026-01-06 21:17:46.493
18794	1	127	57	4.000	179.84	719.37	2026-01-06 21:17:46.585
18795	1	127	55	11.000	110.57	1216.25	2026-01-06 21:17:46.592
18146	8	120	5464	64.000	124.19	7948.16	2026-01-08 08:00:02.203
16430	1	100	1639	5.000	105.30	526.50	2025-12-24 14:42:29.487
18797	1	127	52	3.000	62.70	188.09	2026-01-06 21:17:46.692
18798	1	127	53	4.000	79.90	319.59	2026-01-06 21:17:46.784
18799	1	127	97	7.000	149.47	1046.27	2026-01-06 21:17:46.789
18801	1	127	705	1.000	164.56	164.56	2026-01-06 21:17:46.883
18804	1	127	138	12.000	110.32	1323.86	2026-01-06 21:17:46.983
18805	1	127	120	3.000	110.10	330.29	2026-01-06 21:17:46.989
18806	1	127	105	3.000	91.69	275.08	2026-01-06 21:17:46.995
16401	1	100	1640	1.000	230.30	230.30	2025-12-24 14:42:28.479
18807	1	127	73	7.000	191.36	1339.51	2026-01-06 21:17:47.086
18808	1	127	74	17.000	80.71	1372.06	2026-01-06 21:17:47.092
16402	1	100	736	0.000	165.30	0.00	2025-12-24 14:42:28.58
16375	1	100	1618	1.000	285.30	285.30	2025-12-24 14:42:27.378
16376	1	100	1591	6.000	65.30	391.78	2025-12-24 14:42:27.389
16378	1	100	719	2.000	75.30	150.59	2025-12-24 14:42:27.398
16379	1	100	1593	3.000	110.50	331.49	2025-12-24 14:42:27.481
16381	1	100	160	5.000	98.30	491.49	2025-12-24 14:42:27.491
16383	1	100	1598	2.000	165.50	330.99	2025-12-24 14:42:27.585
16384	1	100	721	1.000	160.30	160.30	2025-12-24 14:42:27.589
16385	1	100	1601	1.000	70.50	70.50	2025-12-24 14:42:27.595
16386	1	100	727	1.000	150.30	150.30	2025-12-24 14:42:27.693
16387	1	100	1614	3.000	95.30	285.89	2025-12-24 14:42:27.697
16388	1	100	728	5.000	51.30	256.49	2025-12-24 14:42:27.78
16391	1	100	1623	3.000	135.30	405.89	2025-12-24 14:42:27.796
16396	1	100	1632	3.000	85.30	255.89	2025-12-24 14:42:28.28
16397	1	100	1633	1.000	70.50	70.50	2025-12-24 14:42:28.381
16398	1	100	1634	3.000	47.80	143.39	2025-12-24 14:42:28.384
16399	1	100	1635	3.000	142.30	426.89	2025-12-24 14:42:28.387
16403	1	100	1644	1.000	85.30	85.30	2025-12-24 14:42:28.68
16404	1	100	1646	2.000	80.30	160.59	2025-12-24 14:42:28.683
16405	1	100	1647	2.000	85.30	170.59	2025-12-24 14:42:28.686
16406	1	100	1656	4.000	125.30	501.19	2025-12-24 14:42:28.782
16408	1	100	183	3.000	130.30	390.89	2025-12-24 14:42:28.884
16409	1	100	1661	1.000	140.30	140.30	2025-12-24 14:42:28.887
16410	1	100	1664	2.000	69.30	138.59	2025-12-24 14:42:28.984
16411	1	100	1665	1.000	125.30	125.30	2025-12-24 14:42:29.079
16413	1	100	1667	1.000	90.30	90.30	2025-12-24 14:42:29.085
16415	1	100	1669	3.000	85.30	255.89	2025-12-24 14:42:29.18
16417	1	100	720	6.000	70.50	422.98	2025-12-24 14:42:29.192
16418	1	100	1599	4.000	80.30	321.19	2025-12-24 14:42:29.197
16419	1	100	1600	2.000	110.30	220.59	2025-12-24 14:42:29.281
16420	1	100	1603	2.000	85.30	170.59	2025-12-24 14:42:29.284
16421	1	100	1605	25.000	140.30	3507.43	2025-12-24 14:42:29.291
16422	1	100	1607	30.000	43.62	1308.52	2025-12-24 14:42:29.294
16423	1	100	1610	15.000	60.30	904.46	2025-12-24 14:42:29.38
16424	1	100	724	30.000	55.30	1658.92	2025-12-24 14:42:29.385
16425	1	100	729	10.000	55.30	552.97	2025-12-24 14:42:29.388
16426	1	100	731	15.000	93.30	1399.46	2025-12-24 14:42:29.391
16429	1	100	1638	6.000	85.10	510.58	2025-12-24 14:42:29.484
16431	1	100	733	9.000	102.30	920.68	2025-12-24 14:42:29.49
16432	1	100	1642	2.000	70.50	140.99	2025-12-24 14:42:29.496
16433	1	100	1651	25.000	70.50	1762.43	2025-12-24 14:42:29.579
16434	1	100	1660	9.000	80.30	722.68	2025-12-24 14:42:29.585
16435	1	100	1663	4.000	45.30	181.19	2025-12-24 14:42:29.59
16436	1	100	1658	6.000	85.30	511.78	2025-12-24 14:42:29.594
16437	1	100	1602	30.000	70.30	2108.92	2025-12-24 14:42:29.689
16438	1	100	1625	24.000	51.30	1231.14	2025-12-24 14:42:29.697
16439	1	100	1645	2.000	43.30	86.59	2025-12-24 14:42:29.779
16440	1	100	1648	6.000	66.30	397.78	2025-12-24 14:42:29.783
16441	1	100	1649	5.000	75.50	377.49	2025-12-24 14:42:29.786
16443	1	100	1655	15.000	55.30	829.46	2025-12-24 14:42:29.796
16444	1	100	722	21.000	45.30	951.24	2025-12-24 14:42:29.881
16427	1	100	1628	9.000	65.30	587.70	2025-12-24 14:42:29.394
16393	1	100	1626	0.000	155.30	0.00	2025-12-24 14:42:27.883
16395	1	100	1627	0.000	150.30	0.00	2025-12-24 14:42:28.08
16412	1	100	1666	0.000	172.30	0.00	2025-12-24 14:42:29.082
16416	1	100	1672	1.000	75.30	75.30	2025-12-24 14:42:29.189
14431	1	100	228	1.000	112.53	112.53	2025-12-23 09:13:25.792
16074	1	100	1970	19.000	53.77	1021.63	2025-12-24 12:31:25.084
16066	1	100	689	12.000	73.81	885.72	2025-12-24 12:31:24.884
16407	1	100	1657	0.000	45.30	0.00	2025-12-24 14:42:28.88
16382	1	100	1596	0.000	180.30	0.00	2025-12-24 14:42:27.494
16380	1	100	1594	0.000	86.55	0.00	2025-12-24 14:42:27.485
16442	1	100	1652	24.000	50.30	1207.20	2025-12-24 14:42:29.792
16390	1	100	1622	0.000	65.30	0.00	2025-12-24 14:42:27.793
16392	1	100	1624	0.000	105.30	0.00	2025-12-24 14:42:27.879
16389	1	100	730	13.000	152.30	1979.90	2025-12-24 14:42:27.79
16428	1	100	1637	3.000	85.10	255.30	2025-12-24 14:42:29.48
16414	1	100	1668	0.000	110.30	0.00	2025-12-24 14:42:29.088
16377	1	100	1592	0.000	65.30	0.00	2025-12-24 14:42:27.393
16394	1	100	174	4.000	160.30	641.20	2025-12-24 14:42:27.981
18800	1	127	100	2.000	156.77	313.54	2026-01-06 21:17:46.795
18802	1	127	111	1.000	230.51	230.51	2026-01-06 21:17:46.889
18803	1	127	1535	2.000	156.04	312.08	2026-01-06 21:17:46.894
18809	1	127	102	9.000	99.84	898.58	2026-01-06 21:17:47.097
18810	1	127	66	1.000	80.16	80.16	2026-01-06 21:17:47.187
18812	1	127	76	9.000	89.87	808.81	2026-01-06 21:17:47.283
18813	1	127	151	10.000	100.68	1006.80	2026-01-06 21:17:47.29
18814	1	127	60	9.000	109.94	989.49	2026-01-06 21:17:47.385
18815	1	127	70	8.000	120.09	960.75	2026-01-06 21:17:47.391
18816	1	127	72	4.000	160.46	641.82	2026-01-06 21:17:47.397
18817	1	127	703	1.000	69.53	69.53	2026-01-06 21:17:47.483
18520	8	120	5430	0.000	149.17	0.00	2026-01-08 08:00:01.993
18820	1	127	94	3.000	97.86	293.59	2026-01-06 21:17:47.59
18821	1	127	91	8.000	56.16	449.30	2026-01-06 21:17:47.682
16363	1	100	1960	0.000	73.82	0.00	2025-12-24 12:31:24.183
16374	1	100	1969	0.000	78.82	0.00	2025-12-24 12:31:24.98
18823	1	127	112	5.000	104.11	520.55	2026-01-06 21:17:47.697
16362	1	100	319	1.000	113.82	113.82	2025-12-24 12:31:24.092
16069	1	100	693	10.000	93.34	933.40	2025-12-24 12:31:24.987
18826	1	127	1541	2.000	75.40	150.80	2026-01-06 21:17:47.797
18827	1	127	71	44.000	46.66	2053.11	2026-01-06 21:17:47.886
14522	1	100	1973	3.000	134.78	404.34	2025-12-24 12:31:24.787
18524	8	120	5462	0.000	178.81	0.00	2026-01-08 08:00:02.194
18829	1	127	103	10.000	59.75	597.49	2026-01-06 21:17:47.981
18834	1	127	122	63.000	69.98	4408.44	2026-01-06 21:17:48.188
16364	1	100	1979	0.000	73.82	0.00	2025-12-24 12:31:24.187
18835	1	127	81	9.000	74.15	667.32	2026-01-06 21:17:48.196
18836	1	127	67	20.000	71.06	1421.10	2026-01-06 21:17:48.284
18837	1	127	143	5.000	56.05	280.25	2026-01-06 21:17:48.291
16366	1	100	1983	1.000	73.82	73.82	2025-12-24 12:31:24.285
16365	1	100	314	3.000	103.82	311.46	2025-12-24 12:31:24.193
18841	1	127	95	6.000	369.96	2219.78	2026-01-06 21:17:48.495
16454	1	112	2289	1.000	0.10	0.10	2025-12-26 18:00:10.881
18842	1	127	104	4.000	169.06	676.23	2026-01-06 21:17:48.585
16475	1	112	139	193.000	116.41	22467.13	2025-12-26 18:00:11.881
16492	1	112	732	10.000	120.73	1207.30	2025-12-27 08:28:43.482
16496	1	112	1595	9.000	82.82	745.40	2025-12-27 08:28:42.991
16504	1	112	1672	3.000	75.37	226.11	2025-12-27 08:28:43.993
16471	1	112	57	1.000	179.94	179.94	2025-12-26 18:00:11.689
16497	1	112	167	19.000	80.48	1529.04	2025-12-27 08:28:43.285
16455	1	112	2285	1.000	0.10	0.10	2025-12-26 18:00:10.892
16487	1	112	1664	0.000	0.00	0.00	2025-12-27 08:28:43.8
16453	1	101	1576	6.000	72.03	432.20	2025-12-27 07:59:12.335
16456	1	112	2283	1.000	0.10	0.10	2025-12-26 18:00:10.981
16457	1	112	570	33.000	302.75	9990.75	2025-12-26 18:00:10.991
16458	1	112	633	3.000	277.88	833.64	2025-12-26 18:00:10.999
16482	1	112	1634	1.000	48.19	48.19	2025-12-27 08:28:43.588
16459	1	112	562	44.000	227.88	10026.72	2025-12-26 18:00:11.088
16460	1	112	552	100.000	177.88	17788.00	2025-12-26 18:00:11.096
16461	1	112	569	70.000	227.88	15951.60	2025-12-26 18:00:11.193
16476	1	112	58	84.000	79.23	6655.32	2025-12-26 18:00:11.888
18529	8	120	5386	58.000	157.17	9115.86	2026-01-08 08:00:02.392
16502	1	112	160	0.000	99.12	0.00	2025-12-27 08:28:42.994
18521	8	120	5433	0.000	236.99	0.00	2026-01-08 08:00:01.999
16495	1	112	1593	2.000	111.32	222.64	2025-12-27 08:28:42.984
16486	1	112	1646	4.000	80.85	323.38	2025-12-27 08:28:43.693
16462	1	112	529	29.000	252.88	7333.52	2025-12-26 18:00:11.279
16491	1	112	184	2.000	105.65	211.30	2025-12-27 08:28:43.797
18824	1	127	130	2.000	85.32	170.64	2026-01-06 21:17:47.785
16505	1	112	1667	2.000	92.53	185.05	2025-12-27 08:28:43.896
18838	1	127	1538	7.000	75.37	527.58	2026-01-06 21:17:48.298
16447	1	87	1795	3.000	89.38	268.14	2025-12-26 12:35:46.385708
16450	1	87	1872	7.000	69.16	484.12	2025-12-26 12:35:46.385708
16452	1	101	528	2.000	221.83	443.66	2025-12-26 12:37:31.688537
18830	1	127	109	18.000	84.09	1513.58	2026-01-06 21:17:47.988
16498	1	112	1616	3.000	72.63	217.89	2025-12-27 08:28:43.383
16104	1	87	98	0.000	70.15	0.00	2025-12-24 09:12:33.495801
16448	1	87	1804	8.000	115.18	921.44	2025-12-26 12:35:46.385708
16501	1	112	1671	11.000	78.39	862.27	2025-12-27 08:28:43.982
16483	1	112	185	23.000	81.21	1867.72	2025-12-27 08:28:43.986
18811	1	127	107	8.000	75.12	600.99	2026-01-06 21:17:47.193
16463	1	112	578	77.000	227.88	17546.76	2025-12-26 18:00:11.291
16449	1	87	1831	3.000	58.95	176.85	2025-12-26 12:35:46.385708
16464	1	112	588	15.000	277.88	4168.20	2025-12-26 18:00:11.379
16451	1	87	129	1.000	142.17	142.17	2025-12-26 12:35:46.385708
18839	1	127	125	47.000	52.46	2465.60	2026-01-06 21:17:48.389
16446	1	101	1483	7.000	57.31	401.17	2025-12-26 12:30:39.090385
16371	1	100	301	0.000	133.82	0.00	2025-12-24 12:31:24.597
16372	1	100	1948	0.000	153.82	0.00	2025-12-24 12:31:24.794
16367	1	100	1958	0.000	53.82	0.00	2025-12-24 12:31:24.293
16465	1	112	154	1.000	69.46	69.46	2025-12-26 18:00:11.389
16466	1	112	155	350.000	13.54	4739.00	2025-12-26 18:00:11.483
16468	1	112	79	1.000	65.83	65.83	2025-12-26 18:00:11.583
16470	1	112	87	4.000	69.68	278.72	2025-12-26 18:00:11.682
16473	1	112	74	80.000	80.84	6467.20	2025-12-26 18:00:11.784
16474	1	112	126	2.000	134.55	269.10	2025-12-26 18:00:11.791
16477	1	112	63	5.000	47.38	236.90	2025-12-26 18:00:11.894
16478	1	112	95	67.000	369.38	24748.46	2025-12-26 18:00:11.981
16479	1	112	104	90.000	167.93	15113.70	2025-12-26 18:00:11.988
16480	1	112	99	129.000	192.32	24809.28	2025-12-26 18:00:12.079
16490	1	112	166	1.000	115.74	115.74	2025-12-26 18:00:12.48
16499	1	112	171	3.000	50.80	152.41	2025-12-26 18:00:12.882
16494	1	112	719	0.000	76.04	0.00	2025-12-27 08:28:42.981
16488	1	112	1632	1.000	88.14	88.14	2025-12-27 08:28:43.581
16489	1	112	1601	0.000	70.88	0.00	2025-12-27 08:28:43.184
16467	1	112	93	202.000	151.62	30627.24	2025-12-26 18:00:11.49
16469	1	112	144	82.000	94.75	7769.50	2025-12-26 18:00:11.592
16485	1	112	1619	0.000	67.03	0.00	2025-12-27 08:28:43.386
16493	1	112	158	10.000	66.22	662.21	2025-12-27 08:28:42.892
16484	1	112	728	0.000	0.00	0.00	2025-12-27 08:28:43.3
16500	1	112	1633	0.000	0.00	0.00	2025-12-27 08:28:43.585
16481	1	112	175	12.000	95.68	1148.16	2025-12-27 08:28:43.501
16472	1	112	56	0.000	98.02	0.00	2025-12-26 18:00:11.696
16503	1	112	1647	0.000	0.00	-0.01	2025-12-27 08:28:43.695
18843	1	127	706	2.000	370.43	740.85	2026-01-06 21:17:48.591
18844	1	127	96	1.000	179.53	179.53	2026-01-06 21:17:48.685
18845	1	127	145	2.000	242.25	484.49	2026-01-06 21:17:48.691
18846	1	127	131	5.000	205.96	1029.80	2026-01-06 21:17:48.781
18847	1	127	119	4.000	279.63	1118.52	2026-01-06 21:17:48.789
18848	1	127	99	7.000	193.47	1354.31	2026-01-06 21:17:48.795
18849	1	127	601	4.000	83.90	335.60	2026-01-06 21:17:48.884
16517	1	112	169	2.000	105.84	211.67	2025-12-26 18:00:13.592
18850	1	127	709	1.000	166.09	166.09	2026-01-06 21:17:48.89
18851	1	127	715	2.000	90.25	180.50	2026-01-06 21:17:48.896
16535	1	112	181	2.000	65.81	131.62	2025-12-26 18:00:14.393
18852	1	127	717	14.000	105.21	1472.93	2026-01-06 21:17:48.987
18853	1	127	359	5.000	95.13	475.65	2026-01-06 21:17:48.993
16551	1	112	161	1.000	79.86	79.86	2025-12-26 18:00:15.294
18854	1	127	341	6.000	98.90	593.40	2026-01-06 21:17:49.084
18855	1	127	725	5.000	85.78	428.90	2026-01-06 21:17:49.09
18856	1	127	175	13.000	95.79	1245.26	2026-01-06 21:17:49.096
16561	1	112	1607	30.000	48.31	1449.30	2025-12-26 18:00:15.889
18858	1	127	185	9.000	80.75	726.73	2026-01-06 21:17:49.194
18859	1	127	728	2.000	52.59	105.17	2026-01-06 21:17:49.284
18860	1	127	1664	3.000	70.25	210.75	2026-01-06 21:17:49.291
18861	1	127	1632	1.000	87.90	87.90	2026-01-06 21:17:49.381
18862	1	127	184	9.000	105.80	952.23	2026-01-06 21:17:49.388
18864	1	127	158	26.000	66.03	1716.78	2026-01-06 21:17:49.484
16575	1	112	1629	4.000	183.48	733.92	2025-12-26 18:00:16.592
16576	1	112	173	3.000	243.25	729.75	2025-12-26 18:00:16.693
18865	1	127	719	2.000	75.89	151.78	2026-01-06 21:17:49.492
16579	1	112	188	3.000	135.43	406.28	2025-12-26 18:00:16.882
18867	1	127	167	4.000	79.32	317.28	2026-01-06 21:17:49.584
18868	1	127	726	3.000	75.76	227.28	2026-01-06 21:17:49.591
18869	1	127	1616	6.000	73.86	443.16	2026-01-06 21:17:49.597
18870	1	127	171	4.000	50.82	203.26	2026-01-06 21:17:49.688
18871	1	127	160	3.000	99.05	297.14	2026-01-06 21:17:49.694
18872	1	127	1657	1.000	48.60	48.60	2026-01-06 21:17:49.782
18873	1	127	1647	3.000	89.05	267.15	2026-01-06 21:17:49.79
16594	1	112	189	1.000	81.77	81.77	2025-12-26 18:00:17.583
16602	1	112	220	66.000	257.38	16987.00	2025-12-26 18:00:17.996
16605	1	112	225	6.000	332.53	1995.20	2025-12-26 18:00:18.189
16608	1	112	207	5.000	182.99	914.97	2025-12-26 18:00:18.383
16609	1	112	215	4.000	153.24	612.94	2025-12-26 18:00:18.392
16525	1	112	1598	4.000	165.90	663.58	2025-12-27 08:28:43.089
16604	1	112	756	7.000	258.26	1807.84	2025-12-31 07:52:34.197
16530	1	112	1608	5.000	77.23	386.14	2025-12-27 08:28:43.281
16612	1	112	219	6.000	258.60	1551.60	2025-12-31 07:52:34.203
16610	1	112	221	5.000	183.95	919.73	2025-12-31 07:52:34.389
16550	1	112	1658	6.000	85.70	514.21	2025-12-27 08:28:44.394
16593	1	112	192	55.000	52.83	2905.65	2025-12-31 07:52:33.6
16606	1	112	194	6.000	257.62	1545.72	2025-12-31 07:52:33.786
16611	1	112	213	1.000	184.01	184.01	2025-12-31 07:52:34.086
16560	1	112	733	8.000	102.86	822.88	2025-12-27 08:28:44.289
16527	1	112	182	16.000	127.37	2037.88	2025-12-27 08:28:43.698
16509	1	112	1653	11.000	132.53	1457.80	2025-12-27 08:28:43.701
16526	1	112	1591	0.000	0.00	0.01	2025-12-27 08:28:42.895
16522	1	112	1597	0.000	0.00	-0.01	2025-12-27 08:28:43.001
16586	1	112	1723	9.000	183.17	1648.56	2025-12-31 07:52:34.606
16558	1	112	1600	2.000	111.07	222.14	2025-12-27 08:28:44.083
16541	1	112	720	10.000	71.29	712.95	2025-12-27 08:28:43.996
16532	1	112	159	16.000	66.04	1056.64	2025-12-27 08:28:43.999
16553	1	112	1603	4.000	86.89	347.54	2025-12-27 08:28:44.086
16508	1	112	1669	1.000	88.14	88.14	2025-12-27 08:28:43.903
16538	1	112	1610	0.000	0.00	0.03	2025-12-27 08:28:44.099
16542	1	112	168	79.000	71.57	5653.70	2025-12-27 08:28:44.102
16589	1	112	197	12.000	73.45	881.42	2025-12-31 07:52:33.792
16539	1	112	729	19.000	55.92	1062.55	2025-12-27 08:28:44.19
16533	1	112	724	0.000	0.00	0.06	2025-12-27 08:28:44.183
16534	1	112	176	21.000	56.12	1178.60	2025-12-27 08:28:44.199
16507	1	112	1614	0.000	0.00	0.00	2025-12-27 08:28:43.298
16506	1	112	1636	0.000	0.00	0.00	2025-12-27 08:28:43.594
16582	1	112	204	67.000	64.16	4298.77	2025-12-31 07:52:33.89
16546	1	112	1638	0.000	0.00	0.00	2025-12-27 08:28:44.283
16521	1	112	1640	0.000	0.00	0.00	2025-12-27 08:28:43.597
16547	1	112	1642	4.000	70.83	283.32	2025-12-27 08:28:44.295
16601	1	112	1692	23.000	73.08	1680.73	2025-12-31 07:52:33.996
16543	1	112	738	16.000	61.95	991.17	2025-12-27 08:28:44.388
16536	1	112	1663	5.000	48.44	242.21	2025-12-27 08:28:44.391
16537	1	112	1651	30.000	71.35	2140.35	2025-12-27 08:28:44.298
16544	1	112	740	15.000	81.35	1220.27	2025-12-27 08:28:44.397
16548	1	112	1670	14.000	68.40	957.62	2025-12-27 08:28:44.4
16523	1	112	183	1.000	130.78	130.78	2025-12-27 08:28:43.788
16566	1	112	1604	2.000	51.87	103.73	2025-12-27 08:28:44.486
16572	1	112	1609	7.000	45.83	320.84	2025-12-27 08:28:44.49
16571	1	112	1645	4.000	44.89	179.54	2025-12-27 08:28:44.496
16573	1	112	1648	12.000	67.91	814.93	2025-12-27 08:28:44.499
16524	1	112	1661	0.000	0.00	0.01	2025-12-27 08:28:43.791
16603	1	112	216	13.000	145.64	1893.34	2025-12-31 07:52:34.098
16520	1	112	1635	3.000	142.46	427.39	2025-12-27 08:28:43.591
16596	1	112	206	78.000	98.11	7652.39	2025-12-31 07:52:33.897
16595	1	112	235	42.000	102.52	4305.81	2025-12-31 07:52:34.901
16528	1	112	172	46.000	106.47	4897.62	2025-12-27 08:28:43.393
16559	1	112	1639	5.000	105.61	528.07	2025-12-27 08:28:44.286
16529	1	112	1612	10.000	62.65	626.50	2025-12-27 08:28:43.292
16545	1	112	1637	1.000	85.40	85.40	2025-12-27 08:28:44.202
16569	1	112	1649	3.000	76.18	228.54	2025-12-27 08:28:44.502
16567	1	112	1659	8.000	66.20	529.60	2025-12-27 08:28:44.593
16531	1	112	1644	1.000	87.53	87.53	2025-12-27 08:28:43.69
16554	1	112	1641	1.000	82.04	82.04	2025-12-27 08:28:44.292
16600	1	112	190	32.000	72.48	2319.36	2025-12-31 07:52:33.594
16592	1	112	191	66.000	117.45	7751.70	2025-12-31 07:52:33.685
16588	1	112	228	10.000	113.18	1131.80	2025-12-31 07:52:34.598
16599	1	112	1740	6.000	92.79	556.74	2025-12-31 07:52:34.895
18874	1	127	1636	1.000	142.95	142.95	2026-01-06 21:17:49.885
18509	8	120	5381	0.000	82.01	0.00	2026-01-08 08:00:01.599
18876	1	127	1627	3.000	151.33	453.98	2026-01-06 21:17:49.989
18877	1	127	1656	4.000	126.47	505.87	2026-01-06 21:17:49.996
16622	1	112	222	1.000	92.61	92.61	2025-12-26 18:00:19.187
18878	1	127	1626	1.000	158.17	158.17	2026-01-06 21:17:50.085
18879	1	127	169	2.000	105.58	211.16	2026-01-06 21:17:50.092
18880	1	127	165	1.000	130.80	130.80	2026-01-06 21:17:50.182
18882	1	127	1597	4.000	148.48	593.92	2026-01-06 21:17:50.199
18883	1	127	736	1.000	165.94	165.94	2026-01-06 21:17:50.288
18539	8	120	5379	23.000	82.35	1894.05	2026-01-08 08:00:02.881
18885	1	127	182	4.000	126.34	505.36	2026-01-06 21:17:50.481
18886	1	127	172	10.000	105.73	1057.27	2026-01-06 21:17:50.681
18887	1	127	159	7.000	65.63	459.39	2026-01-06 21:17:50.788
18888	1	127	723	11.000	45.87	504.55	2026-01-06 21:17:50.885
18891	1	127	170	9.000	70.82	637.36	2026-01-06 21:17:51.085
18893	1	127	734	2.000	65.80	131.60	2026-01-06 21:17:51.103
18171	8	120	5423	0.000	57.81	0.00	2026-01-08 08:00:02.887
18167	8	120	5439	24.000	71.47	1715.28	2026-01-08 08:00:02.89
16647	1	112	5256	1.000	80.71	80.71	2025-12-26 18:00:45.187
16649	1	112	277	35.000	82.94	2902.85	2025-12-26 18:00:45.284
16650	1	112	1799	1.000	239.33	239.33	2025-12-26 18:00:45.292
16651	1	112	240	22.000	91.84	2020.55	2025-12-26 18:00:45.382
18896	1	127	729	11.000	55.86	614.51	2026-01-06 21:17:51.283
16654	1	112	276	6.000	89.23	535.38	2025-12-26 18:00:45.494
16655	1	112	241	37.000	57.47	2126.45	2025-12-26 18:00:45.502
16658	1	112	1831	1.000	58.95	58.95	2025-12-26 18:00:45.687
16660	1	112	263	2.000	98.75	197.49	2025-12-26 18:00:45.788
16661	1	112	1851	1.000	59.37	59.37	2025-12-26 18:00:45.879
16664	1	112	1856	37.000	39.04	1444.56	2025-12-26 18:00:45.989
18899	1	127	168	10.000	70.52	705.20	2026-01-06 21:17:51.389
16666	1	112	247	30.000	44.79	1343.62	2025-12-26 18:00:46.088
18900	1	127	738	3.000	60.91	182.73	2026-01-06 21:17:51.486
16668	1	112	1808	3.000	74.45	223.34	2025-12-26 18:00:46.188
16669	1	112	1806	2.000	59.59	119.17	2025-12-26 18:00:46.196
18901	1	127	740	9.000	88.80	799.18	2026-01-06 21:17:51.496
16672	1	112	1815	3.000	69.53	208.60	2025-12-26 18:00:46.387
16673	1	112	1814	2.000	39.34	78.67	2025-12-26 18:00:46.395
18903	1	127	1660	1.000	81.04	81.04	2026-01-06 21:17:51.594
16675	1	112	1805	37.000	43.25	1600.25	2025-12-26 18:00:46.492
16677	1	112	272	9.000	51.20	460.76	2025-12-26 18:00:46.591
16678	1	112	275	2.000	41.11	82.21	2025-12-26 18:00:46.684
18904	1	127	161	1.000	79.81	79.81	2026-01-06 21:17:51.685
16680	1	112	1801	6.000	79.47	476.83	2025-12-26 18:00:46.785
16681	1	112	1849	1.000	110.49	110.49	2025-12-26 18:00:46.794
16683	1	112	1817	1.000	69.33	69.33	2025-12-26 18:00:46.894
16685	1	112	278	32.000	89.10	2851.25	2025-12-26 18:00:46.993
16689	1	112	267	2.000	228.58	457.16	2025-12-26 18:00:47.283
16690	1	112	258	3.000	368.91	1106.72	2025-12-26 18:00:47.293
16692	1	112	236	1.000	139.30	139.30	2025-12-26 18:00:47.481
18907	1	127	1600	1.000	111.28	111.28	2026-01-06 21:17:51.792
16694	1	112	1800	17.000	49.84	847.34	2025-12-26 18:00:47.498
16696	1	112	252	7.000	242.78	1699.48	2025-12-26 18:00:47.596
16701	1	112	255	9.000	89.61	806.45	2025-12-26 18:00:47.891
18222	8	120	5996	2.000	189.84	379.68	2026-01-14 08:50:14.689
16706	1	112	1832	1.000	130.93	130.93	2025-12-26 18:00:48.183
16707	1	112	1812	1.000	69.08	69.08	2025-12-26 18:00:48.193
16709	1	112	1826	4.000	155.36	621.44	2025-12-26 18:00:48.294
16710	1	112	814	10.000	91.20	912.02	2025-12-26 18:00:48.389
16711	1	112	243	2.000	82.81	165.62	2025-12-26 18:00:48.399
16712	1	112	5267	16.000	55.50	888.00	2025-12-26 18:00:48.49
16713	1	112	253	2.000	98.79	197.57	2025-12-26 18:00:48.58
16714	1	112	262	1.000	48.79	48.79	2025-12-26 18:00:48.591
16715	1	112	280	9.000	91.40	822.63	2025-12-26 18:00:48.687
16716	1	112	282	7.000	103.44	724.08	2025-12-26 18:00:48.781
16717	1	112	285	7.000	140.50	983.49	2025-12-26 18:00:48.792
16718	1	112	286	1.000	74.49	74.49	2025-12-26 18:00:48.876
16719	1	112	289	4.000	75.07	300.29	2025-12-26 18:00:48.888
16632	1	112	1680	9.000	72.88	655.92	2025-12-31 07:52:33.688
16702	1	112	1786	0.000	0.00	0.00	2025-12-26 18:00:47.983
16700	1	112	1785	0.000	0.00	0.01	2025-12-26 18:00:47.882
16653	1	112	804	4.000	91.32	365.26	2025-12-26 18:00:45.481
16656	1	112	805	12.000	60.00	719.94	2025-12-26 18:00:45.587
16687	1	112	245	0.000	0.00	0.00	2025-12-26 18:00:47.181
16659	1	112	815	0.000	0.00	0.00	2025-12-26 18:00:45.779
16682	1	112	266	6.000	41.14	246.82	2025-12-26 18:00:46.884
16698	1	112	1882	0.000	0.00	0.00	2025-12-26 18:00:47.784
16697	1	112	274	5.000	109.71	548.57	2025-12-26 18:00:47.687
18898	1	127	720	7.000	71.46	500.21	2026-01-06 21:17:51.296
16630	1	112	214	2.000	47.50	95.01	2025-12-31 07:52:34.089
18890	1	127	1613	2.000	72.76	145.51	2026-01-06 21:17:50.985
16620	1	112	763	14.000	41.02	574.28	2025-12-31 07:52:34.784
16623	1	112	1733	6.000	133.04	798.24	2025-12-31 07:52:34.7
16613	1	112	218	1.000	183.16	183.16	2025-12-31 07:52:34.2
16648	1	112	237	0.000	80.32	0.00	2025-12-26 18:00:45.196
16639	1	112	1732	4.000	53.23	212.92	2025-12-29 12:50:26.188
16708	1	112	251	19.000	46.06	875.14	2025-12-26 18:00:48.284
16614	1	112	760	8.000	332.85	2662.83	2025-12-31 07:52:34.295
16657	1	112	1818	15.000	60.54	908.10	2025-12-26 18:00:45.595
16676	1	112	271	0.000	129.68	0.00	2025-12-26 18:00:46.583
16699	1	112	254	22.000	56.35	1239.70	2025-12-26 18:00:47.793
16703	1	112	1842	0.000	0.00	0.00	2025-12-26 18:00:47.992
16684	1	112	273	6.000	50.91	305.45	2025-12-26 18:00:46.984
16686	1	112	1881	0.000	0.00	0.00	2025-12-26 18:00:47.085
18906	1	127	731	13.000	94.35	1226.50	2026-01-06 21:17:51.785
16646	1	112	757	4.000	133.37	533.48	2025-12-29 12:50:25.494
18892	1	127	176	19.000	56.17	1067.18	2026-01-06 21:17:51.094
18881	1	127	1635	3.000	143.08	429.24	2026-01-06 21:17:50.191
16704	1	112	264	0.000	59.08	0.00	2025-12-26 18:00:48.084
16643	1	112	759	11.000	183.13	2014.43	2025-12-31 07:52:34.292
16617	1	112	1691	2.000	69.16	138.32	2025-12-31 07:52:33.991
16621	1	112	211	5.000	58.94	294.70	2025-12-31 07:52:33.999
16720	1	112	312	1.000	56.66	56.66	2025-12-26 18:00:48.897
16721	1	112	321	1.000	74.39	74.39	2025-12-26 18:00:48.988
16738	1	112	1976	1.000	154.23	154.23	2025-12-26 18:00:50.086
16740	1	112	317	11.000	71.82	789.97	2025-12-26 18:00:50.185
16742	1	112	1978	2.000	53.45	106.90	2025-12-26 18:00:50.291
16745	1	112	688	60.000	52.55	3152.89	2025-12-26 18:00:50.892
16747	1	112	1975	157.000	71.86	11281.34	2025-12-26 18:00:51.084
16756	1	112	307	14.000	56.34	788.80	2025-12-26 18:00:51.586
16758	1	112	1950	6.000	95.05	570.27	2025-12-26 18:00:51.689
16761	1	112	326	24.000	48.03	1152.75	2025-12-26 18:00:51.884
16763	1	112	331	20.000	86.01	1720.13	2025-12-26 18:00:51.985
18908	1	127	1639	4.000	105.99	423.94	2026-01-06 21:17:51.798
16770	1	112	696	2.000	73.68	147.36	2025-12-26 18:00:52.391
16771	1	112	1983	1.000	74.13	74.13	2025-12-26 18:00:52.485
16774	1	112	330	32.000	133.02	4256.59	2025-12-26 18:00:52.599
16779	1	112	325	7.000	91.55	640.88	2025-12-26 18:00:52.983
16780	1	112	323	4.000	94.08	376.32	2025-12-26 18:00:52.993
16784	1	112	306	4.000	71.60	286.38	2025-12-26 18:00:53.195
16785	1	112	324	1.000	88.41	88.41	2025-12-26 18:00:53.286
16786	1	112	335	1.000	68.41	68.41	2025-12-26 18:00:53.296
18909	1	127	733	6.000	102.92	617.51	2026-01-06 21:17:51.887
18911	1	127	157	39.000	51.19	1996.50	2026-01-06 21:17:51.984
18912	1	127	178	2.000	205.60	411.19	2026-01-06 21:17:51.991
18913	1	127	179	1.000	210.89	210.89	2026-01-06 21:17:51.997
18914	1	127	737	1.000	280.66	280.66	2026-01-06 21:17:52.087
18915	1	127	180	3.000	280.50	841.50	2026-01-06 21:17:52.095
18917	1	127	741	4.000	64.84	259.36	2026-01-06 21:17:52.192
18918	1	127	742	1.000	171.34	171.34	2026-01-06 21:17:52.281
18919	1	127	748	7.000	65.96	461.72	2026-01-06 21:17:52.288
18920	1	127	749	2.000	391.96	783.92	2026-01-06 21:17:52.294
18921	1	127	188	5.000	135.56	677.80	2026-01-06 21:17:52.382
18922	1	127	755	1.000	124.78	124.78	2026-01-06 21:17:52.391
18923	1	127	753	1.000	94.86	94.86	2026-01-06 21:17:52.481
18924	1	127	204	135.000	66.42	8966.87	2026-01-06 21:17:52.49
18927	1	127	191	15.000	115.57	1733.58	2026-01-06 21:17:52.596
18928	1	127	208	10.000	82.54	825.40	2026-01-06 21:17:52.687
18929	1	127	206	14.000	98.62	1380.63	2026-01-06 21:17:52.694
18932	1	127	762	1.000	115.20	115.20	2026-01-06 21:17:52.885
18933	1	127	220	13.000	207.06	2691.74	2026-01-06 21:17:52.893
18934	1	127	216	2.000	144.39	288.78	2026-01-06 21:17:52.9
18935	1	127	756	7.000	256.99	1798.95	2026-01-06 21:17:52.989
18937	1	127	221	2.000	183.33	366.66	2026-01-06 21:17:53.086
18938	1	127	219	3.000	263.98	791.95	2026-01-06 21:17:53.093
18939	1	127	760	2.000	332.25	664.49	2026-01-06 21:17:53.187
16751	1	112	311	38.000	73.72	2801.36	2025-12-26 18:00:51.287
18185	8	120	5720	5.000	53.20	266.00	2026-01-05 15:32:54.085
18942	1	127	763	11.000	40.90	449.90	2026-01-06 21:17:53.293
16773	1	112	687	1.000	154.81	154.81	2025-12-26 18:00:52.586
18945	1	127	397	14.000	96.63	1352.82	2026-01-06 21:17:53.488
16748	1	112	1952	0.000	133.65	0.00	2025-12-26 18:00:51.095
16759	1	112	1972	12.000	58.42	701.04	2025-12-26 18:00:51.697
16762	1	112	1954	10.000	51.18	511.80	2025-12-26 18:00:51.894
18946	1	127	394	1.000	90.93	90.93	2026-01-06 21:17:53.498
16731	1	112	304	9.000	133.89	1205.01	2025-12-26 18:00:49.586
16725	1	112	310	2.000	153.70	307.40	2025-12-26 18:00:49.279
16767	1	112	314	0.000	103.66	0.00	2025-12-26 18:00:52.199
18211	8	120	5983	1.000	89.28	89.28	2026-01-10 14:23:07.191
18198	8	120	5968	12.000	99.31	1191.76	2026-01-10 14:23:07.697
18194	8	120	5955	0.000	109.28	0.00	2026-01-10 14:23:07.188
16733	1	112	693	0.000	93.02	0.00	2025-12-26 18:00:49.694
18931	1	127	190	16.000	71.58	1145.21	2026-01-06 21:17:52.796
16782	1	112	290	24.000	84.20	2020.83	2025-12-26 18:00:53.093
18936	1	127	194	2.000	256.74	513.48	2026-01-06 21:17:52.996
16778	1	112	1963	0.000	94.10	0.00	2025-12-26 18:00:52.892
16754	1	112	294	12.000	65.45	785.34	2025-12-26 18:00:51.484
18944	1	127	757	4.000	133.66	534.64	2026-01-06 21:17:53.396
16781	1	112	297	0.000	0.00	0.00	2025-12-26 18:00:53.083
16726	1	112	292	0.000	0.00	-0.01	2025-12-26 18:00:49.29
16752	1	112	293	0.000	0.00	-0.04	2025-12-26 18:00:51.296
16772	1	112	299	11.000	133.86	1472.46	2025-12-26 18:00:52.495
16749	1	112	305	0.000	0.00	0.15	2025-12-26 18:00:51.185
16722	1	112	302	47.000	70.46	3311.64	2025-12-26 18:00:52.179
16768	1	112	1966	0.000	0.00	0.01	2025-12-26 18:00:52.288
16730	1	112	1968	1.000	153.86	153.86	2025-12-26 18:00:49.492
16734	1	112	1971	0.000	0.00	-0.01	2025-12-26 18:00:49.787
16724	1	112	309	11.000	113.09	1243.99	2025-12-26 18:00:49.187
16736	1	112	1973	0.000	0.00	0.00	2025-12-26 18:00:49.979
16732	1	112	1974	0.000	0.00	0.00	2025-12-26 18:00:49.595
16739	1	112	318	46.000	62.78	2887.88	2025-12-26 18:00:50.099
16776	1	112	1967	23.000	93.93	2160.39	2025-12-26 18:00:52.784
16777	1	112	694	4.000	114.05	456.20	2025-12-26 18:00:52.798
16735	1	112	329	0.000	0.00	0.03	2025-12-26 18:00:49.884
18943	1	127	758	8.000	56.94	455.51	2026-01-06 21:17:53.387
18925	1	127	227	8.000	67.41	539.29	2026-01-06 21:17:52.582
16728	1	112	295	0.000	144.16	0.00	2025-12-26 18:00:49.389
16757	1	112	322	8.000	123.84	990.72	2025-12-26 18:00:51.679
16765	1	112	336	12.000	77.90	934.80	2025-12-26 18:00:52.089
16746	1	112	1953	0.000	63.97	0.00	2025-12-26 18:00:50.99
16764	1	112	1957	0.000	89.66	0.00	2025-12-26 18:00:51.995
16769	1	112	1961	0.000	113.88	0.00	2025-12-26 18:00:52.38
16729	1	112	1964	1.000	131.30	131.30	2025-12-26 18:00:49.481
16755	1	112	1977	1.000	94.14	94.14	2025-12-26 18:00:51.493
16723	1	112	328	36.000	101.50	3654.16	2025-12-26 18:00:49.089
16741	1	112	1980	6.000	73.70	442.17	2025-12-26 18:00:50.28
16775	1	112	1981	0.000	0.00	0.00	2025-12-26 18:00:52.688
16727	1	112	332	9.000	134.09	1206.77	2025-12-26 18:00:49.38
16753	1	112	333	8.000	84.73	677.86	2025-12-26 18:00:51.389
16783	1	112	334	0.000	0.00	-0.01	2025-12-26 18:00:53.185
16760	1	112	291	103.000	44.65	4598.95	2025-12-26 18:00:51.79
16737	1	112	1993	0.000	173.34	0.00	2025-12-26 18:00:49.989
16744	1	112	1970	0.000	54.20	0.00	2025-12-26 18:00:50.78
16750	1	112	689	2.000	74.17	148.34	2025-12-26 18:00:51.196
16766	1	112	313	0.000	153.32	0.00	2025-12-26 18:00:52.19
16743	1	112	316	36.000	55.14	1985.04	2025-12-26 18:00:50.485
18947	1	127	6080	1.000	56.47	56.47	2026-01-06 21:17:53.59
18948	1	127	768	2.000	86.34	172.68	2026-01-06 21:17:53.599
18949	1	127	382	10.000	111.98	1119.84	2026-01-06 21:17:53.686
18950	1	127	383	2.000	120.04	240.07	2026-01-06 21:17:53.693
18951	1	127	767	4.000	66.46	265.84	2026-01-06 21:17:53.785
18952	1	127	770	5.000	152.06	760.30	2026-01-06 21:17:53.794
18953	1	127	387	3.000	99.95	299.84	2026-01-06 21:17:53.886
18954	1	127	390	10.000	81.15	811.52	2026-01-06 21:17:53.894
18955	1	127	773	4.000	139.90	559.60	2026-01-06 21:17:53.985
18956	1	127	775	8.000	131.67	1053.32	2026-01-06 21:17:53.993
18957	1	127	778	1.000	141.40	141.40	2026-01-06 21:17:54.085
18958	1	127	396	16.000	60.89	974.16	2026-01-06 21:17:54.093
18960	1	127	398	11.000	120.86	1329.48	2026-01-06 21:17:54.192
18961	1	127	399	14.000	71.56	1001.77	2026-01-06 21:17:54.285
18962	1	127	401	11.000	107.71	1184.82	2026-01-06 21:17:54.293
18963	1	127	406	8.000	81.62	652.98	2026-01-06 21:17:54.3
18964	1	127	409	5.000	91.88	459.40	2026-01-06 21:17:54.389
18965	1	127	795	1.000	131.40	131.40	2026-01-06 21:17:54.396
18966	1	127	796	2.000	111.15	222.30	2026-01-06 21:17:54.487
18967	1	127	797	6.000	111.32	667.92	2026-01-06 21:17:54.581
18175	8	120	5487	0.000	87.20	0.00	2026-01-05 15:32:53.593
18969	1	127	413	17.000	81.51	1385.75	2026-01-06 21:17:54.597
18970	1	127	415	9.000	131.74	1185.68	2026-01-06 21:17:54.688
18971	1	127	800	9.000	121.00	1089.03	2026-01-06 21:17:54.695
18973	1	127	408	5.000	149.35	746.75	2026-01-06 21:17:54.881
18974	1	127	407	3.000	101.34	304.01	2026-01-06 21:17:54.892
18975	1	127	799	1.000	131.29	131.29	2026-01-06 21:17:54.991
18976	1	127	416	9.000	75.08	675.71	2026-01-06 21:17:55.087
18977	1	127	391	1.000	84.77	84.77	2026-01-06 21:17:55.186
18978	1	127	5036	1.000	50.00	50.00	2026-01-06 21:17:55.196
18979	1	127	5037	49.000	50.00	2450.00	2026-01-06 21:17:55.288
16787	1	112	1631	1.000	167.67	167.67	2025-12-27 08:28:42.886
16790	1	112	1596	1.000	180.17	180.17	2025-12-27 08:28:42.998
18980	1	127	1788	9.000	61.59	554.29	2026-01-06 21:17:55.385
16793	1	112	1611	1.000	106.42	106.42	2025-12-27 08:28:43.289
18981	1	127	237	3.000	78.40	235.20	2026-01-06 21:17:55.394
18982	1	127	807	1.000	108.66	108.66	2026-01-06 21:17:55.485
18983	1	127	240	10.000	89.10	890.97	2026-01-06 21:17:55.495
18984	1	127	813	2.000	58.51	117.02	2026-01-06 21:17:55.583
18985	1	127	1984	3.000	117.44	352.33	2026-01-06 21:17:55.593
16804	1	112	1662	2.000	65.17	130.34	2025-12-27 08:28:43.794
16805	1	112	1666	1.000	172.17	172.17	2025-12-27 08:28:43.888
18986	1	127	817	3.000	68.76	206.28	2026-01-06 21:17:55.686
18987	1	127	804	8.000	89.46	715.64	2026-01-06 21:17:55.698
16808	1	112	186	1.000	86.42	86.42	2025-12-27 08:28:43.99
16552	1	112	1599	8.000	80.89	647.09	2025-12-27 08:28:44.002
18988	1	127	1985	7.000	53.82	376.72	2026-01-06 21:17:55.787
16810	1	112	723	13.000	45.17	587.23	2025-12-27 08:28:44.096
16811	1	112	1613	1.000	70.17	70.17	2025-12-27 08:28:44.187
18989	1	127	1872	2.000	68.69	137.38	2026-01-06 21:17:55.882
18990	1	127	1795	3.000	88.76	266.27	2026-01-06 21:17:55.986
18991	1	127	241	7.000	54.42	380.96	2026-01-06 21:17:55.995
18992	1	127	805	8.000	66.25	529.97	2026-01-06 21:17:56.088
18993	1	127	1831	3.000	58.84	176.51	2026-01-06 21:17:56.097
18994	1	127	815	2.000	78.66	157.32	2026-01-06 21:17:56.187
18995	1	127	263	7.000	98.63	690.39	2026-01-06 21:17:56.194
18996	1	127	1871	4.000	62.49	249.97	2026-01-06 21:17:56.29
18998	1	127	265	14.000	48.63	680.76	2026-01-06 21:17:56.392
18999	1	127	819	7.000	98.43	689.01	2026-01-06 21:17:56.484
19000	1	127	247	5.000	43.81	219.06	2026-01-06 21:17:56.495
19001	1	127	266	10.000	39.44	394.40	2026-01-06 21:17:56.589
19002	1	127	273	5.000	50.29	251.44	2026-01-06 21:17:56.597
19003	1	127	278	9.000	88.68	798.15	2026-01-06 21:17:56.686
19004	1	127	250	1.000	228.75	228.75	2026-01-06 21:17:56.694
19005	1	127	260	12.000	68.80	825.57	2026-01-06 21:17:56.786
19007	1	127	252	5.000	241.70	1208.50	2026-01-06 21:17:56.885
19008	1	127	274	5.000	108.91	544.56	2026-01-06 21:17:56.893
19009	1	127	254	6.000	56.35	338.10	2026-01-06 21:17:56.984
19010	1	127	1785	1.000	102.65	102.65	2026-01-06 21:17:56.995
21588	1	135	2297	1.000	0.10	0.10	2026-01-12 11:10:05.196
21526	1	139	1467	0.000	96.66	0.00	2026-01-12 16:12:43.487
16812	1	112	319	0.000	0.00	0.00	2025-12-27 15:35:09.914958
18972	1	127	400	14.000	81.61	1142.54	2026-01-06 21:17:54.786
18997	1	127	810	3.000	54.11	162.32	2026-01-06 21:17:56.381
16693	1	112	1823	1.000	109.80	109.80	2025-12-26 18:00:47.489
16691	1	112	260	59.000	68.60	4047.40	2025-12-26 18:00:47.385
16652	1	112	1861	0.000	169.18	0.00	2025-12-26 18:00:45.39
16667	1	112	1875	0.000	47.81	0.00	2025-12-26 18:00:46.096
16695	1	112	1835	0.000	128.99	0.00	2025-12-26 18:00:47.587
16674	1	112	257	2.000	180.57	361.14	2025-12-26 18:00:46.484
16688	1	112	250	1.000	229.98	229.98	2025-12-26 18:00:47.189
16549	1	112	1660	9.000	80.91	728.21	2025-12-27 08:28:44.384
16568	1	112	1625	0.000	51.78	0.00	2025-12-27 08:28:44.493
16564	1	112	1602	0.000	0.00	0.00	2025-12-27 08:28:44.483
16556	1	112	1605	4.000	140.76	563.04	2025-12-27 08:28:44.093
16797	1	112	1626	0.000	0.00	0.00	2025-12-27 08:28:43.489
16814	1	87	1640	1.000	230.60	230.60	2025-12-29 06:33:58.881133
16803	1	112	1657	0.000	0.00	0.00	2025-12-27 08:28:43.785
16813	1	87	1634	0.000	48.19	0.00	2025-12-29 06:33:58.881133
16788	1	112	1592	0.000	65.17	0.00	2025-12-27 08:28:42.898
16789	1	112	1594	0.000	86.42	0.00	2025-12-27 08:28:42.988
16516	1	112	721	0.000	160.58	0.00	2025-12-27 08:28:43.096
16791	1	112	165	0.000	130.17	0.00	2025-12-27 08:28:43.192
16512	1	112	727	0.000	151.32	0.00	2025-12-27 08:28:43.295
16577	1	112	1618	0.000	285.90	0.00	2025-12-27 08:28:42.881
16796	1	112	1624	0.000	105.17	0.00	2025-12-27 08:28:43.485
16628	1	112	199	78.000	73.13	5704.48	2025-12-31 07:52:33.794
16618	1	112	1696	2.000	63.16	126.32	2025-12-31 07:52:34.092
16637	1	112	1710	1.000	108.16	108.16	2025-12-31 07:52:34.189
16591	1	112	187	7.000	52.87	370.09	2025-12-31 07:52:33.588
16562	1	112	1652	36.000	51.06	1838.16	2025-12-27 08:28:44.587
16616	1	112	224	16.000	334.67	5354.72	2025-12-31 07:52:34.487
16794	1	112	1620	0.000	150.17	0.00	2025-12-27 08:28:43.39
16511	1	112	163	1.000	230.96	230.96	2025-12-27 08:28:43.188
16513	1	112	730	0.000	152.92	0.00	2025-12-27 08:28:43.396
16795	1	112	1622	0.000	65.17	0.00	2025-12-27 08:28:43.4
19011	1	127	1786	1.000	138.87	138.87	2026-01-06 21:17:57.089
19012	1	127	1842	1.000	60.01	60.01	2026-01-06 21:17:57.187
19013	1	127	1858	1.000	49.22	49.22	2026-01-06 21:17:57.284
19014	1	127	818	1.000	83.73	83.73	2026-01-06 21:17:57.295
19015	1	127	251	8.000	43.79	350.32	2026-01-06 21:17:57.388
19017	1	127	814	6.000	89.16	534.98	2026-01-06 21:17:57.493
19018	1	127	821	3.000	47.99	143.97	2026-01-06 21:17:57.586
19019	1	127	822	1.000	94.25	94.25	2026-01-06 21:17:57.596
19020	1	127	825	4.000	84.25	337.00	2026-01-06 21:17:57.685
19021	1	127	823	6.000	99.25	595.50	2026-01-06 21:17:57.693
19022	1	127	830	1.000	128.44	128.44	2026-01-06 21:17:57.787
19023	1	127	833	12.000	73.87	886.40	2026-01-06 21:17:57.796
19024	1	127	827	2.000	138.90	277.79	2026-01-06 21:17:57.886
19025	1	127	828	1.000	88.83	88.83	2026-01-06 21:17:57.895
19026	1	127	459	1.000	0.10	0.10	2026-01-06 21:17:57.986
19027	1	127	419	2.000	53.68	107.36	2026-01-06 21:17:57.994
19028	1	127	420	19.000	89.04	1691.79	2026-01-06 21:17:58.087
19029	1	127	835	1.000	60.07	60.07	2026-01-06 21:17:58.183
19030	1	127	836	1.000	81.00	81.00	2026-01-06 21:17:58.201
19031	1	127	421	5.000	69.14	345.69	2026-01-06 21:17:58.287
19032	1	127	837	6.000	107.92	647.53	2026-01-06 21:17:58.295
19033	1	127	838	10.000	72.63	726.34	2026-01-06 21:17:58.388
19034	1	127	423	1.000	71.84	71.84	2026-01-06 21:17:58.397
19035	1	127	425	17.000	52.83	898.09	2026-01-06 21:17:58.489
19036	1	127	426	15.000	90.85	1362.70	2026-01-06 21:17:58.496
19037	1	127	431	8.000	60.75	485.98	2026-01-06 21:17:58.587
19038	1	127	432	6.000	91.80	550.77	2026-01-06 21:17:58.596
19039	1	127	840	1.000	92.00	92.00	2026-01-06 21:17:58.687
19040	1	127	841	2.000	105.07	210.14	2026-01-06 21:17:58.696
19041	1	127	434	1.000	81.90	81.90	2026-01-06 21:17:58.789
19042	1	127	435	6.000	57.19	343.15	2026-01-06 21:17:58.798
19043	1	127	844	2.000	60.07	120.14	2026-01-06 21:17:58.893
16856	1	101	618	1.000	49.12	49.12	2025-12-29 12:19:34.393989
16859	1	101	1513	3.000	102.29	306.87	2025-12-29 12:19:34.393989
16860	1	101	1588	2.000	87.74	175.48	2025-12-29 12:19:34.393989
16863	1	101	1968	3.000	153.87	461.61	2025-12-29 12:19:34.393989
16864	1	101	1971	2.000	233.33	466.66	2025-12-29 12:19:34.393989
16866	1	101	1973	2.000	135.75	271.50	2025-12-29 12:19:34.393989
16869	1	101	1977	6.000	94.14	564.84	2025-12-29 12:19:34.393989
16870	1	101	694	3.000	114.05	342.15	2025-12-29 12:19:34.393989
16857	1	101	561	2.000	129.12	258.24	2025-12-29 12:19:34.393989
16910	1	112	1734	2.000	93.26	186.52	2025-12-31 07:52:34.793
16919	1	82	1527	0.000	159.63	0.00	2025-12-29 12:50:53.784
16924	1	82	1554	0.000	79.63	0.00	2025-12-29 12:50:54.196
16815	1	87	1639	5.000	105.61	528.05	2025-12-29 06:33:58.881133
16920	1	82	1534	0.000	209.63	0.00	2025-12-29 12:50:53.895
16631	1	112	233	7.000	62.82	439.77	2025-12-31 07:52:34.799
16877	1	112	1684	1.000	173.36	173.36	2025-12-29 12:50:25.102
16913	1	112	1741	2.000	153.26	306.52	2025-12-31 07:52:34.898
16927	1	101	631	1.000	69.46	69.46	2025-12-30 11:26:28.087
16906	1	112	1721	2.000	153.36	306.71	2025-12-29 12:50:25.994
16914	1	112	1742	9.000	48.29	434.64	2025-12-31 07:52:34.986
16801	1	112	736	0.000	0.00	0.00	2025-12-27 08:28:43.683
16909	1	112	1724	1.000	83.36	83.36	2025-12-29 12:50:26.099
16590	1	112	196	23.000	253.24	5824.52	2025-12-31 07:52:33.789
16912	1	112	1738	1.000	102.11	102.11	2025-12-29 12:50:26.298
16916	1	112	765	1.000	83.36	83.36	2025-12-29 12:50:26.402
16921	1	82	1544	2.000	119.63	239.26	2025-12-29 12:50:53.898
16922	1	82	136	1.000	149.63	149.63	2025-12-29 12:50:54.001
16925	1	82	1533	2.000	89.63	179.26	2025-12-29 12:50:54.484
16557	1	112	731	19.000	93.95	1785.05	2025-12-27 08:28:44.193
16800	1	112	735	0.000	115.17	0.00	2025-12-27 08:28:43.6
16802	1	112	1643	0.000	156.17	0.00	2025-12-27 08:28:43.687
16798	1	112	1627	1.000	150.17	150.17	2025-12-27 08:28:43.495
16806	1	112	739	1.000	135.17	135.17	2025-12-27 08:28:43.892
16510	1	112	1665	0.000	125.69	0.00	2025-12-27 08:28:43.882
16807	1	112	1668	0.000	110.17	0.00	2025-12-27 08:28:43.9
16705	1	112	1867	0.000	55.16	0.00	2025-12-26 18:00:48.093
16809	1	112	164	0.000	75.17	0.00	2025-12-27 08:28:44.09
16799	1	112	1630	0.000	85.17	0.00	2025-12-27 08:28:43.498
16633	1	112	1743	8.000	62.57	500.59	2025-12-31 07:52:34.99
16926	1	82	1539	0.000	54.63	0.00	2025-12-29 12:50:54.595
16923	1	82	1552	0.000	89.63	0.00	2025-12-29 12:50:54.19
16918	1	82	1525	0.000	284.63	0.00	2025-12-29 12:50:53.093
16873	1	112	1676	0.000	83.36	0.00	2025-12-29 12:50:24.991
16597	1	112	1674	14.000	53.18	744.52	2025-12-31 07:52:33.591
16874	1	112	1681	3.000	113.16	339.48	2025-12-31 07:52:33.691
16885	1	112	1694	0.000	173.36	0.00	2025-12-29 12:50:25.492
16876	1	112	193	31.000	48.26	1496.06	2025-12-31 07:52:33.696
16875	1	112	1682	3.000	113.16	339.48	2025-12-31 07:52:33.693
16878	1	112	1685	1.000	83.26	83.26	2025-12-31 07:52:33.699
16879	1	112	1686	39.000	78.27	3052.53	2025-12-31 07:52:33.702
16587	1	112	1687	13.000	143.29	1862.77	2025-12-31 07:52:33.783
16584	1	112	212	11.000	52.67	579.36	2025-12-31 07:52:34.002
16888	1	112	217	5.000	48.20	241.00	2025-12-31 07:52:34.1
16891	1	112	1701	8.000	73.23	585.88	2025-12-31 07:52:34.192
16895	1	112	1705	3.000	93.29	279.88	2025-12-31 07:52:34.298
16897	1	112	1709	4.000	53.31	213.24	2025-12-31 07:52:34.304
16898	1	112	1711	7.000	153.30	1073.12	2025-12-31 07:52:34.386
16636	1	112	1730	7.000	73.32	513.24	2025-12-31 07:52:34.583
16908	1	112	227	15.000	68.27	1024.00	2025-12-31 07:52:34.594
16598	1	112	205	155.000	67.53	10467.15	2025-12-31 07:52:33.894
16880	1	112	201	2.000	73.16	146.32	2025-12-31 07:52:33.797
16883	1	112	1689	2.000	173.16	346.32	2025-12-31 07:52:33.9
16884	1	112	210	1.000	203.16	203.16	2025-12-31 07:52:33.993
16581	1	112	209	57.000	51.10	2912.70	2025-12-31 07:52:33.988
16894	1	112	758	7.000	58.28	407.96	2025-12-31 07:52:34.289
16585	1	112	223	265.000	48.66	12894.90	2025-12-31 07:52:34.4
16580	1	112	229	12.000	183.21	2198.52	2025-12-31 07:52:34.601
16882	1	112	200	6.000	153.26	919.56	2025-12-31 07:52:33.887
16671	1	112	248	9.000	48.25	434.25	2025-12-26 18:00:46.295
16792	1	112	1606	0.000	65.17	0.00	2025-12-27 08:28:43.196
16858	1	101	634	5.000	81.26	406.30	2025-12-29 12:19:34.393989
16867	1	101	1974	0.000	154.16	0.00	2025-12-29 12:19:34.393989
16868	1	101	693	3.000	93.02	279.06	2025-12-29 12:19:34.393989
19044	1	127	439	1.000	56.90	56.90	2026-01-06 21:17:58.902
16862	1	101	1966	1.000	85.55	85.55	2025-12-29 12:19:34.393989
19045	1	127	846	1.000	75.07	75.07	2026-01-06 21:17:58.989
14702	1	101	370	4.000	60.09	240.36	2025-12-12 11:29:51.084
14655	1	101	359	24.000	95.13	2283.12	2025-12-16 10:56:02.88
19046	1	127	847	2.000	105.76	211.52	2026-01-06 21:17:59.083
19047	1	127	848	1.000	97.82	97.82	2026-01-06 21:17:59.092
19048	1	127	854	1.000	241.69	241.69	2026-01-06 21:17:59.185
19049	1	127	448	11.000	49.55	545.05	2026-01-06 21:17:59.193
16929	1	112	1677	1.000	133.16	133.16	2025-12-31 07:52:33.597
14667	1	101	1575	1.000	110.24	110.24	2025-12-12 11:29:48.281
16930	1	112	203	11.000	233.16	2564.76	2025-12-31 07:52:33.883
16931	1	112	1690	2.000	93.16	186.32	2025-12-31 07:52:33.984
16932	1	112	1693	1.000	83.16	83.16	2025-12-31 07:52:34.083
19050	1	127	449	1.000	69.73	69.73	2026-01-06 21:17:59.286
19051	1	127	855	2.000	89.15	178.29	2026-01-06 21:17:59.295
19052	1	127	450	1.000	147.00	147.00	2026-01-06 21:17:59.385
16928	1	101	291	3.000	40.95	122.85	2025-12-30 11:26:28.484
16861	1	101	1957	11.000	89.66	986.26	2025-12-29 12:19:34.393989
19053	1	127	858	4.000	75.07	300.28	2026-01-06 21:17:59.393
19054	1	127	457	1.000	75.07	75.07	2026-01-06 21:17:59.486
19055	1	127	463	3.000	90.62	271.87	2026-01-06 21:17:59.494
19056	1	127	464	9.000	108.90	980.08	2026-01-06 21:17:59.587
16933	1	112	1729	2.000	153.16	306.32	2025-12-31 07:52:34.588
19057	1	127	467	7.000	59.19	414.33	2026-01-06 21:17:59.596
19058	1	127	862	3.000	149.62	448.85	2026-01-06 21:17:59.686
16934	1	112	1737	1.000	83.16	83.16	2025-12-31 07:52:34.892
19059	1	127	475	1.000	155.30	155.30	2026-01-06 21:17:59.694
19060	1	127	478	3.000	59.61	178.83	2026-01-06 21:17:59.788
19061	1	127	487	1.000	254.35	254.35	2026-01-06 21:17:59.885
19062	1	127	488	4.000	389.29	1557.14	2026-01-06 21:17:59.896
19063	1	127	869	3.000	178.69	536.06	2026-01-06 21:17:59.986
19064	1	127	1906	3.000	99.75	299.25	2026-01-06 21:17:59.994
19065	1	127	489	11.000	150.52	1655.74	2026-01-06 21:18:00.086
19066	1	127	872	3.000	119.40	358.20	2026-01-06 21:18:00.095
16887	1	112	1698	46.000	53.22	2448.12	2025-12-31 07:52:34.095
16900	1	112	1715	3.000	83.21	249.63	2025-12-31 07:52:34.395
16903	1	112	1728	3.000	103.21	309.63	2025-12-31 07:52:34.483
16902	1	112	1727	3.000	183.21	549.63	2025-12-31 07:52:34.403
16638	1	112	1718	19.000	58.21	1105.99	2025-12-31 07:52:34.49
16904	1	112	1719	16.000	68.17	1090.72	2025-12-31 07:52:34.492
16905	1	112	1720	5.000	133.22	666.10	2025-12-31 07:52:34.495
16642	1	112	1717	3.000	233.07	699.21	2025-12-31 07:52:34.397
19067	1	127	873	3.000	74.38	223.13	2026-01-06 21:18:00.191
16627	1	112	231	419.000	57.70	24176.30	2025-12-31 07:52:34.693
16899	1	112	1712	51.000	73.23	3734.73	2025-12-31 07:52:34.392
16615	1	112	764	6.000	134.61	807.66	2025-12-31 07:52:34.788
16640	1	112	1735	10.000	83.24	832.40	2025-12-31 07:52:34.884
16896	1	112	1708	4.000	133.23	532.92	2025-12-31 07:52:34.301
16938	1	101	2387	3.000	0.13	0.40	2025-12-31 12:32:12.166208
16935	1	112	298	0.000	0.00	0.00	2025-12-31 12:24:50.582572
16937	1	101	1502	0.000	129.60	388.80	2025-12-31 12:32:12.166208
16936	1	101	1559	10.000	233.40	2334.00	2025-12-31 12:32:12.166208
14670	1	101	366	6.000	103.48	620.88	2025-12-12 11:29:48.382
16939	1	101	1967	7.000	308.63	2160.39	2025-12-31 12:32:12.166208
16865	1	101	322	7.000	123.84	866.88	2025-12-29 12:19:34.393989
16871	1	101	1980	8.000	73.69	589.52	2025-12-29 12:19:34.393989
16872	1	101	334	0.000	76.07	0.03	2025-12-29 12:19:34.393989
19068	1	127	495	3.000	228.77	686.31	2026-01-06 21:18:00.286
19069	1	127	497	2.000	178.69	357.38	2026-01-06 21:18:00.295
19070	1	127	498	2.000	253.62	507.24	2026-01-06 21:18:00.386
19071	1	127	875	2.000	260.39	520.77	2026-01-06 21:18:00.491
19072	1	127	500	5.000	253.70	1268.48	2026-01-06 21:18:00.588
16886	1	112	1695	0.000	183.36	0.00	2025-12-29 12:50:25.582
16890	1	112	1700	2.000	68.16	136.32	2025-12-31 07:52:34.186
19073	1	127	501	1.000	228.69	228.69	2026-01-06 21:18:00.782
16901	1	112	1716	0.000	163.36	0.00	2025-12-29 12:50:25.887
19074	1	127	502	1.000	74.36	74.36	2026-01-06 21:18:00.982
19076	1	127	881	2.000	94.15	188.30	2026-01-06 21:18:01.087
19077	1	127	490	1.000	126.97	126.97	2026-01-06 21:18:01.096
16641	1	112	1736	18.000	57.56	1036.08	2025-12-31 07:52:34.888
16911	1	112	234	15.000	51.25	768.75	2025-12-31 07:52:34.803
16893	1	112	1704	1.000	123.16	123.16	2025-12-31 07:52:34.285
16907	1	112	1722	2.000	83.16	166.32	2025-12-31 07:52:34.498
16892	1	112	1702	0.000	168.36	0.00	2025-12-29 12:50:25.687
16644	1	112	1703	6.000	83.17	499.02	2025-12-31 07:52:34.194
16915	1	112	1744	2.000	153.16	306.32	2025-12-31 07:52:34.992
19078	1	127	863	3.000	390.21	1170.62	2026-01-06 21:18:01.199
16889	1	112	1699	5.000	63.20	316.00	2025-12-31 07:52:34.103
16917	1	112	1746	1.000	73.16	73.16	2025-12-31 07:52:34.996
16624	1	112	232	19.000	83.20	1580.80	2025-12-31 07:52:34.705
16625	1	112	1725	8.000	173.06	1384.48	2025-12-31 07:52:34.686
16607	1	112	226	32.000	355.19	11366.08	2025-12-31 07:52:34.501
16626	1	112	1726	19.000	98.14	1864.66	2025-12-31 07:52:34.689
19079	1	127	476	1.000	140.74	140.74	2026-01-06 21:18:01.287
16570	1	112	157	108.000	51.22	5531.76	2025-12-27 08:28:44.403
16518	1	112	174	0.000	160.77	0.00	2025-12-27 08:28:43.491
16574	1	112	722	100.000	45.37	4537.00	2025-12-27 08:28:44.596
16578	1	112	1621	1.000	371.13	371.13	2025-12-27 08:28:42.889
16565	1	112	1650	4.000	47.65	190.60	2025-12-27 08:28:44.583
16519	1	112	162	0.000	170.76	0.00	2025-12-27 08:28:43.18
16515	1	112	1656	0.000	126.59	0.00	2025-12-27 08:28:43.78
16514	1	112	1623	2.000	135.93	271.86	2025-12-27 08:28:43.403
19080	1	127	866	2.000	188.28	376.56	2026-01-06 21:18:01.297
19081	1	127	868	1.000	103.28	103.28	2026-01-06 21:18:01.392
19082	1	127	870	1.000	108.28	108.28	2026-01-06 21:18:01.401
19083	1	127	878	6.000	391.96	2351.76	2026-01-06 21:18:01.49
19075	1	127	879	1.000	154.22	154.22	2026-01-06 21:18:00.991
20371	1	135	277	44.000	83.27	3664.01	2026-01-08 12:38:28.284
20373	1	135	240	25.000	92.70	2317.50	2026-01-12 11:06:12.673
20375	1	135	276	7.000	89.99	629.95	2026-01-08 12:38:30.098
20372	1	135	1799	1.000	243.92	243.92	2026-01-08 12:38:28.5
16563	1	112	1655	0.000	55.95	0.00	2025-12-27 08:28:44.59
16555	1	112	1654	41.000	81.12	3325.92	2025-12-27 08:28:44.38
16665	1	112	265	35.000	50.50	1767.50	2025-12-26 18:00:46.079
16662	1	112	810	16.000	54.15	866.40	2025-12-26 18:00:45.889
16663	1	112	244	40.000	44.47	1778.80	2025-12-26 18:00:45.897
16679	1	112	238	4.000	109.61	438.44	2025-12-26 18:00:46.695
19100	1	126	565	17.000	88.76	1508.93	2026-01-06 21:20:18.687
19101	1	126	542	1.000	128.23	128.23	2026-01-06 21:20:18.699
16881	1	112	202	1.000	133.26	133.26	2025-12-31 07:52:33.8
16670	1	112	1869	0.000	89.15	0.00	2025-12-26 18:00:46.287
19102	1	126	570	2.000	304.99	609.98	2026-01-06 21:20:18.785
16540	1	112	1628	0.000	0.00	0.00	2025-12-27 08:28:44.196
16941	1	87	1647	3.000	87.66	262.98	2025-12-31 12:40:56.295644
16942	1	87	1657	1.000	45.17	45.17	2025-12-31 12:40:56.295644
16943	1	87	254	6.000	56.35	338.10	2025-12-31 12:40:56.295644
16944	1	87	1842	2.000	60.01	120.02	2025-12-31 12:40:56.295644
16945	1	87	1881	2.000	149.86	299.72	2025-12-31 12:40:56.295644
16946	1	101	541	15.000	72.84	1092.60	2025-12-31 12:42:55.592212
16947	1	101	1580	7.000	58.96	412.72	2025-12-31 12:42:55.592212
16948	1	101	1981	4.000	96.76	387.04	2025-12-31 12:42:55.592212
19103	1	126	580	69.000	212.49	14662.03	2026-01-06 21:20:18.793
19104	1	126	1476	1.000	70.20	70.20	2026-01-06 21:20:18.884
19105	1	126	547	6.000	190.12	1140.71	2026-01-06 21:20:18.89
19106	1	126	582	5.000	129.93	649.67	2026-01-06 21:20:18.897
19107	1	126	626	1.000	89.86	89.86	2026-01-06 21:20:18.989
19108	1	126	618	1.000	51.02	51.02	2026-01-06 21:20:18.996
19109	1	126	546	5.000	179.92	899.59	2026-01-06 21:20:19.085
19111	1	126	551	8.000	89.61	716.90	2026-01-06 21:20:19.187
19112	1	126	1479	4.000	139.95	559.78	2026-01-06 21:20:19.195
19115	1	126	1512	7.000	89.98	629.88	2026-01-06 21:20:19.297
19116	1	126	589	2.000	131.29	262.57	2026-01-06 21:20:19.388
19117	1	126	627	8.000	143.05	1144.38	2026-01-06 21:20:19.481
19118	1	126	1515	1.000	155.96	155.96	2026-01-06 21:20:19.488
19119	1	126	1477	6.000	254.98	1529.87	2026-01-06 21:20:19.496
19120	1	126	633	1.000	283.36	283.36	2026-01-06 21:20:19.584
19121	1	126	579	3.000	143.46	430.39	2026-01-06 21:20:19.592
19122	1	126	623	1.000	100.27	100.27	2026-01-06 21:20:19.684
19123	1	126	509	10.000	128.65	1286.50	2026-01-06 21:20:19.692
19124	1	126	610	1.000	113.47	113.47	2026-01-06 21:20:19.783
19125	1	126	1513	1.000	103.85	103.85	2026-01-06 21:20:19.792
19126	1	126	519	96.000	90.47	8685.40	2026-01-06 21:20:19.885
19127	1	126	511	63.000	99.97	6297.89	2026-01-06 21:20:19.982
19128	1	126	520	203.000	51.68	10491.73	2026-01-06 21:20:19.989
19129	1	126	512	161.000	51.14	8233.78	2026-01-06 21:20:19.996
16963	7	113	5304	8.000	59.84	478.75	2026-01-08 08:34:01.898
19132	1	126	532	5.000	84.92	424.62	2026-01-06 21:20:20.099
16953	7	113	5316	2.000	90.11	180.23	2026-01-08 08:34:02.097
16955	7	113	5334	10.000	69.66	696.57	2026-01-08 08:34:02.298
16957	7	113	5335	5.000	50.37	251.86	2026-01-08 08:34:02.382
16960	7	113	5346	3.000	48.87	146.61	2026-01-04 21:47:06.488
16958	7	113	5345	10.000	59.66	596.57	2026-01-08 08:34:02.589
18550	8	122	5660	0.000	159.77	0.00	2026-01-05 15:59:57.895
19133	1	126	595	2.000	70.40	140.79	2026-01-06 21:20:20.19
19134	1	126	543	3.000	110.59	331.76	2026-01-06 21:20:20.198
19135	1	126	587	6.000	68.75	412.51	2026-01-06 21:20:20.287
16951	7	113	5357	9.000	100.56	905.07	2026-01-08 08:34:02.691
19085	1	126	517	6.000	129.72	778.34	2026-01-06 21:20:17.894
19086	1	126	612	20.000	130.60	2611.92	2026-01-06 21:20:17.985
18567	8	122	5711	0.000	77.97	0.00	2026-01-05 15:59:58.79
19089	1	126	1467	9.000	93.94	845.42	2026-01-06 21:20:18.183
19090	1	126	516	54.000	50.97	2752.17	2026-01-06 21:20:18.192
19091	1	126	584	35.000	139.60	4886.01	2026-01-06 21:20:18.282
19093	1	126	576	1.000	129.97	129.97	2026-01-06 21:20:18.381
19094	1	126	1491	2.000	254.81	509.62	2026-01-06 21:20:18.39
19095	1	126	555	24.000	127.93	3070.36	2026-01-06 21:20:18.482
19096	1	126	523	6.000	153.48	920.90	2026-01-06 21:20:18.49
19098	1	126	550	124.000	67.50	8369.61	2026-01-06 21:20:18.59
16961	7	113	5291	3.000	69.88	209.64	2026-01-08 08:34:01.695
19137	1	126	1463	1.000	90.21	90.21	2026-01-06 21:20:20.384
16964	7	113	5344	6.000	69.97	419.82	2026-01-08 08:34:02.586
19139	1	126	1468	6.000	55.27	331.60	2026-01-06 21:20:20.683
19140	1	126	1471	2.000	59.58	119.15	2026-01-06 21:20:20.787
19141	1	126	1472	1.000	179.87	179.87	2026-01-06 21:20:20.981
19142	1	126	1485	1.000	80.11	80.11	2026-01-06 21:20:20.99
19143	1	126	525	12.000	80.14	961.63	2026-01-06 21:20:21.089
19144	1	126	572	6.000	130.32	781.90	2026-01-06 21:20:21.097
18329	8	122	5618	7.000	78.62	550.32	2026-01-12 07:23:37.1
19146	1	126	530	7.000	191.47	1340.32	2026-01-06 21:20:21.282
19147	1	126	1480	2.000	129.93	259.86	2026-01-06 21:20:21.292
19148	1	126	573	5.000	80.09	400.45	2026-01-06 21:20:21.299
19149	1	126	629	4.000	108.61	434.43	2026-01-06 21:20:21.385
19151	1	126	1497	2.000	60.13	120.26	2026-01-06 21:20:21.397
19152	1	126	1496	4.000	149.98	599.90	2026-01-06 21:20:21.488
19153	1	126	1478	10.000	111.19	1111.93	2026-01-06 21:20:21.495
18291	8	122	5546	40.000	125.21	5008.40	2026-01-12 07:23:36.787
18293	8	122	5562	9.000	139.76	1257.84	2026-01-12 07:23:37.386
19156	1	126	1481	6.000	60.32	361.89	2026-01-06 21:20:21.686
19157	1	126	562	30.000	230.40	6912.04	2026-01-06 21:20:21.693
16950	7	113	5358	11.000	90.05	990.52	2026-01-08 08:34:01.303
16952	7	113	5288	10.000	65.41	654.08	2026-01-08 08:34:01.684
16954	7	113	5289	46.000	65.12	2995.35	2026-01-08 08:34:01.688
16956	7	113	5290	81.000	54.76	4435.55	2026-01-08 08:34:01.692
18294	8	122	5541	53.000	72.41	3837.73	2026-01-12 07:23:37.389
16959	7	113	5296	8.000	55.78	446.28	2026-01-08 08:34:01.786
16962	7	113	5305	7.000	119.97	839.76	2026-01-08 08:34:01.895
18342	8	122	5574	0.000	159.48	0.00	2026-01-12 07:23:37.503
18340	8	122	5543	0.000	90.24	0.00	2026-01-12 07:23:37.5
18430	8	122	5654	76.000	63.21	4803.96	2026-01-05 15:59:58.59
19894	7	113	5319	0.000	61.40	0.00	2026-01-08 08:34:01.187
20080	1	134	121	7.000	279.33	1955.31	2026-01-08 09:36:55.285
19893	7	113	5318	0.000	91.40	0.00	2026-01-08 08:34:01.183
21164	1	139	1984	3.000	112.72	338.16	2026-01-08 10:41:53.285
21603	1	135	1683	5.000	37.56	187.80	2026-01-13 12:36:56.497
21604	1	135	1697	1.000	77.56	77.56	2026-01-13 12:36:56.893
21607	1	135	1731	2.000	87.56	175.12	2026-01-13 12:36:57.497
21608	1	135	1745	1.000	87.56	87.56	2026-01-13 12:36:57.696
19978	1	134	1516	1.000	92.45	92.45	2026-01-14 07:40:15.684
21622	1	134	1517	1.000	166.20	166.20	2026-01-14 07:40:15.786
21602	1	135	1679	0.000	97.56	0.00	2026-01-13 12:36:56.492
21600	8	122	5411	0.000	77.12	0.00	2026-01-14 08:50:14.497
21596	8	122	6047	1.000	119.15	119.15	2026-01-14 08:50:14.599
20028	1	134	72	13.000	162.17	2108.16	2026-01-14 07:40:15.889
21605	1	135	1986	0.000	57.56	0.00	2026-01-13 12:36:56.994
21597	8	122	5997	2.000	69.36	138.72	2026-01-14 08:50:14.686
21598	8	122	6050	1.000	145.77	145.77	2026-01-14 08:50:14.697
21624	8	122	6053	2.000	69.91	139.82	2026-01-14 08:50:14.788
21609	1	138	612	3.000	146.66	439.98	2026-01-14 06:55:13.606628
21612	1	138	585	0.000	136.10	0.00	2026-01-14 06:55:13.606628
21024	1	139	717	10.000	105.21	1052.10	2026-01-08 10:39:23.082
21006	1	139	143	4.000	56.05	224.20	2026-01-08 10:36:29.583
21011	1	139	104	3.000	169.06	507.18	2026-01-08 10:36:29.787
21518	1	139	820	0.000	134.57	0.00	2026-01-12 06:10:24.784102
21159	1	139	1788	10.000	58.08	580.80	2026-01-08 10:41:52.991
21167	1	139	1985	6.000	53.82	322.92	2026-01-08 10:41:53.394
21517	1	139	1874	0.000	44.57	0.00	2026-01-12 06:10:24.784102
20406	1	135	260	57.000	68.60	3910.20	2026-01-08 09:50:48.583
21606	1	135	1716	0.000	167.56	0.00	2026-01-13 12:36:57.199
18429	8	122	5720	1.000	52.98	52.98	2026-01-05 15:59:58.883
20365	1	135	1703	1.000	86.66	86.66	2026-01-13 12:36:56.999
21561	10	133	6249	36.000	47.86	1722.96	2026-01-14 12:15:27.091
21610	1	138	629	1.000	111.52	111.52	2026-01-14 06:55:13.606628
20499	1	136	1579	0.000	0.00	0.00	2026-01-08 10:28:51.789
21611	1	138	600	4.000	163.95	655.80	2026-01-14 06:55:13.606628
21613	1	138	71	20.000	46.30	926.00	2026-01-14 06:55:13.606628
21614	1	139	1820	6.000	54.57	327.42	2026-01-14 06:57:45.386726
21615	1	139	1867	2.000	59.57	119.14	2026-01-14 06:57:45.386726
21616	1	139	381	12.000	154.96	1859.52	2026-01-14 06:57:45.386726
21617	1	139	164	2.000	80.28	160.56	2026-01-14 06:57:45.386726
20062	1	134	62	79.000	79.88	6310.52	2026-01-14 07:40:17.198
21618	1	139	56	5.000	103.13	515.65	2026-01-14 06:57:45.386726
21010	1	139	95	8.000	370.63	2965.05	2026-01-08 10:36:29.697
21619	1	139	1530	1.000	235.03	235.03	2026-01-14 06:57:45.386726
21620	1	139	132	1.000	195.88	195.88	2026-01-14 06:57:45.386726
21621	10	133	6284	30.000	39.81	1194.30	2026-01-14 06:58:34.382
19990	1	134	65	46.000	76.75	3530.50	2026-01-14 07:40:15.79
20036	1	134	94	72.000	101.11	7279.92	2026-01-14 07:40:16.798
20363	1	135	1708	0.000	137.56	0.00	2026-01-13 12:36:57.183
20035	1	134	98	63.000	73.41	4624.83	2026-01-14 07:40:16.881
20068	1	134	50	217.000	58.16	12620.72	2026-01-14 07:40:17.195
19924	7	113	5299	2.000	71.40	142.80	2026-01-08 08:34:01.797
19932	7	113	5309	0.000	196.40	0.00	2026-01-08 08:34:01.993
19968	7	113	5363	4.000	101.40	405.60	2026-01-08 08:34:02.792
19905	7	113	5273	0.000	91.40	0.00	2026-01-08 08:34:01.389
19904	7	113	5272	5.000	151.40	757.00	2026-01-08 08:34:01.384
19901	7	113	5354	0.000	71.40	0.00	2026-01-08 08:34:01.293
19890	7	113	5294	54.000	111.40	6015.60	2026-01-08 08:34:01.087
21623	1	134	1534	1.000	216.20	216.20	2026-01-14 07:40:16.299
19996	1	134	1544	1.000	126.20	126.20	2026-01-14 07:40:16.382
20003	1	134	1550	5.000	144.40	722.00	2026-01-14 07:40:16.589
20454	1	135	1972	9.000	58.42	525.78	2026-01-08 09:52:06.396
18121	8	120	5411	0.000	77.12	0.00	2026-01-14 08:50:14.495
19939	7	113	5317	13.000	101.40	1318.20	2026-01-08 08:34:02.101
20061	1	134	1533	8.000	95.31	762.52	2026-01-14 07:40:16.891
19914	7	113	5282	10.000	101.40	1014.00	2026-01-08 08:34:01.583
21626	10	131	6279	1.000	51.95	51.95	2026-01-15 08:54:23.895
21627	10	131	6227	2.000	50.45	100.90	2026-01-15 08:54:23.986
20071	1	134	128	96.000	57.54	5523.46	2026-01-14 07:40:17.387
20055	1	134	58	146.000	82.08	11983.68	2026-01-14 07:40:16.692
19987	1	134	700	12.000	74.70	896.40	2026-01-14 07:40:15.599
20072	1	134	125	179.000	55.35	9907.65	2026-01-14 07:40:17.381
19982	1	134	87	74.000	70.05	5183.70	2026-01-08 11:52:42.389
19980	1	134	84	58.000	57.50	3335.00	2026-01-14 07:40:15.993
21008	1	139	125	25.000	52.46	1311.50	2026-01-08 10:36:29.682
21004	1	139	81	7.000	74.49	521.43	2026-01-09 11:09:17.911
\.


