19581	2323	5378	1.000	300.00	247.54	300.00	247.54	52.46	2026-01-07 13:58:41.597903
19582	2323	5407	1.000	270.00	158.66	270.00	158.66	111.34	2026-01-07 13:58:41.597903
19583	2323	5427	1.000	200.00	163.54	200.00	163.54	36.46	2026-01-07 13:58:41.597903
19584	2323	5369	1.000	85.00	81.63	85.00	81.63	3.37	2026-01-07 13:58:41.597903
19585	2323	5388	2.000	50.00	52.14	100.00	104.28	-4.28	2026-01-07 13:58:41.597903
19586	2323	5444	6.000	75.00	82.08	450.00	492.48	-42.48	2026-01-07 13:58:41.597903
19587	2323	5444	2.000	80.00	82.08	160.00	164.16	-4.16	2026-01-07 13:58:41.597903
19588	2323	5408	2.000	125.00	105.54	250.00	211.08	38.92	2026-01-07 13:58:41.597903
19589	2323	5416	1.000	80.00	77.54	80.00	77.54	2.46	2026-01-07 13:58:41.597903
19590	2323	5424	1.000	75.00	91.54	75.00	91.54	-16.54	2026-01-07 13:58:41.597903
19591	2323	5431	1.000	110.00	91.28	110.00	91.28	18.72	2026-01-07 13:58:41.597903
19592	2323	5452	1.000	110.00	82.07	110.00	82.07	27.93	2026-01-07 13:58:41.597903
19593	2323	5438	1.000	125.00	109.07	125.00	109.07	15.93	2026-01-07 13:58:41.597903
19594	2323	5456	1.000	90.00	87.54	90.00	87.54	2.46	2026-01-07 13:58:41.597903
19595	2323	5423	9.000	75.00	58.41	675.00	525.69	149.31	2026-01-07 13:58:41.597903
19596	2323	5439	1.000	70.00	71.37	70.00	71.37	-1.37	2026-01-07 13:58:41.597903
19597	2323	5447	1.000	85.00	86.57	85.00	86.57	-1.57	2026-01-07 13:58:41.597903
19598	2323	5380	4.000	55.00	51.91	220.00	207.64	12.36	2026-01-07 13:58:41.597903
19599	2323	5380	14.000	50.00	51.91	700.00	726.74	-26.74	2026-01-07 13:58:41.597903
19600	2323	6058	2.000	170.00	149.58	340.00	299.16	40.84	2026-01-07 13:58:41.597903
19601	2323	6055	1.000	160.00	99.43	160.00	99.43	60.57	2026-01-07 13:58:41.597903
19602	2323	5969	5.000	130.00	139.51	650.00	697.55	-47.55	2026-01-07 13:58:41.597903
19603	2323	6047	1.000	130.00	119.11	130.00	119.11	10.89	2026-01-07 13:58:41.597903
19604	2323	5979	1.000	80.00	71.08	80.00	71.08	8.92	2026-01-07 13:58:41.597903
19605	2323	5977	6.000	140.00	108.53	840.00	651.18	188.82	2026-01-07 13:58:41.597903
19606	2323	6033	1.000	80.00	69.15	80.00	69.15	10.85	2026-01-07 13:58:41.597903
19607	2323	5986	1.000	110.00	107.94	110.00	107.94	2.06	2026-01-07 13:58:41.597903
19608	2323	6064	4.000	65.00	59.00	260.00	236.00	24.00	2026-01-07 13:58:41.597903
19609	2323	5972	1.000	100.00	69.41	100.00	69.41	30.59	2026-01-07 13:58:41.597903
21287	2437	6231	2.000	70.00	66.75	140.00	133.50	6.50	2026-01-09 06:50:49.657788
21288	2437	6232	7.000	40.00	23.85	280.00	166.95	113.05	2026-01-09 06:50:49.657788
21289	2437	6281	30.000	85.00	65.01	2550.00	1950.30	599.70	2026-01-09 06:50:49.657788
21290	2437	6281	1.000	90.00	65.01	90.00	65.01	24.99	2026-01-09 06:50:49.657788
21291	2437	6282	1.000	65.00	31.77	65.00	31.77	33.23	2026-01-09 06:50:49.657788
21292	2437	6282	1.000	60.00	31.77	60.00	31.77	28.23	2026-01-09 06:50:49.657788
21293	2437	6284	2.000	70.00	39.81	140.00	79.62	60.38	2026-01-09 06:50:49.657788
21294	2437	6234	2.000	160.00	100.60	320.00	201.20	118.80	2026-01-09 06:50:49.657788
21295	2437	6240	2.000	280.00	220.98	560.00	441.96	118.04	2026-01-09 06:50:49.657788
21296	2437	6249	1.000	70.00	47.86	70.00	47.86	22.14	2026-01-09 06:50:49.657788
21297	2437	6250	1.000	160.00	134.98	160.00	134.98	25.02	2026-01-09 06:50:49.657788
21298	2437	6263	3.000	65.00	54.32	195.00	162.96	32.04	2026-01-09 06:50:49.657788
21299	2437	6244	1.000	70.00	38.08	70.00	38.08	31.92	2026-01-09 06:50:49.657788
21300	2437	6244	2.000	65.00	38.08	130.00	76.16	53.84	2026-01-09 06:50:49.657788
21301	2437	6241	2.000	110.00	84.84	220.00	169.68	50.32	2026-01-09 06:50:49.657788
21302	2437	6242	1.000	80.00	48.86	80.00	48.86	31.14	2026-01-09 06:50:49.657788
21303	2437	6270	1.000	340.00	344.28	340.00	344.28	-4.28	2026-01-09 06:50:49.657788
21304	2437	6266	1.000	70.00	50.47	70.00	50.47	19.53	2026-01-09 06:50:49.657788
21305	2437	6269	1.000	115.00	59.77	115.00	59.77	55.23	2026-01-09 06:50:49.657788
21306	2437	6276	33.000	100.00	81.67	3300.00	2695.11	604.89	2026-01-09 06:50:49.657788
21307	2437	6276	1.000	90.00	81.67	90.00	81.67	8.33	2026-01-09 06:50:49.657788
21308	2437	6261	1.000	170.00	118.88	170.00	118.88	51.12	2026-01-09 06:50:49.657788
21309	2437	6262	5.000	100.00	57.17	500.00	285.85	214.15	2026-01-09 06:50:49.657788
21310	2437	6246	1.000	80.00	68.67	80.00	68.67	11.33	2026-01-09 06:50:49.657788
21311	2437	6252	2.000	90.00	25.37	180.00	50.74	129.26	2026-01-09 06:50:49.657788
21312	2437	6273	1.000	300.00	278.74	300.00	278.74	21.26	2026-01-09 06:50:49.657788
21313	2437	6271	1.000	270.00	225.08	270.00	225.08	44.92	2026-01-09 06:50:49.657788
21314	2437	6260	2.000	290.00	223.47	580.00	446.94	133.06	2026-01-09 06:50:49.657788
22862	2586	5943	4.000	50.00	59.91	200.00	239.64	-39.64	2026-01-12 16:16:49.02059
22863	2586	6035	5.000	220.00	149.28	1100.00	746.40	353.60	2026-01-12 16:16:49.02059
22864	2586	5949	1.000	190.00	179.28	190.00	179.28	10.72	2026-01-12 16:16:49.02059
22865	2586	5966	1.000	100.00	99.28	100.00	99.28	0.72	2026-01-12 16:16:49.02059
19610	2325	5640	1.000	130.00	77.97	130.00	77.97	52.03	2026-01-07 14:22:23.488487
19611	2325	5635	2.000	300.00	237.74	600.00	475.48	124.52	2026-01-07 14:22:23.488487
19612	2325	5636	2.000	190.00	147.70	380.00	295.40	84.60	2026-01-07 14:22:23.488487
19613	2325	5638	6.000	50.00	52.77	300.00	316.62	-16.62	2026-01-07 14:22:23.488487
19614	2325	5638	9.000	55.00	52.77	495.00	474.93	20.07	2026-01-07 14:22:23.488487
19615	2325	5647	1.000	85.00	67.77	85.00	67.77	17.23	2026-01-07 14:22:23.488487
19616	2325	5647	1.000	90.00	67.77	90.00	67.77	22.23	2026-01-07 14:22:23.488487
19617	2325	5725	1.000	100.00	98.17	100.00	98.17	1.83	2026-01-07 14:22:23.488487
19618	2325	5661	1.000	125.00	100.77	125.00	100.77	24.23	2026-01-07 14:22:23.488487
19619	2325	5661	2.000	130.00	100.77	260.00	201.54	58.46	2026-01-07 14:22:23.488487
19620	2325	5680	7.000	75.00	58.77	525.00	411.39	113.61	2026-01-07 14:22:23.488487
19621	2325	5673	6.000	80.00	72.77	480.00	436.62	43.38	2026-01-07 14:22:23.488487
19622	2325	5668	1.000	70.00	58.21	70.00	58.21	11.79	2026-01-07 14:22:23.488487
19623	2325	5707	1.000	250.00	149.55	250.00	149.55	100.45	2026-01-07 14:22:23.488487
19624	2325	5711	1.000	110.00	77.97	110.00	77.97	32.03	2026-01-07 14:22:23.488487
19625	2325	5698	1.000	110.00	92.44	110.00	92.44	17.56	2026-01-07 14:22:23.488487
19626	2325	5692	2.000	130.00	109.77	260.00	219.54	40.46	2026-01-07 14:22:23.488487
19627	2325	5693	1.000	75.00	72.77	75.00	72.77	2.23	2026-01-07 14:22:23.488487
19628	2325	5717	1.000	160.00	147.79	160.00	147.79	12.21	2026-01-07 14:22:23.488487
19629	2325	5716	1.000	90.00	87.77	90.00	87.77	2.23	2026-01-07 14:22:23.488487
19630	2325	5716	3.000	95.00	87.77	285.00	263.31	21.69	2026-01-07 14:22:23.488487
19631	2325	5712	1.000	120.00	133.17	120.00	133.17	-13.17	2026-01-07 14:22:23.488487
19632	2325	5702	1.000	80.00	77.97	80.00	77.97	2.03	2026-01-07 14:22:23.488487
19633	2325	5493	2.000	125.00	138.14	250.00	276.28	-26.28	2026-01-07 14:22:23.488487
19634	2325	5487	25.000	100.00	87.20	2500.00	2180.00	320.00	2026-01-07 14:22:23.488487
19635	2325	5488	1.000	55.00	57.46	55.00	57.46	-2.46	2026-01-07 14:22:23.488487
19636	2325	5495	1.000	100.00	76.68	100.00	76.68	23.32	2026-01-07 14:22:23.488487
19637	2325	5597	5.000	110.00	87.49	550.00	437.45	112.55	2026-01-07 14:22:23.488487
19638	2325	5618	2.000	85.00	77.40	170.00	154.80	15.20	2026-01-07 14:22:23.488487
19639	2325	5550	1.000	140.00	137.21	140.00	137.21	2.79	2026-01-07 14:22:23.488487
19640	2325	5567	2.000	230.00	237.55	460.00	475.10	-15.10	2026-01-07 14:22:23.488487
19641	2325	5569	1.000	90.00	96.50	90.00	96.50	-6.50	2026-01-07 14:22:23.488487
19642	2325	5541	5.000	50.00	72.93	250.00	364.65	-114.65	2026-01-07 14:22:23.488487
19643	2325	5568	1.000	220.00	206.92	220.00	206.92	13.08	2026-01-07 14:22:23.488487
19644	2325	5592	1.000	90.00	115.78	90.00	115.78	-25.78	2026-01-07 14:22:23.488487
19645	2325	5477	1.000	100.00	96.94	100.00	96.94	3.06	2026-01-07 14:22:23.488487
19646	2325	5527	1.000	120.00	108.39	120.00	108.39	11.61	2026-01-07 14:22:23.488487
19647	2325	5572	2.000	50.00	48.12	100.00	96.24	3.76	2026-01-07 14:22:23.488487
19648	2325	5556	1.000	90.00	72.89	90.00	72.89	17.11	2026-01-07 14:22:23.488487
19649	2325	5516	1.000	180.00	113.94	180.00	113.94	66.06	2026-01-07 14:22:23.488487
19650	2325	5605	3.000	80.00	85.09	240.00	255.27	-15.27	2026-01-07 14:22:23.488487
19651	2325	6027	3.000	50.00	74.62	150.00	223.86	-73.86	2026-01-07 14:22:23.488487
19652	2325	6055	1.000	170.00	98.39	170.00	98.39	71.61	2026-01-07 14:22:23.488487
20011	2357	187	4.000	60.00	51.83	240.00	207.32	32.68	2026-01-08 10:46:38.538867
20012	2357	190	1.000	75.00	72.21	75.00	72.21	2.79	2026-01-08 10:46:38.538867
20013	2357	193	1.000	60.00	48.29	60.00	48.29	11.71	2026-01-08 10:46:38.538867
20014	2357	192	4.000	85.00	52.36	340.00	209.44	130.56	2026-01-08 10:46:38.538867
20015	2357	1685	1.000	100.00	82.36	100.00	82.36	17.64	2026-01-08 10:46:38.538867
20016	2357	1687	2.000	200.00	143.89	400.00	287.78	112.22	2026-01-08 10:46:38.538867
20017	2357	209	9.000	50.00	50.34	450.00	453.06	-3.06	2026-01-08 10:46:38.538867
20018	2357	202	1.000	150.00	130.97	150.00	130.97	19.03	2026-01-08 10:46:38.538867
20019	2357	758	1.000	60.00	57.31	60.00	57.31	2.69	2026-01-08 10:46:38.538867
20020	2357	759	2.000	240.00	182.49	480.00	364.98	115.02	2026-01-08 10:46:38.538867
20021	2357	759	6.000	220.00	182.49	1320.00	1094.94	225.06	2026-01-08 10:46:38.538867
20022	2357	1691	2.000	175.00	68.40	350.00	136.80	213.20	2026-01-08 10:46:38.538867
20023	2357	211	1.000	70.00	58.15	70.00	58.15	11.85	2026-01-08 10:46:38.538867
20024	2357	1698	19.000	80.00	55.59	1520.00	1056.21	463.79	2026-01-08 10:46:38.538867
20025	2357	1698	2.000	75.00	55.59	150.00	111.18	38.82	2026-01-08 10:46:38.538867
20026	2357	223	1.000	60.00	49.02	60.00	49.02	10.98	2026-01-08 10:46:38.538867
20027	2357	1696	2.000	60.00	61.60	120.00	123.20	-3.20	2026-01-08 10:46:38.538867
20028	2357	1700	1.000	80.00	67.75	80.00	67.75	12.25	2026-01-08 10:46:38.538867
20029	2357	1728	3.000	180.00	102.78	540.00	308.34	231.66	2026-01-08 10:46:38.538867
20030	2357	1727	1.000	330.00	183.21	330.00	183.21	146.79	2026-01-08 10:46:38.538867
20031	2357	1718	6.000	90.00	57.84	540.00	347.04	192.96	2026-01-08 10:46:38.538867
20032	2357	1719	10.000	80.00	67.59	800.00	675.90	124.10	2026-01-08 10:46:38.538867
20033	2357	1717	3.000	330.00	232.23	990.00	696.69	293.31	2026-01-08 10:46:38.538867
20034	2357	1720	5.000	180.00	133.16	900.00	665.80	234.20	2026-01-08 10:46:38.538867
20035	2357	1722	2.000	100.00	83.43	200.00	166.86	33.14	2026-01-08 10:46:38.538867
20036	2357	1721	1.000	170.00	152.28	170.00	152.28	17.72	2026-01-08 10:46:38.538867
20037	2357	227	1.000	70.00	67.69	70.00	67.69	2.31	2026-01-08 10:46:38.538867
20038	2357	228	2.000	130.00	112.77	260.00	225.54	34.46	2026-01-08 10:46:38.538867
20039	2357	228	2.000	125.00	112.77	250.00	225.54	24.46	2026-01-08 10:46:38.538867
20040	2357	229	3.000	200.00	182.94	600.00	548.82	51.18	2026-01-08 10:46:38.538867
20041	2357	1701	1.000	80.00	73.24	80.00	73.24	6.76	2026-01-08 10:46:38.538867
20042	2357	234	1.000	40.00	51.76	40.00	51.76	-11.76	2026-01-08 10:46:38.538867
20043	2357	1703	5.000	140.00	83.06	700.00	415.30	284.70	2026-01-08 10:46:38.538867
20044	2357	1738	1.000	120.00	99.12	120.00	99.12	20.88	2026-01-08 10:46:38.538867
20045	2357	1735	2.000	100.00	83.51	200.00	167.02	32.98	2026-01-08 10:46:38.538867
20046	2357	1708	3.000	160.00	132.70	480.00	398.10	81.90	2026-01-08 10:46:38.538867
20047	2357	1708	1.000	150.00	132.70	150.00	132.70	17.30	2026-01-08 10:46:38.538867
20048	2357	1699	2.000	100.00	63.75	200.00	127.50	72.50	2026-01-08 10:46:38.538867
20049	2357	232	3.000	120.00	83.29	360.00	249.87	110.13	2026-01-08 10:46:38.538867
20050	2357	1734	1.000	100.00	92.20	100.00	92.20	7.80	2026-01-08 10:46:38.538867
20051	2357	336	1.000	90.00	77.90	90.00	77.90	12.10	2026-01-08 10:46:38.538867
20052	2357	328	1.000	110.00	101.51	110.00	101.51	8.49	2026-01-08 10:46:38.538867
20053	2357	1977	1.000	120.00	94.14	120.00	94.14	25.86	2026-01-08 10:46:38.538867
20054	2357	1972	1.000	70.00	58.42	70.00	58.42	11.58	2026-01-08 10:46:38.538867
20055	2357	694	1.000	160.00	114.05	160.00	114.05	45.95	2026-01-08 10:46:38.538867
20056	2357	1980	1.000	100.00	73.69	100.00	73.69	26.31	2026-01-08 10:46:38.538867
20057	2357	318	1.000	70.00	62.78	70.00	62.78	7.22	2026-01-08 10:46:38.538867
20058	2357	1605	1.000	200.00	141.75	200.00	141.75	58.25	2026-01-08 10:46:38.538867
20059	2357	1652	1.000	60.00	51.95	60.00	51.95	8.05	2026-01-08 10:46:38.538867
20060	2357	1632	1.000	100.00	89.25	100.00	89.25	10.75	2026-01-08 10:46:38.538867
20061	2357	1660	1.000	100.00	81.94	100.00	81.94	18.06	2026-01-08 10:46:38.538867
20062	2357	1623	1.000	140.00	136.95	140.00	136.95	3.05	2026-01-08 10:46:38.538867
20063	2357	1641	1.000	75.00	84.05	75.00	84.05	-9.05	2026-01-08 10:46:38.538867
20064	2357	1654	21.000	75.00	82.09	1575.00	1723.89	-148.89	2026-01-08 10:46:38.538867
20065	2357	804	2.000	120.00	91.32	240.00	182.64	57.36	2026-01-08 10:46:38.538867
20066	2357	244	1.000	50.00	44.47	50.00	44.47	5.53	2026-01-08 10:46:38.538867
20067	2357	810	5.000	70.00	54.15	350.00	270.75	79.25	2026-01-08 10:46:38.538867
20068	2357	1818	1.000	80.00	60.54	80.00	60.54	19.46	2026-01-08 10:46:38.538867
20069	2357	1686	1.000	120.00	78.27	120.00	78.27	41.73	2026-01-08 10:46:38.538867
21315	2438	6232	4.000	40.00	25.75	160.00	103.00	57.00	2026-01-09 06:51:46.341777
21316	2438	6236	5.000	65.00	57.98	325.00	289.90	35.10	2026-01-09 06:51:46.341777
21317	2438	6249	2.000	70.00	48.25	140.00	96.50	43.50	2026-01-09 06:51:46.341777
21318	2438	6263	3.000	65.00	54.23	195.00	162.69	32.31	2026-01-09 06:51:46.341777
21319	2438	6263	1.000	60.00	54.23	60.00	54.23	5.77	2026-01-09 06:51:46.341777
21320	2438	6259	3.000	70.00	49.80	210.00	149.40	60.60	2026-01-09 06:51:46.341777
22866	2586	5950	2.000	175.00	159.28	350.00	318.56	31.44	2026-01-12 16:16:49.02059
22867	2586	6046	1.000	160.00	139.28	160.00	139.28	20.72	2026-01-12 16:16:49.02059
22868	2586	5951	1.000	190.00	169.93	190.00	169.93	20.07	2026-01-12 16:16:49.02059
22869	2586	6043	33.000	100.00	114.80	3300.00	3788.40	-488.40	2026-01-12 16:16:49.02059
22870	2586	6053	1.000	120.00	69.91	120.00	69.91	50.09	2026-01-12 16:16:49.02059
22871	2586	6059	1.000	500.00	169.28	500.00	169.28	330.72	2026-01-12 16:16:49.02059
22872	2586	6036	9.000	120.00	118.71	1080.00	1068.39	11.61	2026-01-12 16:16:49.02059
22873	2586	5957	6.000	250.00	194.28	1500.00	1165.68	334.32	2026-01-12 16:16:49.02059
22874	2586	6041	2.000	160.00	129.28	320.00	258.56	61.44	2026-01-12 16:16:49.02059
22875	2586	5956	1.000	130.00	89.28	130.00	89.28	40.72	2026-01-12 16:16:49.02059
22876	2586	6051	7.000	130.00	106.21	910.00	743.47	166.53	2026-01-12 16:16:49.02059
22877	2586	6042	12.000	140.00	139.28	1680.00	1671.36	8.64	2026-01-12 16:16:49.02059
22878	2586	5955	2.000	125.00	109.28	250.00	218.56	31.44	2026-01-12 16:16:49.02059
22879	2586	6057	2.000	220.00	179.28	440.00	358.56	81.44	2026-01-12 16:16:49.02059
22880	2586	6056	4.000	320.00	169.28	1280.00	677.12	602.88	2026-01-12 16:16:49.02059
22881	2586	5962	1.000	220.00	179.28	220.00	179.28	40.72	2026-01-12 16:16:49.02059
22882	2586	5962	2.000	230.00	179.28	460.00	358.56	101.44	2026-01-12 16:16:49.02059
22883	2586	5960	4.000	320.00	239.28	1280.00	957.12	322.88	2026-01-12 16:16:49.02059
22884	2586	6065	3.000	220.00	139.28	660.00	417.84	242.16	2026-01-12 16:16:49.02059
22885	2586	5961	1.000	340.00	219.28	340.00	219.28	120.72	2026-01-12 16:16:49.02059
22886	2586	5964	1.000	190.00	119.28	190.00	119.28	70.72	2026-01-12 16:16:49.02059
22887	2586	5965	1.000	190.00	119.28	190.00	119.28	70.72	2026-01-12 16:16:49.02059
22888	2586	5950	2.000	180.00	159.28	360.00	318.56	41.44	2026-01-12 16:16:49.02059
22889	2586	5967	2.000	160.00	139.28	320.00	278.56	41.44	2026-01-12 16:16:49.02059
22890	2586	6024	3.000	85.00	59.28	255.00	177.84	77.16	2026-01-12 16:16:49.02059
22891	2586	5969	1.000	135.00	139.45	135.00	139.45	-4.45	2026-01-12 16:16:49.02059
22892	2586	6034	2.000	200.00	189.28	400.00	378.56	21.44	2026-01-12 16:16:49.02059
22893	2586	5972	1.000	100.00	69.37	100.00	69.37	30.63	2026-01-12 16:16:49.02059
22894	2586	6047	1.000	130.00	119.15	130.00	119.15	10.85	2026-01-12 16:16:49.02059
22895	2586	6026	2.000	160.00	159.28	320.00	318.56	1.44	2026-01-12 16:16:49.02059
22896	2586	6039	1.000	125.00	89.28	125.00	89.28	35.72	2026-01-12 16:16:49.02059
22897	2586	5975	3.000	125.00	114.17	375.00	342.51	32.49	2026-01-12 16:16:49.02059
22898	2586	5976	1.000	90.00	98.25	90.00	98.25	-8.25	2026-01-12 16:16:49.02059
22899	2586	5977	7.000	140.00	106.13	980.00	742.91	237.09	2026-01-12 16:16:49.02059
22900	2586	6066	4.000	70.00	64.28	280.00	257.12	22.88	2026-01-12 16:16:49.02059
22901	2586	6070	4.000	50.00	54.52	200.00	218.08	-18.08	2026-01-12 16:16:49.02059
22902	2586	6069	1.000	60.00	73.66	60.00	73.66	-13.66	2026-01-12 16:16:49.02059
22903	2586	5981	2.000	85.00	89.28	170.00	178.56	-8.56	2026-01-12 16:16:49.02059
22904	2586	5981	3.000	90.00	89.28	270.00	267.84	2.16	2026-01-12 16:16:49.02059
22905	2586	6033	5.000	80.00	69.19	400.00	345.95	54.05	2026-01-12 16:16:49.02059
22906	2586	5982	1.000	80.00	69.34	80.00	69.34	10.66	2026-01-12 16:16:49.02059
22907	2586	6062	1.000	110.00	99.28	110.00	99.28	10.72	2026-01-12 16:16:49.02059
22908	2586	6060	5.000	160.00	104.28	800.00	521.40	278.60	2026-01-12 16:16:49.02059
22909	2586	5984	1.000	160.00	129.21	160.00	129.21	30.79	2026-01-12 16:16:49.02059
22910	2586	5988	7.000	90.00	64.28	630.00	449.96	180.04	2026-01-12 16:16:49.02059
22911	2586	5988	4.000	85.00	64.28	340.00	257.12	82.88	2026-01-12 16:16:49.02059
22912	2586	6068	5.000	130.00	89.28	650.00	446.40	203.60	2026-01-12 16:16:49.02059
22913	2586	6025	1.000	120.00	99.27	120.00	99.27	20.73	2026-01-12 16:16:49.02059
22914	2586	6025	2.000	125.00	99.27	250.00	198.54	51.46	2026-01-12 16:16:49.02059
22915	2586	6067	3.000	100.00	54.50	300.00	163.50	136.50	2026-01-12 16:16:49.02059
22916	2586	6061	2.000	90.00	59.28	180.00	118.56	61.44	2026-01-12 16:16:49.02059
22917	2586	5989	26.000	70.00	68.92	1820.00	1791.92	28.08	2026-01-12 16:16:49.02059
22918	2586	5998	7.000	200.00	164.28	1400.00	1149.96	250.04	2026-01-12 16:16:49.02059
22919	2586	6015	1.000	190.00	140.71	190.00	140.71	49.29	2026-01-12 16:16:49.02059
22920	2586	6006	3.000	220.00	189.28	660.00	567.84	92.16	2026-01-12 16:16:49.02059
22921	2586	5999	12.000	120.00	99.28	1440.00	1191.36	248.64	2026-01-12 16:16:49.02059
22922	2586	6001	3.000	100.00	99.28	300.00	297.84	2.16	2026-01-12 16:16:49.02059
22923	2586	6002	10.000	70.00	69.36	700.00	693.60	6.40	2026-01-12 16:16:49.02059
22924	2586	6000	12.000	75.00	64.28	900.00	771.36	128.64	2026-01-12 16:16:49.02059
22925	2586	6000	18.000	70.00	64.28	1260.00	1157.04	102.96	2026-01-12 16:16:49.02059
22926	2586	6011	1.000	80.00	59.00	80.00	59.00	21.00	2026-01-12 16:16:49.02059
22927	2586	6040	2.000	110.00	104.28	220.00	208.56	11.44	2026-01-12 16:16:49.02059
22928	2586	5370	1.000	130.00	93.06	130.00	93.06	36.94	2026-01-12 16:16:49.02059
22929	2586	5378	5.000	300.00	247.13	1500.00	1235.65	264.35	2026-01-12 16:16:49.02059
22930	2586	5406	2.000	190.00	156.31	380.00	312.62	67.38	2026-01-12 16:16:49.02059
22931	2586	5407	3.000	270.00	158.72	810.00	476.16	333.84	2026-01-12 16:16:49.02059
22932	2586	5369	1.000	85.00	81.72	85.00	81.72	3.28	2026-01-12 16:16:49.02059
22933	2586	5369	1.000	80.00	81.72	80.00	81.72	-1.72	2026-01-12 16:16:49.02059
22934	2586	5386	1.000	190.00	157.17	190.00	157.17	32.83	2026-01-12 16:16:49.02059
22935	2586	5391	8.000	85.00	81.32	680.00	650.56	29.44	2026-01-12 16:16:49.02059
22936	2586	5444	3.000	80.00	82.05	240.00	246.15	-6.15	2026-01-12 16:16:49.02059
22937	2586	5408	4.000	125.00	104.94	500.00	419.76	80.24	2026-01-12 16:16:49.02059
22938	2586	5416	4.000	80.00	76.99	320.00	307.96	12.04	2026-01-12 16:16:49.02059
22939	2586	5426	7.000	100.00	96.87	700.00	678.09	21.91	2026-01-12 16:16:49.02059
22940	2586	5440	1.000	130.00	61.81	130.00	61.81	68.19	2026-01-12 16:16:49.02059
22941	2586	5438	6.000	125.00	108.91	750.00	653.46	96.54	2026-01-12 16:16:49.02059
22942	2586	5438	1.000	130.00	108.91	130.00	108.91	21.09	2026-01-12 16:16:49.02059
22943	2586	5467	1.000	160.00	146.19	160.00	146.19	13.81	2026-01-12 16:16:49.02059
22944	2586	5383	1.000	100.00	97.19	100.00	97.19	2.81	2026-01-12 16:16:49.02059
22945	2586	5420	1.000	200.00	99.80	200.00	99.80	100.20	2026-01-12 16:16:49.02059
22946	2586	5446	1.000	180.00	141.86	180.00	141.86	38.14	2026-01-12 16:16:49.02059
22947	2586	5447	11.000	80.00	86.65	880.00	953.15	-73.15	2026-01-12 16:16:49.02059
22948	2586	5380	3.000	50.00	51.86	150.00	155.58	-5.58	2026-01-12 16:16:49.02059
22949	2586	5448	4.000	50.00	61.73	200.00	246.92	-46.92	2026-01-12 16:16:49.02059
22950	2586	5423	6.000	75.00	57.81	450.00	346.86	103.14	2026-01-12 16:16:49.02059
22951	2586	5992	1.000	50.00	54.08	50.00	54.08	-4.08	2026-01-12 16:16:49.02059
20070	2358	1562	15.000	50.00	36.92	750.00	553.80	196.20	2026-01-08 10:47:20.58386
20071	2358	1588	1.000	100.00	88.58	100.00	88.58	11.42	2026-01-08 10:47:20.58386
20072	2358	1560	1.000	90.00	52.57	90.00	52.57	37.43	2026-01-08 10:47:20.58386
20073	2358	1559	2.000	140.00	117.25	280.00	234.50	45.50	2026-01-08 10:47:20.58386
20074	2358	1590	1.000	60.00	53.78	60.00	53.78	6.22	2026-01-08 10:47:20.58386
20075	2358	349	1.000	80.00	53.85	80.00	53.85	26.15	2026-01-08 10:47:20.58386
20076	2358	718	5.000	40.00	41.42	200.00	207.10	-7.10	2026-01-08 10:47:20.58386
20077	2358	87	1.000	110.00	70.20	110.00	70.20	39.80	2026-01-08 10:47:20.58386
21321	2439	6231	1.000	70.00	66.72	70.00	66.72	3.28	2026-01-09 06:52:16.691636
21322	2439	6232	3.000	45.00	23.99	135.00	71.97	63.03	2026-01-09 06:52:16.694404
22952	2586	5984	2.000	160.00	129.21	320.00	258.42	61.58	2026-01-12 16:16:49.02059
22953	2586	5460	2.000	160.00	136.72	320.00	273.44	46.56	2026-01-12 16:16:49.02059
22954	2586	5461	3.000	95.00	91.71	285.00	275.13	9.87	2026-01-12 16:16:49.02059
22955	2586	5461	2.000	90.00	91.71	180.00	183.42	-3.42	2026-01-12 16:16:49.02059
20078	2359	530	6.000	200.00	191.47	1200.00	1148.82	51.18	2026-01-08 10:47:58.965237
20079	2359	513	1.000	200.00	189.98	200.00	189.98	10.02	2026-01-08 10:47:58.965237
20080	2359	153	4.000	400.00	331.37	1600.00	1325.48	274.52	2026-01-08 10:47:58.965237
20081	2359	612	1.000	220.00	130.60	220.00	130.60	89.40	2026-01-08 10:47:58.965237
20082	2359	612	5.000	210.00	130.60	1050.00	653.00	397.00	2026-01-08 10:47:58.965237
20083	2359	1467	8.000	140.00	93.94	1120.00	751.52	368.48	2026-01-08 10:47:58.965237
20084	2359	516	30.000	50.00	50.97	1500.00	1529.10	-29.10	2026-01-08 10:47:58.965237
20085	2359	337	3.000	55.00	50.88	165.00	152.64	12.36	2026-01-08 10:47:58.965237
20086	2359	613	7.000	85.00	70.65	595.00	494.55	100.45	2026-01-08 10:47:58.965237
20087	2359	520	1.000	80.00	51.68	80.00	51.68	28.32	2026-01-08 10:47:58.965237
20088	2359	1472	1.000	350.00	179.87	350.00	179.87	170.13	2026-01-08 10:47:58.965237
20089	2359	1473	1.000	60.00	58.56	60.00	58.56	1.44	2026-01-08 10:47:58.965237
20090	2359	543	2.000	120.00	110.59	240.00	221.18	18.82	2026-01-08 10:47:58.965237
20091	2359	626	1.000	130.00	89.86	130.00	89.86	40.14	2026-01-08 10:47:58.965237
20092	2359	1477	5.000	270.00	254.98	1350.00	1274.90	75.10	2026-01-08 10:47:58.965237
20093	2359	633	1.000	310.00	283.36	310.00	283.36	26.64	2026-01-08 10:47:58.965237
20094	2359	1511	1.000	200.00	150.28	200.00	150.28	49.72	2026-01-08 10:47:58.965237
20095	2359	556	1.000	150.00	130.47	150.00	130.47	19.53	2026-01-08 10:47:58.965237
20096	2359	1480	2.000	140.00	129.93	280.00	259.86	20.14	2026-01-08 10:47:58.965237
20097	2359	1484	1.000	240.00	189.46	240.00	189.46	50.54	2026-01-08 10:47:58.965237
20098	2359	1478	3.000	135.00	111.19	405.00	333.57	71.43	2026-01-08 10:47:58.965237
20099	2359	1512	5.000	100.00	89.98	500.00	449.90	50.10	2026-01-08 10:47:58.965237
20100	2359	1479	3.000	160.00	139.95	480.00	419.85	60.15	2026-01-08 10:47:58.965237
20101	2359	1476	1.000	100.00	70.20	100.00	70.20	29.80	2026-01-08 10:47:58.965237
20102	2359	1495	1.000	320.00	225.45	320.00	225.45	94.55	2026-01-08 10:47:58.965237
20103	2359	1496	2.000	170.00	149.98	340.00	299.96	40.04	2026-01-08 10:47:58.965237
20104	2359	1497	2.000	80.00	60.13	160.00	120.26	39.74	2026-01-08 10:47:58.965237
20105	2359	558	1.000	120.00	78.32	120.00	78.32	41.68	2026-01-08 10:47:58.965237
20106	2359	1485	1.000	170.00	80.11	170.00	80.11	89.89	2026-01-08 10:47:58.965237
20107	2359	561	2.000	150.00	129.42	300.00	258.84	41.16	2026-01-08 10:47:58.965237
20108	2359	1493	1.000	150.00	109.92	150.00	109.92	40.08	2026-01-08 10:47:58.965237
20109	2359	574	1.000	230.00	230.04	230.00	230.04	-0.04	2026-01-08 10:47:58.965237
20110	2359	1503	1.000	245.00	201.38	245.00	201.38	43.62	2026-01-08 10:47:58.965237
20111	2359	576	1.000	140.00	129.97	140.00	129.97	10.03	2026-01-08 10:47:58.965237
20112	2359	1514	1.000	115.00	79.98	115.00	79.98	35.02	2026-01-08 10:47:58.965237
20113	2359	1515	1.000	200.00	155.96	200.00	155.96	44.04	2026-01-08 10:47:58.965237
20114	2359	594	1.000	115.00	69.65	115.00	69.65	45.35	2026-01-08 10:47:58.965237
20115	2359	595	2.000	95.00	70.40	190.00	140.80	49.20	2026-01-08 10:47:58.965237
20116	2359	567	2.000	50.00	41.37	100.00	82.74	17.26	2026-01-08 10:47:58.965237
20117	2359	1474	10.000	70.00	71.22	700.00	712.20	-12.20	2026-01-08 10:47:58.965237
20118	2359	534	4.000	160.00	106.22	640.00	424.88	215.12	2026-01-08 10:47:58.965237
20119	2359	560	5.000	80.00	66.08	400.00	330.40	69.60	2026-01-08 10:47:58.965237
20120	2359	1506	2.000	130.00	106.01	260.00	212.02	47.98	2026-01-08 10:47:58.965237
20121	2359	1510	1.000	90.00	40.68	90.00	40.68	49.32	2026-01-08 10:47:58.965237
20122	2359	541	1.000	85.00	71.82	85.00	71.82	13.18	2026-01-08 10:47:58.965237
20123	2359	1487	1.000	140.00	70.16	140.00	70.16	69.84	2026-01-08 10:47:58.965237
20124	2359	1498	3.000	200.00	105.73	600.00	317.19	282.81	2026-01-08 10:47:58.965237
20125	2359	1499	3.000	120.00	70.64	360.00	211.92	148.08	2026-01-08 10:47:58.965237
21323	2434	584	2.000	110.00	139.60	220.00	279.20	-59.20	2026-01-09 06:54:18.032814
21324	2434	153	2.000	400.00	331.37	800.00	662.74	137.26	2026-01-09 06:54:18.032814
21325	2434	515	1.000	95.00	80.26	95.00	80.26	14.74	2026-01-09 06:54:18.032814
21326	2434	337	1.000	55.00	50.88	55.00	50.88	4.12	2026-01-09 06:54:18.032814
21327	2434	531	5.000	60.00	51.25	300.00	256.25	43.75	2026-01-09 06:54:18.032814
21328	2434	561	2.000	150.00	129.42	300.00	258.84	41.16	2026-01-09 06:54:18.032814
21329	2434	575	1.000	360.00	330.35	360.00	330.35	29.65	2026-01-09 06:54:18.032814
21330	2434	580	1.000	220.00	212.49	220.00	212.49	7.51	2026-01-09 06:54:18.032814
21331	2434	547	1.000	230.00	190.12	230.00	190.12	39.88	2026-01-09 06:54:18.032814
21332	2434	579	1.000	150.00	143.46	150.00	143.46	6.54	2026-01-09 06:54:18.032814
21333	2434	1509	2.000	115.00	80.10	230.00	160.20	69.80	2026-01-09 06:54:18.032814
21334	2434	1493	2.000	145.00	109.92	290.00	219.84	70.16	2026-01-09 06:54:18.032814
21335	2434	1513	1.000	110.00	103.85	110.00	103.85	6.15	2026-01-09 06:54:18.032814
21336	2434	1514	1.000	110.00	79.98	110.00	79.98	30.02	2026-01-09 06:54:18.032814
21337	2434	591	2.000	75.00	49.94	150.00	99.88	50.12	2026-01-09 06:54:18.032814
21338	2434	591	1.000	70.00	49.94	70.00	49.94	20.06	2026-01-09 06:54:18.032814
21339	2434	634	1.000	70.00	80.98	70.00	80.98	-10.98	2026-01-09 06:54:18.032814
21340	2434	527	1.000	100.00	104.52	100.00	104.52	-4.52	2026-01-09 06:54:18.032814
22956	2587	5495	15.000	90.00	77.94	1350.00	1169.10	180.90	2026-01-12 16:17:51.184652
22957	2587	5495	2.000	100.00	77.94	200.00	155.88	44.12	2026-01-12 16:17:51.184652
22958	2587	5490	1.000	370.00	338.85	370.00	338.85	31.15	2026-01-12 16:17:51.184652
22959	2587	5493	2.000	125.00	138.93	250.00	277.86	-27.86	2026-01-12 16:17:51.184652
22960	2587	5487	2.000	110.00	88.54	220.00	177.08	42.92	2026-01-12 16:17:51.184652
22961	2587	5489	2.000	335.00	260.24	670.00	520.48	149.52	2026-01-12 16:17:51.184652
22962	2587	5537	1.000	250.00	198.66	250.00	198.66	51.34	2026-01-12 16:17:51.184652
22963	2587	5535	12.000	250.00	190.24	3000.00	2282.88	717.12	2026-01-12 16:17:51.184652
22964	2587	5542	11.000	130.00	100.24	1430.00	1102.64	327.36	2026-01-12 16:17:51.184652
22965	2587	5549	6.000	75.00	70.24	450.00	421.44	28.56	2026-01-12 16:17:51.184652
22966	2587	5545	4.000	190.00	150.24	760.00	600.96	159.04	2026-01-12 16:17:51.184652
22967	2587	5545	1.000	185.00	150.24	185.00	150.24	34.76	2026-01-12 16:17:51.184652
22968	2587	5597	2.000	110.00	90.24	220.00	180.48	39.52	2026-01-12 16:17:51.184652
22969	2587	5573	11.000	80.00	62.42	880.00	686.62	193.38	2026-01-12 16:17:51.184652
22970	2587	5609	8.000	100.00	100.24	800.00	801.92	-1.92	2026-01-12 16:17:51.184652
22971	2587	5488	3.000	55.00	58.35	165.00	175.05	-10.05	2026-01-12 16:17:51.184652
22972	2587	5611	2.000	150.00	137.84	300.00	275.68	24.32	2026-01-12 16:17:51.184652
22973	2587	5611	1.000	145.00	137.84	145.00	137.84	7.16	2026-01-12 16:17:51.184652
22974	2587	5536	1.000	120.00	78.88	120.00	78.88	41.12	2026-01-12 16:17:51.184652
22975	2587	5539	1.000	130.00	100.24	130.00	100.24	29.76	2026-01-12 16:17:51.184652
22976	2587	5511	2.000	85.00	58.31	170.00	116.62	53.38	2026-01-12 16:17:51.184652
22977	2587	5598	1.000	170.00	151.14	170.00	151.14	18.86	2026-01-12 16:17:51.184652
22978	2587	5534	1.000	140.00	137.65	140.00	137.65	2.35	2026-01-12 16:17:51.184652
22979	2587	5600	1.000	140.00	137.77	140.00	137.77	2.23	2026-01-12 16:17:51.184652
22980	2587	5569	1.000	90.00	97.57	90.00	97.57	-7.57	2026-01-12 16:17:51.184652
22981	2587	5608	1.000	220.00	158.15	220.00	158.15	61.85	2026-01-12 16:17:51.184652
22982	2587	5550	4.000	145.00	140.24	580.00	560.96	19.04	2026-01-12 16:17:51.184652
22983	2587	5557	2.000	130.00	116.83	260.00	233.66	26.34	2026-01-12 16:17:51.184652
22984	2587	5575	2.000	70.00	70.24	140.00	140.48	-0.48	2026-01-12 16:17:51.184652
22985	2587	5574	1.000	168.00	159.48	168.00	159.48	8.52	2026-01-12 16:17:51.184652
22986	2587	5574	4.000	170.00	159.48	680.00	637.92	42.08	2026-01-12 16:17:51.184652
20126	2360	357	1.000	180.00	165.34	180.00	165.34	14.66	2026-01-08 10:48:45.862994
20127	2360	675	3.000	150.00	103.99	450.00	311.97	138.03	2026-01-08 10:48:45.862994
20128	2360	1560	4.000	100.00	50.61	400.00	202.44	197.56	2026-01-08 10:48:45.862994
20129	2360	681	2.000	125.00	92.40	250.00	184.80	65.20	2026-01-08 10:48:45.862994
20130	2360	1559	5.000	140.00	114.42	700.00	572.10	127.90	2026-01-08 10:48:45.862994
20131	2360	1576	1.000	100.00	74.51	100.00	74.51	25.49	2026-01-08 10:48:45.862994
20132	2360	1561	3.000	70.00	52.54	210.00	157.62	52.38	2026-01-08 10:48:45.862994
20133	2360	670	2.000	70.00	60.36	140.00	120.72	19.28	2026-01-08 10:48:45.862994
20134	2360	670	1.000	65.00	60.36	65.00	60.36	4.64	2026-01-08 10:48:45.862994
20135	2360	1566	5.000	60.00	29.01	300.00	145.05	154.95	2026-01-08 10:48:45.862994
20136	2360	1578	1.000	90.00	49.60	90.00	49.60	40.40	2026-01-08 10:48:45.862994
20137	2360	1563	1.000	70.00	43.66	70.00	43.66	26.34	2026-01-08 10:48:45.862994
20138	2360	362	1.000	90.00	78.88	90.00	78.88	11.12	2026-01-08 10:48:45.862994
20139	2360	1572	1.000	80.00	42.57	80.00	42.57	37.43	2026-01-08 10:48:45.862994
20140	2360	378	2.000	50.00	44.30	100.00	88.60	11.40	2026-01-08 10:48:45.862994
20141	2360	372	3.000	60.00	60.25	180.00	180.75	-0.75	2026-01-08 10:48:45.862994
20142	2360	531	2.000	60.00	52.22	120.00	104.44	15.56	2026-01-08 10:48:45.862994
20143	2360	591	2.000	90.00	49.38	180.00	98.76	81.24	2026-01-08 10:48:45.862994
20144	2360	558	2.000	130.00	72.85	260.00	145.70	114.30	2026-01-08 10:48:45.862994
20145	2360	511	2.000	130.00	98.98	260.00	197.96	62.04	2026-01-08 10:48:45.862994
20146	2360	563	1.000	100.00	55.48	100.00	55.48	44.52	2026-01-08 10:48:45.862994
20147	2360	563	1.000	95.00	55.48	95.00	55.48	39.52	2026-01-08 10:48:45.862994
20148	2360	515	1.000	80.00	79.47	80.00	79.47	0.53	2026-01-08 10:48:45.862994
20149	2360	611	1.000	100.00	89.39	100.00	89.39	10.61	2026-01-08 10:48:45.862994
20150	2360	1514	1.000	115.00	78.67	115.00	78.67	36.33	2026-01-08 10:48:45.862994
20151	2360	586	2.000	120.00	106.03	240.00	212.06	27.94	2026-01-08 10:48:45.862994
20152	2360	529	1.000	280.00	255.34	280.00	255.34	24.66	2026-01-08 10:48:45.862994
20153	2360	305	7.000	75.00	62.44	525.00	437.08	87.92	2026-01-08 10:48:45.862994
20154	2360	316	1.000	65.00	53.55	65.00	53.55	11.45	2026-01-08 10:48:45.862994
20155	2360	1957	1.000	100.00	87.45	100.00	87.45	12.55	2026-01-08 10:48:45.862994
20156	2360	1967	1.000	125.00	92.46	125.00	92.46	32.54	2026-01-08 10:48:45.862994
20157	2360	1971	1.000	320.00	232.32	320.00	232.32	87.68	2026-01-08 10:48:45.862994
20158	2360	657	1.000	460.00	428.96	460.00	428.96	31.04	2026-01-08 10:48:45.862994
20159	2360	653	1.000	60.00	60.00	60.00	60.00	0.00	2026-01-08 10:48:45.862994
21341	2435	1503	3.000	250.00	199.86	750.00	599.58	150.42	2026-01-09 07:09:35.621725
21342	2435	1511	1.000	215.00	149.73	215.00	149.73	65.27	2026-01-09 07:09:35.621725
21343	2435	572	1.000	180.00	129.25	180.00	129.25	50.75	2026-01-09 07:09:35.621725
21344	2435	1508	1.000	180.00	150.37	180.00	150.37	29.63	2026-01-09 07:09:35.621725
21345	2435	556	1.000	150.00	129.77	150.00	129.77	20.23	2026-01-09 07:09:35.621725
21346	2435	515	3.000	120.00	80.09	360.00	240.27	119.73	2026-01-09 07:09:35.621725
21347	2435	568	4.000	75.00	54.92	300.00	219.68	80.32	2026-01-09 07:09:35.621725
21348	2435	1514	2.000	115.00	78.67	230.00	157.34	72.66	2026-01-09 07:09:35.621725
21349	2435	531	3.000	60.00	50.57	180.00	151.71	28.29	2026-01-09 07:09:35.621725
21350	2435	613	2.000	100.00	69.09	200.00	138.18	61.82	2026-01-09 07:09:35.621725
21351	2435	519	2.000	130.00	89.47	260.00	178.94	81.06	2026-01-09 07:09:35.621725
21352	2435	1509	2.000	125.00	80.11	250.00	160.22	89.78	2026-01-09 07:09:35.621725
21353	2435	594	1.000	125.00	69.39	125.00	69.39	55.61	2026-01-09 07:09:35.621725
21354	2435	610	1.000	120.00	112.25	120.00	112.25	7.75	2026-01-09 07:09:35.621725
21355	2435	520	1.000	100.00	49.77	100.00	49.77	50.23	2026-01-09 07:09:35.621725
21356	2435	586	1.000	110.00	106.03	110.00	106.03	3.97	2026-01-09 07:09:35.621725
21357	2435	630	1.000	60.00	50.43	60.00	50.43	9.57	2026-01-09 07:09:35.621725
21358	2435	1473	1.000	65.00	58.56	65.00	58.56	6.44	2026-01-09 07:09:35.621725
21359	2435	550	1.000	65.00	71.37	65.00	71.37	-6.37	2026-01-09 07:09:35.621725
21360	2435	635	1.000	50.00	45.76	50.00	45.76	4.24	2026-01-09 07:09:35.621725
21361	2435	332	1.000	150.00	139.21	150.00	139.21	10.79	2026-01-09 07:09:35.621725
21362	2435	332	1.000	145.00	139.21	145.00	139.21	5.79	2026-01-09 07:09:35.621725
21363	2435	305	2.000	70.00	62.44	140.00	124.88	15.12	2026-01-09 07:09:35.621725
21364	2435	688	7.000	60.00	52.55	420.00	367.85	52.15	2026-01-09 07:09:35.621725
21365	2435	322	1.000	160.00	123.84	160.00	123.84	36.16	2026-01-09 07:09:35.621725
21366	2435	333	1.000	120.00	83.11	120.00	83.11	36.89	2026-01-09 07:09:35.621725
21367	2435	294	2.000	95.00	63.50	190.00	127.00	63.00	2026-01-09 07:09:35.621725
21368	2435	293	1.000	90.00	71.94	90.00	71.94	18.06	2026-01-09 07:09:35.621725
21369	2435	316	1.000	65.00	53.92	65.00	53.92	11.08	2026-01-09 07:09:35.621725
21370	2435	1559	2.000	140.00	116.07	280.00	232.14	47.86	2026-01-09 07:09:35.621725
21371	2435	682	1.000	110.00	75.46	110.00	75.46	34.54	2026-01-09 07:09:35.621725
21372	2435	682	1.000	105.00	75.46	105.00	75.46	29.54	2026-01-09 07:09:35.621725
21373	2435	1560	4.000	100.00	50.61	400.00	202.44	197.56	2026-01-09 07:09:35.621725
21374	2435	1578	2.000	90.00	49.60	180.00	99.20	80.80	2026-01-09 07:09:35.621725
21375	2435	1561	4.000	70.00	52.54	280.00	210.16	69.84	2026-01-09 07:09:35.621725
21376	2435	357	1.000	180.00	165.34	180.00	165.34	14.66	2026-01-09 07:09:35.621725
21377	2435	675	1.000	150.00	104.65	150.00	104.65	45.35	2026-01-09 07:09:35.621725
21378	2435	1571	1.000	140.00	114.85	140.00	114.85	25.15	2026-01-09 07:09:35.621725
21379	2435	371	1.000	140.00	98.78	140.00	98.78	41.22	2026-01-09 07:09:35.621725
21380	2435	348	1.000	125.00	102.59	125.00	102.59	22.41	2026-01-09 07:09:35.621725
21381	2435	355	1.000	120.00	105.87	120.00	105.87	14.13	2026-01-09 07:09:35.621725
21382	2435	345	1.000	110.00	85.69	110.00	85.69	24.31	2026-01-09 07:09:35.621725
21383	2435	370	1.000	100.00	60.09	100.00	60.09	39.91	2026-01-09 07:09:35.621725
21384	2435	676	1.000	80.00	56.54	80.00	56.54	23.46	2026-01-09 07:09:35.621725
21385	2435	372	1.000	70.00	60.25	70.00	60.25	9.75	2026-01-09 07:09:35.621725
21386	2435	1563	1.000	70.00	43.66	70.00	43.66	26.34	2026-01-09 07:09:35.621725
21387	2435	670	1.000	70.00	60.36	70.00	60.36	9.64	2026-01-09 07:09:35.621725
21388	2435	1566	1.000	60.00	29.01	60.00	29.01	30.99	2026-01-09 07:09:35.621725
21389	2435	378	1.000	50.00	44.30	50.00	44.30	5.70	2026-01-09 07:09:35.621725
22987	2587	5544	5.000	130.00	118.47	650.00	592.35	57.65	2026-01-12 16:17:51.184652
22988	2587	5559	1.000	200.00	180.24	200.00	180.24	19.76	2026-01-12 16:17:51.184652
22989	2587	5567	7.000	230.00	238.90	1610.00	1672.30	-62.30	2026-01-12 16:17:51.184652
22990	2587	5500	2.000	200.00	160.24	400.00	320.48	79.52	2026-01-12 16:17:51.184652
22991	2587	5587	3.000	130.00	137.49	390.00	412.47	-22.47	2026-01-12 16:17:51.184652
22992	2587	5613	1.000	130.00	109.15	130.00	109.15	20.85	2026-01-12 16:17:51.184652
22993	2587	5477	8.000	100.00	97.57	800.00	780.56	19.44	2026-01-12 16:17:51.184652
22994	2587	5546	3.000	160.00	125.21	480.00	375.63	104.37	2026-01-12 16:17:51.184652
22995	2587	5555	3.000	330.00	265.24	990.00	795.72	194.28	2026-01-12 16:17:51.184652
22996	2587	5562	1.000	150.00	139.76	150.00	139.76	10.24	2026-01-12 16:17:51.184652
22997	2587	5541	2.000	50.00	72.41	100.00	144.82	-44.82	2026-01-12 16:17:51.184652
22998	2587	5580	1.000	70.00	87.81	70.00	87.81	-17.81	2026-01-12 16:17:51.184652
22999	2587	5617	1.000	100.00	78.18	100.00	78.18	21.82	2026-01-12 16:17:51.184652
23000	2587	5589	1.000	170.00	90.24	170.00	90.24	79.76	2026-01-12 16:17:51.184652
20160	2361	63	1.000	45.00	44.71	45.00	44.71	0.29	2026-01-08 10:49:50.152356
20161	2361	63	4.000	60.00	44.71	240.00	178.84	61.16	2026-01-08 10:49:50.152356
20162	2361	139	1.000	230.00	114.22	230.00	114.22	115.78	2026-01-08 10:49:50.152356
20163	2361	139	1.000	240.00	114.22	240.00	114.22	125.78	2026-01-08 10:49:50.152356
20164	2361	700	2.000	100.00	70.16	200.00	140.32	59.68	2026-01-08 10:49:50.152356
20165	2361	58	1.000	125.00	79.90	125.00	79.90	45.10	2026-01-08 10:49:50.152356
20166	2361	85	1.000	100.00	75.13	100.00	75.13	24.87	2026-01-08 10:49:50.152356
20167	2361	92	1.000	200.00	150.02	200.00	150.02	49.98	2026-01-08 10:49:50.152356
20168	2361	123	1.000	100.00	60.04	100.00	60.04	39.96	2026-01-08 10:49:50.152356
20169	2361	114	1.000	140.00	101.50	140.00	101.50	38.50	2026-01-08 10:49:50.152356
20170	2361	129	1.000	290.00	141.32	290.00	141.32	148.68	2026-01-08 10:49:50.152356
20171	2361	113	1.000	90.00	69.45	90.00	69.45	20.55	2026-01-08 10:49:50.152356
20172	2361	142	1.000	125.00	85.11	125.00	85.11	39.89	2026-01-08 10:49:50.152356
20173	2361	1610	4.000	75.00	61.51	300.00	246.04	53.96	2026-01-08 10:49:50.152356
20174	2361	1651	2.000	80.00	71.10	160.00	142.20	17.80	2026-01-08 10:49:50.152356
20175	2361	1605	3.000	200.00	130.95	600.00	392.85	207.15	2026-01-08 10:49:50.152356
20176	2361	1602	2.000	120.00	71.68	240.00	143.36	96.64	2026-01-08 10:49:50.152356
20177	2361	1633	1.000	90.00	71.12	90.00	71.12	18.88	2026-01-08 10:49:50.152356
20178	2361	1591	1.000	100.00	65.93	100.00	65.93	34.07	2026-01-08 10:49:50.152356
20179	2361	1614	2.000	110.00	98.18	220.00	196.36	23.64	2026-01-08 10:49:50.152356
20180	2361	724	1.000	75.00	56.08	75.00	56.08	18.92	2026-01-08 10:49:50.152356
20181	2361	1638	1.000	140.00	86.16	140.00	86.16	53.84	2026-01-08 10:49:50.152356
20182	2361	133	1.000	150.00	129.52	150.00	129.52	20.48	2026-01-08 10:49:50.152356
20183	2361	1661	1.000	170.00	140.91	170.00	140.91	29.09	2026-01-08 10:49:50.152356
20184	2361	1628	1.000	100.00	66.01	100.00	66.01	33.99	2026-01-08 10:49:50.152356
20185	2361	531	3.000	60.00	50.65	180.00	151.95	28.05	2026-01-08 10:49:50.152356
20186	2361	245	3.000	70.00	64.76	210.00	194.28	15.72	2026-01-08 10:49:50.152356
20187	2361	245	1.000	75.00	64.76	75.00	64.76	10.24	2026-01-08 10:49:50.152356
20188	2361	153	1.000	375.00	329.44	375.00	329.44	45.56	2026-01-08 10:49:50.152356
20189	2361	811	1.000	100.00	59.87	100.00	59.87	40.13	2026-01-08 10:49:50.152356
20190	2361	1804	1.000	120.00	118.26	120.00	118.26	1.74	2026-01-08 10:49:50.152356
20191	2361	769	1.000	150.00	0.10	150.00	0.10	149.90	2026-01-08 10:49:50.152356
20192	2361	784	1.000	140.00	141.06	140.00	141.06	-1.06	2026-01-08 10:49:50.152356
20193	2361	412	1.000	80.00	111.66	80.00	111.66	-31.66	2026-01-08 10:49:50.152356
20194	2361	789	1.000	115.00	92.10	115.00	92.10	22.90	2026-01-08 10:49:50.152356
20195	2361	205	1.000	100.00	66.80	100.00	66.80	33.20	2026-01-08 10:49:50.152356
20196	2361	196	1.000	300.00	253.04	300.00	253.04	46.96	2026-01-08 10:49:50.152356
20197	2361	234	2.000	45.00	50.70	90.00	101.40	-11.40	2026-01-08 10:49:50.152356
20198	2361	155	1.000	25.00	13.55	25.00	13.55	11.45	2026-01-08 10:49:50.152356
20199	2361	879	1.000	210.00	154.22	210.00	154.22	55.78	2026-01-08 10:49:50.152356
20200	2361	743	1.000	300.00	397.02	300.00	397.02	-97.02	2026-01-08 10:49:50.152356
21390	2451	63	1.000	50.00	44.71	50.00	44.71	5.29	2026-01-09 07:10:53.304934
21391	2451	204	1.000	60.00	66.42	60.00	66.42	-6.42	2026-01-09 07:10:53.304934
21392	2451	122	5.000	60.00	69.98	300.00	349.90	-49.90	2026-01-09 07:10:53.304934
21393	2451	102	6.000	140.00	99.84	840.00	599.04	240.96	2026-01-09 07:10:53.304934
21394	2451	139	1.000	230.00	114.22	230.00	114.22	115.78	2026-01-09 07:10:53.304934
21395	2451	139	2.000	240.00	114.22	480.00	228.44	251.56	2026-01-09 07:10:53.304934
21396	2451	107	1.000	90.00	75.12	90.00	75.12	14.88	2026-01-09 07:10:53.304934
21397	2451	107	1.000	100.00	75.12	100.00	75.12	24.88	2026-01-09 07:10:53.304934
21398	2451	94	2.000	140.00	97.86	280.00	195.72	84.28	2026-01-09 07:10:53.304934
21399	2451	85	3.000	100.00	75.13	300.00	225.39	74.61	2026-01-09 07:10:53.304934
21400	2451	58	3.000	125.00	80.15	375.00	240.45	134.55	2026-01-09 07:10:53.304934
21401	2451	93	4.000	280.00	152.27	1120.00	609.08	510.92	2026-01-09 07:10:53.304934
21402	2451	93	1.000	290.00	152.27	290.00	152.27	137.73	2026-01-09 07:10:53.304934
21403	2451	52	2.000	110.00	62.70	220.00	125.40	94.60	2026-01-09 07:10:53.304934
21404	2451	92	2.000	200.00	150.02	400.00	300.04	99.96	2026-01-09 07:10:53.304934
21405	2451	103	2.000	90.00	59.75	180.00	119.50	60.50	2026-01-09 07:10:53.304934
21406	2451	103	1.000	100.00	59.75	100.00	59.75	40.25	2026-01-09 07:10:53.304934
21407	2451	113	1.000	100.00	69.45	100.00	69.45	30.55	2026-01-09 07:10:53.304934
21408	2451	105	1.000	110.00	91.69	110.00	91.69	18.31	2026-01-09 07:10:53.304934
21409	2451	700	1.000	100.00	70.16	100.00	70.16	29.84	2026-01-09 07:10:53.304934
21410	2451	74	1.000	130.00	80.71	130.00	80.71	49.29	2026-01-09 07:10:53.304934
21411	2451	112	1.000	170.00	104.11	170.00	104.11	65.89	2026-01-09 07:10:53.304934
21412	2451	96	1.000	200.00	179.53	200.00	179.53	20.47	2026-01-09 07:10:53.304934
21413	2451	97	2.000	210.00	149.47	420.00	298.94	121.06	2026-01-09 07:10:53.304934
21414	2451	111	1.000	340.00	230.51	340.00	230.51	109.49	2026-01-09 07:10:53.304934
21415	2451	1651	1.000	70.00	71.10	70.00	71.10	-1.10	2026-01-09 07:10:53.304934
21416	2451	1651	1.000	75.00	71.10	75.00	71.10	3.90	2026-01-09 07:10:53.304934
21417	2451	729	4.000	70.00	55.86	280.00	223.44	56.56	2026-01-09 07:10:53.304934
21418	2451	1638	2.000	140.00	86.16	280.00	172.32	107.68	2026-01-09 07:10:53.304934
21419	2451	724	3.000	75.00	56.08	225.00	168.24	56.76	2026-01-09 07:10:53.304934
21420	2451	1602	1.000	110.00	71.68	110.00	71.68	38.32	2026-01-09 07:10:53.304934
21421	2451	1602	1.000	120.00	71.68	120.00	71.68	48.32	2026-01-09 07:10:53.304934
21422	2451	1657	1.000	100.00	48.60	100.00	48.60	51.40	2026-01-09 07:10:53.304934
21423	2451	723	1.000	75.00	45.87	75.00	45.87	29.13	2026-01-09 07:10:53.304934
21424	2451	732	1.000	200.00	121.24	200.00	121.24	78.76	2026-01-09 07:10:53.304934
21425	2451	1635	1.000	190.00	143.08	190.00	143.08	46.92	2026-01-09 07:10:53.304934
21426	2451	720	2.000	90.00	71.46	180.00	142.92	37.08	2026-01-09 07:10:53.304934
21427	2451	736	1.000	230.00	165.94	230.00	165.94	64.06	2026-01-09 07:10:53.304934
21428	2451	1610	1.000	75.00	61.51	75.00	61.51	13.49	2026-01-09 07:10:53.304934
21429	2451	157	1.000	70.00	51.19	70.00	51.19	18.81	2026-01-09 07:10:53.304934
21430	2451	1614	1.000	120.00	98.18	120.00	98.18	21.82	2026-01-09 07:10:53.304934
21431	2451	731	1.000	130.00	94.35	130.00	94.35	35.65	2026-01-09 07:10:53.304934
21432	2451	728	1.000	70.00	52.58	70.00	52.58	17.42	2026-01-09 07:10:53.304934
21433	2451	204	35.000	50.00	66.42	1750.00	2324.70	-574.70	2026-01-09 07:10:53.304934
21434	2451	196	1.000	280.00	252.90	280.00	252.90	27.10	2026-01-09 07:10:53.304934
21435	2451	196	2.000	300.00	252.90	600.00	505.80	94.20	2026-01-09 07:10:53.304934
21436	2451	206	1.000	130.00	98.62	130.00	98.62	31.38	2026-01-09 07:10:53.304934
21437	2451	194	2.000	280.00	256.75	560.00	513.50	46.50	2026-01-09 07:10:53.304934
21438	2451	205	1.000	100.00	66.80	100.00	66.80	33.20	2026-01-09 07:10:53.304934
21439	2451	478	1.000	100.00	59.61	100.00	59.61	40.39	2026-01-09 07:10:53.304934
21440	2451	869	1.000	200.00	178.69	200.00	178.69	21.31	2026-01-09 07:10:53.304934
21441	2451	489	1.000	160.00	150.52	160.00	150.52	9.48	2026-01-09 07:10:53.304934
21442	2451	341	4.000	130.00	98.90	520.00	395.60	124.40	2026-01-09 07:10:53.304934
21443	2451	341	1.000	120.00	98.90	120.00	98.90	21.10	2026-01-09 07:10:53.304934
21444	2451	5037	1.000	80.00	50.00	80.00	50.00	30.00	2026-01-09 07:10:53.304934
21445	2451	717	1.000	80.00	105.21	80.00	105.21	-25.21	2026-01-09 07:10:53.304934
21446	2451	423	1.000	90.00	71.84	90.00	71.84	18.16	2026-01-09 07:10:53.304934
21447	2451	531	1.000	60.00	50.65	60.00	50.65	9.35	2026-01-09 07:10:53.304934
21448	2451	153	1.000	400.00	329.44	400.00	329.44	70.56	2026-01-09 07:10:53.304934
21449	2451	396	1.000	50.00	60.89	50.00	60.89	-10.89	2026-01-09 07:10:53.304934
21450	2451	400	1.000	90.00	81.61	90.00	81.61	8.39	2026-01-09 07:10:53.304934
21451	2451	400	1.000	100.00	81.61	100.00	81.61	18.39	2026-01-09 07:10:53.304934
21452	2451	1795	2.000	105.00	88.76	210.00	177.52	32.48	2026-01-09 07:10:53.304934
21453	2451	1872	1.000	110.00	68.69	110.00	68.69	41.31	2026-01-09 07:10:53.304934
21454	2451	1871	1.000	110.00	62.49	110.00	62.49	47.51	2026-01-09 07:10:53.304934
21455	2451	1984	1.000	120.00	117.44	120.00	117.44	2.56	2026-01-09 07:10:53.304934
21456	2451	810	1.000	70.00	54.11	70.00	54.11	15.89	2026-01-09 07:10:53.304934
21457	2451	254	1.000	70.00	56.35	70.00	56.35	13.65	2026-01-09 07:10:53.304934
21458	2451	247	1.000	75.00	43.81	75.00	43.81	31.19	2026-01-09 07:10:53.304934
23001	2587	5485	1.000	200.00	200.24	200.00	200.24	-0.24	2026-01-12 16:17:51.184652
23002	2587	5610	3.000	110.00	123.44	330.00	370.32	-40.32	2026-01-12 16:17:51.184652
23003	2587	5604	5.000	80.00	80.24	400.00	401.20	-1.20	2026-01-12 16:17:51.184652
23004	2587	5596	1.000	170.00	156.71	170.00	156.71	13.29	2026-01-12 16:17:51.184652
23005	2587	5595	2.000	110.00	100.24	220.00	200.48	19.52	2026-01-12 16:17:51.184652
23006	2587	5543	8.000	100.00	90.24	800.00	721.92	78.08	2026-01-12 16:17:51.184652
23007	2587	5594	1.000	290.00	235.24	290.00	235.24	54.76	2026-01-12 16:17:51.184652
23008	2587	5509	1.000	230.00	231.88	230.00	231.88	-1.88	2026-01-12 16:17:51.184652
23009	2587	5583	10.000	190.00	120.24	1900.00	1202.40	697.60	2026-01-12 16:17:51.184652
23010	2587	5593	7.000	140.00	120.24	980.00	841.68	138.32	2026-01-12 16:17:51.184652
23011	2587	5494	9.000	100.00	120.24	900.00	1082.16	-182.16	2026-01-12 16:17:51.184652
23012	2587	5578	5.000	200.00	120.24	1000.00	601.20	398.80	2026-01-12 16:17:51.184652
23013	2587	5508	1.000	70.00	113.26	70.00	113.26	-43.26	2026-01-12 16:17:51.184652
23014	2587	5508	1.000	110.00	113.26	110.00	113.26	-3.26	2026-01-12 16:17:51.184652
23015	2587	5584	15.000	105.00	85.24	1575.00	1278.60	296.40	2026-01-12 16:17:51.184652
23016	2587	5579	8.000	130.00	85.24	1040.00	681.92	358.08	2026-01-12 16:17:51.184652
23017	2587	5517	3.000	75.00	79.05	225.00	237.15	-12.15	2026-01-12 16:17:51.184652
23018	2587	5517	1.000	85.00	79.05	85.00	79.05	5.95	2026-01-12 16:17:51.184652
23019	2587	5590	8.000	70.00	60.24	560.00	481.92	78.08	2026-01-12 16:17:51.184652
23020	2587	5553	1.000	270.00	0.00	270.00	0.00	270.00	2026-01-12 16:17:51.184652
23021	2587	5554	1.000	170.00	85.24	170.00	85.24	84.76	2026-01-12 16:17:51.184652
23022	2587	5605	3.000	80.00	86.46	240.00	259.38	-19.38	2026-01-12 16:17:51.184652
23023	2587	5572	1.000	50.00	49.99	50.00	49.99	0.01	2026-01-12 16:17:51.184652
23024	2587	5572	7.000	55.00	49.99	385.00	349.93	35.07	2026-01-12 16:17:51.184652
23025	2587	5635	3.000	300.00	237.74	900.00	713.22	186.78	2026-01-12 16:17:51.184652
23026	2587	5662	2.000	475.00	377.77	950.00	755.54	194.46	2026-01-12 16:17:51.184652
23027	2587	5673	1.000	80.00	72.77	80.00	72.77	7.23	2026-01-12 16:17:51.184652
23028	2587	5708	1.000	120.00	92.57	120.00	92.57	27.43	2026-01-12 16:17:51.184652
23029	2587	5695	1.000	230.00	163.77	230.00	163.77	66.23	2026-01-12 16:17:51.184652
23030	2587	5668	1.000	65.00	58.21	65.00	58.21	6.79	2026-01-12 16:17:51.184652
23031	2587	5668	1.000	70.00	58.21	70.00	58.21	11.79	2026-01-12 16:17:51.184652
23032	2587	5692	1.000	130.00	109.77	130.00	109.77	20.23	2026-01-12 16:17:51.184652
23033	2587	5702	1.000	80.00	77.97	80.00	77.97	2.03	2026-01-12 16:17:51.184652
23034	2587	5714	2.000	95.00	92.77	190.00	185.54	4.46	2026-01-12 16:17:51.184652
23035	2587	5663	1.000	100.00	53.51	100.00	53.51	46.49	2026-01-12 16:17:51.184652
23036	2587	5720	3.000	65.00	52.98	195.00	158.94	36.06	2026-01-12 16:17:51.184652
23037	2587	5912	2.000	100.00	103.54	200.00	207.08	-7.08	2026-01-12 16:17:51.184652
23038	2587	5901	3.000	120.00	83.76	360.00	251.28	108.72	2026-01-12 16:17:51.184652
23039	2587	5899	1.000	90.00	83.76	90.00	83.76	6.24	2026-01-12 16:17:51.184652
23040	2587	5899	1.000	85.00	83.76	85.00	83.76	1.24	2026-01-12 16:17:51.184652
23041	2587	5943	3.000	50.00	59.80	150.00	179.40	-29.40	2026-01-12 16:17:51.184652
23042	2587	6033	1.000	80.00	68.79	80.00	68.79	11.21	2026-01-12 16:17:51.184652
20218	2365	6232	2.000	40.00	23.85	80.00	47.70	32.30	2026-01-08 10:56:18.861133
20219	2365	6231	1.000	70.00	66.75	70.00	66.75	3.25	2026-01-08 10:56:18.861133
20220	2365	6281	2.000	90.00	65.01	180.00	130.02	49.98	2026-01-08 10:56:18.861133
20221	2365	6253	5.000	120.00	87.58	600.00	437.90	162.10	2026-01-08 10:56:18.861133
20222	2365	6254	2.000	70.00	43.08	140.00	86.16	53.84	2026-01-08 10:56:18.861133
20223	2365	6249	2.000	70.00	47.86	140.00	95.72	44.28	2026-01-08 10:56:18.861133
20224	2365	6249	1.000	65.00	47.86	65.00	47.86	17.14	2026-01-08 10:56:18.861133
20225	2365	6269	2.000	115.00	59.77	230.00	119.54	110.46	2026-01-08 10:56:18.861133
20226	2365	6265	1.000	140.00	122.83	140.00	122.83	17.17	2026-01-08 10:56:18.861133
20227	2365	6266	1.000	75.00	50.47	75.00	50.47	24.53	2026-01-08 10:56:18.861133
20228	2365	6261	1.000	170.00	118.88	170.00	118.88	51.12	2026-01-08 10:56:18.861133
20229	2365	6262	1.000	100.00	57.17	100.00	57.17	42.83	2026-01-08 10:56:18.861133
20230	2365	6283	1.000	110.00	94.88	110.00	94.88	15.12	2026-01-08 10:56:18.861133
20231	2365	6257	1.000	210.00	168.84	210.00	168.84	41.16	2026-01-08 10:56:18.861133
20232	2365	6257	10.000	200.00	168.84	2000.00	1688.40	311.60	2026-01-08 10:56:18.861133
20233	2365	6244	1.000	70.00	38.08	70.00	38.08	31.92	2026-01-08 10:56:18.861133
20234	2365	6225	2.000	200.00	182.40	400.00	364.80	35.20	2026-01-08 10:56:18.861133
21459	2455	62	1.000	130.00	76.95	130.00	76.95	53.05	2026-01-09 07:41:47.068446
21460	2455	62	1.000	80.00	76.95	80.00	76.95	3.05	2026-01-09 07:41:47.068446
21461	2455	65	1.000	120.00	75.83	120.00	75.83	44.17	2026-01-09 07:41:47.068446
21462	2455	1541	3.000	100.00	77.05	300.00	231.15	68.85	2026-01-09 07:41:47.068446
21463	2455	63	3.000	60.00	45.57	180.00	136.71	43.29	2026-01-09 07:41:47.068446
21464	2455	63	1.000	55.00	45.57	55.00	45.57	9.43	2026-01-09 07:41:47.068446
21465	2455	71	1.000	50.00	45.93	50.00	45.93	4.07	2026-01-09 07:41:47.068446
21466	2455	93	1.000	290.00	152.86	290.00	152.86	137.14	2026-01-09 07:41:47.068446
21467	2455	139	1.000	230.00	118.38	230.00	118.38	111.62	2026-01-09 07:41:47.068446
21468	2455	102	1.000	140.00	100.81	140.00	100.81	39.19	2026-01-09 07:41:47.068446
21469	2455	103	1.000	85.00	61.16	85.00	61.16	23.84	2026-01-09 07:41:47.068446
21470	2455	98	3.000	90.00	71.13	270.00	213.39	56.61	2026-01-09 07:41:47.068446
21471	2455	96	1.000	190.00	180.10	190.00	180.10	9.90	2026-01-09 07:41:47.068446
21472	2455	98	1.000	80.00	71.13	80.00	71.13	8.87	2026-01-09 07:41:47.068446
21473	2455	107	1.000	90.00	76.08	90.00	76.08	13.92	2026-01-09 07:41:47.068446
21474	2455	135	1.000	180.00	154.75	180.00	154.75	25.25	2026-01-09 07:41:47.068446
21475	2455	1547	1.000	105.00	81.18	105.00	81.18	23.82	2026-01-09 07:41:47.068446
21476	2455	109	3.000	110.00	84.82	330.00	254.46	75.54	2026-01-09 07:41:47.068446
21477	2455	1533	1.000	100.00	94.65	100.00	94.65	5.35	2026-01-09 07:41:47.068446
21478	2455	113	1.000	95.00	70.61	95.00	70.61	24.39	2026-01-09 07:41:47.068446
21479	2455	122	1.000	50.00	71.06	50.00	71.06	-21.06	2026-01-09 07:41:47.068446
21480	2455	85	1.000	95.00	76.51	95.00	76.51	18.49	2026-01-09 07:41:47.068446
21481	2455	118	1.000	85.00	70.91	85.00	70.91	14.09	2026-01-09 07:41:47.068446
21482	2455	117	2.000	190.00	143.46	380.00	286.92	93.08	2026-01-09 07:41:47.068446
21483	2455	139	1.000	240.00	118.38	240.00	118.38	121.62	2026-01-09 07:41:47.068446
21484	2455	700	2.000	100.00	71.92	200.00	143.84	56.16	2026-01-09 07:41:47.068446
21485	2455	141	1.000	60.00	44.37	60.00	44.37	15.63	2026-01-09 07:41:47.068446
21486	2455	87	5.000	100.00	70.05	500.00	350.25	149.75	2026-01-09 07:41:47.068446
21487	2455	136	1.000	230.00	149.99	230.00	149.99	80.01	2026-01-09 07:41:47.068446
21488	2455	123	1.000	85.00	60.60	85.00	60.60	24.40	2026-01-09 07:41:47.068446
21489	2455	79	1.000	170.00	66.25	170.00	66.25	103.75	2026-01-09 07:41:47.068446
21490	2455	1550	1.000	170.00	140.14	170.00	140.14	29.86	2026-01-09 07:41:47.068446
21491	2455	142	1.000	130.00	85.36	130.00	85.36	44.64	2026-01-09 07:41:47.068446
21492	2455	143	1.000	65.00	56.55	65.00	56.55	8.45	2026-01-09 07:41:47.068446
21493	2455	143	1.000	60.00	56.55	60.00	56.55	3.45	2026-01-09 07:41:47.068446
21494	2455	127	1.000	80.00	80.06	80.00	80.06	-0.06	2026-01-09 07:41:47.068446
21495	2455	115	1.000	65.00	48.46	65.00	48.46	16.54	2026-01-09 07:41:47.068446
21496	2455	128	4.000	40.00	55.73	160.00	222.92	-62.92	2026-01-09 07:41:47.068446
21497	2455	110	1.000	140.00	80.45	140.00	80.45	59.55	2026-01-09 07:41:47.068446
21498	2455	144	1.000	180.00	95.83	180.00	95.83	84.17	2026-01-09 07:41:47.068446
21499	2455	50	1.000	80.00	57.19	80.00	57.19	22.81	2026-01-09 07:41:47.068446
21500	2455	54	1.000	80.00	76.66	80.00	76.66	3.34	2026-01-09 07:41:47.068446
21501	2455	62	1.000	130.00	76.95	130.00	76.95	53.05	2026-01-09 07:41:47.068446
23043	2597	553	1.000	130.00	79.83	130.00	79.83	50.17	2026-01-13 11:23:14.29056
23044	2597	553	1.000	125.00	79.83	125.00	79.83	45.17	2026-01-13 11:23:14.29056
23045	2597	515	2.000	120.00	84.21	240.00	168.42	71.58	2026-01-13 11:23:14.29056
23046	2597	515	1.000	110.00	84.21	110.00	84.21	25.79	2026-01-13 11:23:14.29056
23047	2597	531	4.000	60.00	50.65	240.00	202.60	37.40	2026-01-13 11:23:14.29056
23048	2597	153	1.000	400.00	335.34	400.00	335.34	64.66	2026-01-13 11:23:14.29056
23049	2597	569	1.000	320.00	228.78	320.00	228.78	91.22	2026-01-13 11:23:14.29056
23050	2597	574	1.000	240.00	236.66	240.00	236.66	3.34	2026-01-13 11:23:14.29056
23051	2597	547	1.000	240.00	189.44	240.00	189.44	50.56	2026-01-13 11:23:14.29056
23052	2597	1511	1.000	220.00	149.73	220.00	149.73	70.27	2026-01-13 11:23:14.29056
23053	2597	1466	1.000	200.00	155.09	200.00	155.09	44.91	2026-01-13 11:23:14.29056
23054	2597	1508	1.000	180.00	156.66	180.00	156.66	23.34	2026-01-13 11:23:14.29056
23055	2597	556	1.000	150.00	129.77	150.00	129.77	20.23	2026-01-13 11:23:14.29056
23056	2597	532	1.000	140.00	85.97	140.00	85.97	54.03	2026-01-13 11:23:14.29056
23057	2597	1467	1.000	130.00	96.66	130.00	96.66	33.34	2026-01-13 11:23:14.29056
23058	2597	1513	2.000	125.00	103.76	250.00	207.52	42.48	2026-01-13 11:23:14.29056
23059	2597	1514	1.000	120.00	85.06	120.00	85.06	34.94	2026-01-13 11:23:14.29056
23060	2597	563	1.000	100.00	55.48	100.00	55.48	44.52	2026-01-13 11:23:14.29056
23061	2597	541	6.000	95.00	71.64	570.00	429.84	140.16	2026-01-13 11:23:14.29056
23062	2597	548	1.000	90.00	93.47	90.00	93.47	-3.47	2026-01-13 11:23:14.29056
23063	2597	634	1.000	80.00	80.13	80.00	80.13	-0.13	2026-01-13 11:23:14.29056
23064	2597	568	1.000	80.00	60.25	80.00	60.25	19.75	2026-01-13 11:23:14.29056
23065	2597	1473	1.000	65.00	66.66	65.00	66.66	-1.66	2026-01-13 11:23:14.29056
23066	2597	630	1.000	60.00	57.18	60.00	57.18	2.82	2026-01-13 11:23:14.29056
23067	2597	63	16.000	60.00	45.01	960.00	720.16	239.84	2026-01-13 11:23:14.29056
23068	2597	419	1.000	90.00	53.26	90.00	53.26	36.74	2026-01-13 11:23:14.29056
23069	2597	675	2.000	150.00	104.75	300.00	209.50	90.50	2026-01-13 11:23:14.29056
23070	2597	371	2.000	140.00	99.78	280.00	199.56	80.44	2026-01-13 11:23:14.29056
23071	2597	1580	1.000	100.00	57.99	100.00	57.99	42.01	2026-01-13 11:23:14.29056
23072	2597	1560	3.000	100.00	51.14	300.00	153.42	146.58	2026-01-13 11:23:14.29056
23073	2597	1559	1.000	140.00	116.94	140.00	116.94	23.06	2026-01-13 11:23:14.29056
23074	2597	1577	1.000	135.00	116.44	135.00	116.44	18.56	2026-01-13 11:23:14.29056
23075	2597	348	1.000	125.00	102.59	125.00	102.59	22.41	2026-01-13 11:23:14.29056
23076	2597	353	1.000	125.00	82.90	125.00	82.90	42.10	2026-01-13 11:23:14.29056
23077	2597	351	1.000	110.00	56.47	110.00	56.47	53.53	2026-01-13 11:23:14.29056
23078	2597	342	1.000	110.00	73.94	110.00	73.94	36.06	2026-01-13 11:23:14.29056
23079	2597	1576	1.000	100.00	74.51	100.00	74.51	25.49	2026-01-13 11:23:14.29056
20235	2366	6232	5.000	45.00	23.99	225.00	119.95	105.05	2026-01-08 10:56:47.394253
20236	2366	6232	1.000	55.00	23.99	55.00	23.99	31.01	2026-01-08 10:56:47.398143
20237	2366	6231	6.000	70.00	66.72	420.00	400.32	19.68	2026-01-08 10:56:47.401775
21502	2456	237	1.000	90.00	84.57	90.00	84.57	5.43	2026-01-09 07:43:10.787184
21503	2456	810	9.000	70.00	59.57	630.00	536.13	93.87	2026-01-09 07:43:10.787184
21504	2456	244	35.000	50.00	47.64	1750.00	1667.40	82.60	2026-01-09 07:43:10.787184
21505	2456	245	1.000	80.00	69.57	80.00	69.57	10.43	2026-01-09 07:43:10.787184
21506	2456	1808	1.000	170.00	75.73	170.00	75.73	94.27	2026-01-09 07:43:10.787184
21507	2456	1823	1.000	120.00	113.38	120.00	113.38	6.62	2026-01-09 07:43:10.787184
21508	2456	264	2.000	80.00	64.57	160.00	129.14	30.86	2026-01-09 07:43:10.787184
21509	2456	251	1.000	60.00	46.79	60.00	46.79	13.21	2026-01-09 07:43:10.787184
21510	2456	1830	7.000	90.00	64.57	630.00	451.99	178.01	2026-01-09 07:43:10.787184
21511	2456	255	1.000	140.00	89.61	140.00	89.61	50.39	2026-01-09 07:43:10.787184
21512	2456	249	5.000	80.00	84.57	400.00	422.85	-22.85	2026-01-09 07:43:10.787184
21513	2456	260	1.000	40.00	68.60	40.00	68.60	-28.60	2026-01-09 07:43:10.787184
21514	2456	1818	5.000	80.00	62.12	400.00	310.60	89.40	2026-01-09 07:43:10.787184
21515	2456	1871	1.000	90.00	59.57	90.00	59.57	30.43	2026-01-09 07:43:10.787184
21516	2456	1871	1.000	100.00	59.57	100.00	59.57	40.43	2026-01-09 07:43:10.787184
21517	2456	1857	1.000	100.00	79.57	100.00	79.57	20.43	2026-01-09 07:43:10.787184
21518	2456	1831	1.000	75.00	64.57	75.00	64.57	10.43	2026-01-09 07:43:10.787184
21519	2456	274	1.000	140.00	110.52	140.00	110.52	29.48	2026-01-09 07:43:10.787184
21520	2456	1868	6.000	190.00	159.58	1140.00	957.48	182.52	2026-01-09 07:43:10.787184
21521	2456	1805	1.000	40.00	43.53	40.00	43.53	-3.53	2026-01-09 07:43:10.787184
21522	2456	1787	1.000	50.00	54.57	50.00	54.57	-4.57	2026-01-09 07:43:10.787184
21523	2456	1674	2.000	70.00	53.15	140.00	106.30	33.70	2026-01-09 07:43:10.787184
21524	2456	190	2.000	75.00	72.21	150.00	144.42	5.58	2026-01-09 07:43:10.787184
21525	2456	190	2.000	70.00	72.21	140.00	144.42	-4.42	2026-01-09 07:43:10.787184
21526	2456	205	1.000	80.00	67.56	80.00	67.56	12.44	2026-01-09 07:43:10.787184
21527	2456	197	1.000	70.00	73.99	70.00	73.99	-3.99	2026-01-09 07:43:10.787184
21528	2456	196	1.000	280.00	252.86	280.00	252.86	27.14	2026-01-09 07:43:10.787184
21529	2456	223	3.000	60.00	49.02	180.00	147.06	32.94	2026-01-09 07:43:10.787184
21530	2456	1743	8.000	60.00	62.06	480.00	496.48	-16.48	2026-01-09 07:43:10.787184
21531	2456	1735	1.000	100.00	83.51	100.00	83.51	16.49	2026-01-09 07:43:10.787184
21532	2456	199	1.000	115.00	73.49	115.00	73.49	41.51	2026-01-09 07:43:10.787184
21533	2456	1712	3.000	120.00	73.25	360.00	219.75	140.25	2026-01-09 07:43:10.787184
21534	2456	1712	2.000	115.00	73.25	230.00	146.50	83.50	2026-01-09 07:43:10.787184
21535	2456	764	1.000	130.00	147.53	130.00	147.53	-17.53	2026-01-09 07:43:10.787184
21536	2456	231	4.000	55.00	57.56	220.00	230.24	-10.24	2026-01-09 07:43:10.787184
21537	2456	172	1.000	135.00	107.50	135.00	107.50	27.50	2026-01-09 07:43:10.787184
21538	2456	722	7.000	50.00	48.07	350.00	336.49	13.51	2026-01-09 07:43:10.787184
21539	2456	1602	2.000	100.00	75.28	200.00	150.56	49.44	2026-01-09 07:43:10.787184
21540	2456	163	6.000	315.00	235.06	1890.00	1410.36	479.64	2026-01-09 07:43:10.787184
21541	2456	730	2.000	235.00	157.28	470.00	314.56	155.44	2026-01-09 07:43:10.787184
21542	2456	1616	1.000	70.00	73.99	70.00	73.99	-3.99	2026-01-09 07:43:10.787184
21543	2456	1652	3.000	60.00	53.24	180.00	159.72	20.28	2026-01-09 07:43:10.787184
21544	2456	731	4.000	120.00	96.64	480.00	386.56	93.44	2026-01-09 07:43:10.787184
21545	2456	1628	1.000	90.00	70.28	90.00	70.28	19.72	2026-01-09 07:43:10.787184
21546	2456	1638	1.000	130.00	90.08	130.00	90.08	39.92	2026-01-09 07:43:10.787184
21547	2456	1636	2.000	270.00	147.28	540.00	294.56	245.44	2026-01-09 07:43:10.787184
21548	2456	1639	1.000	160.00	108.52	160.00	108.52	51.48	2026-01-09 07:43:10.787184
21549	2456	1640	1.000	310.00	235.28	310.00	235.28	74.72	2026-01-09 07:43:10.787184
21550	2456	736	2.000	220.00	170.28	440.00	340.56	99.44	2026-01-09 07:43:10.787184
21551	2456	1665	1.000	150.00	130.28	150.00	130.28	19.72	2026-01-09 07:43:10.787184
21552	2456	1968	1.000	170.00	153.87	170.00	153.87	16.13	2026-01-09 07:43:10.787184
21553	2456	1967	2.000	115.00	93.93	230.00	187.86	42.14	2026-01-09 07:43:10.787184
21554	2456	529	1.000	220.00	252.88	220.00	252.88	-32.88	2026-01-09 07:43:10.787184
21555	2456	57	1.000	240.00	179.94	240.00	179.94	60.06	2026-01-09 07:43:10.787184
21556	2456	1879	1.000	100.00	99.57	100.00	99.57	0.43	2026-01-09 07:43:10.787184
23080	2597	683	1.000	100.00	64.38	100.00	64.38	35.62	2026-01-13 11:23:14.29056
23081	2597	370	1.000	100.00	62.38	100.00	62.38	37.62	2026-01-13 11:23:14.29056
23082	2597	1578	2.000	90.00	51.52	180.00	103.04	76.96	2026-01-13 11:23:14.29056
23083	2597	676	1.000	80.00	56.54	80.00	56.54	23.46	2026-01-13 11:23:14.29056
23084	2597	1561	1.000	70.00	52.54	70.00	52.54	17.46	2026-01-13 11:23:14.29056
23085	2597	316	4.000	65.00	54.62	260.00	218.48	41.52	2026-01-13 11:23:14.29056
23086	2597	291	8.000	50.00	44.58	400.00	356.64	43.36	2026-01-13 11:23:14.29056
23087	2597	291	10.000	45.00	44.58	450.00	445.80	4.20	2026-01-13 11:23:14.29056
23088	2597	1968	1.000	200.00	153.17	200.00	153.17	46.83	2026-01-13 11:23:14.29056
23089	2597	332	1.000	150.00	137.16	150.00	137.16	12.84	2026-01-13 11:23:14.29056
23090	2597	693	1.000	130.00	91.43	130.00	91.43	38.57	2026-01-13 11:23:14.29056
23091	2597	1981	1.000	120.00	94.25	120.00	94.25	25.75	2026-01-13 11:23:14.29056
23092	2597	1980	2.000	100.00	73.35	200.00	146.70	53.30	2026-01-13 11:23:14.29056
23093	2597	293	1.000	90.00	71.94	90.00	71.94	18.06	2026-01-13 11:23:14.29056
23094	2597	307	1.000	60.00	56.33	60.00	56.33	3.67	2026-01-13 11:23:14.29056
20238	2381	62	21.000	125.00	76.95	2625.00	1615.95	1009.05	2026-01-08 11:53:44.213958
20239	2381	62	6.000	130.00	76.95	780.00	461.70	318.30	2026-01-08 11:53:44.213958
20240	2381	1541	1.000	100.00	77.05	100.00	77.05	22.95	2026-01-08 11:53:44.213958
20241	2381	65	1.000	120.00	75.83	120.00	75.83	44.17	2026-01-08 11:53:44.213958
20242	2381	65	1.000	115.00	75.83	115.00	75.83	39.17	2026-01-08 11:53:44.213958
20243	2381	63	10.000	60.00	45.57	600.00	455.70	144.30	2026-01-08 11:53:44.213958
20244	2381	93	4.000	290.00	152.86	1160.00	611.44	548.56	2026-01-08 11:53:44.213958
20245	2381	94	1.000	135.00	99.02	135.00	99.02	35.98	2026-01-08 11:53:44.213958
20246	2381	97	2.000	215.00	151.77	430.00	303.54	126.46	2026-01-08 11:53:44.213958
20247	2381	103	1.000	85.00	61.16	85.00	61.16	23.84	2026-01-08 11:53:44.213958
20248	2381	98	2.000	90.00	71.13	180.00	142.26	37.74	2026-01-08 11:53:44.213958
20249	2381	100	1.000	210.00	158.02	210.00	158.02	51.98	2026-01-08 11:53:44.213958
20250	2381	92	2.000	190.00	150.27	380.00	300.54	79.46	2026-01-08 11:53:44.213958
20251	2381	1532	2.000	90.00	55.41	180.00	110.82	69.18	2026-01-08 11:53:44.213958
20252	2381	112	2.000	160.00	106.07	320.00	212.14	107.86	2026-01-08 11:53:44.213958
20253	2381	1538	1.000	80.00	76.19	80.00	76.19	3.81	2026-01-08 11:53:44.213958
20254	2381	114	2.000	130.00	103.44	260.00	206.88	53.12	2026-01-08 11:53:44.213958
20255	2381	118	2.000	90.00	70.91	180.00	141.82	38.18	2026-01-08 11:53:44.213958
20256	2381	118	1.000	85.00	70.91	85.00	70.91	14.09	2026-01-08 11:53:44.213958
20257	2381	122	1.000	25.00	71.06	25.00	71.06	-46.06	2026-01-08 11:53:44.213958
20258	2381	132	1.000	290.00	195.88	290.00	195.88	94.12	2026-01-08 11:53:44.213958
20259	2381	109	1.000	110.00	84.82	110.00	84.82	25.18	2026-01-08 11:53:44.213958
20260	2381	113	1.000	100.00	70.61	100.00	70.61	29.39	2026-01-08 11:53:44.213958
20261	2381	113	2.000	95.00	70.61	190.00	141.22	48.78	2026-01-08 11:53:44.213958
20262	2381	60	2.000	130.00	110.33	260.00	220.66	39.34	2026-01-08 11:53:44.213958
20263	2381	59	2.000	205.00	167.86	410.00	335.72	74.28	2026-01-08 11:53:44.213958
20264	2381	58	15.000	100.00	80.80	1500.00	1212.00	288.00	2026-01-08 11:53:44.213958
20265	2381	58	5.000	120.00	80.80	600.00	404.00	196.00	2026-01-08 11:53:44.213958
20266	2381	72	1.000	210.00	160.82	210.00	160.82	49.18	2026-01-08 11:53:44.213958
20267	2381	71	8.000	50.00	45.93	400.00	367.44	32.56	2026-01-08 11:53:44.213958
20268	2381	700	2.000	100.00	71.92	200.00	143.84	56.16	2026-01-08 11:53:44.213958
20269	2381	134	2.000	100.00	87.75	200.00	175.50	24.50	2026-01-08 11:53:44.213958
20270	2381	85	1.000	100.00	76.51	100.00	76.51	23.49	2026-01-08 11:53:44.213958
20271	2381	125	1.000	65.00	53.33	65.00	53.33	11.67	2026-01-08 11:53:44.213958
20272	2381	125	2.000	60.00	53.33	120.00	106.66	13.34	2026-01-08 11:53:44.213958
20273	2381	123	1.000	85.00	60.60	85.00	60.60	24.40	2026-01-08 11:53:44.213958
20274	2381	107	1.000	85.00	76.08	85.00	76.08	8.92	2026-01-08 11:53:44.213958
20275	2381	151	1.000	120.00	93.94	120.00	93.94	26.06	2026-01-08 11:53:44.213958
20276	2381	140	2.000	140.00	135.51	280.00	271.02	8.98	2026-01-08 11:53:44.213958
20277	2381	138	1.000	120.00	110.37	120.00	110.37	9.63	2026-01-08 11:53:44.213958
20278	2381	1523	1.000	150.00	112.42	150.00	112.42	37.58	2026-01-08 11:53:44.213958
20279	2381	127	2.000	80.00	80.06	160.00	160.12	-0.12	2026-01-08 11:53:44.213958
20280	2381	128	5.000	40.00	55.73	200.00	278.65	-78.65	2026-01-08 11:53:44.213958
20281	2381	105	1.000	95.00	86.98	95.00	86.98	8.02	2026-01-08 11:53:44.213958
20282	2381	58	1.000	120.00	80.80	120.00	80.80	39.20	2026-01-08 11:53:44.213958
20283	2381	110	5.000	135.00	80.45	675.00	402.25	272.75	2026-01-08 11:53:44.213958
20284	2381	127	10.000	75.00	80.06	750.00	800.60	-50.60	2026-01-08 11:53:44.213958
20285	2381	705	1.000	240.00	168.08	240.00	168.08	71.92	2026-01-08 11:53:44.213958
21557	2457	718	10.000	40.00	41.42	400.00	414.20	-14.20	2026-01-09 07:44:08.255597
21558	2457	1564	1.000	80.00	45.20	80.00	45.20	34.80	2026-01-09 07:44:08.255597
21559	2457	1578	3.000	80.00	51.90	240.00	155.70	84.30	2026-01-09 07:44:08.255597
21560	2457	66	1.000	120.00	82.71	120.00	82.71	37.29	2026-01-09 07:44:08.255597
21561	2457	494	1.000	35.00	39.41	35.00	39.41	-4.41	2026-01-09 07:44:08.255597
23095	2598	1588	4.000	90.00	88.58	360.00	354.32	5.68	2026-01-13 11:46:45.011032
23096	2598	344	1.000	90.00	76.63	90.00	76.63	13.37	2026-01-13 11:46:45.011032
23097	2598	718	2.000	40.00	41.42	80.00	82.84	-2.84	2026-01-13 11:46:45.011032
23098	2598	506	1.000	70.00	49.84	70.00	49.84	20.16	2026-01-13 11:46:45.011032
23099	2598	497	1.000	250.00	179.89	250.00	179.89	70.11	2026-01-13 11:46:45.011032
23100	2598	63	3.000	55.00	45.97	165.00	137.91	27.09	2026-01-13 11:46:45.011032
23101	2599	563	1.000	80.00	61.22	80.00	61.22	18.78	2026-01-13 12:18:40.286769
23102	2599	153	3.000	400.00	336.66	1200.00	1009.98	190.02	2026-01-13 12:18:40.286769
23103	2599	153	2.000	395.00	336.66	790.00	673.32	116.68	2026-01-13 12:18:40.286769
23104	2599	514	3.000	350.00	256.66	1050.00	769.98	280.02	2026-01-13 12:18:40.286769
23105	2599	612	1.000	210.00	146.66	210.00	146.66	63.34	2026-01-13 12:18:40.286769
23106	2599	612	3.000	200.00	146.66	600.00	439.98	160.02	2026-01-13 12:18:40.286769
23107	2599	1478	1.000	135.00	114.67	135.00	114.67	20.33	2026-01-13 12:18:40.286769
23108	2599	1478	1.000	130.00	114.67	130.00	114.67	15.33	2026-01-13 12:18:40.286769
23109	2599	553	1.000	105.00	86.66	105.00	86.66	18.34	2026-01-13 12:18:40.286769
23110	2599	553	1.000	100.00	86.66	100.00	86.66	13.34	2026-01-13 12:18:40.286769
23111	2599	1481	1.000	75.00	65.60	75.00	65.60	9.40	2026-01-13 12:18:40.286769
23112	2599	562	2.000	280.00	230.60	560.00	461.20	98.80	2026-01-13 12:18:40.286769
23113	2599	550	1.000	60.00	67.46	60.00	67.46	-7.46	2026-01-13 12:18:40.286769
23114	2599	570	1.000	350.00	304.98	350.00	304.98	45.02	2026-01-13 12:18:40.286769
23115	2599	1491	1.000	320.00	261.66	320.00	261.66	58.34	2026-01-13 12:18:40.286769
23116	2599	618	2.000	80.00	53.84	160.00	107.68	52.32	2026-01-13 12:18:40.286769
23117	2599	525	1.000	150.00	80.14	150.00	80.14	69.86	2026-01-13 12:18:40.286769
23118	2599	1511	3.000	200.00	154.42	600.00	463.26	136.74	2026-01-13 12:18:40.286769
23119	2599	547	1.000	225.00	194.20	225.00	194.20	30.80	2026-01-13 12:18:40.286769
23120	2599	578	1.000	250.00	234.00	250.00	234.00	16.00	2026-01-13 12:18:40.286769
23121	2599	1515	1.000	200.00	161.66	200.00	161.66	38.34	2026-01-13 12:18:40.286769
23122	2599	567	1.000	50.00	42.90	50.00	42.90	7.10	2026-01-13 12:18:40.286769
23123	2599	541	1.000	80.00	72.67	80.00	72.67	7.33	2026-01-13 12:18:40.286769
23124	2599	1474	2.000	70.00	80.71	140.00	161.42	-21.42	2026-01-13 12:18:40.286769
23125	2599	528	1.000	200.00	221.17	200.00	221.17	-21.17	2026-01-13 12:18:40.286769
21562	2461	611	1.000	100.00	96.65	100.00	96.65	3.35	2026-01-09 07:47:03.851075
21563	2461	512	1.000	80.00	51.31	80.00	51.31	28.69	2026-01-09 07:47:03.851075
21564	2461	530	5.000	200.00	195.91	1000.00	979.55	20.45	2026-01-09 07:47:03.851075
21565	2461	153	1.000	400.00	336.66	400.00	336.66	63.34	2026-01-09 07:47:03.851075
21566	2461	514	2.000	360.00	256.66	720.00	513.32	206.68	2026-01-09 07:47:03.851075
21567	2461	612	1.000	210.00	146.66	210.00	146.66	63.34	2026-01-09 07:47:03.851075
21568	2461	516	16.000	50.00	56.66	800.00	906.56	-106.56	2026-01-09 07:47:03.851075
21569	2461	337	18.000	55.00	56.66	990.00	1019.88	-29.88	2026-01-09 07:47:03.851075
21570	2461	1469	1.000	220.00	156.66	220.00	156.66	63.34	2026-01-09 07:47:03.851075
21571	2461	1469	1.000	200.00	156.66	200.00	156.66	43.34	2026-01-09 07:47:03.851075
21572	2461	1472	1.000	350.00	186.66	350.00	186.66	163.34	2026-01-09 07:47:03.851075
21573	2461	1473	1.000	60.00	66.66	60.00	66.66	-6.66	2026-01-09 07:47:03.851075
21574	2461	1480	2.000	140.00	136.66	280.00	273.32	6.68	2026-01-09 07:47:03.851075
21575	2461	623	2.000	120.00	106.66	240.00	213.32	26.68	2026-01-09 07:47:03.851075
21576	2461	1489	1.000	205.00	176.66	205.00	176.66	28.34	2026-01-09 07:47:03.851075
21577	2461	1495	2.000	310.00	231.66	620.00	463.32	156.68	2026-01-09 07:47:03.851075
21578	2461	1496	3.000	170.00	153.32	510.00	459.96	50.04	2026-01-09 07:47:03.851075
21579	2461	1497	1.000	80.00	66.66	80.00	66.66	13.34	2026-01-09 07:47:03.851075
21580	2461	561	1.000	150.00	135.54	150.00	135.54	14.46	2026-01-09 07:47:03.851075
21581	2461	630	1.000	60.00	57.18	60.00	57.18	2.82	2026-01-09 07:47:03.851075
21582	2461	572	3.000	155.00	131.90	465.00	395.70	69.30	2026-01-09 07:47:03.851075
21583	2461	574	1.000	230.00	236.66	230.00	236.66	-6.66	2026-01-09 07:47:03.851075
21584	2461	1502	2.000	130.00	135.46	260.00	270.92	-10.92	2026-01-09 07:47:03.851075
21585	2461	1512	7.000	100.00	96.66	700.00	676.62	23.38	2026-01-09 07:47:03.851075
21586	2461	1479	4.000	160.00	146.66	640.00	586.64	53.36	2026-01-09 07:47:03.851075
21587	2461	1476	1.000	100.00	76.66	100.00	76.66	23.34	2026-01-09 07:47:03.851075
21588	2461	627	2.000	180.00	144.44	360.00	288.88	71.12	2026-01-09 07:47:03.851075
21589	2461	547	1.000	220.00	194.20	220.00	194.20	25.80	2026-01-09 07:47:03.851075
21590	2461	546	2.000	230.00	186.66	460.00	373.32	86.68	2026-01-09 07:47:03.851075
21591	2461	633	1.000	310.00	286.66	310.00	286.66	23.34	2026-01-09 07:47:03.851075
21592	2461	580	1.000	230.00	212.49	230.00	212.49	17.51	2026-01-09 07:47:03.851075
21593	2461	579	2.000	160.00	149.16	320.00	298.32	21.68	2026-01-09 07:47:03.851075
21594	2461	589	3.000	150.00	136.66	450.00	409.98	40.02	2026-01-09 07:47:03.851075
21595	2461	626	1.000	130.00	96.66	130.00	96.66	33.34	2026-01-09 07:47:03.851075
21596	2461	556	1.000	150.00	131.71	150.00	131.71	18.29	2026-01-09 07:47:03.851075
21597	2461	551	3.000	120.00	94.31	360.00	282.93	77.07	2026-01-09 07:47:03.851075
21598	2461	551	3.000	115.00	94.31	345.00	282.93	62.07	2026-01-09 07:47:03.851075
21599	2461	551	3.000	110.00	94.31	330.00	282.93	47.07	2026-01-09 07:47:03.851075
21600	2461	1493	1.000	150.00	116.66	150.00	116.66	33.34	2026-01-09 07:47:03.851075
20344	2383	679	2.000	125.00	127.50	250.00	255.00	-5.00	2026-01-08 11:55:30.810013
20345	2383	675	1.000	140.00	104.82	140.00	104.82	35.18	2026-01-08 11:55:30.810013
20346	2383	1578	1.000	85.00	51.90	85.00	51.90	33.10	2026-01-08 11:55:30.810013
20347	2383	678	1.000	90.00	56.30	90.00	56.30	33.70	2026-01-08 11:55:30.810013
20348	2383	678	1.000	85.00	56.30	85.00	56.30	28.70	2026-01-08 11:55:30.810013
20349	2383	1579	2.000	140.00	91.10	280.00	182.20	97.80	2026-01-08 11:55:30.810013
20350	2383	718	4.000	40.00	41.42	160.00	165.68	-5.68	2026-01-08 11:55:30.810013
20351	2383	438	1.000	80.00	48.33	80.00	48.33	31.67	2026-01-08 11:55:30.810013
20352	2383	508	1.000	130.00	89.68	130.00	89.68	40.32	2026-01-08 11:55:30.810013
20353	2383	488	1.000	390.00	389.86	390.00	389.86	0.14	2026-01-08 11:55:30.810013
20354	2383	506	2.000	70.00	49.84	140.00	99.68	40.32	2026-01-08 11:55:30.810013
21601	2461	1514	1.000	110.00	86.66	110.00	86.66	23.34	2026-01-09 07:47:03.851075
21602	2461	595	2.000	95.00	76.66	190.00	153.32	36.68	2026-01-09 07:47:03.851075
21603	2461	534	2.000	150.00	116.66	300.00	233.32	66.68	2026-01-09 07:47:03.851075
21604	2461	1474	2.000	70.00	80.71	140.00	161.42	-21.42	2026-01-09 07:47:03.851075
21605	2461	1506	4.000	130.00	116.66	520.00	466.64	53.36	2026-01-09 07:47:03.851075
21606	2461	1486	1.000	220.00	121.66	220.00	121.66	98.34	2026-01-09 07:47:03.851075
21607	2461	1487	1.000	140.00	81.66	140.00	81.66	58.34	2026-01-09 07:47:03.851075
21608	2461	1500	2.000	80.00	81.66	160.00	163.32	-3.32	2026-01-09 07:47:03.851075
21609	2461	1498	4.000	200.00	116.66	800.00	466.64	333.36	2026-01-09 07:47:03.851075
21610	2461	1499	7.000	120.00	81.66	840.00	571.62	268.38	2026-01-09 07:47:03.851075
21611	2461	560	7.000	80.00	74.54	560.00	521.78	38.22	2026-01-09 07:47:03.851075
21612	2461	567	5.000	50.00	42.90	250.00	214.50	35.50	2026-01-09 07:47:03.851075
23126	2600	6232	5.000	40.00	23.85	200.00	119.25	80.75	2026-01-13 12:20:47.99654
23127	2600	6234	2.000	160.00	100.60	320.00	201.20	118.80	2026-01-13 12:20:48.000112
23128	2600	6282	1.000	65.00	31.15	65.00	31.15	33.85	2026-01-13 12:20:48.003608
23129	2600	6283	6.000	110.00	94.88	660.00	569.28	90.72	2026-01-13 12:20:48.081285
23130	2600	6261	1.000	170.00	118.88	170.00	118.88	51.12	2026-01-13 12:20:48.085952
23131	2600	6259	1.000	70.00	49.34	70.00	49.34	20.66	2026-01-13 12:20:48.089263
23132	2600	6263	1.000	65.00	54.32	65.00	54.32	10.68	2026-01-13 12:20:48.092587
23133	2600	6276	1.000	110.00	81.67	110.00	81.67	28.33	2026-01-13 12:20:48.095848
23134	2600	6264	1.000	100.00	71.93	100.00	71.93	28.07	2026-01-13 12:20:48.099191
23135	2600	6245	1.000	115.00	86.79	115.00	86.79	28.21	2026-01-13 12:20:48.102631
23136	2600	6246	1.000	85.00	68.67	85.00	68.67	16.33	2026-01-13 12:20:48.106023
23137	2600	6246	1.000	80.00	68.67	80.00	68.67	11.33	2026-01-13 12:20:48.109254
20355	2384	1463	1.000	120.00	90.21	120.00	90.21	29.79	2026-01-08 11:57:18.700596
20356	2384	1464	1.000	300.00	170.44	300.00	170.44	129.56	2026-01-08 11:57:18.700596
20357	2384	153	3.000	400.00	331.37	1200.00	994.11	205.89	2026-01-08 11:57:18.700596
20358	2384	514	3.000	360.00	241.60	1080.00	724.80	355.20	2026-01-08 11:57:18.700596
20359	2384	612	4.000	210.00	130.60	840.00	522.40	317.60	2026-01-08 11:57:18.700596
20360	2384	612	2.000	200.00	130.60	400.00	261.20	138.80	2026-01-08 11:57:18.700596
20361	2384	1466	1.000	210.00	153.92	210.00	153.92	56.08	2026-01-08 11:57:18.700596
20362	2384	1467	1.000	140.00	93.94	140.00	93.94	46.06	2026-01-08 11:57:18.700596
20363	2384	337	23.000	55.00	50.88	1265.00	1170.24	94.76	2026-01-08 11:57:18.700596
20364	2384	516	24.000	50.00	50.97	1200.00	1223.28	-23.28	2026-01-08 11:57:18.700596
20365	2384	515	1.000	120.00	80.26	120.00	80.26	39.74	2026-01-08 11:57:18.700596
20366	2384	613	2.000	85.00	70.65	170.00	141.30	28.70	2026-01-08 11:57:18.700596
20367	2384	1469	1.000	200.00	149.58	200.00	149.58	50.42	2026-01-08 11:57:18.700596
20368	2384	525	1.000	160.00	80.14	160.00	80.14	79.86	2026-01-08 11:57:18.700596
20369	2384	1473	1.000	60.00	58.56	60.00	58.56	1.44	2026-01-08 11:57:18.700596
20370	2384	547	1.000	230.00	190.12	230.00	190.12	39.88	2026-01-08 11:57:18.700596
20371	2384	546	2.000	230.00	179.92	460.00	359.84	100.16	2026-01-08 11:57:18.700596
20372	2384	1511	2.000	200.00	150.28	400.00	300.56	99.44	2026-01-08 11:57:18.700596
20373	2384	551	5.000	120.00	89.61	600.00	448.05	151.95	2026-01-08 11:57:18.700596
20374	2384	589	2.000	150.00	131.29	300.00	262.58	37.42	2026-01-08 11:57:18.700596
20375	2384	1479	1.000	160.00	139.95	160.00	139.95	20.05	2026-01-08 11:57:18.700596
20376	2384	1512	1.000	100.00	89.98	100.00	89.98	10.02	2026-01-08 11:57:18.700596
20377	2384	1481	1.000	75.00	60.32	75.00	60.32	14.68	2026-01-08 11:57:18.700596
20378	2384	1481	1.000	70.00	60.32	70.00	60.32	9.68	2026-01-08 11:57:18.700596
20379	2384	1478	2.000	135.00	111.19	270.00	222.38	47.62	2026-01-08 11:57:18.700596
20380	2384	1495	1.000	310.00	225.45	310.00	225.45	84.55	2026-01-08 11:57:18.700596
20381	2384	630	2.000	60.00	50.41	120.00	100.82	19.18	2026-01-08 11:57:18.700596
20382	2384	570	1.000	360.00	304.99	360.00	304.99	55.01	2026-01-08 11:57:18.700596
20383	2384	574	1.000	220.00	230.04	220.00	230.04	-10.04	2026-01-08 11:57:18.700596
20384	2384	1502	3.000	130.00	129.48	390.00	388.44	1.56	2026-01-08 11:57:18.700596
20385	2384	586	1.000	120.00	102.98	120.00	102.98	17.02	2026-01-08 11:57:18.700596
20386	2384	1493	1.000	150.00	109.92	150.00	109.92	40.08	2026-01-08 11:57:18.700596
20387	2384	635	1.000	40.00	0.00	40.00	0.00	40.00	2026-01-08 11:57:18.700596
20388	2384	1514	2.000	120.00	79.98	240.00	159.96	80.04	2026-01-08 11:57:18.700596
20389	2384	1514	1.000	110.00	79.98	110.00	79.98	30.02	2026-01-08 11:57:18.700596
20390	2384	1500	2.000	80.00	69.98	160.00	139.96	20.04	2026-01-08 11:57:18.700596
20391	2384	541	1.000	80.00	71.82	80.00	71.82	8.18	2026-01-08 11:57:18.700596
20392	2384	567	4.000	50.00	41.37	200.00	165.48	34.52	2026-01-08 11:57:18.700596
20393	2384	560	3.000	80.00	66.08	240.00	198.24	41.76	2026-01-08 11:57:18.700596
23138	2356	62	6.000	130.00	75.72	780.00	454.32	325.68	2026-01-13 12:31:15.001873
23139	2356	65	2.000	115.00	75.52	230.00	151.04	78.96	2026-01-13 12:31:15.001873
23140	2356	63	3.000	60.00	45.21	180.00	135.63	44.37	2026-01-13 12:31:15.001873
23141	2356	93	2.000	290.00	152.38	580.00	304.76	275.24	2026-01-13 12:31:15.001873
23142	2356	94	1.000	140.00	98.21	140.00	98.21	41.79	2026-01-13 12:31:15.001873
23143	2356	94	1.000	135.00	98.21	135.00	98.21	36.79	2026-01-13 12:31:15.001873
23144	2356	92	1.000	190.00	150.27	190.00	150.27	39.73	2026-01-13 12:31:15.001873
23145	2356	98	4.000	90.00	70.31	360.00	281.24	78.76	2026-01-13 12:31:15.001873
23146	2356	1532	12.000	90.00	51.33	1080.00	615.96	464.04	2026-01-13 12:31:15.001873
23147	2356	121	1.000	350.00	279.33	350.00	279.33	70.67	2026-01-13 12:31:15.001873
23148	2356	705	1.000	230.00	165.30	230.00	165.30	64.70	2026-01-13 12:31:15.001873
23149	2356	118	1.000	85.00	70.41	85.00	70.41	14.59	2026-01-13 12:31:15.001873
23150	2356	1544	2.000	200.00	121.25	400.00	242.50	157.50	2026-01-13 12:31:15.001873
23151	2356	109	2.000	110.00	84.41	220.00	168.82	51.18	2026-01-13 12:31:15.001873
23152	2356	50	2.000	80.00	56.82	160.00	113.64	46.36	2026-01-13 12:31:15.001873
23153	2356	113	2.000	95.00	70.37	190.00	140.74	49.26	2026-01-13 12:31:15.001873
23154	2356	1533	1.000	110.00	94.15	110.00	94.15	15.85	2026-01-13 12:31:15.001873
23155	2356	72	1.000	220.00	160.43	220.00	160.43	59.57	2026-01-13 12:31:15.001873
23156	2356	71	5.000	50.00	45.69	250.00	228.45	21.55	2026-01-13 12:31:15.001873
23157	2356	1548	2.000	230.00	173.62	460.00	347.24	112.76	2026-01-13 12:31:15.001873
23158	2356	1549	1.000	110.00	55.05	110.00	55.05	54.95	2026-01-13 12:31:15.001873
23159	2356	134	1.000	100.00	85.09	100.00	85.09	14.91	2026-01-13 12:31:15.001873
23160	2356	58	2.000	120.00	80.38	240.00	160.76	79.24	2026-01-13 12:31:15.001873
23161	2356	85	1.000	100.00	75.48	100.00	75.48	24.52	2026-01-13 12:31:15.001873
23162	2356	700	1.000	100.00	70.15	100.00	70.15	29.85	2026-01-13 12:31:15.001873
23163	2356	1550	1.000	170.00	140.14	170.00	140.14	29.86	2026-01-13 12:31:15.001873
23164	2356	149	1.000	100.00	80.23	100.00	80.23	19.77	2026-01-13 12:31:15.001873
23165	2356	125	2.000	65.00	52.91	130.00	105.82	24.18	2026-01-13 12:31:15.001873
23166	2356	125	1.000	60.00	52.91	60.00	52.91	7.09	2026-01-13 12:31:15.001873
23167	2356	87	2.000	100.00	70.01	200.00	140.02	59.98	2026-01-13 12:31:15.001873
23168	2356	84	1.000	80.00	56.91	80.00	56.91	23.09	2026-01-13 12:31:15.001873
23169	2356	1516	1.000	130.00	86.14	130.00	86.14	43.86	2026-01-13 12:31:15.001873
23170	2356	137	1.000	190.00	109.84	190.00	109.84	80.16	2026-01-13 12:31:15.001873
23171	2356	1520	5.000	90.00	90.18	450.00	450.90	-0.90	2026-01-13 12:31:15.001873
23172	2356	128	2.000	40.00	54.88	80.00	109.76	-29.76	2026-01-13 12:31:15.001873
23173	2356	1543	1.000	120.00	66.39	120.00	66.39	53.61	2026-01-13 12:31:15.001873
20394	2385	1566	2.000	60.00	29.01	120.00	58.02	61.98	2026-01-08 11:58:24.102956
20395	2385	1559	3.000	140.00	116.07	420.00	348.21	71.79	2026-01-08 11:58:24.102956
20396	2385	1561	5.000	70.00	52.54	350.00	262.70	87.30	2026-01-08 11:58:24.102956
20397	2385	372	1.000	65.00	60.25	65.00	60.25	4.75	2026-01-08 11:58:24.102956
20398	2385	372	2.000	70.00	60.25	140.00	120.50	19.50	2026-01-08 11:58:24.102956
20399	2385	364	2.000	100.00	56.15	200.00	112.30	87.70	2026-01-08 11:58:24.102956
20400	2385	1580	1.000	100.00	57.99	100.00	57.99	42.01	2026-01-08 11:58:24.102956
20401	2385	354	1.000	70.00	68.54	70.00	68.54	1.46	2026-01-08 11:58:24.102956
20402	2385	364	1.000	100.00	56.15	100.00	56.15	43.85	2026-01-08 11:58:24.102956
20403	2385	1581	3.000	100.00	70.30	300.00	210.90	89.10	2026-01-08 11:58:24.102956
20404	2385	378	1.000	50.00	44.30	50.00	44.30	5.70	2026-01-08 11:58:24.102956
20405	2385	1578	1.000	90.00	49.60	90.00	49.60	40.40	2026-01-08 11:58:24.102956
20406	2385	1572	1.000	80.00	42.57	80.00	42.57	37.43	2026-01-08 11:58:24.102956
20407	2385	366	1.000	150.00	102.94	150.00	102.94	47.06	2026-01-08 11:58:24.102956
20408	2385	349	1.000	100.00	50.60	100.00	50.60	49.40	2026-01-08 11:58:24.102956
20409	2385	357	1.000	180.00	165.34	180.00	165.34	14.66	2026-01-08 11:58:24.102956
20410	2385	671	1.000	160.00	109.82	160.00	109.82	50.18	2026-01-08 11:58:24.102956
20411	2385	682	1.000	105.00	75.46	105.00	75.46	29.54	2026-01-08 11:58:24.102956
20412	2385	1563	1.000	70.00	43.66	70.00	43.66	26.34	2026-01-08 11:58:24.102956
20413	2385	670	1.000	70.00	60.36	70.00	60.36	9.64	2026-01-08 11:58:24.102956
20414	2385	1567	2.000	100.00	36.25	200.00	72.50	127.50	2026-01-08 11:58:24.102956
20415	2385	678	1.000	100.00	54.09	100.00	54.09	45.91	2026-01-08 11:58:24.102956
20416	2385	371	1.000	140.00	98.78	140.00	98.78	41.22	2026-01-08 11:58:24.102956
20417	2385	531	2.000	60.00	50.57	120.00	101.14	18.86	2026-01-08 11:58:24.102956
20418	2385	2387	1.000	80.00	0.10	80.00	0.10	79.90	2026-01-08 11:58:24.102956
20419	2385	634	1.000	85.00	80.13	85.00	80.13	4.87	2026-01-08 11:58:24.102956
20420	2385	515	1.000	120.00	80.09	120.00	80.09	39.91	2026-01-08 11:58:24.102956
20421	2385	511	1.000	130.00	98.98	130.00	98.98	31.02	2026-01-08 11:58:24.102956
20422	2385	594	1.000	125.00	69.39	125.00	69.39	55.61	2026-01-08 11:58:24.102956
20423	2385	1465	1.000	120.00	109.33	120.00	109.33	10.67	2026-01-08 11:58:24.102956
20424	2385	563	1.000	100.00	55.48	100.00	55.48	44.52	2026-01-08 11:58:24.102956
20425	2385	509	1.000	140.00	128.78	140.00	128.78	11.22	2026-01-08 11:58:24.102956
20426	2385	322	2.000	160.00	123.84	320.00	247.68	72.32	2026-01-08 11:58:24.102956
20427	2385	1980	1.000	100.00	72.93	100.00	72.93	27.07	2026-01-08 11:58:24.102956
20428	2385	1971	1.000	320.00	232.32	320.00	232.32	87.68	2026-01-08 11:58:24.102956
20429	2385	1957	1.000	100.00	87.45	100.00	87.45	12.55	2026-01-08 11:58:24.102956
20430	2385	1967	1.000	130.00	92.46	130.00	92.46	37.54	2026-01-08 11:58:24.102956
20431	2385	316	1.000	65.00	53.92	65.00	53.92	11.08	2026-01-08 11:58:24.102956
20432	2385	305	6.000	75.00	62.44	450.00	374.64	75.36	2026-01-08 11:58:24.102956
20433	2385	650	1.000	60.00	73.29	60.00	73.29	-13.29	2026-01-08 11:58:24.102956
21660	2463	227	2.000	75.00	67.41	150.00	134.82	15.18	2026-01-09 07:50:21.302347
21661	2463	205	2.000	100.00	66.80	200.00	133.60	66.40	2026-01-09 07:50:21.302347
21662	2463	220	1.000	200.00	207.06	200.00	207.06	-7.06	2026-01-09 07:50:21.302347
21663	2463	196	1.000	300.00	252.90	300.00	252.90	47.10	2026-01-09 07:50:21.302347
21664	2463	204	40.000	50.00	66.42	2000.00	2656.80	-656.80	2026-01-09 07:50:21.302347
21665	2463	800	3.000	150.00	121.00	450.00	363.00	87.00	2026-01-09 07:50:21.302347
21666	2463	396	2.000	50.00	60.89	100.00	121.78	-21.78	2026-01-09 07:50:21.302347
21667	2463	775	1.000	130.00	131.67	130.00	131.67	-1.67	2026-01-09 07:50:21.302347
21668	2463	273	1.000	70.00	50.29	70.00	50.29	19.71	2026-01-09 07:50:21.302347
21669	2463	810	1.000	75.00	54.11	75.00	54.11	20.89	2026-01-09 07:50:21.302347
21670	2463	1871	1.000	100.00	62.49	100.00	62.49	37.51	2026-01-09 07:50:21.302347
21671	2463	1872	1.000	110.00	68.69	110.00	68.69	41.31	2026-01-09 07:50:21.302347
21672	2463	601	4.000	80.00	83.90	320.00	335.60	-15.60	2026-01-09 07:50:21.302347
21673	2463	823	3.000	100.00	99.25	300.00	297.75	2.25	2026-01-09 07:50:21.302347
21674	2463	822	1.000	120.00	94.25	120.00	94.25	25.75	2026-01-09 07:50:21.302347
21675	2463	835	1.000	50.00	60.07	50.00	60.07	-10.07	2026-01-09 07:50:21.302347
21676	2463	531	3.000	60.00	50.65	180.00	151.95	28.05	2026-01-09 07:50:21.302347
21677	2463	715	1.000	70.00	90.25	70.00	90.25	-20.25	2026-01-09 07:50:21.302347
21678	2463	475	1.000	160.00	155.30	160.00	155.30	4.70	2026-01-09 07:50:21.302347
21679	2463	869	2.000	185.00	178.69	370.00	357.38	12.62	2026-01-09 07:50:21.302347
21680	2463	71	3.000	60.00	46.66	180.00	139.98	40.02	2026-01-09 07:50:21.302347
21681	2463	125	2.000	60.00	52.46	120.00	104.92	15.08	2026-01-09 07:50:21.302347
21682	2463	85	1.000	90.00	75.13	90.00	75.13	14.87	2026-01-09 07:50:21.302347
21683	2463	85	4.000	100.00	75.13	400.00	300.52	99.48	2026-01-09 07:50:21.302347
21684	2463	700	4.000	100.00	70.16	400.00	280.64	119.36	2026-01-09 07:50:21.302347
21685	2463	114	5.000	140.00	101.50	700.00	507.50	192.50	2026-01-09 07:50:21.302347
21686	2463	123	1.000	100.00	60.04	100.00	60.04	39.96	2026-01-09 07:50:21.302347
21687	2463	74	1.000	140.00	80.71	140.00	80.71	59.29	2026-01-09 07:50:21.302347
21688	2463	151	1.000	120.00	100.68	120.00	100.68	19.32	2026-01-09 07:50:21.302347
21689	2463	103	2.000	90.00	59.75	180.00	119.50	60.50	2026-01-09 07:50:21.302347
21690	2463	112	2.000	170.00	104.11	340.00	208.22	131.78	2026-01-09 07:50:21.302347
21691	2463	139	2.000	230.00	114.22	460.00	228.44	231.56	2026-01-09 07:50:21.302347
21692	2463	102	1.000	140.00	99.84	140.00	99.84	40.16	2026-01-09 07:50:21.302347
21693	2463	113	1.000	100.00	69.45	100.00	69.45	30.55	2026-01-09 07:50:21.302347
21694	2463	76	1.000	130.00	89.87	130.00	89.87	40.13	2026-01-09 07:50:21.302347
21695	2463	144	1.000	200.00	95.09	200.00	95.09	104.91	2026-01-09 07:50:21.302347
21696	2463	705	1.000	240.00	164.56	240.00	164.56	75.44	2026-01-09 07:50:21.302347
21697	2463	1538	1.000	80.00	75.37	80.00	75.37	4.63	2026-01-09 07:50:21.302347
21698	2463	58	1.000	125.00	80.15	125.00	80.15	44.85	2026-01-09 07:50:21.302347
21699	2463	107	1.000	90.00	75.12	90.00	75.12	14.88	2026-01-09 07:50:21.302347
21700	2463	92	1.000	200.00	150.02	200.00	150.02	49.98	2026-01-09 07:50:21.302347
21701	2463	100	1.000	220.00	156.78	220.00	156.78	63.22	2026-01-09 07:50:21.302347
21702	2463	1602	5.000	120.00	71.68	600.00	358.40	241.60	2026-01-09 07:50:21.302347
21703	2463	1591	5.000	80.00	65.93	400.00	329.65	70.35	2026-01-09 07:50:21.302347
21704	2463	1591	1.000	90.00	65.93	90.00	65.93	24.07	2026-01-09 07:50:21.302347
21705	2463	724	4.000	75.00	56.08	300.00	224.32	75.68	2026-01-09 07:50:21.302347
21706	2463	720	2.000	90.00	71.46	180.00	142.92	37.08	2026-01-09 07:50:21.302347
21707	2463	1638	2.000	140.00	86.16	280.00	172.32	107.68	2026-01-09 07:50:21.302347
21708	2463	158	2.000	65.00	66.03	130.00	132.06	-2.06	2026-01-09 07:50:21.302347
21709	2463	158	2.000	70.00	66.03	140.00	132.06	7.94	2026-01-09 07:50:21.302347
21710	2463	176	1.000	60.00	56.17	60.00	56.17	3.83	2026-01-09 07:50:21.302347
21711	2463	176	1.000	70.00	56.17	70.00	56.17	13.83	2026-01-09 07:50:21.302347
21712	2463	176	1.000	75.00	56.17	75.00	56.17	18.83	2026-01-09 07:50:21.302347
21713	2463	157	1.000	70.00	51.19	70.00	51.19	18.81	2026-01-09 07:50:21.302347
21714	2463	157	1.000	75.00	51.19	75.00	51.19	23.81	2026-01-09 07:50:21.302347
21715	2463	1614	1.000	120.00	98.18	120.00	98.18	21.82	2026-01-09 07:50:21.302347
21716	2463	732	1.000	200.00	121.24	200.00	121.24	78.76	2026-01-09 07:50:21.302347
20434	2386	1842	1.000	60.00	60.01	60.00	60.01	-0.01	2026-01-08 11:59:30.005637
20435	2386	245	1.000	70.00	64.76	70.00	64.76	5.24	2026-01-08 11:59:30.005637
20436	2386	266	1.000	130.00	39.44	130.00	39.44	90.56	2026-01-08 11:59:30.005637
20437	2386	1872	1.000	110.00	68.69	110.00	68.69	41.31	2026-01-08 11:59:30.005637
20438	2386	1881	1.000	160.00	148.98	160.00	148.98	11.02	2026-01-08 11:59:30.005637
20439	2386	794	1.000	50.00	71.65	50.00	71.65	-21.65	2026-01-08 11:59:30.005637
20440	2386	800	1.000	170.00	121.00	170.00	121.00	49.00	2026-01-08 11:59:30.005637
20441	2386	183	1.000	160.00	130.96	160.00	130.96	29.04	2026-01-08 11:59:30.005637
20442	2386	826	2.000	50.00	83.95	100.00	167.90	-67.90	2026-01-08 11:59:30.005637
20443	2386	831	3.000	120.00	114.24	360.00	342.72	17.28	2026-01-08 11:59:30.005637
20444	2386	829	2.000	50.00	69.22	100.00	138.44	-38.44	2026-01-08 11:59:30.005637
20445	2386	834	1.000	50.00	57.22	50.00	57.22	-7.22	2026-01-08 11:59:30.005637
20446	2386	531	3.000	60.00	50.65	180.00	151.95	28.05	2026-01-08 11:59:30.005637
20447	2386	196	2.000	300.00	252.90	600.00	505.80	94.20	2026-01-08 11:59:30.005637
20448	2386	234	1.000	50.00	50.70	50.00	50.70	-0.70	2026-01-08 11:59:30.005637
20449	2386	761	1.000	170.00	145.83	170.00	145.83	24.17	2026-01-08 11:59:30.005637
20450	2386	724	11.000	75.00	56.08	825.00	616.88	208.12	2026-01-08 11:59:30.005637
20451	2386	720	2.000	90.00	71.46	180.00	142.92	37.08	2026-01-08 11:59:30.005637
20452	2386	1593	1.000	135.00	111.88	135.00	111.88	23.12	2026-01-08 11:59:30.005637
20453	2386	1593	1.000	140.00	111.88	140.00	111.88	28.12	2026-01-08 11:59:30.005637
20454	2386	1628	4.000	95.00	66.01	380.00	264.04	115.96	2026-01-08 11:59:30.005637
20455	2386	1628	1.000	100.00	66.01	100.00	66.01	33.99	2026-01-08 11:59:30.005637
20456	2386	1660	2.000	110.00	81.04	220.00	162.08	57.92	2026-01-08 11:59:30.005637
20457	2386	1602	2.000	120.00	71.68	240.00	143.36	96.64	2026-01-08 11:59:30.005637
20458	2386	1651	2.000	80.00	71.10	160.00	142.20	17.80	2026-01-08 11:59:30.005637
20459	2386	1638	2.000	140.00	86.16	280.00	172.32	107.68	2026-01-08 11:59:30.005637
20460	2386	1636	2.000	290.00	142.95	580.00	285.90	294.10	2026-01-08 11:59:30.005637
20461	2386	1591	1.000	90.00	65.93	90.00	65.93	24.07	2026-01-08 11:59:30.005637
20462	2386	265	1.000	75.00	48.63	75.00	48.63	26.37	2026-01-08 11:59:30.005637
20463	2386	1640	1.000	340.00	230.99	340.00	230.99	109.01	2026-01-08 11:59:30.005637
20464	2386	736	1.000	240.00	165.94	240.00	165.94	74.06	2026-01-08 11:59:30.005637
20465	2386	1605	1.000	200.00	137.43	200.00	137.43	62.57	2026-01-08 11:59:30.005637
20466	2386	1661	1.000	180.00	140.91	180.00	140.91	39.09	2026-01-08 11:59:30.005637
20467	2386	1610	1.000	75.00	61.51	75.00	61.51	13.49	2026-01-08 11:59:30.005637
20468	2386	1600	1.000	105.00	111.28	105.00	111.28	-6.28	2026-01-08 11:59:30.005637
20469	2386	93	1.000	280.00	152.27	280.00	152.27	127.73	2026-01-08 11:59:30.005637
20470	2386	93	1.000	285.00	152.27	285.00	152.27	132.73	2026-01-08 11:59:30.005637
20471	2386	58	2.000	125.00	80.15	250.00	160.30	89.70	2026-01-08 11:59:30.005637
20472	2386	107	4.000	90.00	75.12	360.00	300.48	59.52	2026-01-08 11:59:30.005637
20473	2386	63	2.000	60.00	44.71	120.00	89.42	30.58	2026-01-08 11:59:30.005637
20474	2386	151	2.000	120.00	100.68	240.00	201.36	38.64	2026-01-08 11:59:30.005637
20475	2386	151	1.000	130.00	100.68	130.00	100.68	29.32	2026-01-08 11:59:30.005637
20476	2386	71	3.000	60.00	46.66	180.00	139.98	40.02	2026-01-08 11:59:30.005637
20477	2386	122	2.000	60.00	69.98	120.00	139.96	-19.96	2026-01-08 11:59:30.005637
20478	2386	54	2.000	90.00	74.83	180.00	149.66	30.34	2026-01-08 11:59:30.005637
20479	2386	85	5.000	100.00	75.13	500.00	375.65	124.35	2026-01-08 11:59:30.005637
20480	2386	139	2.000	230.00	114.22	460.00	228.44	231.56	2026-01-08 11:59:30.005637
20481	2386	96	4.000	200.00	179.53	800.00	718.12	81.88	2026-01-08 11:59:30.005637
20482	2386	700	3.000	100.00	70.16	300.00	210.48	89.52	2026-01-08 11:59:30.005637
20483	2386	705	1.000	240.00	164.56	240.00	164.56	75.44	2026-01-08 11:59:30.005637
20484	2386	94	1.000	140.00	97.86	140.00	97.86	42.14	2026-01-08 11:59:30.005637
20485	2386	67	1.000	75.00	71.06	75.00	71.06	3.94	2026-01-08 11:59:30.005637
20486	2386	52	1.000	100.00	62.70	100.00	62.70	37.30	2026-01-08 11:59:30.005637
20487	2386	117	2.000	190.00	141.69	380.00	283.38	96.62	2026-01-08 11:59:30.005637
20488	2386	92	1.000	200.00	150.02	200.00	150.02	49.98	2026-01-08 11:59:30.005637
20489	2386	76	2.000	140.00	89.87	280.00	179.74	100.26	2026-01-08 11:59:30.005637
20490	2386	117	1.000	200.00	141.69	200.00	141.69	58.31	2026-01-08 11:59:30.005637
21717	2463	1664	1.000	100.00	70.25	100.00	70.25	29.75	2026-01-09 07:50:21.302347
21718	2463	1656	1.000	130.00	126.47	130.00	126.47	3.53	2026-01-09 07:50:21.302347
21719	2463	1628	1.000	90.00	66.01	90.00	66.01	23.99	2026-01-09 07:50:21.302347
21720	2463	1634	1.000	100.00	49.02	100.00	49.02	50.98	2026-01-09 07:50:21.302347
21721	2463	1639	1.000	170.00	105.98	170.00	105.98	64.02	2026-01-09 07:50:21.302347
21722	2463	719	1.000	100.00	75.89	100.00	75.89	24.11	2026-01-09 07:50:21.302347
21723	2463	1635	1.000	190.00	143.08	190.00	143.08	46.92	2026-01-09 07:50:21.302347
23174	2605	61	5.000	350.00	245.22	1750.00	1226.10	523.90	2026-01-13 12:49:18.141675
23175	2605	1521	2.000	210.00	155.22	420.00	310.44	109.56	2026-01-13 12:49:18.141675
23176	2605	1521	6.000	205.00	155.22	1230.00	931.32	298.68	2026-01-13 12:49:18.141675
23177	2605	1521	2.000	200.00	155.22	400.00	310.44	89.56	2026-01-13 12:49:18.141675
23178	2605	62	7.000	130.00	78.98	910.00	552.86	357.14	2026-01-13 12:49:18.141675
23179	2605	62	2.000	125.00	78.98	250.00	157.96	92.04	2026-01-13 12:49:18.141675
23180	2605	1541	1.000	100.00	78.71	100.00	78.71	21.29	2026-01-13 12:49:18.141675
23181	2605	63	15.000	60.00	46.16	900.00	692.40	207.60	2026-01-13 12:49:18.141675
23182	2605	93	1.000	280.00	153.68	280.00	153.68	126.32	2026-01-13 12:49:18.141675
23183	2605	94	1.000	140.00	100.33	140.00	100.33	39.67	2026-01-13 12:49:18.141675
23184	2605	94	5.000	135.00	100.33	675.00	501.65	173.35	2026-01-13 12:49:18.141675
23185	2605	104	1.000	190.00	169.41	190.00	169.41	20.59	2026-01-13 12:49:18.141675
23186	2605	97	1.000	210.00	153.82	210.00	153.82	56.18	2026-01-13 12:49:18.141675
23187	2605	92	2.000	200.00	151.35	400.00	302.70	97.30	2026-01-13 12:49:18.141675
23188	2605	92	4.000	190.00	151.35	760.00	605.40	154.60	2026-01-13 12:49:18.141675
23189	2605	96	1.000	180.00	183.02	180.00	183.02	-3.02	2026-01-13 12:49:18.141675
23190	2605	98	4.000	90.00	72.79	360.00	291.16	68.84	2026-01-13 12:49:18.141675
23191	2605	112	2.000	160.00	107.52	320.00	215.04	104.96	2026-01-13 12:49:18.141675
23192	2605	114	4.000	130.00	105.00	520.00	420.00	100.00	2026-01-13 12:49:18.141675
23193	2605	122	1.000	50.00	71.96	50.00	71.96	-21.96	2026-01-13 12:49:18.141675
23194	2605	129	1.000	290.00	147.22	290.00	147.22	142.78	2026-01-13 12:49:18.141675
23195	2605	130	2.000	135.00	87.69	270.00	175.38	94.62	2026-01-13 12:49:18.141675
23196	2605	1543	2.000	120.00	66.39	240.00	132.78	107.22	2026-01-13 12:49:18.141675
23197	2605	1545	1.000	90.00	80.41	90.00	80.41	9.59	2026-01-13 12:49:18.141675
23198	2605	109	2.000	105.00	85.52	210.00	171.04	38.96	2026-01-13 12:49:18.141675
23199	2605	109	1.000	110.00	85.52	110.00	85.52	24.48	2026-01-13 12:49:18.141675
23200	2605	1533	3.000	100.00	95.02	300.00	285.06	14.94	2026-01-13 12:49:18.141675
23201	2605	1522	1.000	65.00	50.19	65.00	50.19	14.81	2026-01-13 12:49:18.141675
23202	2605	71	2.000	50.00	46.30	100.00	92.60	7.40	2026-01-13 12:49:18.141675
23203	2605	135	1.000	180.00	155.21	180.00	155.21	24.79	2026-01-13 12:49:18.141675
23204	2605	1547	1.000	100.00	82.37	100.00	82.37	17.63	2026-01-13 12:49:18.141675
23205	2605	85	2.000	100.00	78.25	200.00	156.50	43.50	2026-01-13 12:49:18.141675
23206	2605	85	2.000	95.00	78.25	190.00	156.50	33.50	2026-01-13 12:49:18.141675
20491	2392	6231	1.000	70.00	66.75	70.00	66.75	3.25	2026-01-08 12:06:01.105737
20492	2392	6232	10.000	40.00	23.85	400.00	238.50	161.50	2026-01-08 12:06:01.105737
20493	2392	6281	10.000	85.00	65.01	850.00	650.10	199.90	2026-01-08 12:06:01.105737
20494	2392	6282	4.000	65.00	31.77	260.00	127.08	132.92	2026-01-08 12:06:01.105737
20495	2392	6284	1.000	70.00	39.81	70.00	39.81	30.19	2026-01-08 12:06:01.105737
20496	2392	6249	1.000	65.00	47.86	65.00	47.86	17.14	2026-01-08 12:06:01.105737
20497	2392	6240	1.000	280.00	220.98	280.00	220.98	59.02	2026-01-08 12:06:01.105737
20498	2392	6239	1.000	440.00	361.34	440.00	361.34	78.66	2026-01-08 12:06:01.105737
20499	2392	6250	1.000	160.00	134.98	160.00	134.98	25.02	2026-01-08 12:06:01.105737
20500	2392	6248	4.000	100.00	75.19	400.00	300.76	99.24	2026-01-08 12:06:01.105737
20501	2392	6254	1.000	70.00	43.08	70.00	43.08	26.92	2026-01-08 12:06:01.105737
20502	2392	6256	2.000	340.00	275.21	680.00	550.42	129.58	2026-01-08 12:06:01.105737
20503	2392	6257	1.000	210.00	168.84	210.00	168.84	41.16	2026-01-08 12:06:01.105737
20504	2392	6258	3.000	140.00	100.34	420.00	301.02	118.98	2026-01-08 12:06:01.105737
20505	2392	6259	3.000	70.00	49.34	210.00	148.02	61.98	2026-01-08 12:06:01.105737
20506	2392	6259	30.000	60.00	49.34	1800.00	1480.20	319.80	2026-01-08 12:06:01.105737
20507	2392	6262	1.000	100.00	57.17	100.00	57.17	42.83	2026-01-08 12:06:01.105737
20508	2392	6272	2.000	120.00	100.32	240.00	200.64	39.36	2026-01-08 12:06:01.105737
20509	2392	6276	4.000	105.00	81.67	420.00	326.68	93.32	2026-01-08 12:06:01.105737
20510	2392	6266	1.000	70.00	50.47	70.00	50.47	19.53	2026-01-08 12:06:01.105737
20511	2392	6264	1.000	100.00	71.93	100.00	71.93	28.07	2026-01-08 12:06:01.105737
20512	2392	6269	1.000	115.00	59.77	115.00	59.77	55.23	2026-01-08 12:06:01.105737
20513	2392	6274	1.000	200.00	154.20	200.00	154.20	45.80	2026-01-08 12:06:01.105737
20514	2392	6230	3.000	180.00	124.93	540.00	374.79	165.21	2026-01-08 12:06:01.105737
20515	2392	6229	3.000	280.00	174.87	840.00	524.61	315.39	2026-01-08 12:06:01.105737
20516	2392	6271	2.000	270.00	225.08	540.00	450.16	89.84	2026-01-08 12:06:01.105737
20517	2392	6243	2.000	140.00	72.59	280.00	145.18	134.82	2026-01-08 12:06:01.105737
20518	2392	6244	5.000	65.00	38.08	325.00	190.40	134.60	2026-01-08 12:06:01.105737
20519	2392	6252	1.000	80.00	25.37	80.00	25.37	54.63	2026-01-08 12:06:01.105737
20520	2392	6278	1.000	200.00	129.17	200.00	129.17	70.83	2026-01-08 12:06:01.105737
20521	2392	6270	1.000	340.00	344.28	340.00	344.28	-4.28	2026-01-08 12:06:01.105737
20522	2392	6249	1.000	65.00	47.86	65.00	47.86	17.14	2026-01-08 12:06:01.105737
20523	2392	6269	2.000	115.00	59.77	230.00	119.54	110.46	2026-01-08 12:06:01.105737
20524	2392	6257	2.000	210.00	168.84	420.00	337.68	82.32	2026-01-08 12:06:01.105737
21724	2471	6231	10.000	70.00	66.75	700.00	667.50	32.50	2026-01-09 07:59:11.218223
21725	2471	6232	13.000	40.00	23.85	520.00	310.05	209.95	2026-01-09 07:59:11.218223
21726	2471	6282	1.000	65.00	31.77	65.00	31.77	33.23	2026-01-09 07:59:11.218223
21727	2471	6244	1.000	70.00	38.08	70.00	38.08	31.92	2026-01-09 07:59:11.218223
21728	2471	6244	1.000	65.00	38.08	65.00	38.08	26.92	2026-01-09 07:59:11.218223
21729	2471	6262	1.000	100.00	57.17	100.00	57.17	42.83	2026-01-09 07:59:11.218223
21730	2471	6259	1.000	70.00	49.34	70.00	49.34	20.66	2026-01-09 07:59:11.218223
21731	2471	6249	1.000	70.00	47.86	70.00	47.86	22.14	2026-01-09 07:59:11.218223
21732	2471	6268	1.000	170.00	106.65	170.00	106.65	63.35	2026-01-09 07:59:11.218223
21733	2471	6269	2.000	115.00	59.77	230.00	119.54	110.46	2026-01-09 07:59:11.218223
21734	2471	6276	19.000	100.00	81.67	1900.00	1551.73	348.27	2026-01-09 07:59:11.218223
21735	2471	6276	2.000	95.00	81.67	190.00	163.34	26.66	2026-01-09 07:59:11.218223
21736	2471	6247	1.000	65.00	42.54	65.00	42.54	22.46	2026-01-09 07:59:11.218223
21737	2471	6251	1.000	140.00	84.87	140.00	84.87	55.13	2026-01-09 07:59:11.218223
21738	2471	6228	2.000	160.00	98.16	320.00	196.32	123.68	2026-01-09 07:59:11.218223
21739	2471	6247	1.000	60.00	42.54	60.00	42.54	17.46	2026-01-09 07:59:11.218223
23207	2605	54	3.000	85.00	77.79	255.00	233.37	21.63	2026-01-13 12:49:18.141675
23208	2605	700	1.000	100.00	73.86	100.00	73.86	26.14	2026-01-13 12:49:18.141675
23209	2605	125	2.000	60.00	54.09	120.00	108.18	11.82	2026-01-13 12:49:18.141675
23210	2605	115	1.000	65.00	48.91	65.00	48.91	16.09	2026-01-13 12:49:18.141675
23211	2605	137	1.000	190.00	111.24	190.00	111.24	78.76	2026-01-13 12:49:18.141675
23212	2605	128	4.000	40.00	57.11	160.00	228.44	-68.44	2026-01-13 12:49:18.141675
23213	2605	62	3.000	130.00	78.98	390.00	236.94	153.06	2026-01-13 12:49:18.141675
23214	2605	54	1.000	90.00	77.79	90.00	77.79	12.21	2026-01-13 12:49:18.141675
23215	2605	109	2.000	110.00	85.52	220.00	171.04	48.96	2026-01-13 12:49:18.141675
23216	2605	1544	1.000	200.00	125.08	200.00	125.08	74.92	2026-01-13 12:49:18.141675
23217	2605	1533	1.000	100.00	95.02	100.00	95.02	4.98	2026-01-13 12:49:18.141675
20525	2393	6232	7.000	45.00	23.99	315.00	167.93	147.07	2026-01-08 12:06:29.196767
21740	2472	6282	2.000	65.00	32.00	130.00	64.00	66.00	2026-01-09 07:59:43.496354
21741	2472	6248	2.000	100.00	75.55	200.00	151.10	48.90	2026-01-09 07:59:43.499904
23218	2606	6232	3.000	45.00	25.62	135.00	76.86	58.14	2026-01-13 12:55:54.888814
23219	2606	6249	14.000	70.00	47.86	980.00	670.04	309.96	2026-01-13 12:55:54.891832
23220	2606	6231	1.000	70.00	66.75	70.00	66.75	3.25	2026-01-13 12:55:54.894347
23221	2606	6266	1.000	75.00	50.47	75.00	50.47	24.53	2026-01-13 12:55:54.896778
20526	2400	61	18.000	350.00	244.75	6300.00	4405.50	1894.50	2026-01-08 12:39:25.540454
20527	2400	1521	17.000	210.00	154.75	3570.00	2630.75	939.25	2026-01-08 12:39:25.540454
20528	2400	1521	2.000	205.00	154.75	410.00	309.50	100.50	2026-01-08 12:39:25.540454
20529	2400	1521	9.000	200.00	154.75	1800.00	1392.75	407.25	2026-01-08 12:39:25.540454
20530	2400	62	12.000	130.00	76.95	1560.00	923.40	636.60	2026-01-08 12:39:25.540454
20531	2400	62	4.000	125.00	76.95	500.00	307.80	192.20	2026-01-08 12:39:25.540454
20532	2400	65	1.000	115.00	75.83	115.00	75.83	39.17	2026-01-08 12:39:25.540454
20533	2400	1541	1.000	100.00	77.05	100.00	77.05	22.95	2026-01-08 12:39:25.540454
20534	2400	63	26.000	60.00	45.57	1560.00	1184.82	375.18	2026-01-08 12:39:25.540454
20535	2400	63	1.000	55.00	45.57	55.00	45.57	9.43	2026-01-08 12:39:25.540454
20536	2400	95	1.000	470.00	371.11	470.00	371.11	98.89	2026-01-08 12:39:25.540454
20537	2400	93	5.000	290.00	152.86	1450.00	764.30	685.70	2026-01-08 12:39:25.540454
20538	2400	94	6.000	135.00	99.02	810.00	594.12	215.88	2026-01-08 12:39:25.540454
20539	2400	94	2.000	130.00	99.02	260.00	198.04	61.96	2026-01-08 12:39:25.540454
20540	2400	94	1.000	90.00	99.02	90.00	99.02	-9.02	2026-01-08 12:39:25.540454
20541	2400	139	2.000	230.00	118.38	460.00	236.76	223.24	2026-01-08 12:39:25.540454
20542	2400	102	1.000	140.00	100.81	140.00	100.81	39.19	2026-01-08 12:39:25.540454
20543	2400	102	3.000	135.00	100.81	405.00	302.43	102.57	2026-01-08 12:39:25.540454
20544	2400	103	2.000	85.00	61.16	170.00	122.32	47.68	2026-01-08 12:39:25.540454
20545	2400	97	10.000	210.00	151.77	2100.00	1517.70	582.30	2026-01-08 12:39:25.540454
20546	2400	1531	1.000	120.00	89.55	120.00	89.55	30.45	2026-01-08 12:39:25.540454
20547	2400	1527	1.000	230.00	164.75	230.00	164.75	65.25	2026-01-08 12:39:25.540454
20548	2400	100	1.000	215.00	158.02	215.00	158.02	56.98	2026-01-08 12:39:25.540454
20549	2400	92	5.000	190.00	150.27	950.00	751.35	198.65	2026-01-08 12:39:25.540454
20550	2400	91	1.000	25.00	56.99	25.00	56.99	-31.99	2026-01-08 12:39:25.540454
20551	2400	96	1.000	190.00	180.10	190.00	180.10	9.90	2026-01-08 12:39:25.540454
20552	2400	1529	2.000	170.00	144.75	340.00	289.50	50.50	2026-01-08 12:39:25.540454
20553	2400	98	12.000	90.00	71.13	1080.00	853.56	226.44	2026-01-08 12:39:25.540454
20554	2400	98	3.000	85.00	71.13	255.00	213.39	41.61	2026-01-08 12:39:25.540454
20555	2400	1528	1.000	130.00	74.75	130.00	74.75	55.25	2026-01-08 12:39:25.540454
20556	2400	108	4.000	150.00	114.75	600.00	459.00	141.00	2026-01-08 12:39:25.540454
20557	2400	1532	23.000	90.00	55.41	2070.00	1274.43	795.57	2026-01-08 12:39:25.540454
20558	2400	1532	1.000	55.00	55.41	55.00	55.41	-0.41	2026-01-08 12:39:25.540454
20559	2400	89	1.000	90.00	111.65	90.00	111.65	-21.65	2026-01-08 12:39:25.540454
20560	2400	111	1.000	320.00	232.20	320.00	232.20	87.80	2026-01-08 12:39:25.540454
20561	2400	112	4.000	160.00	106.07	640.00	424.28	215.72	2026-01-08 12:39:25.540454
20562	2400	1538	1.000	80.00	76.19	80.00	76.19	3.81	2026-01-08 12:39:25.540454
20563	2400	1540	1.000	130.00	79.55	130.00	79.55	50.45	2026-01-08 12:39:25.540454
20564	2400	1540	2.000	125.00	79.55	250.00	159.10	90.90	2026-01-08 12:39:25.540454
20565	2400	705	3.000	235.00	168.08	705.00	504.24	200.76	2026-01-08 12:39:25.540454
20566	2400	705	4.000	230.00	168.08	920.00	672.32	247.68	2026-01-08 12:39:25.540454
20567	2400	114	10.000	130.00	103.44	1300.00	1034.40	265.60	2026-01-08 12:39:25.540454
20568	2400	118	1.000	90.00	70.91	90.00	70.91	19.09	2026-01-08 12:39:25.540454
20569	2400	118	3.000	85.00	70.91	255.00	212.73	42.27	2026-01-08 12:39:25.540454
20570	2400	129	3.000	300.00	145.87	900.00	437.61	462.39	2026-01-08 12:39:25.540454
20571	2400	129	2.000	290.00	145.87	580.00	291.74	288.26	2026-01-08 12:39:25.540454
20572	2400	130	3.000	135.00	86.45	405.00	259.35	145.65	2026-01-08 12:39:25.540454
20573	2400	1543	3.000	120.00	72.22	360.00	216.66	143.34	2026-01-08 12:39:25.540454
20574	2400	1543	1.000	115.00	72.22	115.00	72.22	42.78	2026-01-08 12:39:25.540454
20575	2400	1545	2.000	90.00	79.95	180.00	159.90	20.10	2026-01-08 12:39:25.540454
20576	2400	1537	4.000	100.00	89.55	400.00	358.20	41.80	2026-01-08 12:39:25.540454
20577	2400	1535	2.000	270.00	156.20	540.00	312.40	227.60	2026-01-08 12:39:25.540454
20578	2400	109	6.000	110.00	84.82	660.00	508.92	151.08	2026-01-08 12:39:25.540454
20579	2400	50	3.000	80.00	57.19	240.00	171.57	68.43	2026-01-08 12:39:25.540454
20580	2400	113	2.000	100.00	70.61	200.00	141.22	58.78	2026-01-08 12:39:25.540454
20581	2400	113	1.000	95.00	70.61	95.00	70.61	24.39	2026-01-08 12:39:25.540454
20582	2400	124	2.000	85.00	75.98	170.00	151.96	18.04	2026-01-08 12:39:25.540454
20583	2400	1548	2.000	230.00	176.75	460.00	353.50	106.50	2026-01-08 12:39:25.540454
20584	2400	133	3.000	160.00	133.24	480.00	399.72	80.28	2026-01-08 12:39:25.540454
20585	2400	134	4.000	100.00	87.75	400.00	351.00	49.00	2026-01-08 12:39:25.540454
20586	2400	60	1.000	130.00	110.33	130.00	110.33	19.67	2026-01-08 12:39:25.540454
20587	2400	56	1.000	120.00	102.75	120.00	102.75	17.25	2026-01-08 12:39:25.540454
20588	2400	58	4.000	120.00	80.80	480.00	323.20	156.80	2026-01-08 12:39:25.540454
20589	2400	700	2.000	100.00	71.92	200.00	143.84	56.16	2026-01-08 12:39:25.540454
20590	2400	52	1.000	100.00	60.68	100.00	60.68	39.32	2026-01-08 12:39:25.540454
20591	2400	54	2.000	85.00	76.66	170.00	153.32	16.68	2026-01-08 12:39:25.540454
20592	2400	68	1.000	150.00	134.75	150.00	134.75	15.25	2026-01-08 12:39:25.540454
20593	2400	71	14.000	50.00	45.93	700.00	643.02	56.98	2026-01-08 12:39:25.540454
20594	2400	1518	1.000	320.00	174.75	320.00	174.75	145.25	2026-01-08 12:39:25.540454
20595	2400	1550	3.000	170.00	140.14	510.00	420.42	89.58	2026-01-08 12:39:25.540454
20596	2400	142	2.000	120.00	85.36	240.00	170.72	69.28	2026-01-08 12:39:25.540454
20597	2400	149	3.000	100.00	81.46	300.00	244.38	55.62	2026-01-08 12:39:25.540454
20598	2400	85	2.000	100.00	76.51	200.00	153.02	46.98	2026-01-08 12:39:25.540454
20599	2400	85	1.000	95.00	76.51	95.00	76.51	18.49	2026-01-08 12:39:25.540454
20600	2400	1547	1.000	100.00	81.18	100.00	81.18	18.82	2026-01-08 12:39:25.540454
20601	2400	74	1.000	120.00	82.01	120.00	82.01	37.99	2026-01-08 12:39:25.540454
20602	2400	138	1.000	120.00	110.37	120.00	110.37	9.63	2026-01-08 12:39:25.540454
20603	2400	138	1.000	110.00	110.37	110.00	110.37	-0.37	2026-01-08 12:39:25.540454
20604	2400	125	2.000	65.00	53.33	130.00	106.66	23.34	2026-01-08 12:39:25.540454
20605	2400	125	2.000	60.00	53.33	120.00	106.66	13.34	2026-01-08 12:39:25.540454
20606	2400	76	2.000	130.00	90.67	260.00	181.34	78.66	2026-01-08 12:39:25.540454
20607	2400	141	1.000	60.00	44.37	60.00	44.37	15.63	2026-01-08 12:39:25.540454
20608	2400	708	1.000	170.00	130.54	170.00	130.54	39.46	2026-01-08 12:39:25.540454
20609	2400	79	1.000	170.00	66.25	170.00	66.25	103.75	2026-01-08 12:39:25.540454
20610	2400	79	1.000	160.00	66.25	160.00	66.25	93.75	2026-01-08 12:39:25.540454
20611	2400	87	6.000	100.00	70.05	600.00	420.30	179.70	2026-01-08 12:39:25.540454
20612	2400	69	1.000	85.00	74.75	85.00	74.75	10.25	2026-01-08 12:39:25.540454
20613	2400	105	2.000	95.00	86.98	190.00	173.96	16.04	2026-01-08 12:39:25.540454
20614	2400	702	2.000	110.00	95.54	220.00	191.08	28.92	2026-01-08 12:39:25.540454
20615	2400	1520	5.000	95.00	94.75	475.00	473.75	1.25	2026-01-08 12:39:25.540454
20616	2400	126	2.000	190.00	135.34	380.00	270.68	109.32	2026-01-08 12:39:25.540454
20617	2400	127	3.000	80.00	80.06	240.00	240.18	-0.18	2026-01-08 12:39:25.540454
20618	2400	128	7.000	40.00	55.73	280.00	390.11	-110.11	2026-01-08 12:39:25.540454
21742	2473	6232	3.000	45.00	23.99	135.00	71.97	63.03	2026-01-09 08:00:28.492893
21743	2473	6232	1.000	50.00	23.99	50.00	23.99	26.01	2026-01-09 08:00:28.495436
21744	2473	6236	1.000	80.00	58.04	80.00	58.04	21.96	2026-01-09 08:00:28.497756
23222	2607	531	2.000	60.00	50.65	120.00	101.30	18.70	2026-01-13 13:27:34.461869
20619	2401	157	3.000	70.00	52.68	210.00	158.04	51.96	2026-01-08 12:40:45.471735
20620	2401	1620	1.000	300.00	155.28	300.00	155.28	144.72	2026-01-08 12:40:45.471735
20621	2401	1667	2.000	180.00	94.84	360.00	189.68	170.32	2026-01-08 12:40:45.471735
20622	2401	1594	1.000	120.00	91.53	120.00	91.53	28.47	2026-01-08 12:40:45.471735
20623	2401	174	6.000	180.00	165.28	1080.00	991.68	88.32	2026-01-08 12:40:45.471735
20624	2401	722	38.000	50.00	48.07	1900.00	1826.66	73.34	2026-01-08 12:40:45.471735
20625	2401	1602	1.000	100.00	75.28	100.00	75.28	24.72	2026-01-08 12:40:45.471735
20626	2401	1605	4.000	200.00	145.28	800.00	581.12	218.88	2026-01-08 12:40:45.471735
20627	2401	163	3.000	320.00	235.06	960.00	705.18	254.82	2026-01-08 12:40:45.471735
20628	2401	1647	2.000	120.00	90.28	240.00	180.56	59.44	2026-01-08 12:40:45.471735
20629	2401	730	2.000	240.00	157.28	480.00	314.56	165.44	2026-01-08 12:40:45.471735
20630	2401	730	2.000	235.00	157.28	470.00	314.56	155.44	2026-01-08 12:40:45.471735
20631	2401	727	1.000	250.00	155.28	250.00	155.28	94.72	2026-01-08 12:40:45.471735
20632	2401	1657	1.000	80.00	50.28	80.00	50.28	29.72	2026-01-08 12:40:45.471735
20633	2401	1616	1.000	75.00	73.99	75.00	73.99	1.01	2026-01-08 12:40:45.471735
20634	2401	1616	1.000	70.00	73.99	70.00	73.99	-3.99	2026-01-08 12:40:45.471735
20635	2401	1652	2.000	60.00	53.24	120.00	106.48	13.52	2026-01-08 12:40:45.471735
20636	2401	1619	1.000	70.00	70.28	70.00	70.28	-0.28	2026-01-08 12:40:45.471735
20637	2401	1618	1.000	180.00	290.28	180.00	290.28	-110.28	2026-01-08 12:40:45.471735
20638	2401	1633	1.000	100.00	75.48	100.00	75.48	24.52	2026-01-08 12:40:45.471735
20639	2401	1632	1.000	100.00	90.28	100.00	90.28	9.72	2026-01-08 12:40:45.471735
20640	2401	1630	2.000	125.00	90.28	250.00	180.56	69.44	2026-01-08 12:40:45.471735
20641	2401	1624	7.000	130.00	110.28	910.00	771.96	138.04	2026-01-08 12:40:45.471735
20642	2401	1648	4.000	70.00	70.39	280.00	281.56	-1.56	2026-01-08 12:40:45.471735
20643	2401	1637	7.000	80.00	89.56	560.00	626.92	-66.92	2026-01-08 12:40:45.471735
20644	2401	731	12.000	120.00	96.64	1440.00	1159.68	280.32	2026-01-08 12:40:45.471735
20645	2401	1628	2.000	90.00	70.28	180.00	140.56	39.44	2026-01-08 12:40:45.471735
20646	2401	1638	1.000	130.00	90.08	130.00	90.08	39.92	2026-01-08 12:40:45.471735
20647	2401	162	1.000	240.00	175.28	240.00	175.28	64.72	2026-01-08 12:40:45.471735
20648	2401	733	1.000	120.00	105.64	120.00	105.64	14.36	2026-01-08 12:40:45.471735
20649	2401	736	1.000	220.00	170.28	220.00	170.28	49.72	2026-01-08 12:40:45.471735
20650	2401	1649	4.000	80.00	79.10	320.00	316.40	3.60	2026-01-08 12:40:45.471735
20651	2401	1639	1.000	170.00	108.52	170.00	108.52	61.48	2026-01-08 12:40:45.471735
20652	2401	1626	1.000	160.00	160.28	160.00	160.28	-0.28	2026-01-08 12:40:45.471735
20653	2401	1623	1.000	150.00	139.45	150.00	139.45	10.55	2026-01-08 12:40:45.471735
20654	2401	1666	1.000	210.00	175.31	210.00	175.31	34.69	2026-01-08 12:40:45.471735
20655	2401	1627	8.000	180.00	154.93	1440.00	1239.44	200.56	2026-01-08 12:40:45.471735
20656	2401	1660	1.000	100.00	83.71	100.00	83.71	16.29	2026-01-08 12:40:45.471735
20657	2401	1644	1.000	120.00	90.06	120.00	90.06	29.94	2026-01-08 12:40:45.471735
20658	2401	1672	3.000	90.00	78.57	270.00	235.71	34.29	2026-01-08 12:40:45.471735
20659	2401	1668	1.000	140.00	115.28	140.00	115.28	24.72	2026-01-08 12:40:45.471735
20660	2401	1645	2.000	65.00	47.49	130.00	94.98	35.02	2026-01-08 12:40:45.471735
20661	2401	1653	5.000	150.00	134.65	750.00	673.25	76.75	2026-01-08 12:40:45.471735
20662	2401	1655	2.000	40.00	60.28	80.00	120.56	-40.56	2026-01-08 12:40:45.471735
20663	2401	1654	13.000	75.00	82.62	975.00	1074.06	-99.06	2026-01-08 12:40:45.471735
20664	2401	227	1.000	70.00	67.69	70.00	67.69	2.31	2026-01-08 12:40:45.471735
20665	2401	187	1.000	60.00	51.83	60.00	51.83	8.17	2026-01-08 12:40:45.471735
20666	2401	190	2.000	75.00	72.21	150.00	144.42	5.58	2026-01-08 12:40:45.471735
20667	2401	190	5.000	70.00	72.21	350.00	361.05	-11.05	2026-01-08 12:40:45.471735
20668	2401	1682	3.000	130.00	113.24	390.00	339.72	50.28	2026-01-08 12:40:45.471735
20669	2401	188	1.000	140.00	135.43	140.00	135.43	4.57	2026-01-08 12:40:45.471735
20670	2401	1674	2.000	70.00	53.15	140.00	106.30	33.70	2026-01-08 12:40:45.471735
20671	2401	1674	2.000	65.00	53.15	130.00	106.30	23.70	2026-01-08 12:40:45.471735
20672	2401	192	1.000	90.00	52.36	90.00	52.36	37.64	2026-01-08 12:40:45.471735
20673	2401	192	3.000	85.00	52.36	255.00	157.08	97.92	2026-01-08 12:40:45.471735
20674	2401	191	1.000	120.00	117.45	120.00	117.45	2.55	2026-01-08 12:40:45.471735
20675	2401	205	3.000	80.00	67.56	240.00	202.68	37.32	2026-01-08 12:40:45.471735
20676	2401	209	24.000	50.00	50.34	1200.00	1208.16	-8.16	2026-01-08 12:40:45.471735
20677	2401	1686	1.000	120.00	78.27	120.00	78.27	41.73	2026-01-08 12:40:45.471735
20678	2401	196	1.000	280.00	252.86	280.00	252.86	27.14	2026-01-08 12:40:45.471735
20679	2401	1687	1.000	200.00	143.89	200.00	143.89	56.11	2026-01-08 12:40:45.471735
20680	2401	197	1.000	70.00	73.99	70.00	73.99	-3.99	2026-01-08 12:40:45.471735
20681	2401	223	3.000	60.00	49.02	180.00	147.06	32.94	2026-01-08 12:40:45.471735
20682	2401	1700	1.000	75.00	67.75	75.00	67.75	7.25	2026-01-08 12:40:45.471735
20683	2401	228	2.000	130.00	112.77	260.00	225.54	34.46	2026-01-08 12:40:45.471735
20684	2401	228	1.000	120.00	112.77	120.00	112.77	7.23	2026-01-08 12:40:45.471735
20685	2401	229	1.000	200.00	182.94	200.00	182.94	17.06	2026-01-08 12:40:45.471735
20686	2401	1701	3.000	75.00	73.24	225.00	219.72	5.28	2026-01-08 12:40:45.471735
20687	2401	1730	6.000	100.00	73.98	600.00	443.88	156.12	2026-01-08 12:40:45.471735
20688	2401	1723	6.000	210.00	183.10	1260.00	1098.60	161.40	2026-01-08 12:40:45.471735
20689	2401	1737	1.000	100.00	85.01	100.00	85.01	14.99	2026-01-08 12:40:45.471735
20690	2401	234	1.000	40.00	51.76	40.00	51.76	-11.76	2026-01-08 12:40:45.471735
20691	2401	1699	1.000	100.00	63.75	100.00	63.75	36.25	2026-01-08 12:40:45.471735
20692	2401	224	3.000	380.00	335.20	1140.00	1005.60	134.40	2026-01-08 12:40:45.471735
20693	2401	1712	6.000	120.00	73.25	720.00	439.50	280.50	2026-01-08 12:40:45.471735
20694	2401	1711	1.000	200.00	154.13	200.00	154.13	45.87	2026-01-08 12:40:45.471735
20695	2401	233	1.000	70.00	62.52	70.00	62.52	7.48	2026-01-08 12:40:45.471735
20696	2401	226	1.000	400.00	355.52	400.00	355.52	44.48	2026-01-08 12:40:45.471735
20697	2401	232	3.000	110.00	83.29	330.00	249.87	80.13	2026-01-08 12:40:45.471735
20698	2401	203	1.000	290.00	235.56	290.00	235.56	54.44	2026-01-08 12:40:45.471735
20699	2401	231	21.000	55.00	57.56	1155.00	1208.76	-53.76	2026-01-08 12:40:45.471735
20700	2401	265	1.000	70.00	51.72	70.00	51.72	18.28	2026-01-08 12:40:45.471735
20701	2401	805	2.000	70.00	61.83	140.00	123.66	16.34	2026-01-08 12:40:45.471735
20702	2401	244	9.000	50.00	47.64	450.00	428.76	21.24	2026-01-08 12:40:45.471735
20703	2401	254	20.000	60.00	55.37	1200.00	1107.40	92.60	2026-01-08 12:40:45.471735
20704	2401	1818	2.000	80.00	62.12	160.00	124.24	35.76	2026-01-08 12:40:45.471735
20705	2401	1800	2.000	80.00	51.28	160.00	102.56	57.44	2026-01-08 12:40:45.471735
20706	2401	1805	2.000	40.00	43.53	80.00	87.06	-7.06	2026-01-08 12:40:45.471735
20707	2401	291	2.000	50.00	44.65	100.00	89.30	10.70	2026-01-08 12:40:45.471735
20708	2401	304	2.000	170.00	133.89	340.00	267.78	72.22	2026-01-08 12:40:45.471735
20709	2401	328	2.000	110.00	101.51	220.00	203.02	16.98	2026-01-08 12:40:45.471735
20710	2401	309	3.000	90.00	113.09	270.00	339.27	-69.27	2026-01-08 12:40:45.471735
20711	2401	1967	3.000	120.00	93.93	360.00	281.79	78.21	2026-01-08 12:40:45.471735
20712	2401	1967	4.000	115.00	93.93	460.00	375.72	84.28	2026-01-08 12:40:45.471735
20713	2401	322	1.000	150.00	123.84	150.00	123.84	26.16	2026-01-08 12:40:45.471735
20714	2401	323	1.000	140.00	94.08	140.00	94.08	45.92	2026-01-08 12:40:45.471735
20715	2401	318	1.000	70.00	62.78	70.00	62.78	7.22	2026-01-08 12:40:45.471735
20716	2401	316	2.000	60.00	55.14	120.00	110.28	9.72	2026-01-08 12:40:45.471735
20717	2401	58	1.000	120.00	79.23	120.00	79.23	40.77	2026-01-08 12:40:45.471735
20718	2401	93	2.000	270.00	151.62	540.00	303.24	236.76	2026-01-08 12:40:45.471735
20719	2401	633	2.000	290.00	277.88	580.00	555.76	24.24	2026-01-08 12:40:45.471735
20720	2401	633	1.000	180.00	277.88	180.00	277.88	-97.88	2026-01-08 12:40:45.471735
20721	2401	93	1.000	150.00	151.62	150.00	151.62	-1.62	2026-01-08 12:40:45.471735
20722	2401	733	1.000	120.00	105.64	120.00	105.64	14.36	2026-01-08 12:40:45.471735
20723	2401	1666	1.000	215.00	175.31	215.00	175.31	39.69	2026-01-08 12:40:45.471735
20724	2401	194	2.000	280.00	256.74	560.00	513.48	46.52	2026-01-08 12:40:45.471735
20725	2401	183	1.000	140.00	134.34	140.00	134.34	5.66	2026-01-08 12:40:45.471735
21745	2491	718	8.000	40.00	41.42	320.00	331.36	-11.36	2026-01-09 11:40:53.658899
21746	2491	718	3.000	50.00	41.42	150.00	124.26	25.74	2026-01-09 11:40:53.658899
21747	2491	1578	2.000	80.00	51.90	160.00	103.80	56.20	2026-01-09 11:40:53.658899
21748	2491	506	1.000	70.00	49.84	70.00	49.84	20.16	2026-01-09 11:40:53.658899
21749	2491	489	1.000	200.00	150.26	200.00	150.26	49.74	2026-01-09 11:40:53.658899
21750	2491	418	4.000	60.00	48.26	240.00	193.04	46.96	2026-01-09 11:40:53.658899
21751	2491	455	1.000	120.00	83.36	120.00	83.36	36.64	2026-01-09 11:40:53.658899
21752	2491	63	1.000	50.00	47.38	50.00	47.38	2.62	2026-01-09 11:40:53.658899
23223	2607	456	1.000	50.00	44.55	50.00	44.55	5.45	2026-01-13 13:27:34.461869
23224	2607	5037	1.000	80.00	50.00	80.00	50.00	30.00	2026-01-13 13:27:34.461869
23225	2607	825	1.000	80.00	84.25	80.00	84.25	-4.25	2026-01-13 13:27:34.461869
23226	2607	717	1.000	90.00	105.21	90.00	105.21	-15.21	2026-01-13 13:27:34.461869
23227	2607	869	2.000	200.00	180.11	400.00	360.22	39.78	2026-01-13 13:27:34.461869
23228	2607	489	1.000	160.00	150.45	160.00	150.45	9.55	2026-01-13 13:27:34.461869
23229	2607	478	1.000	100.00	60.65	100.00	60.65	39.35	2026-01-13 13:27:34.461869
23230	2607	390	2.000	50.00	81.15	100.00	162.30	-62.30	2026-01-13 13:27:34.461869
23231	2607	416	2.000	140.00	75.08	280.00	150.16	129.84	2026-01-13 13:27:34.461869
23232	2607	770	1.000	90.00	152.06	90.00	152.06	-62.06	2026-01-13 13:27:34.461869
23233	2607	6080	1.000	80.00	56.47	80.00	56.47	23.53	2026-01-13 13:27:34.461869
23234	2607	397	1.000	120.00	96.63	120.00	96.63	23.37	2026-01-13 13:27:34.461869
23235	2607	408	1.000	140.00	149.35	140.00	149.35	-9.35	2026-01-13 13:27:34.461869
23236	2607	415	4.000	150.00	131.74	600.00	526.96	73.04	2026-01-13 13:27:34.461869
23237	2607	157	2.000	70.00	51.19	140.00	102.38	37.62	2026-01-13 13:27:34.461869
23238	2607	724	8.000	75.00	57.90	600.00	463.20	136.80	2026-01-13 13:27:34.461869
23239	2607	158	2.000	70.00	66.03	140.00	132.06	7.94	2026-01-13 13:27:34.461869
23240	2607	1648	5.000	80.00	70.39	400.00	351.95	48.05	2026-01-13 13:27:34.461869
23241	2607	1658	4.000	105.00	88.36	420.00	353.44	66.56	2026-01-13 13:27:34.461869
23242	2607	1658	1.000	110.00	88.36	110.00	88.36	21.64	2026-01-13 13:27:34.461869
23243	2607	1602	2.000	120.00	74.81	240.00	149.62	90.38	2026-01-13 13:27:34.461869
23244	2607	731	3.000	130.00	95.33	390.00	285.99	104.01	2026-01-13 13:27:34.461869
23245	2607	731	1.000	140.00	95.33	140.00	95.33	44.67	2026-01-13 13:27:34.461869
23246	2607	176	1.000	65.00	57.56	65.00	57.56	7.44	2026-01-13 13:27:34.461869
23247	2607	176	5.000	70.00	57.56	350.00	287.80	62.20	2026-01-13 13:27:34.461869
23248	2607	733	2.000	140.00	102.92	280.00	205.84	74.16	2026-01-13 13:27:34.461869
23249	2607	1628	1.000	100.00	68.68	100.00	68.68	31.32	2026-01-13 13:27:34.461869
23250	2607	729	1.000	70.00	57.13	70.00	57.13	12.87	2026-01-13 13:27:34.461869
23251	2607	1640	1.000	340.00	235.28	340.00	235.28	104.72	2026-01-13 13:27:34.461869
23252	2607	728	1.000	70.00	55.66	70.00	55.66	14.34	2026-01-13 13:27:34.461869
23253	2607	720	1.000	90.00	72.99	90.00	72.99	17.01	2026-01-13 13:27:34.461869
23254	2607	1635	1.000	190.00	146.23	190.00	146.23	43.77	2026-01-13 13:27:34.461869
23255	2607	1656	1.000	130.00	126.47	130.00	126.47	3.53	2026-01-13 13:27:34.461869
23256	2607	723	1.000	75.00	45.87	75.00	45.87	29.13	2026-01-13 13:27:34.461869
23257	2607	1651	1.000	75.00	73.43	75.00	73.43	1.57	2026-01-13 13:27:34.461869
23258	2607	185	1.000	110.00	80.75	110.00	80.75	29.25	2026-01-13 13:27:34.461869
23259	2607	1593	1.000	130.00	113.68	130.00	113.68	16.32	2026-01-13 13:27:34.461869
23260	2607	109	2.000	110.00	84.09	220.00	168.18	51.82	2026-01-13 13:27:34.461869
23261	2607	109	1.000	115.00	84.09	115.00	84.09	30.91	2026-01-13 13:27:34.461869
23262	2607	107	1.000	70.00	76.56	70.00	76.56	-6.56	2026-01-13 13:27:34.461869
23263	2607	107	2.000	90.00	76.56	180.00	153.12	26.88	2026-01-13 13:27:34.461869
23264	2607	71	2.000	50.00	46.58	100.00	93.16	6.84	2026-01-13 13:27:34.461869
23265	2607	103	2.000	80.00	61.26	160.00	122.52	37.48	2026-01-13 13:27:34.461869
23266	2607	103	5.000	90.00	61.26	450.00	306.30	143.70	2026-01-13 13:27:34.461869
23267	2607	125	4.000	70.00	52.46	280.00	209.84	70.16	2026-01-13 13:27:34.461869
23268	2607	55	2.000	140.00	110.57	280.00	221.14	58.86	2026-01-13 13:27:34.461869
23269	2607	113	1.000	90.00	70.25	90.00	70.25	19.75	2026-01-13 13:27:34.461869
23270	2607	113	3.000	100.00	70.25	300.00	210.75	89.25	2026-01-13 13:27:34.461869
23271	2607	102	2.000	140.00	101.29	280.00	202.58	77.42	2026-01-13 13:27:34.461869
23272	2607	139	1.000	230.00	119.51	230.00	119.51	110.49	2026-01-13 13:27:34.461869
23273	2607	139	1.000	240.00	119.51	240.00	119.51	120.49	2026-01-13 13:27:34.461869
23274	2607	97	2.000	210.00	149.47	420.00	298.94	121.06	2026-01-13 13:27:34.461869
23275	2607	58	2.000	120.00	80.64	240.00	161.28	78.72	2026-01-13 13:27:34.461869
23276	2607	58	2.000	125.00	80.64	250.00	161.28	88.72	2026-01-13 13:27:34.461869
23277	2607	92	1.000	200.00	151.35	200.00	151.35	48.65	2026-01-13 13:27:34.461869
23278	2607	76	1.000	130.00	89.87	130.00	89.87	40.13	2026-01-13 13:27:34.461869
23279	2607	143	1.000	80.00	56.05	80.00	56.05	23.95	2026-01-13 13:27:34.461869
23280	2607	105	1.000	100.00	91.69	100.00	91.69	8.31	2026-01-13 13:27:34.461869
23281	2607	95	1.000	480.00	369.96	480.00	369.96	110.04	2026-01-13 13:27:34.461869
23282	2607	151	1.000	120.00	98.11	120.00	98.11	21.89	2026-01-13 13:27:34.461869
23283	2607	81	1.000	75.00	74.33	75.00	74.33	0.67	2026-01-13 13:27:34.461869
23284	2607	93	1.000	280.00	153.45	280.00	153.45	126.55	2026-01-13 13:27:34.461869
23285	2607	104	1.000	200.00	169.06	200.00	169.06	30.94	2026-01-13 13:27:34.461869
23286	2607	204	45.000	50.00	66.13	2250.00	2975.85	-725.85	2026-01-13 13:27:34.461869
23287	2607	758	4.000	60.00	56.94	240.00	227.76	12.24	2026-01-13 13:27:34.461869
23288	2607	227	4.000	70.00	67.57	280.00	270.28	9.72	2026-01-13 13:27:34.461869
23289	2607	227	1.000	80.00	67.57	80.00	67.57	12.43	2026-01-13 13:27:34.461869
23290	2607	757	1.000	160.00	133.66	160.00	133.66	26.34	2026-01-13 13:27:34.461869
23291	2607	205	1.000	100.00	66.80	100.00	66.80	33.20	2026-01-13 13:27:34.461869
23292	2607	206	1.000	130.00	98.62	130.00	98.62	31.38	2026-01-13 13:27:34.461869
23293	2607	229	1.000	220.00	182.94	220.00	182.94	37.06	2026-01-13 13:27:34.461869
23294	2607	190	1.000	100.00	71.58	100.00	71.58	28.42	2026-01-13 13:27:34.461869
23295	2607	765	1.000	130.00	83.63	130.00	83.63	46.37	2026-01-13 13:27:34.461869
23296	2607	260	12.000	40.00	68.80	480.00	825.60	-345.60	2026-01-13 13:27:34.461869
23297	2607	1871	2.000	100.00	60.40	200.00	120.80	79.20	2026-01-13 13:27:34.461869
23298	2607	1871	1.000	110.00	60.40	110.00	60.40	49.60	2026-01-13 13:27:34.461869
23299	2607	820	1.000	150.00	134.57	150.00	134.57	15.43	2026-01-13 13:27:34.461869
23300	2607	820	1.000	160.00	134.57	160.00	134.57	25.43	2026-01-13 13:27:34.461869
23301	2607	811	2.000	100.00	64.57	200.00	129.14	70.86	2026-01-13 13:27:34.461869
20726	2402	718	25.000	40.00	41.42	1000.00	1035.50	-35.50	2026-01-08 12:41:29.757817
20727	2402	1560	1.000	90.00	52.57	90.00	52.57	37.43	2026-01-08 12:41:29.757817
20728	2402	1559	2.000	135.00	117.25	270.00	234.50	35.50	2026-01-08 12:41:29.757817
20729	2402	1578	10.000	80.00	51.90	800.00	519.00	281.00	2026-01-08 12:41:29.757817
20730	2402	364	3.000	90.00	64.28	270.00	192.84	77.16	2026-01-08 12:41:29.757817
20731	2402	1576	4.000	85.00	73.40	340.00	293.60	46.40	2026-01-08 12:41:29.757817
20732	2402	1588	3.000	100.00	88.58	300.00	265.74	34.26	2026-01-08 12:41:29.757817
20733	2402	1588	3.000	90.00	88.58	270.00	265.74	4.26	2026-01-08 12:41:29.757817
20734	2402	377	1.000	80.00	51.53	80.00	51.53	28.47	2026-01-08 12:41:29.757817
20735	2402	487	1.000	280.00	255.12	280.00	255.12	24.88	2026-01-08 12:41:29.757817
20736	2402	463	2.000	90.00	90.47	180.00	180.94	-0.94	2026-01-08 12:41:29.757817
20737	2402	463	2.000	85.00	90.47	170.00	180.94	-10.94	2026-01-08 12:41:29.757817
20738	2402	438	3.000	70.00	48.33	210.00	144.99	65.01	2026-01-08 12:41:29.757817
20739	2402	452	1.000	130.00	104.55	130.00	104.55	25.45	2026-01-08 12:41:29.757817
20740	2402	63	1.000	55.00	47.38	55.00	47.38	7.62	2026-01-08 12:41:29.757817
20741	2402	1576	1.000	90.00	73.40	90.00	73.40	16.60	2026-01-08 12:41:29.757817
21753	2492	1977	3.000	160.00	94.14	480.00	282.42	197.58	2026-01-09 11:42:15.121612
21754	2492	307	3.000	60.00	56.30	180.00	168.90	11.10	2026-01-09 11:42:15.121612
21755	2492	688	16.000	60.00	52.55	960.00	840.80	119.20	2026-01-09 11:42:15.121612
21756	2492	687	1.000	180.00	151.60	180.00	151.60	28.40	2026-01-09 11:42:15.121612
21757	2492	329	1.000	150.00	132.62	150.00	132.62	17.38	2026-01-09 11:42:15.121612
21758	2492	331	1.000	110.00	86.01	110.00	86.01	23.99	2026-01-09 11:42:15.121612
21759	2492	318	1.000	100.00	61.45	100.00	61.45	38.55	2026-01-09 11:42:15.121612
21760	2492	293	1.000	90.00	71.94	90.00	71.94	18.06	2026-01-09 11:42:15.121612
21761	2492	291	1.000	40.00	40.95	40.00	40.95	-0.95	2026-01-09 11:42:15.121612
21762	2492	571	1.000	80.00	80.02	80.00	80.02	-0.02	2026-01-09 11:42:15.121612
21763	2492	571	2.000	75.00	80.02	150.00	160.04	-10.04	2026-01-09 11:42:15.121612
21764	2492	633	1.000	300.00	280.15	300.00	280.15	19.85	2026-01-09 11:42:15.121612
21765	2492	574	1.000	240.00	230.04	240.00	230.04	9.96	2026-01-09 11:42:15.121612
21766	2492	1489	1.000	220.00	122.90	220.00	122.90	97.10	2026-01-09 11:42:15.121612
21767	2492	627	1.000	180.00	139.08	180.00	139.08	40.92	2026-01-09 11:42:15.121612
21768	2492	1478	1.000	140.00	111.05	140.00	111.05	28.95	2026-01-09 11:42:15.121612
21769	2492	558	1.000	130.00	78.32	130.00	78.32	51.68	2026-01-09 11:42:15.121612
21770	2492	553	1.000	125.00	79.83	125.00	79.83	45.17	2026-01-09 11:42:15.121612
21771	2492	1509	1.000	125.00	80.11	125.00	80.11	44.89	2026-01-09 11:42:15.121612
21772	2492	611	1.000	100.00	89.82	100.00	89.82	10.18	2026-01-09 11:42:15.121612
21773	2492	634	1.000	80.00	80.13	80.00	80.13	-0.13	2026-01-09 11:42:15.121612
21774	2492	550	1.000	65.00	71.37	65.00	71.37	-6.37	2026-01-09 11:42:15.121612
21775	2492	531	1.000	60.00	50.57	60.00	50.57	9.43	2026-01-09 11:42:15.121612
21776	2492	653	1.000	60.00	60.00	60.00	60.00	0.00	2026-01-09 11:42:15.121612
21777	2492	1559	5.000	140.00	116.94	700.00	584.70	115.30	2026-01-09 11:42:15.121612
21778	2492	371	2.000	140.00	99.34	280.00	198.68	81.32	2026-01-09 11:42:15.121612
21779	2492	370	4.000	100.00	62.05	400.00	248.20	151.80	2026-01-09 11:42:15.121612
21780	2492	1560	2.000	100.00	51.14	200.00	102.28	97.72	2026-01-09 11:42:15.121612
21781	2492	350	3.000	70.00	61.09	210.00	183.27	26.73	2026-01-09 11:42:15.121612
21782	2492	372	2.000	70.00	60.25	140.00	120.50	19.50	2026-01-09 11:42:15.121612
21783	2492	1561	6.000	70.00	52.54	420.00	315.24	104.76	2026-01-09 11:42:15.121612
21784	2492	357	1.000	180.00	166.67	180.00	166.67	13.33	2026-01-09 11:42:15.121612
21785	2492	675	1.000	150.00	104.65	150.00	104.65	45.35	2026-01-09 11:42:15.121612
21786	2492	1577	1.000	140.00	116.44	140.00	116.44	23.56	2026-01-09 11:42:15.121612
21787	2492	362	1.000	90.00	79.89	90.00	79.89	10.11	2026-01-09 11:42:15.121612
21788	2492	349	1.000	90.00	52.92	90.00	52.92	37.08	2026-01-09 11:42:15.121612
21789	2492	676	1.000	80.00	56.54	80.00	56.54	23.46	2026-01-09 11:42:15.121612
21790	2492	354	1.000	70.00	68.54	70.00	68.54	1.46	2026-01-09 11:42:15.121612
23302	2607	247	1.000	70.00	45.02	70.00	45.02	24.98	2026-01-13 13:27:34.461869
23303	2607	247	1.000	80.00	45.02	80.00	45.02	34.98	2026-01-13 13:27:34.461869
23304	2607	1788	1.000	70.00	58.08	70.00	58.08	11.92	2026-01-13 13:27:34.461869
23305	2607	1788	1.000	75.00	58.08	75.00	58.08	16.92	2026-01-13 13:27:34.461869
23306	2607	1985	1.000	120.00	53.82	120.00	53.82	66.18	2026-01-13 13:27:34.461869
23307	2607	1984	1.000	120.00	112.72	120.00	112.72	7.28	2026-01-13 13:27:34.461869
23308	2607	1785	1.000	120.00	108.61	120.00	108.61	11.39	2026-01-13 13:27:34.461869
23309	2607	1786	1.000	160.00	141.72	160.00	141.72	18.28	2026-01-13 13:27:34.461869
23310	2607	1874	1.000	70.00	44.57	70.00	44.57	25.43	2026-01-13 13:27:34.461869
20742	2403	512	1.000	80.00	51.14	80.00	51.14	28.86	2026-01-08 12:42:54.871204
20743	2403	153	1.000	400.00	331.37	400.00	331.37	68.63	2026-01-08 12:42:54.871204
20744	2403	514	1.000	360.00	241.60	360.00	241.60	118.40	2026-01-08 12:42:54.871204
20745	2403	514	1.000	350.00	241.60	350.00	241.60	108.40	2026-01-08 12:42:54.871204
20746	2403	517	2.000	120.00	129.72	240.00	259.44	-19.44	2026-01-08 12:42:54.871204
20747	2403	515	3.000	120.00	80.26	360.00	240.78	119.22	2026-01-08 12:42:54.871204
20748	2403	515	3.000	115.00	80.26	345.00	240.78	104.22	2026-01-08 12:42:54.871204
20749	2403	612	1.000	220.00	130.60	220.00	130.60	89.40	2026-01-08 12:42:54.871204
20750	2403	612	1.000	210.00	130.60	210.00	130.60	79.40	2026-01-08 12:42:54.871204
20751	2403	612	6.000	205.00	130.60	1230.00	783.60	446.40	2026-01-08 12:42:54.871204
20752	2403	337	48.000	55.00	50.88	2640.00	2442.24	197.76	2026-01-08 12:42:54.871204
20753	2403	520	2.000	80.00	51.68	160.00	103.36	56.64	2026-01-08 12:42:54.871204
20754	2403	623	1.000	120.00	100.27	120.00	100.27	19.73	2026-01-08 12:42:54.871204
20755	2403	1478	1.000	135.00	111.19	135.00	111.19	23.81	2026-01-08 12:42:54.871204
20756	2403	1481	2.000	75.00	60.32	150.00	120.64	29.36	2026-01-08 12:42:54.871204
20757	2403	1481	1.000	70.00	60.32	70.00	60.32	9.68	2026-01-08 12:42:54.871204
20758	2403	532	2.000	120.00	84.92	240.00	169.84	70.16	2026-01-08 12:42:54.871204
20759	2403	1511	2.000	200.00	150.28	400.00	300.56	99.44	2026-01-08 12:42:54.871204
20760	2403	546	1.000	230.00	179.92	230.00	179.92	50.08	2026-01-08 12:42:54.871204
20761	2403	546	2.000	220.00	179.92	440.00	359.84	80.16	2026-01-08 12:42:54.871204
20762	2403	547	1.000	220.00	190.12	220.00	190.12	29.88	2026-01-08 12:42:54.871204
20763	2403	1509	1.000	120.00	80.10	120.00	80.10	39.90	2026-01-08 12:42:54.871204
20764	2403	556	1.000	150.00	130.47	150.00	130.47	19.53	2026-01-08 12:42:54.871204
20765	2403	579	2.000	160.00	143.46	320.00	286.92	33.08	2026-01-08 12:42:54.871204
20766	2403	568	4.000	75.00	54.91	300.00	219.64	80.36	2026-01-08 12:42:54.871204
20767	2403	568	2.000	70.00	54.91	140.00	109.82	30.18	2026-01-08 12:42:54.871204
20768	2403	1512	1.000	100.00	89.98	100.00	89.98	10.02	2026-01-08 12:42:54.871204
20769	2403	1471	1.000	80.00	59.58	80.00	59.58	20.42	2026-01-08 12:42:54.871204
20770	2403	542	1.000	200.00	128.23	200.00	128.23	71.77	2026-01-08 12:42:54.871204
20771	2403	1491	2.000	320.00	254.81	640.00	509.62	130.38	2026-01-08 12:42:54.871204
20772	2403	561	1.000	150.00	129.42	150.00	129.42	20.58	2026-01-08 12:42:54.871204
20773	2403	630	1.000	60.00	50.41	60.00	50.41	9.59	2026-01-08 12:42:54.871204
20774	2403	591	6.000	80.00	49.94	480.00	299.64	180.36	2026-01-08 12:42:54.871204
20775	2403	594	1.000	115.00	69.65	115.00	69.65	45.35	2026-01-08 12:42:54.871204
20776	2403	567	6.000	50.00	41.37	300.00	248.22	51.78	2026-01-08 12:42:54.871204
20777	2403	540	1.000	150.00	130.10	150.00	130.10	19.90	2026-01-08 12:42:54.871204
20778	2403	534	1.000	150.00	106.22	150.00	106.22	43.78	2026-01-08 12:42:54.871204
21791	2493	6281	4.000	80.00	65.75	320.00	263.00	57.00	2026-01-09 12:02:03.415699
23311	2612	1674	1.000	70.00	55.60	70.00	55.60	14.40	2026-01-13 15:30:28.33652
23312	2612	192	2.000	80.00	54.33	160.00	108.66	51.34	2026-01-13 15:30:28.33652
23313	2612	1686	2.000	120.00	80.47	240.00	160.94	79.06	2026-01-13 15:30:28.33652
23314	2612	1686	2.000	115.00	80.47	230.00	160.94	69.06	2026-01-13 15:30:28.33652
23315	2612	223	5.000	60.00	49.39	300.00	246.95	53.05	2026-01-13 15:30:28.33652
23316	2612	1736	2.000	80.00	58.75	160.00	117.50	42.50	2026-01-13 15:30:28.33652
23317	2612	1735	1.000	100.00	84.19	100.00	84.19	15.81	2026-01-13 15:30:28.33652
23318	2612	235	2.000	115.00	102.94	230.00	205.88	24.12	2026-01-13 15:30:28.33652
23319	2612	1740	4.000	120.00	93.49	480.00	373.96	106.04	2026-01-13 15:30:28.33652
23320	2612	1740	1.000	110.00	93.49	110.00	93.49	16.51	2026-01-13 15:30:28.33652
23321	2612	213	1.000	280.00	185.19	280.00	185.19	94.81	2026-01-13 15:30:28.33652
23322	2612	219	1.000	270.00	260.63	270.00	260.63	9.37	2026-01-13 15:30:28.33652
23323	2612	231	10.000	55.00	58.56	550.00	585.60	-35.60	2026-01-13 15:30:28.33652
23324	2612	231	1.000	50.00	58.56	50.00	58.56	-8.56	2026-01-13 15:30:28.33652
23325	2612	232	1.000	120.00	84.71	120.00	84.71	35.29	2026-01-13 15:30:28.33652
23326	2612	232	1.000	115.00	84.71	115.00	84.71	30.29	2026-01-13 15:30:28.33652
23327	2612	764	2.000	120.00	140.88	240.00	281.76	-41.76	2026-01-13 15:30:28.33652
23328	2612	1718	9.000	80.00	60.63	720.00	545.67	174.33	2026-01-13 15:30:28.33652
23329	2612	328	5.000	110.00	101.51	550.00	507.55	42.45	2026-01-13 15:30:28.33652
23330	2612	322	2.000	150.00	123.84	300.00	247.68	52.32	2026-01-13 15:30:28.33652
23331	2612	311	2.000	110.00	73.72	220.00	147.44	72.56	2026-01-13 15:30:28.33652
23332	2612	318	2.000	70.00	62.78	140.00	125.56	14.44	2026-01-13 15:30:28.33652
23333	2612	157	1.000	65.00	52.68	65.00	52.68	12.32	2026-01-13 15:30:28.33652
23334	2612	1592	1.000	130.00	70.28	130.00	70.28	59.72	2026-01-13 15:30:28.33652
23335	2612	722	1.000	40.00	48.07	40.00	48.07	-8.07	2026-01-13 15:30:28.33652
23336	2612	722	26.000	50.00	48.07	1300.00	1249.82	50.18	2026-01-13 15:30:28.33652
23337	2612	1607	2.000	50.00	48.45	100.00	96.90	3.10	2026-01-13 15:30:28.33652
23338	2612	164	1.000	75.00	80.28	75.00	80.28	-5.28	2026-01-13 15:30:28.33652
23339	2612	1612	1.000	150.00	64.48	150.00	64.48	85.52	2026-01-13 15:30:28.33652
23340	2612	1614	1.000	100.00	69.22	100.00	69.22	30.78	2026-01-13 15:30:28.33652
23341	2612	1652	4.000	60.00	53.24	240.00	212.96	27.04	2026-01-13 15:30:28.33652
23342	2612	731	3.000	120.00	96.64	360.00	289.92	70.08	2026-01-13 15:30:28.33652
23343	2612	1628	1.000	90.00	70.28	90.00	70.28	19.72	2026-01-13 15:30:28.33652
23344	2612	733	1.000	120.00	105.64	120.00	105.64	14.36	2026-01-13 15:30:28.33652
23345	2612	63	5.000	50.00	46.36	250.00	231.80	18.20	2026-01-13 15:30:28.33652
23346	2612	139	1.000	220.00	116.41	220.00	116.41	103.59	2026-01-13 15:30:28.33652
23347	2612	236	2.000	200.00	144.05	400.00	288.10	111.90	2026-01-13 15:30:28.33652
23348	2612	804	1.000	120.00	92.95	120.00	92.95	27.05	2026-01-13 15:30:28.33652
23349	2612	1867	2.000	65.00	59.57	130.00	119.14	10.86	2026-01-13 15:30:28.33652
23350	2612	810	2.000	60.00	59.57	120.00	119.14	0.86	2026-01-13 15:30:28.33652
23351	2612	260	1.000	40.00	68.60	40.00	68.60	-28.60	2026-01-13 15:30:28.33652
23352	2612	1805	7.000	40.00	43.53	280.00	304.71	-24.71	2026-01-13 15:30:28.33652
23353	2612	248	2.000	50.00	48.95	100.00	97.90	2.10	2026-01-13 15:30:28.33652
20779	2404	153	2.000	400.00	331.37	800.00	662.74	137.26	2026-01-08 12:44:06.245599
20780	2404	514	2.000	380.00	241.60	760.00	483.20	276.80	2026-01-08 12:44:06.245599
20781	2404	514	2.000	375.00	241.60	750.00	483.20	266.80	2026-01-08 12:44:06.245599
20782	2404	1495	2.000	320.00	225.45	640.00	450.90	189.10	2026-01-08 12:44:06.245599
20783	2404	561	6.000	140.00	129.26	840.00	775.56	64.44	2026-01-08 12:44:06.245599
20784	2404	611	5.000	100.00	89.82	500.00	449.10	50.90	2026-01-08 12:44:06.245599
20785	2404	515	16.000	120.00	80.09	1920.00	1281.44	638.56	2026-01-08 12:44:06.245599
20786	2404	594	1.000	125.00	69.39	125.00	69.39	55.61	2026-01-08 12:44:06.245599
20787	2404	519	1.000	130.00	89.47	130.00	89.47	40.53	2026-01-08 12:44:06.245599
20788	2404	531	4.000	60.00	50.57	240.00	202.28	37.72	2026-01-08 12:44:06.245599
20789	2404	630	9.000	60.00	50.43	540.00	453.87	86.13	2026-01-08 12:44:06.245599
20790	2404	524	8.000	70.00	67.49	560.00	539.92	20.08	2026-01-08 12:44:06.245599
20791	2404	520	1.000	100.00	49.77	100.00	49.77	50.23	2026-01-08 12:44:06.245599
20792	2404	568	2.000	75.00	54.92	150.00	109.84	40.16	2026-01-08 12:44:06.245599
20793	2404	548	1.000	100.00	90.29	100.00	90.29	9.71	2026-01-08 12:44:06.245599
20794	2404	548	1.000	95.00	90.29	95.00	90.29	4.71	2026-01-08 12:44:06.245599
20795	2404	1473	4.000	65.00	58.56	260.00	234.24	25.76	2026-01-08 12:44:06.245599
20796	2404	591	1.000	90.00	49.38	90.00	49.38	40.62	2026-01-08 12:44:06.245599
20797	2404	1507	1.000	120.00	105.67	120.00	105.67	14.33	2026-01-08 12:44:06.245599
20798	2404	563	1.000	60.00	55.48	60.00	55.48	4.52	2026-01-08 12:44:06.245599
20799	2404	631	1.000	90.00	69.46	90.00	69.46	20.54	2026-01-08 12:44:06.245599
20800	2404	571	1.000	75.00	80.02	75.00	80.02	-5.02	2026-01-08 12:44:06.245599
20801	2404	329	2.000	145.00	132.62	290.00	265.24	24.76	2026-01-08 12:44:06.245599
20802	2404	1957	7.000	100.00	87.45	700.00	612.15	87.85	2026-01-08 12:44:06.245599
20803	2404	1957	2.000	95.00	87.45	190.00	174.90	15.10	2026-01-08 12:44:06.245599
20804	2404	292	1.000	130.00	92.52	130.00	92.52	37.48	2026-01-08 12:44:06.245599
20805	2404	333	1.000	120.00	83.11	120.00	83.11	36.89	2026-01-08 12:44:06.245599
20806	2404	293	1.000	90.00	71.94	90.00	71.94	18.06	2026-01-08 12:44:06.245599
20807	2404	1967	1.000	125.00	92.46	125.00	92.46	32.54	2026-01-08 12:44:06.245599
20808	2404	1980	1.000	100.00	72.93	100.00	72.93	27.07	2026-01-08 12:44:06.245599
20809	2404	305	1.000	75.00	62.44	75.00	62.44	12.56	2026-01-08 12:44:06.245599
20810	2404	318	6.000	100.00	60.94	600.00	365.64	234.36	2026-01-08 12:44:06.245599
20811	2404	316	2.000	65.00	53.92	130.00	107.84	22.16	2026-01-08 12:44:06.245599
20812	2404	693	1.000	130.00	91.43	130.00	91.43	38.57	2026-01-08 12:44:06.245599
20813	2404	694	1.000	180.00	113.45	180.00	113.45	66.55	2026-01-08 12:44:06.245599
20814	2404	688	15.000	60.00	52.55	900.00	788.25	111.75	2026-01-08 12:44:06.245599
20815	2404	291	1.000	40.00	40.95	40.00	40.95	-0.95	2026-01-08 12:44:06.245599
20816	2404	357	4.000	180.00	165.34	720.00	661.36	58.64	2026-01-08 12:44:06.245599
20817	2404	675	1.000	150.00	104.65	150.00	104.65	45.35	2026-01-08 12:44:06.245599
20818	2404	1560	3.000	100.00	50.61	300.00	151.83	148.17	2026-01-08 12:44:06.245599
20819	2404	366	2.000	145.00	102.94	290.00	205.88	84.12	2026-01-08 12:44:06.245599
20820	2404	1578	2.000	90.00	49.60	180.00	99.20	80.80	2026-01-08 12:44:06.245599
20821	2404	683	1.000	125.00	64.38	125.00	64.38	60.62	2026-01-08 12:44:06.245599
20822	2404	683	1.000	120.00	64.38	120.00	64.38	55.62	2026-01-08 12:44:06.245599
20823	2404	1559	1.000	140.00	116.07	140.00	116.07	23.93	2026-01-08 12:44:06.245599
20824	2404	362	2.000	90.00	78.88	180.00	157.76	22.24	2026-01-08 12:44:06.245599
20825	2404	345	1.000	110.00	85.69	110.00	85.69	24.31	2026-01-08 12:44:06.245599
20826	2404	1565	4.000	70.00	40.17	280.00	160.68	119.32	2026-01-08 12:44:06.245599
20827	2404	1561	16.000	70.00	52.54	1120.00	840.64	279.36	2026-01-08 12:44:06.245599
20828	2404	348	1.000	125.00	102.59	125.00	102.59	22.41	2026-01-08 12:44:06.245599
20829	2404	371	3.000	140.00	98.78	420.00	296.34	123.66	2026-01-08 12:44:06.245599
20830	2404	351	1.000	110.00	56.47	110.00	56.47	53.53	2026-01-08 12:44:06.245599
20831	2404	372	2.000	70.00	60.25	140.00	120.50	19.50	2026-01-08 12:44:06.245599
20832	2404	1563	1.000	70.00	43.66	70.00	43.66	26.34	2026-01-08 12:44:06.245599
20833	2404	354	1.000	70.00	68.54	70.00	68.54	1.46	2026-01-08 12:44:06.245599
20834	2404	369	1.000	45.00	42.97	45.00	42.97	2.03	2026-01-08 12:44:06.245599
20835	2404	372	3.000	65.00	60.25	195.00	180.75	14.25	2026-01-08 12:44:06.245599
23354	2614	5368	2.000	100.00	76.86	200.00	153.72	46.28	2026-01-13 15:32:25.616142
23355	2614	5406	1.000	190.00	156.31	190.00	156.31	33.69	2026-01-13 15:32:25.616142
23356	2614	5407	1.000	270.00	158.72	270.00	158.72	111.28	2026-01-13 15:32:25.616142
23357	2614	5411	3.000	120.00	77.12	360.00	231.36	128.64	2026-01-13 15:32:25.616142
23358	2614	5414	2.000	150.00	91.97	300.00	183.94	116.06	2026-01-13 15:32:25.616142
23359	2614	5433	1.000	300.00	236.99	300.00	236.99	63.01	2026-01-13 15:32:25.616142
23360	2614	5458	1.000	180.00	162.18	180.00	162.18	17.82	2026-01-13 15:32:25.616142
23361	2614	5369	2.000	85.00	81.72	170.00	163.44	6.56	2026-01-13 15:32:25.616142
23362	2614	5391	3.000	85.00	81.32	255.00	243.96	11.04	2026-01-13 15:32:25.616142
23363	2614	5444	2.000	80.00	82.05	160.00	164.10	-4.10	2026-01-13 15:32:25.616142
23364	2614	5408	1.000	120.00	104.94	120.00	104.94	15.06	2026-01-13 15:32:25.616142
23365	2614	5416	4.000	80.00	76.99	320.00	307.96	12.04	2026-01-13 15:32:25.616142
23366	2614	5424	2.000	70.00	90.81	140.00	181.62	-41.62	2026-01-13 15:32:25.616142
23367	2614	5424	1.000	80.00	90.81	80.00	90.81	-10.81	2026-01-13 15:32:25.616142
23368	2614	5438	2.000	120.00	108.91	240.00	217.82	22.18	2026-01-13 15:32:25.616142
23369	2614	5461	1.000	90.00	91.71	90.00	91.71	-1.71	2026-01-13 15:32:25.616142
23370	2614	5461	2.000	95.00	91.71	190.00	183.42	6.58	2026-01-13 15:32:25.616142
23371	2614	5447	2.000	80.00	86.65	160.00	173.30	-13.30	2026-01-13 15:32:25.616142
23372	2614	5448	1.000	50.00	61.73	50.00	61.73	-11.73	2026-01-13 15:32:25.616142
23373	2614	5380	1.000	55.00	51.86	55.00	51.86	3.14	2026-01-13 15:32:25.616142
23374	2614	5463	4.000	90.00	61.81	360.00	247.24	112.76	2026-01-13 15:32:25.616142
23375	2614	6029	1.000	290.00	239.28	290.00	239.28	50.72	2026-01-13 15:32:25.616142
23376	2614	5943	10.000	50.00	59.91	500.00	599.10	-99.10	2026-01-13 15:32:25.616142
23377	2614	6073	1.000	45.00	58.57	45.00	58.57	-13.57	2026-01-13 15:32:25.616142
23378	2614	6036	1.000	120.00	118.71	120.00	118.71	1.29	2026-01-13 15:32:25.616142
23379	2614	6051	3.000	130.00	106.21	390.00	318.63	71.37	2026-01-13 15:32:25.616142
23380	2614	6057	1.000	220.00	179.28	220.00	179.28	40.72	2026-01-13 15:32:25.616142
23381	2614	5963	1.000	210.00	159.28	210.00	159.28	50.72	2026-01-13 15:32:25.616142
23382	2614	5962	1.000	230.00	179.28	230.00	179.28	50.72	2026-01-13 15:32:25.616142
23383	2614	5967	1.000	160.00	139.28	160.00	139.28	20.72	2026-01-13 15:32:25.616142
23384	2614	6034	1.000	210.00	189.28	210.00	189.28	20.72	2026-01-13 15:32:25.616142
23385	2614	6039	1.000	125.00	89.28	125.00	89.28	35.72	2026-01-13 15:32:25.616142
23386	2614	6070	3.000	50.00	54.52	150.00	163.56	-13.56	2026-01-13 15:32:25.616142
23387	2614	6033	4.000	80.00	69.19	320.00	276.76	43.24	2026-01-13 15:32:25.616142
23388	2614	5984	2.000	160.00	129.21	320.00	258.42	61.58	2026-01-13 15:32:25.616142
23389	2614	5988	1.000	85.00	64.28	85.00	64.28	20.72	2026-01-13 15:32:25.616142
23390	2614	5992	19.000	50.00	54.08	950.00	1027.52	-77.52	2026-01-13 15:32:25.616142
23391	2614	6061	1.000	90.00	59.28	90.00	59.28	30.72	2026-01-13 15:32:25.616142
23392	2614	6064	1.000	65.00	59.07	65.00	59.07	5.93	2026-01-13 15:32:25.616142
23393	2614	6000	5.000	70.00	64.28	350.00	321.40	28.60	2026-01-13 15:32:25.616142
20836	2405	71	6.000	60.00	46.66	360.00	279.96	80.04	2026-01-08 12:45:03.778217
20837	2405	85	9.000	100.00	75.13	900.00	676.17	223.83	2026-01-08 12:45:03.778217
20838	2405	94	1.000	140.00	97.86	140.00	97.86	42.14	2026-01-08 12:45:03.778217
20839	2405	102	1.000	140.00	99.84	140.00	99.84	40.16	2026-01-08 12:45:03.778217
20840	2405	94	1.000	140.00	97.86	140.00	97.86	42.14	2026-01-08 12:45:03.778217
20841	2405	130	1.000	135.00	85.32	135.00	85.32	49.68	2026-01-08 12:45:03.778217
20842	2405	130	3.000	140.00	85.32	420.00	255.96	164.04	2026-01-08 12:45:03.778217
20843	2405	54	2.000	90.00	74.83	180.00	149.66	30.34	2026-01-08 12:45:03.778217
20844	2405	720	1.000	90.00	71.46	90.00	71.46	18.54	2026-01-08 12:45:03.778217
20845	2405	122	6.000	60.00	69.98	360.00	419.88	-59.88	2026-01-08 12:45:03.778217
20846	2405	107	1.000	90.00	75.12	90.00	75.12	14.88	2026-01-08 12:45:03.778217
20847	2405	107	1.000	100.00	75.12	100.00	75.12	24.88	2026-01-08 12:45:03.778217
20848	2405	109	1.000	110.00	84.09	110.00	84.09	25.91	2026-01-08 12:45:03.778217
20849	2405	109	1.000	115.00	84.09	115.00	84.09	30.91	2026-01-08 12:45:03.778217
20850	2405	113	4.000	100.00	69.45	400.00	277.80	122.20	2026-01-08 12:45:03.778217
20851	2405	63	1.000	60.00	44.71	60.00	44.71	15.29	2026-01-08 12:45:03.778217
20852	2405	55	1.000	140.00	110.57	140.00	110.57	29.43	2026-01-08 12:45:03.778217
20853	2405	151	1.000	110.00	100.68	110.00	100.68	9.32	2026-01-08 12:45:03.778217
20854	2405	1538	1.000	90.00	75.37	90.00	75.37	14.63	2026-01-08 12:45:03.778217
20855	2405	105	2.000	110.00	91.69	220.00	183.38	36.62	2026-01-08 12:45:03.778217
20856	2405	139	1.000	230.00	114.22	230.00	114.22	115.78	2026-01-08 12:45:03.778217
20857	2405	102	1.000	140.00	99.84	140.00	99.84	40.16	2026-01-08 12:45:03.778217
20858	2405	103	1.000	90.00	59.75	90.00	59.75	30.25	2026-01-08 12:45:03.778217
20859	2405	93	1.000	280.00	152.27	280.00	152.27	127.73	2026-01-08 12:45:03.778217
20860	2405	92	1.000	200.00	150.02	200.00	150.02	49.98	2026-01-08 12:45:03.778217
20861	2405	81	1.000	75.00	74.15	75.00	74.15	0.85	2026-01-08 12:45:03.778217
20862	2405	111	1.000	350.00	230.51	350.00	230.51	119.49	2026-01-08 12:45:03.778217
20863	2405	1605	3.000	200.00	137.43	600.00	412.29	187.71	2026-01-08 12:45:03.778217
20864	2405	732	2.000	200.00	121.24	400.00	242.48	157.52	2026-01-08 12:45:03.778217
20865	2405	1602	3.000	120.00	71.68	360.00	215.04	144.96	2026-01-08 12:45:03.778217
20866	2405	1610	1.000	70.00	61.51	70.00	61.51	8.49	2026-01-08 12:45:03.778217
20867	2405	1610	7.000	75.00	61.51	525.00	430.57	94.43	2026-01-08 12:45:03.778217
20868	2405	1660	4.000	110.00	81.04	440.00	324.16	115.84	2026-01-08 12:45:03.778217
20869	2405	728	5.000	75.00	52.58	375.00	262.90	112.10	2026-01-08 12:45:03.778217
20870	2405	728	1.000	80.00	52.58	80.00	52.58	27.42	2026-01-08 12:45:03.778217
20871	2405	1591	1.000	80.00	65.93	80.00	65.93	14.07	2026-01-08 12:45:03.778217
20872	2405	1651	2.000	75.00	71.10	150.00	142.20	7.80	2026-01-08 12:45:03.778217
20873	2405	724	2.000	75.00	56.08	150.00	112.16	37.84	2026-01-08 12:45:03.778217
20874	2405	162	1.000	250.00	170.48	250.00	170.48	79.52	2026-01-08 12:45:03.778217
20875	2405	1658	2.000	110.00	86.08	220.00	172.16	47.84	2026-01-08 12:45:03.778217
20876	2405	1638	2.000	140.00	86.16	280.00	172.32	107.68	2026-01-08 12:45:03.778217
20877	2405	183	1.000	155.00	130.96	155.00	130.96	24.04	2026-01-08 12:45:03.778217
20878	2405	1633	1.000	90.00	71.12	90.00	71.12	18.88	2026-01-08 12:45:03.778217
20879	2405	1639	1.000	180.00	105.98	180.00	105.98	74.02	2026-01-08 12:45:03.778217
20880	2405	478	1.000	100.00	59.61	100.00	59.61	40.39	2026-01-08 12:45:03.778217
20881	2405	865	1.000	130.00	89.20	130.00	89.20	40.80	2026-01-08 12:45:03.778217
20882	2405	204	1.000	60.00	66.42	60.00	66.42	-6.42	2026-01-08 12:45:03.778217
20883	2405	204	3.000	65.00	66.42	195.00	199.26	-4.26	2026-01-08 12:45:03.778217
20884	2405	196	1.000	290.00	252.90	290.00	252.90	37.10	2026-01-08 12:45:03.778217
20885	2405	196	3.000	300.00	252.90	900.00	758.70	141.30	2026-01-08 12:45:03.778217
20886	2405	194	1.000	280.00	256.75	280.00	256.75	23.25	2026-01-08 12:45:03.778217
20887	2405	1722	1.000	110.00	82.75	110.00	82.75	27.25	2026-01-08 12:45:03.778217
20888	2405	220	1.000	200.00	207.06	200.00	207.06	-7.06	2026-01-08 12:45:03.778217
20889	2405	206	1.000	140.00	98.62	140.00	98.62	41.38	2026-01-08 12:45:03.778217
20890	2405	823	4.000	100.00	99.25	400.00	397.00	3.00	2026-01-08 12:45:03.778217
20891	2405	822	1.000	115.00	94.25	115.00	94.25	20.75	2026-01-08 12:45:03.778217
20892	2405	826	1.000	50.00	83.95	50.00	83.95	-33.95	2026-01-08 12:45:03.778217
20893	2405	834	1.000	50.00	57.22	50.00	57.22	-7.22	2026-01-08 12:45:03.778217
20894	2405	810	9.000	75.00	54.11	675.00	486.99	188.01	2026-01-08 12:45:03.778217
20895	2405	1872	3.000	110.00	68.69	330.00	206.07	123.93	2026-01-08 12:45:03.778217
20896	2405	1872	1.000	100.00	68.69	100.00	68.69	31.31	2026-01-08 12:45:03.778217
20897	2405	273	1.000	70.00	50.29	70.00	50.29	19.71	2026-01-08 12:45:03.778217
20898	2405	1785	1.000	120.00	102.65	120.00	102.65	17.35	2026-01-08 12:45:03.778217
20899	2405	804	1.000	130.00	89.46	130.00	89.46	40.54	2026-01-08 12:45:03.778217
20900	2405	1786	1.000	160.00	138.87	160.00	138.87	21.13	2026-01-08 12:45:03.778217
20901	2405	1881	1.000	180.00	148.98	180.00	148.98	31.02	2026-01-08 12:45:03.778217
20902	2405	422	1.000	70.00	48.03	70.00	48.03	21.97	2026-01-08 12:45:03.778217
20903	2405	853	1.000	80.00	68.74	80.00	68.74	11.26	2026-01-08 12:45:03.778217
20904	2405	396	2.000	50.00	60.89	100.00	121.78	-21.78	2026-01-08 12:45:03.778217
20905	2405	416	1.000	140.00	75.08	140.00	75.08	64.92	2026-01-08 12:45:03.778217
20906	2405	400	1.000	100.00	81.61	100.00	81.61	18.39	2026-01-08 12:45:03.778217
20907	2405	407	1.000	120.00	101.34	120.00	101.34	18.66	2026-01-08 12:45:03.778217
20908	2405	531	1.000	60.00	50.65	60.00	50.65	9.35	2026-01-08 12:45:03.778217
20909	2405	601	1.000	90.00	83.90	90.00	83.90	6.10	2026-01-08 12:45:03.778217
20910	2405	155	1.000	25.00	13.55	25.00	13.55	11.45	2026-01-08 12:45:03.778217
23394	2614	6008	2.000	90.00	79.32	180.00	158.64	21.36	2026-01-13 15:32:25.616142
23395	2614	6071	1.000	100.00	98.74	100.00	98.74	1.26	2026-01-13 15:32:25.616142
20911	2406	6231	8.000	70.00	66.75	560.00	534.00	26.00	2026-01-08 12:47:36.222123
20912	2406	6232	19.000	40.00	23.85	760.00	453.15	306.85	2026-01-08 12:47:36.222123
20913	2406	6276	5.000	110.00	81.67	550.00	408.35	141.65	2026-01-08 12:47:36.222123
20914	2406	6276	1.000	105.00	81.67	105.00	81.67	23.33	2026-01-08 12:47:36.222123
20915	2406	6267	2.000	230.00	180.43	460.00	360.86	99.14	2026-01-08 12:47:36.222123
20916	2406	6268	2.000	170.00	106.65	340.00	213.30	126.70	2026-01-08 12:47:36.222123
20917	2406	6269	1.000	115.00	59.77	115.00	59.77	55.23	2026-01-08 12:47:36.222123
20918	2406	6271	1.000	270.00	225.08	270.00	225.08	44.92	2026-01-08 12:47:36.222123
20919	2406	6258	3.000	140.00	100.34	420.00	301.02	118.98	2026-01-08 12:47:36.222123
20920	2406	6259	30.000	60.00	49.34	1800.00	1480.20	319.80	2026-01-08 12:47:36.222123
20921	2406	6262	4.000	100.00	57.17	400.00	228.68	171.32	2026-01-08 12:47:36.222123
20922	2406	6284	1.000	70.00	39.81	70.00	39.81	30.19	2026-01-08 12:47:36.222123
20923	2406	6250	5.000	160.00	134.98	800.00	674.90	125.10	2026-01-08 12:47:36.222123
20924	2406	6249	2.000	70.00	47.86	140.00	95.72	44.28	2026-01-08 12:47:36.222123
20925	2406	6249	1.000	65.00	47.86	65.00	47.86	17.14	2026-01-08 12:47:36.222123
20926	2406	6281	2.000	85.00	65.01	170.00	130.02	39.98	2026-01-08 12:47:36.222123
20927	2406	6282	1.000	65.00	31.77	65.00	31.77	33.23	2026-01-08 12:47:36.222123
20928	2406	6284	2.000	70.00	39.81	140.00	79.62	60.38	2026-01-08 12:47:36.222123
20929	2406	6236	1.000	90.00	57.97	90.00	57.97	32.03	2026-01-08 12:47:36.222123
20930	2406	6244	3.000	70.00	38.08	210.00	114.24	95.76	2026-01-08 12:47:36.222123
20931	2406	6244	2.000	65.00	38.08	130.00	76.16	53.84	2026-01-08 12:47:36.222123
20932	2406	6225	1.000	200.00	182.40	200.00	182.40	17.60	2026-01-08 12:47:36.222123
20933	2406	6247	2.000	60.00	42.54	120.00	85.08	34.92	2026-01-08 12:47:36.222123
20934	2406	6251	1.000	140.00	84.87	140.00	84.87	55.13	2026-01-08 12:47:36.222123
20935	2406	6277	1.000	400.00	180.06	400.00	180.06	219.94	2026-01-08 12:47:36.222123
20936	2406	6278	2.000	200.00	129.17	400.00	258.34	141.66	2026-01-08 12:47:36.222123
20937	2406	6257	1.000	210.00	168.84	210.00	168.84	41.16	2026-01-08 12:47:36.222123
20938	2406	6232	5.000	40.00	23.85	200.00	119.25	80.75	2026-01-08 12:47:36.222123
23396	2615	5493	1.000	125.00	138.93	125.00	138.93	-13.93	2026-01-13 15:33:15.854155
23397	2615	5487	2.000	115.00	88.54	230.00	177.08	52.92	2026-01-13 15:33:15.854155
23398	2615	5488	2.000	55.00	58.35	110.00	116.70	-6.70	2026-01-13 15:33:15.854155
23399	2615	5479	1.000	130.00	100.24	130.00	100.24	29.76	2026-01-13 15:33:15.854155
23400	2615	5562	2.000	150.00	139.76	300.00	279.52	20.48	2026-01-13 15:33:15.854155
23401	2615	5541	1.000	50.00	72.41	50.00	72.41	-22.41	2026-01-13 15:33:15.854155
23402	2615	5580	1.000	75.00	87.81	75.00	87.81	-12.81	2026-01-13 15:33:15.854155
23403	2615	5569	2.000	100.00	97.57	200.00	195.14	4.86	2026-01-13 15:33:15.854155
23404	2615	5569	3.000	90.00	97.57	270.00	292.71	-22.71	2026-01-13 15:33:15.854155
23405	2615	5540	1.000	345.00	261.53	345.00	261.53	83.47	2026-01-13 15:33:15.854155
23406	2615	5540	1.000	350.00	261.53	350.00	261.53	88.47	2026-01-13 15:33:15.854155
23407	2615	5537	1.000	240.00	198.66	240.00	198.66	41.34	2026-01-13 15:33:15.854155
23408	2615	5573	4.000	80.00	62.42	320.00	249.68	70.32	2026-01-13 15:33:15.854155
23409	2615	5608	5.000	210.00	158.15	1050.00	790.75	259.25	2026-01-13 15:33:15.854155
23410	2615	5609	2.000	100.00	100.24	200.00	200.48	-0.48	2026-01-13 15:33:15.854155
23411	2615	5585	3.000	110.00	88.53	330.00	265.59	64.41	2026-01-13 15:33:15.854155
23412	2615	5557	1.000	130.00	116.83	130.00	116.83	13.17	2026-01-13 15:33:15.854155
23413	2615	5543	3.000	100.00	90.24	300.00	270.72	29.28	2026-01-13 15:33:15.854155
23414	2615	5544	2.000	130.00	118.47	260.00	236.94	23.06	2026-01-13 15:33:15.854155
23415	2615	5558	1.000	70.00	67.55	70.00	67.55	2.45	2026-01-13 15:33:15.854155
23416	2615	5478	3.000	140.00	137.50	420.00	412.50	7.50	2026-01-13 15:33:15.854155
23417	2615	5528	1.000	125.00	118.49	125.00	118.49	6.51	2026-01-13 15:33:15.854155
23418	2615	5477	1.000	100.00	97.57	100.00	97.57	2.43	2026-01-13 15:33:15.854155
23419	2615	5513	1.000	75.00	67.75	75.00	67.75	7.25	2026-01-13 15:33:15.854155
23420	2615	5587	2.000	130.00	137.49	260.00	274.98	-14.98	2026-01-13 15:33:15.854155
23421	2615	5595	1.000	110.00	100.24	110.00	100.24	9.76	2026-01-13 15:33:15.854155
23422	2615	5612	2.000	100.00	115.31	200.00	230.62	-30.62	2026-01-13 15:33:15.854155
23423	2615	5517	1.000	75.00	79.05	75.00	79.05	-4.05	2026-01-13 15:33:15.854155
23424	2615	5572	1.000	55.00	49.99	55.00	49.99	5.01	2026-01-13 15:33:15.854155
23425	2615	5556	1.000	90.00	75.34	90.00	75.34	14.66	2026-01-13 15:33:15.854155
23426	2615	5605	2.000	80.00	86.46	160.00	172.92	-12.92	2026-01-13 15:33:15.854155
23427	2615	5635	2.000	300.00	237.74	600.00	475.48	124.52	2026-01-13 15:33:15.854155
23428	2615	5653	2.000	100.00	152.92	200.00	305.84	-105.84	2026-01-13 15:33:15.854155
23429	2615	5622	2.000	90.00	77.93	180.00	155.86	24.14	2026-01-13 15:33:15.854155
23430	2615	5647	2.000	85.00	67.77	170.00	135.54	34.46	2026-01-13 15:33:15.854155
23431	2615	5671	1.000	190.00	157.77	190.00	157.77	32.23	2026-01-13 15:33:15.854155
23432	2615	5708	1.000	125.00	92.57	125.00	92.57	32.43	2026-01-13 15:33:15.854155
23433	2615	5621	1.000	110.00	72.77	110.00	72.77	37.23	2026-01-13 15:33:15.854155
23434	2615	5702	1.000	80.00	77.97	80.00	77.97	2.03	2026-01-13 15:33:15.854155
23435	2615	5688	1.000	75.00	82.68	75.00	82.68	-7.68	2026-01-13 15:33:15.854155
23436	2615	5693	1.000	80.00	72.77	80.00	72.77	7.23	2026-01-13 15:33:15.854155
23437	2615	5705	2.000	80.00	87.75	160.00	175.50	-15.50	2026-01-13 15:33:15.854155
23438	2615	5720	4.000	65.00	52.98	260.00	211.92	48.08	2026-01-13 15:33:15.854155
23439	2615	5715	1.000	80.00	72.90	80.00	72.90	7.10	2026-01-13 15:33:15.854155
23440	2615	5991	4.000	60.00	63.48	240.00	253.92	-13.92	2026-01-13 15:33:15.854155
23441	2615	6025	1.000	130.00	98.96	130.00	98.96	31.04	2026-01-13 15:33:15.854155
23442	2615	6027	2.000	50.00	74.83	100.00	149.66	-49.66	2026-01-13 15:33:15.854155
23443	2615	6047	1.000	130.00	119.15	130.00	119.15	10.85	2026-01-13 15:33:15.854155
23444	2615	6033	3.000	80.00	69.16	240.00	207.48	32.52	2026-01-13 15:33:15.854155
23445	2615	5912	2.000	100.00	103.54	200.00	207.08	-7.08	2026-01-13 15:33:15.854155
20939	2407	6264	1.000	100.00	73.23	100.00	73.23	26.77	2026-01-08 12:48:48.301659
20940	2407	6232	2.000	40.00	25.75	80.00	51.50	28.50	2026-01-08 12:48:48.304223
20941	2407	6236	2.000	65.00	57.98	130.00	115.96	14.04	2026-01-08 12:48:48.306898
20942	2407	6259	2.000	70.00	49.80	140.00	99.60	40.40	2026-01-08 12:48:48.384271
20943	2408	6232	1.000	45.00	23.99	45.00	23.99	21.01	2026-01-08 12:49:33.810606
20944	2408	6232	3.000	50.00	23.99	150.00	71.97	78.03	2026-01-08 12:49:33.881141
20945	2408	6236	5.000	80.00	58.04	400.00	290.20	109.80	2026-01-08 12:49:33.899964
21861	2496	1790	1.000	300.00	154.57	300.00	154.57	145.43	2026-01-09 12:27:20.165713
21862	2496	244	2.000	50.00	47.64	100.00	95.28	4.72	2026-01-09 12:27:20.165713
21863	2496	810	13.000	70.00	59.57	910.00	774.41	135.59	2026-01-09 12:27:20.165713
21864	2496	1827	3.000	220.00	189.57	660.00	568.71	91.29	2026-01-09 12:27:20.165713
21865	2496	254	4.000	60.00	55.37	240.00	221.48	18.52	2026-01-09 12:27:20.165713
21866	2496	264	1.000	80.00	64.57	80.00	64.57	15.43	2026-01-09 12:27:20.165713
21867	2496	1837	2.000	125.00	94.57	250.00	189.14	60.86	2026-01-09 12:27:20.165713
21868	2496	1871	2.000	90.00	59.57	180.00	119.14	60.86	2026-01-09 12:27:20.165713
21869	2496	1861	2.000	220.00	174.57	440.00	349.14	90.86	2026-01-09 12:27:20.165713
21870	2496	1863	1.000	270.00	154.57	270.00	154.57	115.43	2026-01-09 12:27:20.165713
21871	2496	1828	1.000	140.00	124.57	140.00	124.57	15.43	2026-01-09 12:27:20.165713
21872	2496	1809	1.000	70.00	44.57	70.00	44.57	25.43	2026-01-09 12:27:20.165713
21873	2496	1644	1.000	120.00	90.06	120.00	90.06	29.94	2026-01-09 12:27:20.165713
21874	2496	722	21.000	50.00	48.07	1050.00	1009.47	40.53	2026-01-09 12:27:20.165713
21875	2496	730	1.000	230.00	157.28	230.00	157.28	72.72	2026-01-09 12:27:20.165713
21876	2496	1652	7.000	60.00	53.24	420.00	372.68	47.32	2026-01-09 12:27:20.165713
21877	2496	1639	1.000	160.00	108.52	160.00	108.52	51.48	2026-01-09 12:27:20.165713
21878	2496	733	2.000	120.00	105.64	240.00	211.28	28.72	2026-01-09 12:27:20.165713
21879	2496	731	1.000	120.00	96.64	120.00	96.64	23.36	2026-01-09 12:27:20.165713
21880	2496	1628	1.000	90.00	70.28	90.00	70.28	19.72	2026-01-09 12:27:20.165713
21881	2496	1656	5.000	125.00	130.28	625.00	651.40	-26.40	2026-01-09 12:27:20.165713
21882	2496	732	1.000	200.00	123.33	200.00	123.33	76.67	2026-01-09 12:27:20.165713
21883	2496	175	2.000	105.00	96.84	210.00	193.68	16.32	2026-01-09 12:27:20.165713
21884	2496	1645	2.000	60.00	47.49	120.00	94.98	25.02	2026-01-09 12:27:20.165713
21885	2496	1686	15.000	115.00	78.27	1725.00	1174.05	550.95	2026-01-09 12:27:20.165713
21886	2496	1687	8.000	195.00	143.89	1560.00	1151.12	408.88	2026-01-09 12:27:20.165713
21887	2496	1687	1.000	200.00	143.89	200.00	143.89	56.11	2026-01-09 12:27:20.165713
21888	2496	1692	20.000	90.00	72.81	1800.00	1456.20	343.80	2026-01-09 12:27:20.165713
21889	2496	1723	2.000	210.00	183.10	420.00	366.20	53.80	2026-01-09 12:27:20.165713
21890	2496	1674	2.000	70.00	53.15	140.00	106.30	33.70	2026-01-09 12:27:20.165713
21891	2496	196	1.000	280.00	252.86	280.00	252.86	27.14	2026-01-09 12:27:20.165713
21892	2496	217	3.000	75.00	48.10	225.00	144.30	80.70	2026-01-09 12:27:20.165713
21893	2496	223	2.000	60.00	49.02	120.00	98.04	21.96	2026-01-09 12:27:20.165713
21894	2496	231	1.000	55.00	57.56	55.00	57.56	-2.56	2026-01-09 12:27:20.165713
21895	2496	231	1.000	50.00	57.56	50.00	57.56	-7.56	2026-01-09 12:27:20.165713
21896	2496	199	1.000	110.00	73.49	110.00	73.49	36.51	2026-01-09 12:27:20.165713
21897	2496	1712	2.000	120.00	73.25	240.00	146.50	93.50	2026-01-09 12:27:20.165713
21898	2496	233	1.000	70.00	62.52	70.00	62.52	7.48	2026-01-09 12:27:20.165713
21899	2496	290	1.000	110.00	84.20	110.00	84.20	25.80	2026-01-09 12:27:20.165713
21900	2496	323	3.000	140.00	94.08	420.00	282.24	137.76	2026-01-09 12:27:20.165713
21901	2496	1954	10.000	70.00	51.18	700.00	511.80	188.20	2026-01-09 12:27:20.165713
21902	2496	1976	1.000	290.00	154.23	290.00	154.23	135.77	2026-01-09 12:27:20.165713
21903	2496	318	3.000	70.00	62.78	210.00	188.34	21.66	2026-01-09 12:27:20.165713
23461	2619	5297	2.000	110.00	91.40	220.00	182.80	37.20	2026-01-14 07:16:20.28739
23462	2619	5326	1.000	300.00	171.40	300.00	171.40	128.60	2026-01-14 07:16:20.28739
23463	2619	5332	5.000	210.00	121.40	1050.00	607.00	443.00	2026-01-14 07:16:20.28739
23464	2619	5333	20.000	115.00	81.40	2300.00	1628.00	672.00	2026-01-14 07:16:20.28739
23465	2619	5299	1.000	120.00	71.40	120.00	71.40	48.60	2026-01-14 07:16:20.28739
23466	2619	5309	4.000	210.00	196.40	840.00	785.60	54.40	2026-01-14 07:16:20.28739
23467	2619	5363	1.000	100.00	101.40	100.00	101.40	-1.40	2026-01-14 07:16:20.28739
23468	2619	5273	1.000	80.00	91.40	80.00	91.40	-11.40	2026-01-14 07:16:20.28739
23469	2619	5272	2.000	225.00	151.40	450.00	302.80	147.20	2026-01-14 07:16:20.28739
23470	2619	5354	2.000	120.00	71.40	240.00	142.80	97.20	2026-01-14 07:16:20.28739
23471	2619	5282	2.000	140.00	101.40	280.00	202.80	77.20	2026-01-14 07:16:20.28739
23472	2619	5317	1.000	140.00	101.40	140.00	101.40	38.60	2026-01-14 07:16:20.28739
23473	2619	5294	3.000	170.00	111.40	510.00	334.20	175.80	2026-01-14 07:16:20.28739
23474	2619	5319	2.000	125.00	61.40	250.00	122.80	127.20	2026-01-14 07:16:20.28739
23475	2619	5318	2.000	130.00	91.40	260.00	182.80	77.20	2026-01-14 07:16:20.28739
20946	2426	5409	1.000	480.00	376.81	480.00	376.81	103.19	2026-01-08 13:56:43.632718
20947	2426	5405	1.000	200.00	166.81	200.00	166.81	33.19	2026-01-08 13:56:43.632718
20948	2426	5411	1.000	120.00	77.12	120.00	77.12	42.88	2026-01-08 13:56:43.632718
20949	2426	5407	3.000	270.00	158.72	810.00	476.16	333.84	2026-01-08 13:56:43.632718
20950	2426	5422	7.000	150.00	116.81	1050.00	817.67	232.33	2026-01-08 13:56:43.632718
20951	2426	5412	1.000	160.00	146.81	160.00	146.81	13.19	2026-01-08 13:56:43.632718
20952	2426	5413	3.000	200.00	156.93	600.00	470.79	129.21	2026-01-08 13:56:43.632718
20953	2426	5464	1.000	200.00	124.19	200.00	124.19	75.81	2026-01-08 13:56:43.632718
20954	2426	5430	2.000	200.00	149.17	400.00	298.34	101.66	2026-01-08 13:56:43.632718
20955	2426	5425	1.000	125.00	86.62	125.00	86.62	38.38	2026-01-08 13:56:43.632718
20956	2426	5451	2.000	210.00	126.50	420.00	253.00	167.00	2026-01-08 13:56:43.632718
20957	2426	5433	3.000	300.00	236.99	900.00	710.97	189.03	2026-01-08 13:56:43.632718
20958	2426	5437	2.000	230.00	171.81	460.00	343.62	116.38	2026-01-08 13:56:43.632718
20959	2426	5453	1.000	100.00	56.72	100.00	56.72	43.28	2026-01-08 13:56:43.632718
20960	2426	5462	2.000	230.00	178.81	460.00	357.62	102.38	2026-01-08 13:56:43.632718
20961	2426	5386	1.000	190.00	157.17	190.00	157.17	32.83	2026-01-08 13:56:43.632718
20962	2426	5391	4.000	85.00	81.32	340.00	325.28	14.72	2026-01-08 13:56:43.632718
20963	2426	5408	1.000	130.00	104.94	130.00	104.94	25.06	2026-01-08 13:56:43.632718
20964	2426	5416	2.000	80.00	76.99	160.00	153.98	6.02	2026-01-08 13:56:43.632718
20965	2426	5431	3.000	110.00	91.39	330.00	274.17	55.83	2026-01-08 13:56:43.632718
20966	2426	5426	1.000	100.00	96.87	100.00	96.87	3.13	2026-01-08 13:56:43.632718
20967	2426	5452	1.000	110.00	82.05	110.00	82.05	27.95	2026-01-08 13:56:43.632718
20968	2426	5434	1.000	150.00	111.87	150.00	111.87	38.13	2026-01-08 13:56:43.632718
20969	2426	5438	2.000	130.00	108.91	260.00	217.82	42.18	2026-01-08 13:56:43.632718
20970	2426	5456	6.000	90.00	86.81	540.00	520.86	19.14	2026-01-08 13:56:43.632718
20971	2426	5381	2.000	130.00	82.01	260.00	164.02	95.98	2026-01-08 13:56:43.632718
20972	2426	5379	20.000	120.00	82.35	2400.00	1647.00	753.00	2026-01-08 13:56:43.632718
20973	2426	5380	2.000	55.00	51.86	110.00	103.72	6.28	2026-01-08 13:56:43.632718
20974	2426	5380	1.000	60.00	51.86	60.00	51.86	8.14	2026-01-08 13:56:43.632718
20975	2426	5439	1.000	70.00	71.47	70.00	71.47	-1.47	2026-01-08 13:56:43.632718
20976	2426	5447	3.000	85.00	86.65	255.00	259.95	-4.95	2026-01-08 13:56:43.632718
20977	2426	5423	11.000	75.00	57.81	825.00	635.91	189.09	2026-01-08 13:56:43.632718
20978	2426	5448	1.000	50.00	61.73	50.00	61.73	-11.73	2026-01-08 13:56:43.632718
20979	2426	5996	1.000	250.00	190.03	250.00	190.03	59.97	2026-01-08 13:56:43.632718
20980	2426	6071	1.000	100.00	98.67	100.00	98.67	1.33	2026-01-08 13:56:43.632718
20981	2426	5955	1.000	125.00	110.61	125.00	110.61	14.39	2026-01-08 13:56:43.632718
20982	2426	6047	1.000	130.00	119.11	130.00	119.11	10.89	2026-01-08 13:56:43.632718
20983	2426	5968	1.000	100.00	99.32	100.00	99.32	0.68	2026-01-08 13:56:43.632718
20984	2426	5983	4.000	100.00	88.02	400.00	352.08	47.92	2026-01-08 13:56:43.632718
20985	2426	5982	1.000	75.00	69.37	75.00	69.37	5.63	2026-01-08 13:56:43.632718
20986	2426	6011	1.000	80.00	58.45	80.00	58.45	21.55	2026-01-08 13:56:43.632718
20987	2426	5720	1.000	70.00	53.20	70.00	53.20	16.80	2026-01-08 13:56:43.632718
20988	2426	5605	10.000	80.00	84.99	800.00	849.90	-49.90	2026-01-08 13:56:43.632718
20989	2426	5487	25.000	110.00	87.20	2750.00	2180.00	570.00	2026-01-08 13:56:43.632718
21904	2497	6233	1.000	220.00	190.52	220.00	190.52	29.48	2026-01-09 12:33:18.301326
21905	2497	6231	2.000	70.00	66.75	140.00	133.50	6.50	2026-01-09 12:33:18.384445
21906	2497	6232	2.000	40.00	23.85	80.00	47.70	32.30	2026-01-09 12:33:18.387222
21907	2497	6284	1.000	70.00	39.81	70.00	39.81	30.19	2026-01-09 12:33:18.389908
21908	2497	6244	1.000	70.00	38.08	70.00	38.08	31.92	2026-01-09 12:33:18.392517
21909	2497	6244	1.000	65.00	38.08	65.00	38.08	26.92	2026-01-09 12:33:18.39506
21910	2497	6264	1.000	100.00	71.93	100.00	71.93	28.07	2026-01-09 12:33:18.397581
23476	2627	612	8.000	220.00	146.66	1760.00	1173.28	586.72	2026-01-14 11:53:56.10359
23477	2627	561	3.000	150.00	135.54	450.00	406.62	43.38	2026-01-14 11:53:56.10359
23478	2627	511	2.000	130.00	99.31	260.00	198.62	61.38	2026-01-14 11:53:56.10359
23479	2627	515	1.000	120.00	84.43	120.00	84.43	35.57	2026-01-14 11:53:56.10359
23480	2627	515	1.000	110.00	84.43	110.00	84.43	25.57	2026-01-14 11:53:56.10359
23481	2627	571	2.000	80.00	86.65	160.00	173.30	-13.30	2026-01-14 11:53:56.10359
23482	2627	568	4.000	80.00	60.25	320.00	241.00	79.00	2026-01-14 11:53:56.10359
23483	2627	568	1.000	75.00	60.25	75.00	60.25	14.75	2026-01-14 11:53:56.10359
23484	2627	531	5.000	60.00	51.35	300.00	256.75	43.25	2026-01-14 11:53:56.10359
23485	2627	514	1.000	380.00	256.66	380.00	256.66	123.34	2026-01-14 11:53:56.10359
23486	2627	633	1.000	300.00	280.15	300.00	280.15	19.85	2026-01-14 11:53:56.10359
23487	2627	547	1.000	240.00	189.44	240.00	189.44	50.56	2026-01-14 11:53:56.10359
23488	2627	1511	1.000	220.00	152.66	220.00	152.66	67.34	2026-01-14 11:53:56.10359
23489	2627	585	1.000	190.00	136.10	190.00	136.10	53.90	2026-01-14 11:53:56.10359
23490	2627	532	1.000	140.00	85.85	140.00	85.85	54.15	2026-01-14 11:53:56.10359
23491	2627	519	1.000	130.00	90.20	130.00	90.20	39.80	2026-01-14 11:53:56.10359
23492	2627	586	1.000	130.00	103.81	130.00	103.81	26.19	2026-01-14 11:53:56.10359
23493	2627	1465	1.000	120.00	109.33	120.00	109.33	10.67	2026-01-14 11:53:56.10359
23494	2627	1514	1.000	115.00	85.06	115.00	85.06	29.94	2026-01-14 11:53:56.10359
23495	2627	520	1.000	100.00	50.78	100.00	50.78	49.22	2026-01-14 11:53:56.10359
23496	2627	630	1.000	60.00	57.18	60.00	57.18	2.82	2026-01-14 11:53:56.10359
23497	2627	635	1.000	50.00	103.31	50.00	103.31	-53.31	2026-01-14 11:53:56.10359
23498	2627	63	15.000	60.00	46.02	900.00	690.30	209.70	2026-01-14 11:53:56.10359
23499	2627	329	1.000	150.00	132.62	150.00	132.62	17.38	2026-01-14 11:53:56.10359
23500	2627	329	1.000	145.00	132.62	145.00	132.62	12.38	2026-01-14 11:53:56.10359
23501	2627	1980	3.000	100.00	73.35	300.00	220.05	79.95	2026-01-14 11:53:56.10359
23502	2627	291	6.000	45.00	44.58	270.00	267.48	2.52	2026-01-14 11:53:56.10359
23503	2627	693	1.000	125.00	91.43	125.00	91.43	33.57	2026-01-14 11:53:56.10359
23504	2627	1966	1.000	100.00	85.55	100.00	85.55	14.45	2026-01-14 11:53:56.10359
23505	2627	318	1.000	100.00	61.45	100.00	61.45	38.55	2026-01-14 11:53:56.10359
23506	2627	1978	1.000	90.00	53.45	90.00	53.45	36.55	2026-01-14 11:53:56.10359
23507	2627	316	1.000	65.00	54.62	65.00	54.62	10.38	2026-01-14 11:53:56.10359
23508	2627	307	1.000	60.00	56.33	60.00	56.33	3.67	2026-01-14 11:53:56.10359
23509	2627	1559	2.000	130.00	116.94	260.00	233.88	26.12	2026-01-14 11:53:56.10359
23510	2627	371	1.000	140.00	99.78	140.00	99.78	40.22	2026-01-14 11:53:56.10359
23511	2627	1573	2.000	125.00	91.51	250.00	183.02	66.98	2026-01-14 11:53:56.10359
23512	2627	351	1.000	110.00	56.47	110.00	56.47	53.53	2026-01-14 11:53:56.10359
23513	2627	345	2.000	110.00	85.69	220.00	171.38	48.62	2026-01-14 11:53:56.10359
23514	2627	1560	1.000	100.00	51.14	100.00	51.14	48.86	2026-01-14 11:53:56.10359
23515	2627	377	1.000	100.00	50.85	100.00	50.85	49.15	2026-01-14 11:53:56.10359
23516	2627	683	1.000	100.00	64.38	100.00	64.38	35.62	2026-01-14 11:53:56.10359
23517	2627	362	1.000	80.00	80.52	80.00	80.52	-0.52	2026-01-14 11:53:56.10359
23518	2627	1563	1.000	70.00	43.66	70.00	43.66	26.34	2026-01-14 11:53:56.10359
23519	2627	372	1.000	70.00	60.25	70.00	60.25	9.75	2026-01-14 11:53:56.10359
23520	2627	418	1.000	70.00	48.26	70.00	48.26	21.74	2026-01-14 11:53:56.10359
20990	2427	5493	1.000	125.00	138.14	125.00	138.14	-13.14	2026-01-08 15:35:41.352827
20991	2427	5486	1.000	190.00	139.39	190.00	139.39	50.61	2026-01-08 15:35:41.352827
20992	2427	5487	1.000	110.00	87.20	110.00	87.20	22.80	2026-01-08 15:35:41.352827
20993	2427	5597	4.000	110.00	87.49	440.00	349.96	90.04	2026-01-08 15:35:41.352827
20994	2427	5511	1.000	85.00	56.39	85.00	56.39	28.61	2026-01-08 15:35:41.352827
20995	2427	5545	1.000	180.00	146.72	180.00	146.72	33.28	2026-01-08 15:35:41.352827
20996	2427	5537	1.000	250.00	197.61	250.00	197.61	52.39	2026-01-08 15:35:41.352827
20997	2427	5549	4.000	75.00	67.81	300.00	271.24	28.76	2026-01-08 15:35:41.352827
20998	2427	5574	1.000	170.00	156.42	170.00	156.42	13.58	2026-01-08 15:35:41.352827
20999	2427	5585	2.000	110.00	87.50	220.00	175.00	45.00	2026-01-08 15:35:41.352827
21000	2427	5543	1.000	100.00	86.63	100.00	86.63	13.37	2026-01-08 15:35:41.352827
21001	2427	5618	1.000	85.00	77.40	85.00	77.40	7.60	2026-01-08 15:35:41.352827
21002	2427	5546	1.000	170.00	126.45	170.00	126.45	43.55	2026-01-08 15:35:41.352827
21003	2427	5562	3.000	150.00	137.11	450.00	411.33	38.67	2026-01-08 15:35:41.352827
21004	2427	5541	1.000	55.00	72.93	55.00	72.93	-17.93	2026-01-08 15:35:41.352827
21005	2427	5477	1.000	100.00	96.94	100.00	96.94	3.06	2026-01-08 15:35:41.352827
21006	2427	5572	1.000	55.00	48.12	55.00	48.12	6.88	2026-01-08 15:35:41.352827
21007	2427	5638	1.000	55.00	52.77	55.00	52.77	2.23	2026-01-08 15:35:41.352827
21008	2427	5647	2.000	90.00	67.77	180.00	135.54	44.46	2026-01-08 15:35:41.352827
21009	2427	5662	1.000	470.00	377.77	470.00	377.77	92.23	2026-01-08 15:35:41.352827
21010	2427	5667	1.000	200.00	127.66	200.00	127.66	72.34	2026-01-08 15:35:41.352827
21011	2427	5675	1.000	150.00	92.87	150.00	92.87	57.13	2026-01-08 15:35:41.352827
21012	2427	5680	2.000	75.00	58.77	150.00	117.54	32.46	2026-01-08 15:35:41.352827
21013	2427	5673	4.000	80.00	72.77	320.00	291.08	28.92	2026-01-08 15:35:41.352827
21014	2427	5660	1.000	250.00	159.77	250.00	159.77	90.23	2026-01-08 15:35:41.352827
21015	2427	5702	1.000	80.00	77.97	80.00	77.97	2.03	2026-01-08 15:35:41.352827
21016	2427	5654	1.000	60.00	63.21	60.00	63.21	-3.21	2026-01-08 15:35:41.352827
21017	2427	5653	1.000	120.00	152.92	120.00	152.92	-32.92	2026-01-08 15:35:41.352827
21018	2427	5663	1.000	115.00	53.51	115.00	53.51	61.49	2026-01-08 15:35:41.352827
21019	2427	5698	1.000	110.00	92.44	110.00	92.44	17.56	2026-01-08 15:35:41.352827
21020	2427	5711	2.000	110.00	77.97	220.00	155.94	64.06	2026-01-08 15:35:41.352827
21021	2427	5692	1.000	130.00	109.77	130.00	109.77	20.23	2026-01-08 15:35:41.352827
21022	2427	5693	1.000	75.00	72.77	75.00	72.77	2.23	2026-01-08 15:35:41.352827
21023	2427	5721	1.000	100.00	113.09	100.00	113.09	-13.09	2026-01-08 15:35:41.352827
21024	2427	5705	1.000	80.00	87.75	80.00	87.75	-7.75	2026-01-08 15:35:41.352827
21025	2427	5943	4.000	50.00	59.80	200.00	239.20	-39.20	2026-01-08 15:35:41.352827
21026	2427	5991	1.000	60.00	63.48	60.00	63.48	-3.48	2026-01-08 15:35:41.352827
21027	2427	6033	3.000	80.00	68.79	240.00	206.37	33.63	2026-01-08 15:35:41.352827
21028	2427	5899	1.000	90.00	83.76	90.00	83.76	6.24	2026-01-08 15:35:41.352827
21029	2427	5444	1.000	80.00	81.37	80.00	81.37	-1.37	2026-01-08 15:35:41.352827
21030	2427	5628	1.000	180.00	152.79	180.00	152.79	27.21	2026-01-08 15:35:41.352827
21911	2501	1463	1.000	120.00	96.66	120.00	96.66	23.34	2026-01-09 13:00:28.827389
21912	2501	530	1.000	190.00	195.91	190.00	195.91	-5.91	2026-01-09 13:00:28.827389
21913	2501	153	4.000	400.00	336.66	1600.00	1346.64	253.36	2026-01-09 13:00:28.827389
21914	2501	612	1.000	210.00	146.66	210.00	146.66	63.34	2026-01-09 13:00:28.827389
21915	2501	612	1.000	205.00	146.66	205.00	146.66	58.34	2026-01-09 13:00:28.827389
21916	2501	515	1.000	120.00	84.76	120.00	84.76	35.24	2026-01-09 13:00:28.827389
21917	2501	516	4.000	50.00	56.66	200.00	226.64	-26.64	2026-01-09 13:00:28.827389
21918	2501	337	22.000	55.00	56.66	1210.00	1246.52	-36.52	2026-01-09 13:00:28.827389
21919	2501	613	9.000	85.00	76.66	765.00	689.94	75.06	2026-01-09 13:00:28.827389
21920	2501	529	1.000	250.00	256.72	250.00	256.72	-6.72	2026-01-09 13:00:28.827389
21921	2501	1473	1.000	60.00	66.66	60.00	66.66	-6.66	2026-01-09 13:00:28.827389
21922	2501	1478	2.000	130.00	114.67	260.00	229.34	30.66	2026-01-09 13:00:28.827389
21923	2501	1480	1.000	150.00	136.66	150.00	136.66	13.34	2026-01-09 13:00:28.827389
21924	2501	1481	3.000	75.00	65.60	225.00	196.80	28.20	2026-01-09 13:00:28.827389
21925	2501	556	1.000	150.00	131.71	150.00	131.71	18.29	2026-01-09 13:00:28.827389
21926	2501	579	1.000	160.00	149.16	160.00	149.16	10.84	2026-01-09 13:00:28.827389
21927	2501	570	1.000	370.00	304.98	370.00	304.98	65.02	2026-01-09 13:00:28.827389
21928	2501	1491	1.000	320.00	261.66	320.00	261.66	58.34	2026-01-09 13:00:28.827389
21929	2501	561	1.000	150.00	135.54	150.00	135.54	14.46	2026-01-09 13:00:28.827389
21930	2501	1502	1.000	130.00	135.46	130.00	135.46	-5.46	2026-01-09 13:00:28.827389
21931	2501	1513	1.000	115.00	106.66	115.00	106.66	8.34	2026-01-09 13:00:28.827389
21932	2501	555	1.000	140.00	125.68	140.00	125.68	14.32	2026-01-09 13:00:28.827389
21933	2501	555	1.000	150.00	125.68	150.00	125.68	24.32	2026-01-09 13:00:28.827389
21934	2501	537	1.000	300.00	291.66	300.00	291.66	8.34	2026-01-09 13:00:28.827389
21935	2501	564	1.000	350.00	266.66	350.00	266.66	83.34	2026-01-09 13:00:28.827389
21936	2501	1492	1.000	400.00	291.66	400.00	291.66	108.34	2026-01-09 13:00:28.827389
21937	2501	1506	1.000	140.00	116.66	140.00	116.66	23.34	2026-01-09 13:00:28.827389
21938	2501	585	1.000	170.00	136.10	170.00	136.10	33.90	2026-01-09 13:00:28.827389
21939	2501	1474	1.000	70.00	80.71	70.00	80.71	-10.71	2026-01-09 13:00:28.827389
21940	2501	541	1.000	85.00	72.67	85.00	72.67	12.33	2026-01-09 13:00:28.827389
21941	2501	634	1.000	70.00	82.65	70.00	82.65	-12.65	2026-01-09 13:00:28.827389
23521	2628	344	8.000	80.00	76.63	640.00	613.04	26.96	2026-01-14 11:54:55.461992
23522	2628	371	3.000	130.00	100.60	390.00	301.80	88.20	2026-01-14 11:54:55.461992
23523	2628	718	5.000	40.00	41.42	200.00	207.10	-7.10	2026-01-14 11:54:55.461992
23524	2628	498	1.000	380.00	254.49	380.00	254.49	125.51	2026-01-14 11:54:55.461992
23525	2628	382	1.000	140.00	112.36	140.00	112.36	27.64	2026-01-14 11:54:55.461992
23526	2628	418	2.000	65.00	48.26	130.00	96.52	33.48	2026-01-14 11:54:55.461992
23527	2628	419	1.000	90.00	53.26	90.00	53.26	36.74	2026-01-14 11:54:55.461992
23528	2628	63	3.000	50.00	45.97	150.00	137.91	12.09	2026-01-14 11:54:55.461992
23529	2628	63	1.000	55.00	45.97	55.00	45.97	9.03	2026-01-14 11:54:55.461992
21031	2430	5351	1.000	120.00	66.40	120.00	66.40	53.60	2026-01-08 16:03:45.15807
21032	2430	5351	5.000	105.00	66.40	525.00	332.00	193.00	2026-01-08 16:03:45.15807
21033	2430	5324	2.000	170.00	106.40	340.00	212.80	127.20	2026-01-08 16:03:45.15807
21034	2430	5324	2.000	160.00	106.40	320.00	212.80	107.20	2026-01-08 16:03:45.15807
21035	2430	5336	1.000	120.00	86.40	120.00	86.40	33.60	2026-01-08 16:03:45.15807
21036	2430	5300	1.000	120.00	101.40	120.00	101.40	18.60	2026-01-08 16:03:45.15807
21037	2430	5300	2.000	115.00	101.40	230.00	202.80	27.20	2026-01-08 16:03:45.15807
21038	2430	5325	4.000	110.00	61.40	440.00	245.60	194.40	2026-01-08 16:03:45.15807
21039	2430	5366	5.000	140.00	71.40	700.00	357.00	343.00	2026-01-08 16:03:45.15807
21040	2430	5340	1.000	90.00	66.40	90.00	66.40	23.60	2026-01-08 16:03:45.15807
21041	2430	5328	1.000	100.00	71.40	100.00	71.40	28.60	2026-01-08 16:03:45.15807
21942	2502	61	2.000	350.00	245.19	700.00	490.38	209.62	2026-01-09 13:13:31.658873
21943	2502	1521	3.000	200.00	155.19	600.00	465.57	134.43	2026-01-09 13:13:31.658873
21944	2502	1521	5.000	210.00	155.19	1050.00	775.95	274.05	2026-01-09 13:13:31.658873
21945	2502	1521	9.000	200.00	155.19	1800.00	1396.71	403.29	2026-01-09 13:13:31.658873
21946	2502	1521	1.000	190.00	155.19	190.00	155.19	34.81	2026-01-09 13:13:31.658873
21947	2502	62	4.000	130.00	78.37	520.00	313.48	206.52	2026-01-09 13:13:31.658873
21948	2502	62	2.000	125.00	78.37	250.00	156.74	93.26	2026-01-09 13:13:31.658873
21949	2502	63	17.000	60.00	45.80	1020.00	778.60	241.40	2026-01-09 13:13:31.658873
21950	2502	63	5.000	55.00	45.80	275.00	229.00	46.00	2026-01-09 13:13:31.658873
21951	2502	93	4.000	290.00	153.34	1160.00	613.36	546.64	2026-01-09 13:13:31.658873
21952	2502	93	1.000	190.00	153.34	190.00	153.34	36.66	2026-01-09 13:13:31.658873
21953	2502	94	1.000	135.00	99.91	135.00	99.91	35.09	2026-01-09 13:13:31.658873
21954	2502	139	1.000	230.00	119.07	230.00	119.07	110.93	2026-01-09 13:13:31.658873
21955	2502	97	10.000	210.00	152.68	2100.00	1526.80	573.20	2026-01-09 13:13:31.658873
21956	2502	1527	2.000	230.00	165.19	460.00	330.38	129.62	2026-01-09 13:13:31.658873
21957	2502	92	3.000	190.00	150.85	570.00	452.55	117.45	2026-01-09 13:13:31.658873
21958	2502	98	4.000	90.00	72.22	360.00	288.88	71.12	2026-01-09 13:13:31.658873
21959	2502	1528	2.000	130.00	75.19	260.00	150.38	109.62	2026-01-09 13:13:31.658873
21960	2502	108	8.000	150.00	115.19	1200.00	921.52	278.48	2026-01-09 13:13:31.658873
21961	2502	108	1.000	140.00	115.19	140.00	115.19	24.81	2026-01-09 13:13:31.658873
21962	2502	1532	22.000	90.00	56.19	1980.00	1236.18	743.82	2026-01-09 13:13:31.658873
21963	2502	1536	1.000	190.00	135.19	190.00	135.19	54.81	2026-01-09 13:13:31.658873
21964	2502	1540	4.000	130.00	79.99	520.00	319.96	200.04	2026-01-09 13:13:31.658873
21965	2502	1540	1.000	125.00	79.99	125.00	79.99	45.01	2026-01-09 13:13:31.658873
21966	2502	705	2.000	240.00	170.19	480.00	340.38	139.62	2026-01-09 13:13:31.658873
21967	2502	705	1.000	235.00	170.19	235.00	170.19	64.81	2026-01-09 13:13:31.658873
21968	2502	114	2.000	130.00	104.43	260.00	208.86	51.14	2026-01-09 13:13:31.658873
21969	2502	122	1.000	50.00	71.56	50.00	71.56	-21.56	2026-01-09 13:13:31.658873
21970	2502	129	1.000	300.00	147.19	300.00	147.19	152.81	2026-01-09 13:13:31.658873
21971	2502	130	2.000	135.00	87.33	270.00	174.66	95.34	2026-01-09 13:13:31.658873
21972	2502	130	1.000	130.00	87.33	130.00	87.33	42.67	2026-01-09 13:13:31.658873
21973	2502	1543	1.000	115.00	68.70	115.00	68.70	46.30	2026-01-09 13:13:31.658873
21974	2502	117	1.000	200.00	144.08	200.00	144.08	55.92	2026-01-09 13:13:31.658873
21975	2502	1537	4.000	100.00	89.99	400.00	359.96	40.04	2026-01-09 13:13:31.658873
21976	2502	1539	1.000	110.00	60.19	110.00	60.19	49.81	2026-01-09 13:13:31.658873
21977	2502	109	1.000	105.00	85.04	105.00	85.04	19.96	2026-01-09 13:13:31.658873
21978	2502	1549	3.000	110.00	60.19	330.00	180.57	149.43	2026-01-09 13:13:31.658873
21979	2502	134	4.000	100.00	89.70	400.00	358.80	41.20	2026-01-09 13:13:31.658873
21980	2502	133	2.000	160.00	135.19	320.00	270.38	49.62	2026-01-09 13:13:31.658873
21981	2502	71	7.000	50.00	46.06	350.00	322.42	27.58	2026-01-09 13:13:31.658873
21982	2502	1547	1.000	105.00	82.18	105.00	82.18	22.82	2026-01-09 13:13:31.658873
21983	2502	85	1.000	105.00	77.37	105.00	77.37	27.63	2026-01-09 13:13:31.658873
21984	2502	85	1.000	100.00	77.37	100.00	77.37	22.63	2026-01-09 13:13:31.658873
21985	2502	149	2.000	100.00	82.48	200.00	164.96	35.04	2026-01-09 13:13:31.658873
21986	2502	58	2.000	120.00	81.25	240.00	162.50	77.50	2026-01-09 13:13:31.658873
21987	2502	60	1.000	130.00	110.62	130.00	110.62	19.38	2026-01-09 13:13:31.658873
21988	2502	125	1.000	65.00	53.74	65.00	53.74	11.26	2026-01-09 13:13:31.658873
21989	2502	125	1.000	60.00	53.74	60.00	53.74	6.26	2026-01-09 13:13:31.658873
21990	2502	1551	1.000	115.00	122.69	115.00	122.69	-7.69	2026-01-09 13:13:31.658873
21991	2502	75	1.000	200.00	113.91	200.00	113.91	86.09	2026-01-09 13:13:31.658873
21992	2502	708	2.000	170.00	130.76	340.00	261.52	78.48	2026-01-09 13:13:31.658873
21993	2502	79	1.000	160.00	66.38	160.00	66.38	93.62	2026-01-09 13:13:31.658873
21994	2502	152	1.000	120.00	88.12	120.00	88.12	31.88	2026-01-09 13:13:31.658873
21995	2502	1520	5.000	95.00	95.19	475.00	475.95	-0.95	2026-01-09 13:13:31.658873
21996	2502	69	1.000	80.00	75.19	80.00	75.19	4.81	2026-01-09 13:13:31.658873
21997	2502	106	2.000	140.00	92.96	280.00	185.92	94.08	2026-01-09 13:13:31.658873
21998	2502	128	3.000	40.00	56.53	120.00	169.59	-49.59	2026-01-09 13:13:31.658873
23530	2629	6232	3.000	45.00	25.62	135.00	76.86	58.14	2026-01-14 12:15:27.0891
23531	2629	6249	5.000	70.00	47.86	350.00	239.30	110.70	2026-01-14 12:15:27.093496
23532	2629	6231	1.000	70.00	66.75	70.00	66.75	3.25	2026-01-14 12:15:27.097338
23533	2629	6266	1.000	75.00	50.47	75.00	50.47	24.53	2026-01-14 12:15:27.100916
21042	2431	1521	2.000	200.00	154.75	400.00	309.50	90.50	2026-01-09 06:29:24.074082
21043	2431	62	9.000	130.00	76.95	1170.00	692.55	477.45	2026-01-09 06:29:24.074082
21044	2431	62	1.000	125.00	76.95	125.00	76.95	48.05	2026-01-09 06:29:24.074082
21045	2431	63	12.000	60.00	45.57	720.00	546.84	173.16	2026-01-09 06:29:24.074082
21046	2431	93	3.000	280.00	152.86	840.00	458.58	381.42	2026-01-09 06:29:24.074082
21047	2431	94	2.000	135.00	99.02	270.00	198.04	71.96	2026-01-09 06:29:24.074082
21048	2431	139	1.000	230.00	118.38	230.00	118.38	111.62	2026-01-09 06:29:24.074082
21049	2431	98	3.000	90.00	71.13	270.00	213.39	56.61	2026-01-09 06:29:24.074082
21050	2431	92	4.000	190.00	150.27	760.00	601.08	158.92	2026-01-09 06:29:24.074082
21051	2431	111	1.000	320.00	232.20	320.00	232.20	87.80	2026-01-09 06:29:24.074082
21052	2431	112	5.000	160.00	106.07	800.00	530.35	269.65	2026-01-09 06:29:24.074082
21053	2431	1536	1.000	190.00	134.75	190.00	134.75	55.25	2026-01-09 06:29:24.074082
21054	2431	121	1.000	350.00	279.33	350.00	279.33	70.67	2026-01-09 06:29:24.074082
21055	2431	118	1.000	90.00	70.91	90.00	70.91	19.09	2026-01-09 06:29:24.074082
21056	2431	113	1.000	95.00	70.61	95.00	70.61	24.39	2026-01-09 06:29:24.074082
21057	2431	1535	1.000	270.00	156.20	270.00	156.20	113.80	2026-01-09 06:29:24.074082
21058	2431	1533	1.000	110.00	94.65	110.00	94.65	15.35	2026-01-09 06:29:24.074082
21059	2431	71	7.000	50.00	45.93	350.00	321.51	28.49	2026-01-09 06:29:24.074082
21060	2431	54	1.000	85.00	76.66	85.00	76.66	8.34	2026-01-09 06:29:24.074082
21061	2431	1546	2.000	80.00	52.50	160.00	105.00	55.00	2026-01-09 06:29:24.074082
21062	2431	141	1.000	60.00	44.37	60.00	44.37	15.63	2026-01-09 06:29:24.074082
21063	2431	147	1.000	50.00	85.12	50.00	85.12	-35.12	2026-01-09 06:29:24.074082
21064	2431	708	2.000	170.00	130.54	340.00	261.08	78.92	2026-01-09 06:29:24.074082
21065	2431	87	4.000	100.00	70.05	400.00	280.20	119.80	2026-01-09 06:29:24.074082
21066	2431	86	1.000	80.00	56.58	80.00	56.58	23.42	2026-01-09 06:29:24.074082
21067	2431	105	2.000	95.00	86.98	190.00	173.96	16.04	2026-01-09 06:29:24.074082
21068	2431	115	1.000	65.00	48.46	65.00	48.46	16.54	2026-01-09 06:29:24.074082
21069	2431	152	1.000	120.00	87.29	120.00	87.29	32.71	2026-01-09 06:29:24.074082
21070	2431	126	1.000	180.00	135.34	180.00	135.34	44.66	2026-01-09 06:29:24.074082
21071	2431	127	1.000	80.00	80.06	80.00	80.06	-0.06	2026-01-09 06:29:24.074082
21072	2431	128	1.000	40.00	55.73	40.00	55.73	-15.73	2026-01-09 06:29:24.074082
21073	2431	137	2.000	190.00	111.24	380.00	222.48	157.52	2026-01-09 06:29:24.074082
21074	2431	1541	1.000	100.00	77.05	100.00	77.05	22.95	2026-01-09 06:29:24.074082
21075	2431	71	1.000	50.00	45.93	50.00	45.93	4.07	2026-01-09 06:29:24.074082
21999	2495	6231	3.000	45.00	23.99	135.00	71.97	63.03	2026-01-09 13:44:51.584257
22000	2495	6236	2.000	80.00	58.04	160.00	116.08	43.92	2026-01-09 13:44:51.584257
23534	2630	6282	1.000	65.00	31.15	65.00	31.15	33.85	2026-01-14 12:39:03.788528
23535	2630	6250	2.000	160.00	134.99	320.00	269.98	50.02	2026-01-14 12:39:03.792657
23536	2630	6263	1.000	65.00	54.32	65.00	54.32	10.68	2026-01-14 12:39:03.796767
23537	2630	6249	1.000	70.00	47.86	70.00	47.86	22.14	2026-01-14 12:39:03.801282
23538	2630	6259	1.000	70.00	49.34	70.00	49.34	20.66	2026-01-14 12:39:03.805197
23539	2630	6266	1.000	70.00	50.47	70.00	50.47	19.53	2026-01-14 12:39:03.809432
23540	2630	6272	1.000	120.00	100.32	120.00	100.32	19.68	2026-01-14 12:39:03.813431
23541	2630	6276	1.000	100.00	81.67	100.00	81.67	18.33	2026-01-14 12:39:03.817387
23542	2630	6268	1.000	170.00	106.65	170.00	106.65	63.35	2026-01-14 12:39:03.821348
23543	2630	6245	1.000	120.00	86.79	120.00	86.79	33.21	2026-01-14 12:39:03.825509
23544	2630	6247	1.000	60.00	42.54	60.00	42.54	17.46	2026-01-14 12:39:03.829717
21076	2432	1869	6.000	100.00	94.57	600.00	567.42	32.58	2026-01-09 06:31:24.765041
21077	2432	1870	18.000	60.00	59.57	1080.00	1072.26	7.74	2026-01-09 06:31:24.765041
21078	2432	1794	5.000	120.00	109.57	600.00	547.85	52.15	2026-01-09 06:31:24.765041
21079	2432	1798	10.000	105.00	49.57	1050.00	495.70	554.30	2026-01-09 06:31:24.765041
21080	2432	1813	1.000	230.00	164.57	230.00	164.57	65.43	2026-01-09 06:31:24.765041
21081	2432	1793	2.000	200.00	174.56	400.00	349.12	50.88	2026-01-09 06:31:24.765041
21082	2432	1851	7.000	80.00	63.92	560.00	447.44	112.56	2026-01-09 06:31:24.765041
21083	2432	808	1.000	120.00	0.00	120.00	0.00	120.00	2026-01-09 06:31:24.765041
21084	2432	1791	1.000	300.00	234.57	300.00	234.57	65.43	2026-01-09 06:31:24.765041
21085	2432	1792	1.000	180.00	134.57	180.00	134.57	45.43	2026-01-09 06:31:24.765041
21086	2432	804	1.000	120.00	92.95	120.00	92.95	27.05	2026-01-09 06:31:24.765041
21087	2432	806	1.000	85.00	74.57	85.00	74.57	10.43	2026-01-09 06:31:24.765041
21088	2432	806	1.000	80.00	74.57	80.00	74.57	5.43	2026-01-09 06:31:24.765041
21089	2432	236	7.000	210.00	144.05	1470.00	1008.35	461.65	2026-01-09 06:31:24.765041
21090	2432	1821	3.000	120.00	84.57	360.00	253.71	106.29	2026-01-09 06:31:24.765041
21091	2432	1822	4.000	200.00	154.57	800.00	618.28	181.72	2026-01-09 06:31:24.765041
21092	2432	1795	2.000	100.00	94.57	200.00	189.14	10.86	2026-01-09 06:31:24.765041
21093	2432	1796	3.000	250.00	164.57	750.00	493.71	256.29	2026-01-09 06:31:24.765041
21094	2432	244	35.000	50.00	47.64	1750.00	1667.40	82.60	2026-01-09 06:31:24.765041
21095	2432	810	2.000	70.00	59.57	140.00	119.14	20.86	2026-01-09 06:31:24.765041
21096	2432	1806	1.000	70.00	61.25	70.00	61.25	8.75	2026-01-09 06:31:24.765041
21097	2432	1807	1.000	220.00	214.57	220.00	214.57	5.43	2026-01-09 06:31:24.765041
21098	2432	1799	7.000	415.00	243.92	2905.00	1707.44	1197.56	2026-01-09 06:31:24.765041
21099	2432	239	2.000	75.00	64.57	150.00	129.14	20.86	2026-01-09 06:31:24.765041
21100	2432	1802	1.000	150.00	134.57	150.00	134.57	15.43	2026-01-09 06:31:24.765041
21101	2432	1797	15.000	160.00	94.57	2400.00	1418.55	981.45	2026-01-09 06:31:24.765041
21102	2432	1797	1.000	150.00	94.57	150.00	94.57	55.43	2026-01-09 06:31:24.765041
21103	2432	254	18.000	60.00	55.37	1080.00	996.66	83.34	2026-01-09 06:31:24.765041
21104	2432	1810	1.000	70.00	64.57	70.00	64.57	5.43	2026-01-09 06:31:24.765041
21105	2432	1866	3.000	115.00	84.57	345.00	253.71	91.29	2026-01-09 06:31:24.765041
21106	2432	264	1.000	80.00	64.57	80.00	64.57	15.43	2026-01-09 06:31:24.765041
21107	2432	1825	2.000	120.00	64.57	240.00	129.14	110.86	2026-01-09 06:31:24.765041
21108	2432	1816	1.000	170.00	184.57	170.00	184.57	-14.57	2026-01-09 06:31:24.765041
21109	2432	1830	10.000	90.00	64.57	900.00	645.70	254.30	2026-01-09 06:31:24.765041
21110	2432	1829	5.000	150.00	101.57	750.00	507.85	242.15	2026-01-09 06:31:24.765041
21111	2432	1827	3.000	230.00	189.57	690.00	568.71	121.29	2026-01-09 06:31:24.765041
21112	2432	1833	1.000	100.00	74.57	100.00	74.57	25.43	2026-01-09 06:31:24.765041
21113	2432	816	2.000	170.00	104.57	340.00	209.14	130.86	2026-01-09 06:31:24.765041
21114	2432	1836	1.000	125.00	104.57	125.00	104.57	20.43	2026-01-09 06:31:24.765041
21115	2432	1836	1.000	130.00	104.57	130.00	104.57	25.43	2026-01-09 06:31:24.765041
21116	2432	1845	3.000	90.00	54.57	270.00	163.71	106.29	2026-01-09 06:31:24.765041
21117	2432	1844	6.000	180.00	99.57	1080.00	597.42	482.58	2026-01-09 06:31:24.765041
21118	2432	1846	3.000	340.00	164.57	1020.00	493.71	526.29	2026-01-09 06:31:24.765041
21119	2432	1818	9.000	80.00	62.12	720.00	559.08	160.92	2026-01-09 06:31:24.765041
21120	2432	1857	1.000	100.00	79.57	100.00	79.57	20.43	2026-01-09 06:31:24.765041
21121	2432	1862	2.000	110.00	84.57	220.00	169.14	50.86	2026-01-09 06:31:24.765041
21122	2432	1840	1.000	100.00	69.57	100.00	69.57	30.43	2026-01-09 06:31:24.765041
21123	2432	1841	5.000	110.00	94.57	550.00	472.85	77.15	2026-01-09 06:31:24.765041
21124	2432	1843	2.000	210.00	174.57	420.00	349.14	70.86	2026-01-09 06:31:24.765041
21125	2432	1856	1.000	60.00	39.46	60.00	39.46	20.54	2026-01-09 06:31:24.765041
21126	2432	261	5.000	80.00	64.57	400.00	322.85	77.15	2026-01-09 06:31:24.765041
21127	2432	1864	1.000	150.00	114.57	150.00	114.57	35.43	2026-01-09 06:31:24.765041
21128	2432	263	1.000	120.00	102.63	120.00	102.63	17.37	2026-01-09 06:31:24.765041
21129	2432	1861	1.000	230.00	174.57	230.00	174.57	55.43	2026-01-09 06:31:24.765041
21130	2432	1853	6.000	160.00	124.57	960.00	747.42	212.58	2026-01-09 06:31:24.765041
21131	2432	1852	4.000	340.00	234.57	1360.00	938.28	421.72	2026-01-09 06:31:24.765041
21132	2432	1871	1.000	90.00	59.57	90.00	59.57	30.43	2026-01-09 06:31:24.765041
21133	2432	1873	1.000	180.00	134.57	180.00	134.57	45.43	2026-01-09 06:31:24.765041
21134	2432	1835	4.000	130.00	134.57	520.00	538.28	-18.28	2026-01-09 06:31:24.765041
21135	2432	1876	1.000	200.00	174.57	200.00	174.57	25.43	2026-01-09 06:31:24.765041
21136	2432	1877	5.000	185.00	184.57	925.00	922.85	2.15	2026-01-09 06:31:24.765041
21137	2432	1828	1.000	160.00	124.57	160.00	124.57	35.43	2026-01-09 06:31:24.765041
21138	2432	1881	1.000	170.00	154.57	170.00	154.57	15.43	2026-01-09 06:31:24.765041
21139	2432	813	1.000	70.00	64.57	70.00	64.57	5.43	2026-01-09 06:31:24.765041
21140	2432	1882	1.000	200.00	144.57	200.00	144.57	55.43	2026-01-09 06:31:24.765041
21141	2432	1883	2.000	120.00	104.57	240.00	209.14	30.86	2026-01-09 06:31:24.765041
21142	2432	1885	6.000	120.00	64.57	720.00	387.42	332.58	2026-01-09 06:31:24.765041
21143	2432	1847	1.000	120.00	64.57	120.00	64.57	55.43	2026-01-09 06:31:24.765041
21144	2432	256	4.000	85.00	54.57	340.00	218.28	121.72	2026-01-09 06:31:24.765041
21145	2432	1839	1.000	130.00	84.57	130.00	84.57	45.43	2026-01-09 06:31:24.765041
21146	2432	248	2.000	50.00	48.95	100.00	97.90	2.10	2026-01-09 06:31:24.765041
21147	2432	270	1.000	80.00	64.57	80.00	64.57	15.43	2026-01-09 06:31:24.765041
21148	2432	1805	10.000	40.00	43.53	400.00	435.30	-35.30	2026-01-09 06:31:24.765041
21149	2432	1677	1.000	170.00	132.53	170.00	132.53	37.47	2026-01-09 06:31:24.765041
21150	2432	192	2.000	85.00	52.36	170.00	104.72	65.28	2026-01-09 06:31:24.765041
21151	2432	191	1.000	120.00	117.45	120.00	117.45	2.55	2026-01-09 06:31:24.765041
21152	2432	190	1.000	75.00	72.21	75.00	72.21	2.79	2026-01-09 06:31:24.765041
21153	2432	190	7.000	70.00	72.21	490.00	505.47	-15.47	2026-01-09 06:31:24.765041
21154	2432	209	3.000	50.00	50.34	150.00	151.02	-1.02	2026-01-09 06:31:24.765041
21155	2432	1686	2.000	120.00	78.27	240.00	156.54	83.46	2026-01-09 06:31:24.765041
21156	2432	196	4.000	280.00	252.86	1120.00	1011.44	108.56	2026-01-09 06:31:24.765041
21157	2432	205	2.000	80.00	67.56	160.00	135.12	24.88	2026-01-09 06:31:24.765041
21158	2432	229	1.000	200.00	182.94	200.00	182.94	17.06	2026-01-09 06:31:24.765041
21159	2432	1718	1.000	90.00	57.84	90.00	57.84	32.16	2026-01-09 06:31:24.765041
21160	2432	1727	1.000	330.00	183.21	330.00	183.21	146.79	2026-01-09 06:31:24.765041
21161	2432	1736	1.000	85.00	57.08	85.00	57.08	27.92	2026-01-09 06:31:24.765041
21162	2432	1744	1.000	150.00	153.61	150.00	153.61	-3.61	2026-01-09 06:31:24.765041
21163	2432	226	2.000	400.00	355.52	800.00	711.04	88.96	2026-01-09 06:31:24.765041
21164	2432	235	1.000	120.00	102.71	120.00	102.71	17.29	2026-01-09 06:31:24.765041
21165	2432	1741	2.000	170.00	153.13	340.00	306.26	33.74	2026-01-09 06:31:24.765041
21166	2432	199	2.000	120.00	73.49	240.00	146.98	93.02	2026-01-09 06:31:24.765041
21167	2432	214	2.000	70.00	46.91	140.00	93.82	46.18	2026-01-09 06:31:24.765041
21168	2432	231	14.000	55.00	57.56	770.00	805.84	-35.84	2026-01-09 06:31:24.765041
21169	2432	224	2.000	380.00	335.20	760.00	670.40	89.60	2026-01-09 06:31:24.765041
21170	2432	1712	8.000	120.00	73.25	960.00	586.00	374.00	2026-01-09 06:31:24.765041
21171	2432	232	1.000	120.00	83.29	120.00	83.29	36.71	2026-01-09 06:31:24.765041
21172	2432	1725	5.000	185.00	172.32	925.00	861.60	63.40	2026-01-09 06:31:24.765041
21173	2432	157	4.000	70.00	52.68	280.00	210.72	69.28	2026-01-09 06:31:24.765041
21174	2432	157	5.000	65.00	52.68	325.00	263.40	61.60	2026-01-09 06:31:24.765041
21175	2432	719	2.000	100.00	80.28	200.00	160.56	39.44	2026-01-09 06:31:24.765041
21176	2432	1602	2.000	100.00	75.28	200.00	150.56	49.44	2026-01-09 06:31:24.765041
21177	2432	1605	2.000	200.00	145.28	400.00	290.56	109.44	2026-01-09 06:31:24.765041
21178	2432	163	1.000	320.00	235.06	320.00	235.06	84.94	2026-01-09 06:31:24.765041
21179	2432	163	4.000	310.00	235.06	1240.00	940.24	299.76	2026-01-09 06:31:24.765041
21180	2432	722	22.000	50.00	48.07	1100.00	1057.54	42.46	2026-01-09 06:31:24.765041
21181	2432	730	1.000	230.00	157.28	230.00	157.28	72.72	2026-01-09 06:31:24.765041
21182	2432	730	2.000	235.00	157.28	470.00	314.56	155.44	2026-01-09 06:31:24.765041
21183	2432	727	1.000	250.00	155.28	250.00	155.28	94.72	2026-01-09 06:31:24.765041
21184	2432	1622	1.000	120.00	70.28	120.00	70.28	49.72	2026-01-09 06:31:24.765041
21185	2432	1652	2.000	60.00	53.24	120.00	106.48	13.52	2026-01-09 06:31:24.765041
21186	2432	1625	24.000	80.00	56.28	1920.00	1350.72	569.28	2026-01-09 06:31:24.765041
21187	2432	731	1.000	120.00	96.64	120.00	96.64	23.36	2026-01-09 06:31:24.765041
21188	2432	1628	3.000	90.00	70.28	270.00	210.84	59.16	2026-01-09 06:31:24.765041
21189	2432	733	1.000	120.00	105.64	120.00	105.64	14.36	2026-01-09 06:31:24.765041
21190	2432	1648	2.000	70.00	70.39	140.00	140.78	-0.78	2026-01-09 06:31:24.765041
21191	2432	1638	1.000	130.00	90.08	130.00	90.08	39.92	2026-01-09 06:31:24.765041
21192	2432	1636	1.000	270.00	147.28	270.00	147.28	122.72	2026-01-09 06:31:24.765041
21193	2432	183	2.000	135.00	134.34	270.00	268.68	1.32	2026-01-09 06:31:24.765041
21194	2432	1660	1.000	100.00	83.71	100.00	83.71	16.29	2026-01-09 06:31:24.765041
21195	2432	1661	2.000	170.00	145.28	340.00	290.56	49.44	2026-01-09 06:31:24.765041
21196	2432	1623	1.000	150.00	139.45	150.00	139.45	10.55	2026-01-09 06:31:24.765041
21197	2432	175	1.000	100.00	96.84	100.00	96.84	3.16	2026-01-09 06:31:24.765041
21198	2432	1645	2.000	62.50	47.49	125.00	94.98	30.02	2026-01-09 06:31:24.765041
21199	2432	1654	2.000	75.00	82.62	150.00	165.24	-15.24	2026-01-09 06:31:24.765041
21200	2432	1609	1.000	60.00	47.41	60.00	47.41	12.59	2026-01-09 06:31:24.765041
21201	2432	304	2.000	170.00	133.89	340.00	267.78	72.22	2026-01-09 06:31:24.765041
21202	2432	309	1.000	90.00	113.09	90.00	113.09	-23.09	2026-01-09 06:31:24.765041
21203	2432	328	1.000	120.00	101.51	120.00	101.51	18.49	2026-01-09 06:31:24.765041
21204	2432	1967	6.000	120.00	93.93	720.00	563.58	156.42	2026-01-09 06:31:24.765041
21205	2432	1972	1.000	70.00	58.42	70.00	58.42	11.58	2026-01-09 06:31:24.765041
21206	2432	318	1.000	70.00	62.78	70.00	62.78	7.22	2026-01-09 06:31:24.765041
21207	2432	93	3.000	270.00	151.62	810.00	454.86	355.14	2026-01-09 06:31:24.765041
21208	2432	1815	2.000	120.00	72.05	240.00	144.10	95.90	2026-01-09 06:31:24.765041
21209	2432	1861	1.000	230.00	174.57	230.00	174.57	55.43	2026-01-09 06:31:24.765041
22001	2507	5406	1.000	190.00	156.31	190.00	156.31	33.69	2026-01-09 15:04:50.315093
22002	2507	5405	2.000	200.00	166.81	400.00	333.62	66.38	2026-01-09 15:04:50.315093
22003	2507	5407	1.000	270.00	158.72	270.00	158.72	111.28	2026-01-09 15:04:50.315093
22004	2507	5412	1.000	160.00	146.81	160.00	146.81	13.19	2026-01-09 15:04:50.315093
22005	2507	5420	1.000	200.00	99.80	200.00	99.80	100.20	2026-01-09 15:04:50.315093
22006	2507	5437	1.000	230.00	171.81	230.00	171.81	58.19	2026-01-09 15:04:50.315093
22007	2507	5453	1.000	100.00	56.72	100.00	56.72	43.28	2026-01-09 15:04:50.315093
22008	2507	5413	2.000	200.00	156.93	400.00	313.86	86.14	2026-01-09 15:04:50.315093
22009	2507	5465	1.000	80.00	51.81	80.00	51.81	28.19	2026-01-09 15:04:50.315093
22010	2507	5460	1.000	160.00	136.72	160.00	136.72	23.28	2026-01-09 15:04:50.315093
22011	2507	5369	2.000	85.00	81.72	170.00	163.44	6.56	2026-01-09 15:04:50.315093
22012	2507	5391	1.000	85.00	81.32	85.00	81.32	3.68	2026-01-09 15:04:50.315093
22013	2507	5444	4.000	80.00	82.05	320.00	328.20	-8.20	2026-01-09 15:04:50.315093
22014	2507	5408	4.000	125.00	104.94	500.00	419.76	80.24	2026-01-09 15:04:50.315093
22015	2507	5416	2.000	80.00	76.99	160.00	153.98	6.02	2026-01-09 15:04:50.315093
22016	2507	5431	1.000	110.00	91.39	110.00	91.39	18.61	2026-01-09 15:04:50.315093
22017	2507	5426	1.000	100.00	96.87	100.00	96.87	3.13	2026-01-09 15:04:50.315093
22018	2507	5434	2.000	150.00	111.87	300.00	223.74	76.26	2026-01-09 15:04:50.315093
22019	2507	5452	1.000	110.00	82.05	110.00	82.05	27.95	2026-01-09 15:04:50.315093
22020	2507	5438	2.000	125.00	108.91	250.00	217.82	32.18	2026-01-09 15:04:50.315093
22021	2507	5441	1.000	130.00	81.61	130.00	81.61	48.39	2026-01-09 15:04:50.315093
22022	2507	5456	1.000	90.00	86.81	90.00	86.81	3.19	2026-01-09 15:04:50.315093
22023	2507	5466	1.000	120.00	91.48	120.00	91.48	28.52	2026-01-09 15:04:50.315093
22024	2507	5423	1.000	75.00	57.81	75.00	57.81	17.19	2026-01-09 15:04:50.315093
22025	2507	5392	1.000	180.00	118.06	180.00	118.06	61.94	2026-01-09 15:04:50.315093
22026	2507	5380	13.000	50.00	51.86	650.00	674.18	-24.18	2026-01-09 15:04:50.315093
22027	2507	5446	7.000	175.00	141.86	1225.00	993.02	231.98	2026-01-09 15:04:50.315093
22028	2507	5384	1.000	190.00	146.81	190.00	146.81	43.19	2026-01-09 15:04:50.315093
22029	2507	5447	6.000	85.00	86.65	510.00	519.90	-9.90	2026-01-09 15:04:50.315093
22030	2507	5448	2.000	50.00	61.73	100.00	123.46	-23.46	2026-01-09 15:04:50.315093
22031	2507	5417	1.000	210.00	161.31	210.00	161.31	48.69	2026-01-09 15:04:50.315093
22032	2507	6058	1.000	170.00	149.58	170.00	149.58	20.42	2026-01-09 15:04:50.315093
22033	2507	5943	4.000	50.00	60.07	200.00	240.28	-40.28	2026-01-09 15:04:50.315093
22034	2507	6038	1.000	110.00	80.59	110.00	80.59	29.41	2026-01-09 15:04:50.315093
22035	2507	6053	1.000	120.00	70.23	120.00	70.23	49.77	2026-01-09 15:04:50.315093
22036	2507	6036	1.000	120.00	118.46	120.00	118.46	1.54	2026-01-09 15:04:50.315093
22037	2507	6051	3.000	130.00	106.19	390.00	318.57	71.43	2026-01-09 15:04:50.315093
22038	2507	5972	3.000	100.00	69.41	300.00	208.23	91.77	2026-01-09 15:04:50.315093
22039	2507	5369	1.000	80.00	81.72	80.00	81.72	-1.72	2026-01-09 15:04:50.315093
22040	2507	5985	1.000	110.00	84.75	110.00	84.75	25.25	2026-01-09 15:04:50.315093
22041	2507	5992	2.000	50.00	54.02	100.00	108.04	-8.04	2026-01-09 15:04:50.315093
22042	2507	5989	2.000	70.00	68.80	140.00	137.60	2.40	2026-01-09 15:04:50.315093
22043	2507	5969	1.000	135.00	139.51	135.00	139.51	-4.51	2026-01-09 15:04:50.315093
23545	2631	1521	1.000	210.00	156.08	210.00	156.08	53.92	2026-01-14 12:40:29.583907
23546	2631	1521	3.000	200.00	156.08	600.00	468.24	131.76	2026-01-14 12:40:29.583907
23547	2631	62	2.000	130.00	79.88	260.00	159.76	100.24	2026-01-14 12:40:29.583907
23548	2631	1541	9.000	100.00	79.60	900.00	716.40	183.60	2026-01-14 12:40:29.583907
23549	2631	65	2.000	115.00	76.75	230.00	153.50	76.50	2026-01-14 12:40:29.583907
23550	2631	63	9.000	60.00	46.61	540.00	419.49	120.51	2026-01-14 12:40:29.583907
23551	2631	93	1.000	285.00	154.10	285.00	154.10	130.90	2026-01-14 12:40:29.583907
23552	2631	94	2.000	135.00	101.11	270.00	202.22	67.78	2026-01-14 12:40:29.583907
23553	2631	139	1.000	230.00	120.02	230.00	120.02	109.98	2026-01-14 12:40:29.583907
23554	2631	96	1.000	180.00	183.02	180.00	183.02	-3.02	2026-01-14 12:40:29.583907
23555	2631	98	1.000	90.00	73.41	90.00	73.41	16.59	2026-01-14 12:40:29.583907
23556	2631	98	2.000	85.00	73.41	170.00	146.82	23.18	2026-01-14 12:40:29.583907
23557	2631	92	1.000	190.00	152.49	190.00	152.49	37.51	2026-01-14 12:40:29.583907
23558	2631	1531	1.000	125.00	90.52	125.00	90.52	34.48	2026-01-14 12:40:29.583907
23559	2631	91	1.000	65.00	57.40	65.00	57.40	7.60	2026-01-14 12:40:29.583907
23560	2631	112	2.000	160.00	108.26	320.00	216.52	103.48	2026-01-14 12:40:29.583907
23561	2631	1553	1.000	150.00	95.21	150.00	95.21	54.79	2026-01-14 12:40:29.583907
21210	2433	1588	1.000	100.00	88.58	100.00	88.58	11.42	2026-01-09 06:43:13.236264
21211	2433	1560	2.000	90.00	52.57	180.00	105.14	74.86	2026-01-09 06:43:13.236264
21212	2433	1579	2.000	140.00	91.10	280.00	182.20	97.80	2026-01-09 06:43:13.236264
21213	2433	1578	1.000	80.00	51.90	80.00	51.90	28.10	2026-01-09 06:43:13.236264
21214	2433	718	18.000	40.00	41.42	720.00	745.56	-25.56	2026-01-09 06:43:13.236264
21215	2433	63	1.000	50.00	47.38	50.00	47.38	2.62	2026-01-09 06:43:13.236264
21216	2433	63	1.000	55.00	47.38	55.00	47.38	7.62	2026-01-09 06:43:13.236264
21217	2433	506	1.000	70.00	49.84	70.00	49.84	20.16	2026-01-09 06:43:13.236264
21218	2433	1906	1.000	110.00	99.75	110.00	99.75	10.25	2026-01-09 06:43:13.236264
21219	2433	452	1.000	130.00	104.55	130.00	104.55	25.45	2026-01-09 06:43:13.236264
22044	2508	5505	1.000	155.00	129.43	155.00	129.43	25.57	2026-01-09 15:05:32.90038
22045	2508	5611	1.000	145.00	137.24	145.00	137.24	7.76	2026-01-09 15:05:32.90038
22046	2508	5611	2.000	140.00	137.24	280.00	274.48	5.52	2026-01-09 15:05:32.90038
22047	2508	5585	2.000	110.00	87.50	220.00	175.00	45.00	2026-01-09 15:05:32.90038
22048	2508	5550	1.000	140.00	137.21	140.00	137.21	2.79	2026-01-09 15:05:32.90038
22049	2508	5477	1.000	100.00	96.94	100.00	96.94	3.06	2026-01-09 15:05:32.90038
22050	2508	5580	1.000	70.00	87.45	70.00	87.45	-17.45	2026-01-09 15:05:32.90038
22051	2508	5488	1.000	55.00	57.46	55.00	57.46	-2.46	2026-01-09 15:05:32.90038
22052	2508	5569	1.000	90.00	96.50	90.00	96.50	-6.50	2026-01-09 15:05:32.90038
22053	2508	5495	2.000	100.00	76.68	200.00	153.36	46.64	2026-01-09 15:05:32.90038
22054	2508	5614	1.000	80.00	57.08	80.00	57.08	22.92	2026-01-09 15:05:32.90038
22055	2508	5617	3.000	95.00	77.15	285.00	231.45	53.55	2026-01-09 15:05:32.90038
22056	2508	5605	1.000	80.00	85.09	80.00	85.09	-5.09	2026-01-09 15:05:32.90038
22057	2508	5663	2.000	100.00	53.51	200.00	107.02	92.98	2026-01-09 15:05:32.90038
22058	2508	5673	6.000	80.00	72.77	480.00	436.62	43.38	2026-01-09 15:05:32.90038
22059	2508	5708	1.000	120.00	92.57	120.00	92.57	27.43	2026-01-09 15:05:32.90038
22060	2508	5675	1.000	145.00	92.87	145.00	92.87	52.13	2026-01-09 15:05:32.90038
22061	2508	5715	1.000	70.00	72.90	70.00	72.90	-2.90	2026-01-09 15:05:32.90038
22062	2508	5732	2.000	100.00	88.08	200.00	176.16	23.84	2026-01-09 15:05:32.90038
22063	2508	5653	1.000	120.00	152.92	120.00	152.92	-32.92	2026-01-09 15:05:32.90038
22064	2508	5698	1.000	120.00	92.44	120.00	92.44	27.56	2026-01-09 15:05:32.90038
22065	2508	5702	1.000	80.00	77.97	80.00	77.97	2.03	2026-01-09 15:05:32.90038
22066	2508	5726	1.000	125.00	87.63	125.00	87.63	37.37	2026-01-09 15:05:32.90038
22067	2508	5692	1.000	130.00	109.77	130.00	109.77	20.23	2026-01-09 15:05:32.90038
22068	2508	5622	1.000	90.00	77.93	90.00	77.93	12.07	2026-01-09 15:05:32.90038
22069	2508	5686	1.000	320.00	237.77	320.00	237.77	82.23	2026-01-09 15:05:32.90038
22070	2508	5662	1.000	470.00	377.77	470.00	377.77	92.23	2026-01-09 15:05:32.90038
22071	2508	6033	4.000	80.00	68.79	320.00	275.16	44.84	2026-01-09 15:05:32.90038
22072	2508	5943	15.000	50.00	59.80	750.00	897.00	-147.00	2026-01-09 15:05:32.90038
22073	2508	6027	1.000	50.00	74.62	50.00	74.62	-24.62	2026-01-09 15:05:32.90038
22074	2508	5912	3.000	100.00	103.54	300.00	310.62	-10.62	2026-01-09 15:05:32.90038
19342	2298	5543	1.000	100.00	86.63	100.00	86.63	13.37	2026-01-05 16:07:24.586659
22075	2508	5374	1.000	130.00	85.22	130.00	85.22	44.78	2026-01-09 15:05:32.90038
23562	2631	114	2.000	130.00	105.61	260.00	211.22	48.78	2026-01-14 12:40:29.583907
23563	2631	1554	1.000	155.00	85.24	155.00	85.24	69.76	2026-01-14 12:40:29.583907
23564	2631	117	1.000	190.00	146.06	190.00	146.06	43.94	2026-01-14 12:40:29.583907
23565	2631	109	2.000	110.00	85.78	220.00	171.56	48.44	2026-01-14 12:40:29.583907
23566	2631	50	1.000	80.00	58.16	80.00	58.16	21.84	2026-01-14 12:40:29.583907
23567	2631	68	1.000	150.00	135.70	150.00	135.70	14.30	2026-01-14 12:40:29.583907
23568	2631	71	9.000	50.00	46.38	450.00	417.42	32.58	2026-01-14 12:40:29.583907
23569	2631	58	1.000	125.00	82.08	125.00	82.08	42.92	2026-01-14 12:40:29.583907
23570	2631	58	2.000	120.00	82.08	240.00	164.16	75.84	2026-01-14 12:40:29.583907
23571	2631	123	1.000	85.00	61.03	85.00	61.03	23.97	2026-01-14 12:40:29.583907
23572	2631	700	2.000	100.00	74.70	200.00	149.40	50.60	2026-01-14 12:40:29.583907
23573	2631	123	1.000	90.00	61.03	90.00	61.03	28.97	2026-01-14 12:40:29.583907
23574	2631	125	6.000	65.00	55.35	390.00	332.10	57.90	2026-01-14 12:40:29.583907
23575	2631	125	1.000	60.00	55.35	60.00	55.35	4.65	2026-01-14 12:40:29.583907
23576	2631	74	2.000	120.00	82.56	240.00	165.12	74.88	2026-01-14 12:40:29.583907
23577	2631	142	1.000	120.00	85.71	120.00	85.71	34.29	2026-01-14 12:40:29.583907
23578	2631	87	6.000	100.00	70.05	600.00	420.30	179.70	2026-01-14 12:40:29.583907
23579	2631	84	1.000	80.00	57.50	80.00	57.50	22.50	2026-01-14 12:40:29.583907
23580	2631	708	1.000	180.00	131.24	180.00	131.24	48.76	2026-01-14 12:40:29.583907
23581	2631	66	1.000	130.00	81.35	130.00	81.35	48.65	2026-01-14 12:40:29.583907
23582	2631	127	1.000	80.00	80.37	80.00	80.37	-0.37	2026-01-14 12:40:29.583907
19343	2298	5559	1.000	200.00	130.24	200.00	130.24	69.76	2026-01-05 16:07:24.586659
19344	2298	5549	2.000	75.00	67.81	150.00	135.62	14.38	2026-01-05 16:07:24.586659
19345	2298	5609	6.000	100.00	96.89	600.00	581.34	18.66	2026-01-05 16:07:24.586659
19346	2298	5608	1.000	220.00	157.28	220.00	157.28	62.72	2026-01-05 16:07:24.586659
19347	2298	5495	1.000	100.00	76.68	100.00	76.68	23.32	2026-01-05 16:07:24.586659
19348	2298	5605	1.000	80.00	85.09	80.00	85.09	-5.09	2026-01-05 16:07:24.586659
19349	2298	5666	2.000	160.00	141.23	320.00	282.46	37.54	2026-01-05 16:07:24.586659
19350	2298	5714	1.000	90.00	92.77	90.00	92.77	-2.77	2026-01-05 16:07:24.586659
19351	2298	5714	1.000	95.00	92.77	95.00	92.77	2.23	2026-01-05 16:07:24.586659
19352	2298	5707	1.000	250.00	149.55	250.00	149.55	100.45	2026-01-05 16:07:24.586659
19353	2298	5660	2.000	250.00	159.77	500.00	319.54	180.46	2026-01-05 16:07:24.586659
19354	2298	5677	1.000	130.00	102.77	130.00	102.77	27.23	2026-01-05 16:07:24.586659
19355	2298	5680	2.000	75.00	58.77	150.00	117.54	32.46	2026-01-05 16:07:24.586659
19356	2298	5655	1.000	130.00	87.77	130.00	87.77	42.23	2026-01-05 16:07:24.586659
19357	2298	5654	1.000	60.00	63.21	60.00	63.21	-3.21	2026-01-05 16:07:24.586659
19358	2298	5702	1.000	85.00	77.97	85.00	77.97	7.03	2026-01-05 16:07:24.586659
19359	2298	5658	1.000	120.00	112.33	120.00	112.33	7.67	2026-01-05 16:07:24.586659
19360	2298	5665	1.000	120.00	72.77	120.00	72.77	47.23	2026-01-05 16:07:24.586659
23583	2632	545	2.000	95.00	67.94	190.00	135.88	54.12	2026-01-14 12:56:31.41582
23584	2632	546	2.000	230.00	186.66	460.00	373.32	86.68	2026-01-14 12:56:31.41582
23585	2632	546	1.000	220.00	186.66	220.00	186.66	33.34	2026-01-14 12:56:31.41582
23586	2632	556	1.000	150.00	131.71	150.00	131.71	18.29	2026-01-14 12:56:31.41582
23587	2632	556	1.000	140.00	131.71	140.00	131.71	8.29	2026-01-14 12:56:31.41582
23588	2632	570	1.000	370.00	304.98	370.00	304.98	65.02	2026-01-14 12:56:31.41582
23589	2632	1510	1.000	90.00	53.66	90.00	53.66	36.34	2026-01-14 12:56:31.41582
23590	2632	567	3.000	50.00	42.90	150.00	128.70	21.30	2026-01-14 12:56:31.41582
22076	2494	71	3.000	50.00	46.66	150.00	139.98	10.02	2026-01-10 07:51:05.385696
22077	2494	71	1.000	60.00	46.66	60.00	46.66	13.34	2026-01-10 07:51:05.385696
22078	2494	170	2.000	90.00	70.82	180.00	141.64	38.36	2026-01-10 07:51:05.385696
22079	2494	123	2.000	100.00	60.04	200.00	120.08	79.92	2026-01-10 07:51:05.385696
22080	2494	113	1.000	90.00	69.45	90.00	69.45	20.55	2026-01-10 07:51:05.385696
22081	2494	113	3.000	100.00	69.45	300.00	208.35	91.65	2026-01-10 07:51:05.385696
22082	2494	122	3.000	60.00	69.98	180.00	209.94	-29.94	2026-01-10 07:51:05.385696
22083	2494	125	1.000	60.00	52.46	60.00	52.46	7.54	2026-01-10 07:51:05.385696
22084	2494	114	1.000	140.00	101.50	140.00	101.50	38.50	2026-01-10 07:51:05.385696
22085	2494	81	1.000	70.00	74.15	70.00	74.15	-4.15	2026-01-10 07:51:05.385696
22086	2494	74	1.000	140.00	80.71	140.00	80.71	59.29	2026-01-10 07:51:05.385696
22087	2494	109	1.000	115.00	84.09	115.00	84.09	30.91	2026-01-10 07:51:05.385696
22088	2494	130	2.000	140.00	85.32	280.00	170.64	109.36	2026-01-10 07:51:05.385696
22089	2494	76	1.000	130.00	89.87	130.00	89.87	40.13	2026-01-10 07:51:05.385696
22090	2494	55	1.000	140.00	110.57	140.00	110.57	29.43	2026-01-10 07:51:05.385696
22091	2494	92	1.000	190.00	150.02	190.00	150.02	39.98	2026-01-10 07:51:05.385696
22092	2494	151	1.000	120.00	100.68	120.00	100.68	19.32	2026-01-10 07:51:05.385696
22093	2494	102	1.000	140.00	99.84	140.00	99.84	40.16	2026-01-10 07:51:05.385696
22094	2494	724	9.000	75.00	57.90	675.00	521.10	153.90	2026-01-10 07:51:05.385696
22095	2494	732	5.000	200.00	122.98	1000.00	614.90	385.10	2026-01-10 07:51:05.385696
22096	2494	1591	1.000	85.00	70.28	85.00	70.28	14.72	2026-01-10 07:51:05.385696
22097	2494	1591	4.000	90.00	70.28	360.00	281.12	78.88	2026-01-10 07:51:05.385696
22098	2494	176	4.000	60.00	56.17	240.00	224.68	15.32	2026-01-10 07:51:05.385696
22099	2494	176	2.000	70.00	56.17	140.00	112.34	27.66	2026-01-10 07:51:05.385696
22100	2494	1658	1.000	105.00	88.36	105.00	88.36	16.64	2026-01-10 07:51:05.385696
22101	2494	1658	4.000	110.00	88.36	440.00	353.44	86.56	2026-01-10 07:51:05.385696
22102	2494	1605	11.000	200.00	144.98	2200.00	1594.78	605.22	2026-01-10 07:51:05.385696
22103	2494	731	2.000	130.00	94.35	260.00	188.70	71.30	2026-01-10 07:51:05.385696
22104	2494	731	1.000	140.00	94.35	140.00	94.35	45.65	2026-01-10 07:51:05.385696
22105	2494	723	2.000	75.00	45.87	150.00	91.74	58.26	2026-01-10 07:51:05.385696
22106	2494	728	2.000	75.00	55.66	150.00	111.32	38.68	2026-01-10 07:51:05.385696
22107	2494	1638	2.000	140.00	86.16	280.00	172.32	107.68	2026-01-10 07:51:05.385696
22108	2494	1602	3.000	120.00	74.81	360.00	224.43	135.57	2026-01-10 07:51:05.385696
22109	2494	170	1.000	90.00	70.82	90.00	70.82	19.18	2026-01-10 07:51:05.385696
22110	2494	1634	1.000	100.00	52.78	100.00	52.78	47.22	2026-01-10 07:51:05.385696
22111	2494	1639	1.000	170.00	107.25	170.00	107.25	62.75	2026-01-10 07:51:05.385696
22112	2494	1672	1.000	90.00	78.57	90.00	78.57	11.43	2026-01-10 07:51:05.385696
22113	2494	1628	1.000	90.00	68.68	90.00	68.68	21.32	2026-01-10 07:51:05.385696
22114	2494	1656	1.000	130.00	126.47	130.00	126.47	3.53	2026-01-10 07:51:05.385696
22115	2494	736	1.000	240.00	170.28	240.00	170.28	69.72	2026-01-10 07:51:05.385696
22116	2494	738	1.000	100.00	60.91	100.00	60.91	39.09	2026-01-10 07:51:05.385696
22117	2494	1610	1.000	75.00	64.44	75.00	64.44	10.56	2026-01-10 07:51:05.385696
22118	2494	1651	3.000	80.00	73.43	240.00	220.29	19.71	2026-01-10 07:51:05.385696
22119	2494	1635	1.000	190.00	146.23	190.00	146.23	43.77	2026-01-10 07:51:05.385696
22120	2494	158	1.000	70.00	66.03	70.00	66.03	3.97	2026-01-10 07:51:05.385696
22121	2494	1614	2.000	120.00	100.28	240.00	200.56	39.44	2026-01-10 07:51:05.385696
22122	2494	204	16.000	50.00	66.13	800.00	1058.08	-258.08	2026-01-10 07:51:05.385696
22123	2494	234	3.000	50.00	51.55	150.00	154.65	-4.65	2026-01-10 07:51:05.385696
22124	2494	758	2.000	60.00	56.94	120.00	113.88	6.12	2026-01-10 07:51:05.385696
22125	2494	227	1.000	70.00	67.41	70.00	67.41	2.59	2026-01-10 07:51:05.385696
22126	2494	1732	1.000	90.00	53.15	90.00	53.15	36.85	2026-01-10 07:51:05.385696
22127	2494	205	1.000	95.00	66.80	95.00	66.80	28.20	2026-01-10 07:51:05.385696
22128	2494	396	1.000	50.00	60.89	50.00	60.89	-10.89	2026-01-10 07:51:05.385696
19361	2298	5723	2.000	220.00	179.77	440.00	359.54	80.46	2026-01-05 16:07:24.586659
22129	2494	407	1.000	100.00	101.34	100.00	101.34	-1.34	2026-01-10 07:51:05.385696
22130	2494	400	1.000	100.00	81.61	100.00	81.61	18.39	2026-01-10 07:51:05.385696
22131	2494	800	1.000	150.00	121.00	150.00	121.00	29.00	2026-01-10 07:51:05.385696
22132	2494	476	1.000	130.00	140.74	130.00	140.74	-10.74	2026-01-10 07:51:05.385696
22133	2494	489	2.000	160.00	150.52	320.00	301.04	18.96	2026-01-10 07:51:05.385696
22134	2494	254	2.000	70.00	56.35	140.00	112.70	27.30	2026-01-10 07:51:05.385696
22135	2494	254	1.000	75.00	56.35	75.00	56.35	18.65	2026-01-10 07:51:05.385696
22136	2494	273	1.000	80.00	50.29	80.00	50.29	29.71	2026-01-10 07:51:05.385696
22137	2494	531	1.000	60.00	50.65	60.00	50.65	9.35	2026-01-10 07:51:05.385696
22138	2494	833	1.000	60.00	73.87	60.00	73.87	-13.87	2026-01-10 07:51:05.385696
22139	2494	823	1.000	90.00	99.25	90.00	99.25	-9.25	2026-01-10 07:51:05.385696
22140	2494	844	2.000	70.00	60.07	140.00	120.14	19.86	2026-01-10 07:51:05.385696
22141	2494	858	1.000	100.00	75.07	100.00	75.07	24.93	2026-01-10 07:51:05.385696
22142	2494	795	1.000	140.00	131.40	140.00	131.40	8.60	2026-01-10 07:51:05.385696
19362	2298	5397	1.000	440.00	276.58	440.00	276.58	163.42	2026-01-05 16:07:24.586659
23591	2633	724	9.000	75.00	57.90	675.00	521.10	153.90	2026-01-14 13:24:46.613077
23592	2633	1651	3.000	75.00	73.43	225.00	220.29	4.71	2026-01-14 13:24:46.613077
23593	2633	1651	4.000	80.00	73.43	320.00	293.72	26.28	2026-01-14 13:24:46.613077
23594	2633	176	4.000	70.00	57.56	280.00	230.24	49.76	2026-01-14 13:24:46.613077
23595	2633	1628	2.000	100.00	69.84	200.00	139.68	60.32	2026-01-14 13:24:46.613077
23596	2633	158	5.000	65.00	66.03	325.00	330.15	-5.15	2026-01-14 13:24:46.613077
23597	2633	1660	3.000	110.00	83.64	330.00	250.92	79.08	2026-01-14 13:24:46.613077
19363	2298	5912	1.000	120.00	103.54	120.00	103.54	16.46	2026-01-05 16:07:24.586659
23598	2633	729	1.000	70.00	57.13	70.00	57.13	12.87	2026-01-14 13:24:46.613077
23599	2633	720	1.000	80.00	73.40	80.00	73.40	6.60	2026-01-14 13:24:46.613077
23600	2633	205	1.000	100.00	67.36	100.00	67.36	32.64	2026-01-14 13:24:46.613077
23601	2633	731	1.000	130.00	95.33	130.00	95.33	34.67	2026-01-14 13:24:46.613077
23602	2633	1602	1.000	120.00	74.81	120.00	74.81	45.19	2026-01-14 13:24:46.613077
23603	2633	733	2.000	135.00	105.30	270.00	210.60	59.40	2026-01-14 13:24:46.613077
23604	2633	733	1.000	140.00	105.30	140.00	105.30	34.70	2026-01-14 13:24:46.613077
23605	2633	71	9.000	50.00	46.47	450.00	418.23	31.77	2026-01-14 13:24:46.613077
23606	2633	125	5.000	70.00	52.46	350.00	262.30	87.70	2026-01-14 13:24:46.613077
23607	2633	700	2.000	90.00	73.12	180.00	146.24	33.76	2026-01-14 13:24:46.613077
23608	2633	700	2.000	100.00	73.12	200.00	146.24	53.76	2026-01-14 13:24:46.613077
23609	2633	93	4.000	280.00	153.62	1120.00	614.48	505.52	2026-01-14 13:24:46.613077
23610	2633	93	3.000	290.00	153.62	870.00	460.86	409.14	2026-01-14 13:24:46.613077
23611	2633	114	1.000	120.00	101.50	120.00	101.50	18.50	2026-01-14 13:24:46.613077
23612	2633	58	1.000	125.00	80.64	125.00	80.64	44.36	2026-01-14 13:24:46.613077
23613	2633	102	2.000	140.00	101.29	280.00	202.58	77.42	2026-01-14 13:24:46.613077
23614	2633	85	2.000	100.00	78.25	200.00	156.50	43.50	2026-01-14 13:24:46.613077
23615	2633	130	8.000	140.00	87.69	1120.00	701.52	418.48	2026-01-14 13:24:46.613077
23616	2633	1541	7.000	115.00	78.11	805.00	546.77	258.23	2026-01-14 13:24:46.613077
23617	2633	117	2.000	200.00	144.98	400.00	289.96	110.04	2026-01-14 13:24:46.613077
23618	2633	145	1.000	280.00	242.25	280.00	242.25	37.75	2026-01-14 13:24:46.613077
23619	2633	81	2.000	75.00	74.49	150.00	148.98	1.02	2026-01-14 13:24:46.613077
23620	2633	139	1.000	230.00	119.51	230.00	119.51	110.49	2026-01-14 13:24:46.613077
23621	2633	102	1.000	140.00	101.29	140.00	101.29	38.71	2026-01-14 13:24:46.613077
23622	2633	97	1.000	210.00	149.47	210.00	149.47	60.53	2026-01-14 13:24:46.613077
23623	2633	109	1.000	110.00	84.42	110.00	84.42	25.58	2026-01-14 13:24:46.613077
23624	2633	87	1.000	100.00	68.97	100.00	68.97	31.03	2026-01-14 13:24:46.613077
23625	2633	113	1.000	100.00	70.85	100.00	70.85	29.15	2026-01-14 13:24:46.613077
23626	2633	122	1.000	60.00	69.98	60.00	69.98	-9.98	2026-01-14 13:24:46.613077
23627	2633	123	1.000	100.00	60.52	100.00	60.52	39.48	2026-01-14 13:24:46.613077
23628	2633	204	14.000	50.00	66.13	700.00	925.82	-225.82	2026-01-14 13:24:46.613077
23629	2633	205	3.000	100.00	67.36	300.00	202.08	97.92	2026-01-14 13:24:46.613077
23630	2633	758	1.000	60.00	56.94	60.00	56.94	3.06	2026-01-14 13:24:46.613077
23631	2633	227	1.000	80.00	67.57	80.00	67.57	12.43	2026-01-14 13:24:46.613077
23632	2633	229	1.000	220.00	186.02	220.00	186.02	33.98	2026-01-14 13:24:46.613077
23633	2633	756	3.000	150.00	256.99	450.00	770.97	-320.97	2026-01-14 13:24:46.613077
23634	2633	531	1.000	60.00	50.65	60.00	50.65	9.35	2026-01-14 13:24:46.613077
23635	2633	139	1.000	210.00	119.51	210.00	119.51	90.49	2026-01-14 13:24:46.613077
23636	2633	869	1.000	200.00	180.11	200.00	180.11	19.89	2026-01-14 13:24:46.613077
23637	2633	487	1.000	270.00	255.06	270.00	255.06	14.94	2026-01-14 13:24:46.613077
23638	2633	390	1.000	50.00	81.13	50.00	81.13	-31.13	2026-01-14 13:24:46.613077
23639	2633	770	1.000	125.00	152.06	125.00	152.06	-27.06	2026-01-14 13:24:46.613077
22143	2462	153	1.000	400.00	331.37	400.00	331.37	68.63	2026-01-10 07:52:53.883396
22144	2462	514	1.000	375.00	241.60	375.00	241.60	133.40	2026-01-10 07:52:53.883396
22145	2462	625	1.000	275.00	232.99	275.00	232.99	42.01	2026-01-10 07:52:53.883396
22146	2462	627	2.000	200.00	139.08	400.00	278.16	121.84	2026-01-10 07:52:53.883396
22147	2462	519	1.000	130.00	89.47	130.00	89.47	40.53	2026-01-10 07:52:53.883396
22148	2462	515	1.000	120.00	80.09	120.00	80.09	39.91	2026-01-10 07:52:53.883396
22149	2462	611	1.000	100.00	89.82	100.00	89.82	10.18	2026-01-10 07:52:53.883396
22150	2462	613	1.000	100.00	69.09	100.00	69.09	30.91	2026-01-10 07:52:53.883396
22151	2462	2387	2.000	75.00	0.10	150.00	0.20	149.80	2026-01-10 07:52:53.883396
22152	2462	568	1.000	70.00	54.92	70.00	54.92	15.08	2026-01-10 07:52:53.883396
22153	2462	1489	1.000	220.00	122.90	220.00	122.90	97.10	2026-01-10 07:52:53.883396
22154	2462	1489	1.000	215.00	122.90	215.00	122.90	92.10	2026-01-10 07:52:53.883396
22155	2462	553	1.000	125.00	79.83	125.00	79.83	45.17	2026-01-10 07:52:53.883396
22156	2462	553	2.000	130.00	79.83	260.00	159.66	100.34	2026-01-10 07:52:53.883396
22157	2462	1490	1.000	80.00	59.88	80.00	59.88	20.12	2026-01-10 07:52:53.883396
22158	2462	1490	1.000	75.00	59.88	75.00	59.88	15.12	2026-01-10 07:52:53.883396
22159	2462	531	7.000	60.00	50.57	420.00	353.99	66.01	2026-01-10 07:52:53.883396
22160	2462	1967	2.000	125.00	92.46	250.00	184.92	65.08	2026-01-10 07:52:53.883396
22161	2462	688	8.000	60.00	52.55	480.00	420.40	59.60	2026-01-10 07:52:53.883396
22162	2462	1968	1.000	200.00	153.17	200.00	153.17	46.83	2026-01-10 07:52:53.883396
22163	2462	1973	2.000	170.00	135.46	340.00	270.92	69.08	2026-01-10 07:52:53.883396
22164	2462	297	1.000	150.00	102.48	150.00	102.48	47.52	2026-01-10 07:52:53.883396
22165	2462	297	1.000	140.00	102.48	140.00	102.48	37.52	2026-01-10 07:52:53.883396
22166	2462	290	1.000	125.00	82.59	125.00	82.59	42.41	2026-01-10 07:52:53.883396
22167	2462	695	1.000	120.00	96.45	120.00	96.45	23.55	2026-01-10 07:52:53.883396
22168	2462	328	1.000	120.00	93.66	120.00	93.66	26.34	2026-01-10 07:52:53.883396
22169	2462	1980	2.000	100.00	72.93	200.00	145.86	54.14	2026-01-10 07:52:53.883396
22170	2462	293	1.000	90.00	71.94	90.00	71.94	18.06	2026-01-10 07:52:53.883396
22171	2462	316	2.000	65.00	53.92	130.00	107.84	22.16	2026-01-10 07:52:53.883396
22172	2462	675	5.000	150.00	104.65	750.00	523.25	226.75	2026-01-10 07:52:53.883396
22173	2462	1559	2.000	140.00	116.07	280.00	232.14	47.86	2026-01-10 07:52:53.883396
22174	2462	368	2.000	100.00	67.25	200.00	134.50	65.50	2026-01-10 07:52:53.883396
22175	2462	370	2.000	100.00	60.09	200.00	120.18	79.82	2026-01-10 07:52:53.883396
22176	2462	362	4.000	90.00	78.88	360.00	315.52	44.48	2026-01-10 07:52:53.883396
22177	2462	1561	5.000	70.00	52.54	350.00	262.70	87.30	2026-01-10 07:52:53.883396
22178	2462	369	5.000	45.00	42.97	225.00	214.85	10.15	2026-01-10 07:52:53.883396
22179	2462	1579	1.000	160.00	89.37	160.00	89.37	70.63	2026-01-10 07:52:53.883396
22180	2462	671	1.000	160.00	109.82	160.00	109.82	50.18	2026-01-10 07:52:53.883396
22181	2462	366	2.000	145.00	102.94	290.00	205.88	84.12	2026-01-10 07:52:53.883396
22182	2462	1571	1.000	140.00	114.85	140.00	114.85	25.15	2026-01-10 07:52:53.883396
22183	2462	344	1.000	110.00	74.58	110.00	74.58	35.42	2026-01-10 07:52:53.883396
22184	2462	682	1.000	110.00	75.46	110.00	75.46	34.54	2026-01-10 07:52:53.883396
22185	2462	343	1.000	105.00	73.92	105.00	73.92	31.08	2026-01-10 07:52:53.883396
22186	2462	1563	1.000	70.00	43.66	70.00	43.66	26.34	2026-01-10 07:52:53.883396
22187	2462	372	1.000	70.00	60.25	70.00	60.25	9.75	2026-01-10 07:52:53.883396
22188	2462	372	1.000	65.00	60.25	65.00	60.25	4.75	2026-01-10 07:52:53.883396
22189	2462	553	1.000	130.00	79.83	130.00	79.83	50.17	2026-01-10 07:52:53.883396
22190	2519	507	1.000	100.00	69.77	100.00	69.77	30.23	2026-01-10 11:13:05.700782
22191	2519	1588	2.000	90.00	88.58	180.00	177.16	2.84	2026-01-10 11:13:05.700782
22192	2519	63	1.000	50.00	45.97	50.00	45.97	4.03	2026-01-10 11:13:05.700782
22193	2519	418	3.000	60.00	48.26	180.00	144.78	35.22	2026-01-10 11:13:05.700782
22194	2519	718	2.000	40.00	41.42	80.00	82.84	-2.84	2026-01-10 11:13:05.700782
22195	2519	409	1.000	100.00	92.32	100.00	92.32	7.68	2026-01-10 11:13:05.700782
22196	2519	403	13.000	70.00	101.11	910.00	1314.43	-404.43	2026-01-10 11:13:05.700782
23640	2633	400	1.000	90.00	81.61	90.00	81.61	8.39	2026-01-14 13:24:46.613077
23641	2633	413	1.000	70.00	81.51	70.00	81.51	-11.51	2026-01-14 13:24:46.613077
23642	2633	416	1.000	130.00	75.08	130.00	75.08	54.92	2026-01-14 13:24:46.613077
23643	2633	825	1.000	80.00	84.25	80.00	84.25	-4.25	2026-01-14 13:24:46.613077
23644	2633	811	5.000	100.00	64.57	500.00	322.85	177.15	2026-01-14 13:24:46.613077
23645	2633	1984	1.000	110.00	112.72	110.00	112.72	-2.72	2026-01-14 13:24:46.613077
23646	2633	1785	1.000	120.00	108.61	120.00	108.61	11.39	2026-01-14 13:24:46.613077
23647	2633	245	2.000	65.00	69.57	130.00	139.14	-9.14	2026-01-14 13:24:46.613077
19364	2298	5596	1.000	165.00	156.12	165.00	156.12	8.88	2026-01-05 16:07:24.586659
22197	2520	61	2.000	350.00	245.22	700.00	490.44	209.56	2026-01-10 11:20:43.652372
22198	2520	1521	1.000	210.00	155.22	210.00	155.22	54.78	2026-01-10 11:20:43.652372
22199	2520	1521	2.000	200.00	155.22	400.00	310.44	89.56	2026-01-10 11:20:43.652372
22200	2520	62	9.000	130.00	78.98	1170.00	710.82	459.18	2026-01-10 11:20:43.652372
22201	2520	62	1.000	125.00	78.98	125.00	78.98	46.02	2026-01-10 11:20:43.652372
22202	2520	62	1.000	90.00	78.98	90.00	78.98	11.02	2026-01-10 11:20:43.652372
22203	2520	63	8.000	60.00	46.16	480.00	369.28	110.72	2026-01-10 11:20:43.652372
22204	2520	63	1.000	55.00	46.16	55.00	46.16	8.84	2026-01-10 11:20:43.652372
22205	2520	95	2.000	480.00	371.75	960.00	743.50	216.50	2026-01-10 11:20:43.652372
22206	2520	93	1.000	290.00	153.68	290.00	153.68	136.32	2026-01-10 11:20:43.652372
22207	2520	94	1.000	135.00	100.33	135.00	100.33	34.67	2026-01-10 11:20:43.652372
22208	2520	94	1.000	130.00	100.33	130.00	100.33	29.67	2026-01-10 11:20:43.652372
22209	2520	139	1.000	230.00	119.51	230.00	119.51	110.49	2026-01-10 11:20:43.652372
22210	2520	83	1.000	225.00	155.06	225.00	155.06	69.94	2026-01-10 11:20:43.652372
22211	2520	92	3.000	190.00	151.35	570.00	454.05	115.95	2026-01-10 11:20:43.652372
22212	2520	1529	2.000	170.00	145.21	340.00	290.42	49.58	2026-01-10 11:20:43.652372
22213	2520	98	1.000	90.00	72.79	90.00	72.79	17.21	2026-01-10 11:20:43.652372
22214	2520	112	2.000	160.00	107.52	320.00	215.04	104.96	2026-01-10 11:20:43.652372
22215	2520	1553	1.000	150.00	95.21	150.00	95.21	54.79	2026-01-10 11:20:43.652372
22216	2520	705	2.000	230.00	170.22	460.00	340.44	119.56	2026-01-10 11:20:43.652372
22217	2520	118	1.000	85.00	71.72	85.00	71.72	13.28	2026-01-10 11:20:43.652372
22218	2520	109	3.000	110.00	85.52	330.00	256.56	73.44	2026-01-10 11:20:43.652372
22219	2520	50	1.000	80.00	57.85	80.00	57.85	22.15	2026-01-10 11:20:43.652372
22220	2520	59	1.000	220.00	169.56	220.00	169.56	50.44	2026-01-10 11:20:43.652372
22221	2520	58	15.000	100.00	81.62	1500.00	1224.30	275.70	2026-01-10 11:20:43.652372
22222	2520	58	1.000	120.00	81.62	120.00	81.62	38.38	2026-01-10 11:20:43.652372
22223	2520	135	1.000	180.00	155.21	180.00	155.21	24.79	2026-01-10 11:20:43.652372
22224	2520	72	1.000	210.00	161.83	210.00	161.83	48.17	2026-01-10 11:20:43.652372
22225	2520	71	4.000	50.00	46.30	200.00	185.20	14.80	2026-01-10 11:20:43.652372
22226	2520	149	1.000	100.00	82.98	100.00	82.98	17.02	2026-01-10 11:20:43.652372
22227	2520	125	1.000	65.00	54.09	65.00	54.09	10.91	2026-01-10 11:20:43.652372
22228	2520	124	4.000	85.00	76.59	340.00	306.36	33.64	2026-01-10 11:20:43.652372
22229	2520	144	2.000	180.00	96.86	360.00	193.72	166.28	2026-01-10 11:20:43.652372
22230	2520	702	3.000	110.00	97.15	330.00	291.45	38.55	2026-01-10 11:20:43.652372
22231	2520	110	10.000	135.00	81.72	1350.00	817.20	532.80	2026-01-10 11:20:43.652372
22232	2520	110	10.000	130.00	81.72	1300.00	817.20	482.80	2026-01-10 11:20:43.652372
22233	2520	128	1.000	40.00	57.11	40.00	57.11	-17.11	2026-01-10 11:20:43.652372
22234	2520	142	1.000	120.00	85.49	120.00	85.49	34.51	2026-01-10 11:20:43.652372
22235	2520	92	2.000	190.00	151.35	380.00	302.70	77.30	2026-01-10 11:20:43.652372
23648	2640	187	1.000	60.00	56.41	60.00	56.41	3.59	2026-01-14 13:42:49.989567
23649	2640	1674	1.000	70.00	55.60	70.00	55.60	14.40	2026-01-14 13:42:49.989567
23650	2640	1681	1.000	120.00	115.09	120.00	115.09	4.91	2026-01-14 13:42:49.989567
23651	2640	1679	1.000	120.00	97.56	120.00	97.56	22.44	2026-01-14 13:42:49.989567
23652	2640	1684	1.000	180.00	172.26	180.00	172.26	7.74	2026-01-14 13:42:49.989567
23653	2640	1682	3.000	130.00	117.56	390.00	352.68	37.32	2026-01-14 13:42:49.989567
23654	2640	190	1.000	75.00	74.44	75.00	74.44	0.56	2026-01-14 13:42:49.989567
23655	2640	192	1.000	90.00	54.33	90.00	54.33	35.67	2026-01-14 13:42:49.989567
23656	2640	1686	6.000	120.00	80.47	720.00	482.82	237.18	2026-01-14 13:42:49.989567
23657	2640	1687	1.000	200.00	147.56	200.00	147.56	52.44	2026-01-14 13:42:49.989567
23658	2640	196	9.000	280.00	257.11	2520.00	2313.99	206.01	2026-01-14 13:42:49.989567
23659	2640	205	2.000	85.00	68.15	170.00	136.30	33.70	2026-01-14 13:42:49.989567
23660	2640	1689	4.000	250.00	177.56	1000.00	710.24	289.76	2026-01-14 13:42:49.989567
23661	2640	209	40.000	50.00	55.56	2000.00	2222.40	-222.40	2026-01-14 13:42:49.989567
23662	2640	1691	1.000	180.00	73.56	180.00	73.56	106.44	2026-01-14 13:42:49.989567
23663	2640	223	1.000	60.00	49.39	60.00	49.39	10.61	2026-01-14 13:42:49.989567
23664	2640	212	1.000	50.00	53.50	50.00	53.50	-3.50	2026-01-14 13:42:49.989567
23665	2640	217	6.000	80.00	52.06	480.00	312.36	167.64	2026-01-14 13:42:49.989567
23666	2640	1698	33.000	80.00	57.56	2640.00	1899.48	740.52	2026-01-14 13:42:49.989567
23667	2640	1696	2.000	70.00	67.56	140.00	135.12	4.88	2026-01-14 13:42:49.989567
23668	2640	1710	16.000	130.00	112.56	2080.00	1800.96	279.04	2026-01-14 13:42:49.989567
23669	2640	1986	2.000	90.00	57.56	180.00	115.12	64.88	2026-01-14 13:42:49.989567
23670	2640	1709	2.000	90.00	57.56	180.00	115.12	64.88	2026-01-14 13:42:49.989567
23671	2640	1700	2.000	75.00	72.56	150.00	145.12	4.88	2026-01-14 13:42:49.989567
23672	2640	1715	2.000	105.00	87.56	210.00	175.12	34.88	2026-01-14 13:42:49.989567
23673	2640	1728	2.000	180.00	107.56	360.00	215.12	144.88	2026-01-14 13:42:49.989567
23674	2640	1727	2.000	330.00	187.56	660.00	375.12	284.88	2026-01-14 13:42:49.989567
23675	2640	1719	6.000	80.00	72.56	480.00	435.36	44.64	2026-01-14 13:42:49.989567
23676	2640	1716	1.000	210.00	167.56	210.00	167.56	42.44	2026-01-14 13:42:49.989567
23677	2640	1717	1.000	330.00	237.56	330.00	237.56	92.44	2026-01-14 13:42:49.989567
23678	2640	1720	3.000	180.00	137.56	540.00	412.68	127.32	2026-01-14 13:42:49.989567
23679	2640	1722	3.000	100.00	87.56	300.00	262.68	37.32	2026-01-14 13:42:49.989567
23680	2640	1721	3.000	170.00	157.56	510.00	472.68	37.32	2026-01-14 13:42:49.989567
23681	2640	1718	10.000	80.00	60.63	800.00	606.30	193.70	2026-01-14 13:42:49.989567
23682	2640	227	1.000	70.00	72.56	70.00	72.56	-2.56	2026-01-14 13:42:49.989567
23683	2640	228	4.000	130.00	116.88	520.00	467.52	52.48	2026-01-14 13:42:49.989567
23684	2640	1705	2.000	130.00	97.56	260.00	195.12	64.88	2026-01-14 13:42:49.989567
23685	2640	1701	2.000	80.00	74.68	160.00	149.36	10.64	2026-01-14 13:42:49.989567
23686	2640	1703	4.000	140.00	86.66	560.00	346.64	213.36	2026-01-14 13:42:49.989567
23687	2640	757	1.000	130.00	137.56	130.00	137.56	-7.56	2026-01-14 13:42:49.989567
23688	2640	1704	1.000	120.00	127.56	120.00	127.56	-7.56	2026-01-14 13:42:49.989567
23689	2640	1736	1.000	85.00	58.75	85.00	58.75	26.25	2026-01-14 13:42:49.989567
23690	2640	1736	1.000	80.00	58.75	80.00	58.75	21.25	2026-01-14 13:42:49.989567
23691	2640	235	1.000	110.00	102.94	110.00	102.94	7.06	2026-01-14 13:42:49.989567
23692	2640	1744	3.000	150.00	157.56	450.00	472.68	-22.68	2026-01-14 13:42:49.989567
23693	2640	1708	7.000	160.00	137.56	1120.00	962.92	157.08	2026-01-14 13:42:49.989567
23694	2640	1699	4.000	100.00	67.56	400.00	270.24	129.76	2026-01-14 13:42:49.989567
23695	2640	199	1.000	120.00	74.30	120.00	74.30	45.70	2026-01-14 13:42:49.989567
23696	2640	1712	4.000	120.00	75.60	480.00	302.40	177.60	2026-01-14 13:42:49.989567
23697	2640	1725	4.000	185.00	177.56	740.00	710.24	29.76	2026-01-14 13:42:49.989567
23698	2640	1725	1.000	180.00	177.56	180.00	177.56	2.44	2026-01-14 13:42:49.989567
23699	2640	1726	13.000	90.00	102.56	1170.00	1333.28	-163.28	2026-01-14 13:42:49.989567
23700	2640	1733	1.000	200.00	134.00	200.00	134.00	66.00	2026-01-14 13:42:49.989567
23701	2640	232	1.000	120.00	84.71	120.00	84.71	35.29	2026-01-14 13:42:49.989567
23702	2640	1734	1.000	100.00	97.56	100.00	97.56	2.44	2026-01-14 13:42:49.989567
23703	2640	226	2.000	400.00	355.72	800.00	711.44	88.56	2026-01-14 13:42:49.989567
23704	2640	1797	1.000	160.00	94.57	160.00	94.57	65.43	2026-01-14 13:42:49.989567
23705	2640	810	2.000	60.00	59.57	120.00	119.14	0.86	2026-01-14 13:42:49.989567
22236	2521	6281	5.000	85.00	65.01	425.00	325.05	99.95	2026-01-10 11:22:09.79182
22237	2521	6232	5.000	40.00	23.85	200.00	119.25	80.75	2026-01-10 11:22:09.794979
22238	2521	6244	6.000	70.00	38.08	420.00	228.48	191.52	2026-01-10 11:22:09.797548
22239	2521	6244	1.000	65.00	38.08	65.00	38.08	26.92	2026-01-10 11:22:09.800415
22240	2521	6263	1.000	65.00	54.32	65.00	54.32	10.68	2026-01-10 11:22:09.803256
22241	2521	6264	1.000	100.00	71.93	100.00	71.93	28.07	2026-01-10 11:22:09.806251
22242	2521	6265	2.000	135.00	122.83	270.00	245.66	24.34	2026-01-10 11:22:09.809136
22243	2521	6257	2.000	210.00	168.84	420.00	337.68	82.32	2026-01-10 11:22:09.812232
22244	2521	6251	1.000	90.00	84.87	90.00	84.87	5.13	2026-01-10 11:22:09.815153
23706	2640	810	1.000	70.00	59.57	70.00	59.57	10.43	2026-01-14 13:42:49.989567
23707	2640	254	1.000	60.00	55.37	60.00	55.37	4.63	2026-01-14 13:42:49.989567
23708	2640	1829	1.000	150.00	101.57	150.00	101.57	48.43	2026-01-14 13:42:49.989567
23709	2640	1818	3.000	80.00	62.12	240.00	186.36	53.64	2026-01-14 13:42:49.989567
23710	2640	1805	3.000	40.00	43.53	120.00	130.59	-10.59	2026-01-14 13:42:49.989567
23711	2640	1800	1.000	80.00	51.28	80.00	51.28	28.72	2026-01-14 13:42:49.989567
23712	2640	157	1.000	70.00	52.68	70.00	52.68	17.32	2026-01-14 13:42:49.989567
23713	2640	1607	1.000	50.00	48.45	50.00	48.45	1.55	2026-01-14 13:42:49.989567
23714	2640	730	5.000	230.00	157.28	1150.00	786.40	363.60	2026-01-14 13:42:49.989567
23715	2640	1652	1.000	60.00	53.24	60.00	53.24	6.76	2026-01-14 13:42:49.989567
23716	2640	1623	1.000	80.00	139.45	80.00	139.45	-59.45	2026-01-14 13:42:49.989567
23717	2640	1653	2.000	150.00	134.65	300.00	269.30	30.70	2026-01-14 13:42:49.989567
23718	2640	1655	1.000	40.00	60.28	40.00	60.28	-20.28	2026-01-14 13:42:49.989567
23719	2640	1972	1.000	70.00	58.42	70.00	58.42	11.58	2026-01-14 13:42:49.989567
23720	2640	318	2.000	70.00	62.78	140.00	125.56	14.44	2026-01-14 13:42:49.989567
23721	2640	63	15.000	50.00	46.36	750.00	695.40	54.60	2026-01-14 13:42:49.989567
23722	2640	93	3.000	270.00	151.62	810.00	454.86	355.14	2026-01-14 13:42:49.989567
23723	2640	139	1.000	220.00	116.41	220.00	116.41	103.59	2026-01-14 13:42:49.989567
22245	2522	6249	2.000	70.00	48.25	140.00	96.50	43.50	2026-01-10 11:22:31.2922
22246	2522	6263	1.000	65.00	54.23	65.00	54.23	10.77	2026-01-10 11:22:31.296513
23724	2644	5493	1.000	125.00	138.93	125.00	138.93	-13.93	2026-01-14 15:48:54.201397
23725	2644	5486	1.000	200.00	142.58	200.00	142.58	57.42	2026-01-14 15:48:54.201397
23726	2644	5488	1.000	60.00	58.35	60.00	58.35	1.65	2026-01-14 15:48:54.201397
23727	2644	5546	2.000	170.00	125.21	340.00	250.42	89.58	2026-01-14 15:48:54.201397
23728	2644	5562	1.000	150.00	139.76	150.00	139.76	10.24	2026-01-14 15:48:54.201397
23729	2644	5541	1.000	50.00	72.41	50.00	72.41	-22.41	2026-01-14 15:48:54.201397
23730	2644	5580	1.000	65.00	87.81	65.00	87.81	-22.81	2026-01-14 15:48:54.201397
23731	2644	5537	2.000	250.00	198.66	500.00	397.32	102.68	2026-01-14 15:48:54.201397
23732	2644	5537	1.000	240.00	198.66	240.00	198.66	41.34	2026-01-14 15:48:54.201397
23733	2644	5573	3.000	80.00	62.42	240.00	187.26	52.74	2026-01-14 15:48:54.201397
23734	2644	5597	2.000	110.00	90.24	220.00	180.48	39.52	2026-01-14 15:48:54.201397
23735	2644	5608	5.000	210.00	158.15	1050.00	790.75	259.25	2026-01-14 15:48:54.201397
23736	2644	5611	2.000	140.00	137.84	280.00	275.68	4.32	2026-01-14 15:48:54.201397
23737	2644	5585	2.000	110.00	88.53	220.00	177.06	42.94	2026-01-14 15:48:54.201397
23738	2644	5585	1.000	115.00	88.53	115.00	88.53	26.47	2026-01-14 15:48:54.201397
23739	2644	5557	1.000	130.00	116.83	130.00	116.83	13.17	2026-01-14 15:48:54.201397
23740	2644	5543	1.000	100.00	90.24	100.00	90.24	9.76	2026-01-14 15:48:54.201397
23741	2644	5596	3.000	170.00	156.71	510.00	470.13	39.87	2026-01-14 15:48:54.201397
23742	2644	5587	1.000	130.00	137.49	130.00	137.49	-7.49	2026-01-14 15:48:54.201397
23743	2644	5533	1.000	225.00	197.55	225.00	197.55	27.45	2026-01-14 15:48:54.201397
23744	2644	5613	1.000	130.00	109.15	130.00	109.15	20.85	2026-01-14 15:48:54.201397
23745	2644	5612	5.000	100.00	115.31	500.00	576.55	-76.55	2026-01-14 15:48:54.201397
23746	2644	5635	1.000	300.00	237.74	300.00	237.74	62.26	2026-01-14 15:48:54.201397
23747	2644	5647	4.000	85.00	67.77	340.00	271.08	68.92	2026-01-14 15:48:54.201397
23748	2644	5693	1.000	75.00	72.77	75.00	72.77	2.23	2026-01-14 15:48:54.201397
23749	2644	5654	2.000	65.00	63.21	130.00	126.42	3.58	2026-01-14 15:48:54.201397
23750	2644	5943	6.000	50.00	59.80	300.00	358.80	-58.80	2026-01-14 15:48:54.201397
23751	2644	5973	1.000	90.00	78.90	90.00	78.90	11.10	2026-01-14 15:48:54.201397
23752	2644	5973	1.000	80.00	78.90	80.00	78.90	1.10	2026-01-14 15:48:54.201397
23753	2644	6033	1.000	80.00	69.19	80.00	69.19	10.81	2026-01-14 15:48:54.201397
23754	2644	5908	1.000	110.00	93.71	110.00	93.71	16.29	2026-01-14 15:48:54.201397
23755	2644	5912	3.000	100.00	103.54	300.00	310.62	-10.62	2026-01-14 15:48:54.201397
23756	2644	5448	1.000	40.00	60.12	40.00	60.12	-20.12	2026-01-14 15:48:54.201397
23757	2644	5719	1.000	90.00	71.88	90.00	71.88	18.12	2026-01-14 15:48:54.201397
22247	2523	357	2.000	180.00	166.67	360.00	333.34	26.66	2026-01-10 11:42:55.827394
22248	2523	1559	7.000	140.00	116.94	980.00	818.58	161.42	2026-01-10 11:42:55.827394
22249	2523	1560	5.000	100.00	51.14	500.00	255.70	244.30	2026-01-10 11:42:55.827394
22250	2523	1578	2.000	90.00	51.52	180.00	103.04	76.96	2026-01-10 11:42:55.827394
22251	2523	1572	3.000	80.00	42.57	240.00	127.71	112.29	2026-01-10 11:42:55.827394
22252	2523	1561	4.000	70.00	52.54	280.00	210.16	69.84	2026-01-10 11:42:55.827394
22253	2523	1577	1.000	140.00	116.44	140.00	116.44	23.56	2026-01-10 11:42:55.827394
22254	2523	377	1.000	100.00	48.80	100.00	48.80	51.20	2026-01-10 11:42:55.827394
22255	2523	370	1.000	100.00	62.05	100.00	62.05	37.95	2026-01-10 11:42:55.827394
22256	2523	678	1.000	100.00	54.68	100.00	54.68	45.32	2026-01-10 11:42:55.827394
22257	2523	365	1.000	100.00	57.87	100.00	57.87	42.13	2026-01-10 11:42:55.827394
22258	2523	362	2.000	90.00	79.89	180.00	159.78	20.22	2026-01-10 11:42:55.827394
22259	2523	1565	1.000	70.00	40.17	70.00	40.17	29.83	2026-01-10 11:42:55.827394
22260	2523	372	1.000	65.00	60.25	65.00	60.25	4.75	2026-01-10 11:42:55.827394
22261	2523	1981	2.000	120.00	94.25	240.00	188.50	51.50	2026-01-10 11:42:55.827394
22262	2523	293	2.000	90.00	71.94	180.00	143.88	36.12	2026-01-10 11:42:55.827394
22263	2523	316	5.000	65.00	53.92	325.00	269.60	55.40	2026-01-10 11:42:55.827394
22264	2523	688	14.000	60.00	52.55	840.00	735.70	104.30	2026-01-10 11:42:55.827394
22265	2523	1977	1.000	160.00	94.14	160.00	94.14	65.86	2026-01-10 11:42:55.827394
22266	2523	328	1.000	130.00	93.66	130.00	93.66	36.34	2026-01-10 11:42:55.827394
22267	2523	294	1.000	95.00	64.15	95.00	64.15	30.85	2026-01-10 11:42:55.827394
22268	2523	63	1.000	60.00	45.01	60.00	45.01	14.99	2026-01-10 11:42:55.827394
22269	2523	634	2.000	80.00	80.13	160.00	160.26	-0.26	2026-01-10 11:42:55.827394
22270	2523	531	4.000	60.00	50.65	240.00	202.60	37.40	2026-01-10 11:42:55.827394
22271	2523	153	2.000	380.00	331.37	760.00	662.74	97.26	2026-01-10 11:42:55.827394
22272	2523	523	1.000	210.00	152.91	210.00	152.91	57.09	2026-01-10 11:42:55.827394
22273	2523	572	1.000	180.00	130.01	180.00	130.01	49.99	2026-01-10 11:42:55.827394
22274	2523	535	1.000	150.00	149.80	150.00	149.80	0.20	2026-01-10 11:42:55.827394
22275	2523	555	1.000	150.00	133.93	150.00	133.93	16.07	2026-01-10 11:42:55.827394
22276	2523	556	1.000	150.00	129.77	150.00	129.77	20.23	2026-01-10 11:42:55.827394
22277	2523	509	1.000	140.00	128.78	140.00	128.78	11.22	2026-01-10 11:42:55.827394
22278	2523	511	1.000	130.00	98.98	130.00	98.98	31.02	2026-01-10 11:42:55.827394
22279	2523	519	1.000	130.00	89.91	130.00	89.91	40.09	2026-01-10 11:42:55.827394
22280	2523	586	1.000	125.00	106.03	125.00	106.03	18.97	2026-01-10 11:42:55.827394
22281	2523	594	2.000	120.00	69.60	240.00	139.20	100.80	2026-01-10 11:42:55.827394
22282	2523	545	2.000	110.00	71.34	220.00	142.68	77.32	2026-01-10 11:42:55.827394
22283	2523	618	1.000	110.00	48.53	110.00	48.53	61.47	2026-01-10 11:42:55.827394
22284	2523	611	1.000	100.00	89.82	100.00	89.82	10.18	2026-01-10 11:42:55.827394
22285	2523	573	1.000	100.00	80.51	100.00	80.51	19.49	2026-01-10 11:42:55.827394
22286	2523	563	1.000	100.00	55.48	100.00	55.48	44.52	2026-01-10 11:42:55.827394
22287	2523	520	1.000	100.00	50.43	100.00	50.43	49.57	2026-01-10 11:42:55.827394
22288	2523	591	1.000	90.00	49.38	90.00	49.38	40.62	2026-01-10 11:42:55.827394
22289	2523	571	1.000	75.00	80.02	75.00	80.02	-5.02	2026-01-10 11:42:55.827394
22290	2523	550	1.000	65.00	71.37	65.00	71.37	-6.37	2026-01-10 11:42:55.827394
23758	2645	5368	2.000	100.00	76.86	200.00	153.72	46.28	2026-01-14 15:49:48.344556
23759	2645	5378	6.000	290.00	247.13	1740.00	1482.78	257.22	2026-01-14 15:49:48.344556
23760	2645	5407	1.000	270.00	158.72	270.00	158.72	111.28	2026-01-14 15:49:48.344556
23761	2645	5369	1.000	85.00	81.72	85.00	81.72	3.28	2026-01-14 15:49:48.344556
23762	2645	5369	1.000	80.00	81.72	80.00	81.72	-1.72	2026-01-14 15:49:48.344556
23763	2645	5391	5.000	85.00	81.32	425.00	406.60	18.40	2026-01-14 15:49:48.344556
23764	2645	5444	6.000	80.00	82.05	480.00	492.30	-12.30	2026-01-14 15:49:48.344556
23765	2645	5408	5.000	125.00	104.94	625.00	524.70	100.30	2026-01-14 15:49:48.344556
23766	2645	5416	4.000	80.00	76.99	320.00	307.96	12.04	2026-01-14 15:49:48.344556
23767	2645	5443	1.000	80.00	82.17	80.00	82.17	-2.17	2026-01-14 15:49:48.344556
23768	2645	5426	1.000	100.00	96.87	100.00	96.87	3.13	2026-01-14 15:49:48.344556
23769	2645	5473	1.000	100.00	76.99	100.00	76.99	23.01	2026-01-14 15:49:48.344556
23770	2645	5447	2.000	80.00	86.65	160.00	173.30	-13.30	2026-01-14 15:49:48.344556
23771	2645	5448	1.000	50.00	61.73	50.00	61.73	-11.73	2026-01-14 15:49:48.344556
23772	2645	5423	2.000	75.00	57.81	150.00	115.62	34.38	2026-01-14 15:49:48.344556
23773	2645	5461	1.000	95.00	91.71	95.00	91.71	3.29	2026-01-14 15:49:48.344556
23774	2645	5943	1.000	50.00	59.91	50.00	59.91	-9.91	2026-01-14 15:49:48.344556
23775	2645	5951	1.000	190.00	169.93	190.00	169.93	20.07	2026-01-14 15:49:48.344556
23776	2645	5966	1.000	100.00	99.28	100.00	99.28	0.72	2026-01-14 15:49:48.344556
23777	2645	6027	1.000	50.00	74.83	50.00	74.83	-24.83	2026-01-14 15:49:48.344556
23778	2645	5950	1.000	180.00	159.28	180.00	159.28	20.72	2026-01-14 15:49:48.344556
23779	2645	6058	1.000	170.00	149.56	170.00	149.56	20.44	2026-01-14 15:49:48.344556
23780	2645	6004	1.000	120.00	78.46	120.00	78.46	41.54	2026-01-14 15:49:48.344556
23781	2645	5411	2.000	120.00	77.12	240.00	154.24	85.76	2026-01-14 15:49:48.344556
23782	2645	6051	2.000	130.00	106.21	260.00	212.42	47.58	2026-01-14 15:49:48.344556
23783	2645	6032	1.000	450.00	389.28	450.00	389.28	60.72	2026-01-14 15:49:48.344556
23784	2645	5969	1.000	140.00	139.45	140.00	139.45	0.55	2026-01-14 15:49:48.344556
23785	2645	6034	1.000	200.00	189.28	200.00	189.28	10.72	2026-01-14 15:49:48.344556
23786	2645	6044	1.000	180.00	179.28	180.00	179.28	0.72	2026-01-14 15:49:48.344556
23787	2645	6062	1.000	100.00	99.28	100.00	99.28	0.72	2026-01-14 15:49:48.344556
23788	2645	5981	1.000	80.00	89.28	80.00	89.28	-9.28	2026-01-14 15:49:48.344556
23789	2645	6033	2.000	80.00	69.19	160.00	138.38	21.62	2026-01-14 15:49:48.344556
23790	2645	5984	1.000	160.00	129.21	160.00	129.21	30.79	2026-01-14 15:49:48.344556
23791	2645	5985	1.000	110.00	84.48	110.00	84.48	25.52	2026-01-14 15:49:48.344556
23792	2645	5977	2.000	140.00	106.13	280.00	212.26	67.74	2026-01-14 15:49:48.344556
23793	2645	6067	1.000	100.00	54.50	100.00	54.50	45.50	2026-01-14 15:49:48.344556
23794	2645	6011	1.000	80.00	59.00	80.00	59.00	21.00	2026-01-14 15:49:48.344556
23795	2645	6017	3.000	90.00	68.81	270.00	206.43	63.57	2026-01-14 15:49:48.344556
23796	2645	6000	1.000	70.00	64.28	70.00	64.28	5.72	2026-01-14 15:49:48.344556
23797	2645	5605	1.000	80.00	86.33	80.00	86.33	-6.33	2026-01-14 15:49:48.344556
22291	2524	722	16.000	50.00	48.07	800.00	769.12	30.88	2026-01-10 11:51:34.681811
22292	2524	157	2.000	65.00	52.68	130.00	105.36	24.64	2026-01-10 11:51:34.681811
22293	2524	157	3.000	60.00	52.68	180.00	158.04	21.96	2026-01-10 11:51:34.681811
22294	2524	1652	1.000	60.00	53.24	60.00	53.24	6.76	2026-01-10 11:51:34.681811
22295	2524	1639	1.000	160.00	108.52	160.00	108.52	51.48	2026-01-10 11:51:34.681811
22296	2524	1648	6.000	70.00	70.39	420.00	422.34	-2.34	2026-01-10 11:51:34.681811
22297	2524	175	1.000	100.00	96.84	100.00	96.84	3.16	2026-01-10 11:51:34.681811
22298	2524	1654	2.000	75.00	82.62	150.00	165.24	-15.24	2026-01-10 11:51:34.681811
22299	2524	239	1.000	70.00	64.57	70.00	64.57	5.43	2026-01-10 11:51:34.681811
22300	2524	244	5.000	50.00	47.64	250.00	238.20	11.80	2026-01-10 11:51:34.681811
22301	2524	810	5.000	70.00	59.57	350.00	297.85	52.15	2026-01-10 11:51:34.681811
22302	2524	1842	2.000	60.00	64.57	120.00	129.14	-9.14	2026-01-10 11:51:34.681811
22303	2524	263	1.000	120.00	102.63	120.00	102.63	17.37	2026-01-10 11:51:34.681811
22304	2524	1818	1.000	80.00	62.12	80.00	62.12	17.88	2026-01-10 11:51:34.681811
22305	2524	249	1.000	80.00	84.57	80.00	84.57	-4.57	2026-01-10 11:51:34.681811
22306	2524	1871	2.000	95.00	59.57	190.00	119.14	70.86	2026-01-10 11:51:34.681811
22307	2524	1861	1.000	220.00	174.57	220.00	174.57	45.43	2026-01-10 11:51:34.681811
22308	2524	1872	1.000	80.00	74.57	80.00	74.57	5.43	2026-01-10 11:51:34.681811
22309	2524	820	5.000	140.00	134.57	700.00	672.85	27.15	2026-01-10 11:51:34.681811
22310	2524	268	1.000	110.00	74.57	110.00	74.57	35.43	2026-01-10 11:51:34.681811
22311	2524	238	1.000	200.00	111.74	200.00	111.74	88.26	2026-01-10 11:51:34.681811
22312	2524	1805	3.000	40.00	43.53	120.00	130.59	-10.59	2026-01-10 11:51:34.681811
22313	2524	1809	1.000	70.00	44.57	70.00	44.57	25.43	2026-01-10 11:51:34.681811
22314	2524	248	2.000	50.00	48.95	100.00	97.90	2.10	2026-01-10 11:51:34.681811
22315	2524	1674	1.000	70.00	53.15	70.00	53.15	16.85	2026-01-10 11:51:34.681811
22316	2524	187	1.000	60.00	51.83	60.00	51.83	8.17	2026-01-10 11:51:34.681811
22317	2524	192	1.000	85.00	52.36	85.00	52.36	32.64	2026-01-10 11:51:34.681811
22318	2524	191	1.000	120.00	117.45	120.00	117.45	2.55	2026-01-10 11:51:34.681811
22319	2524	1686	1.000	120.00	78.27	120.00	78.27	41.73	2026-01-10 11:51:34.681811
22320	2524	196	1.000	280.00	252.86	280.00	252.86	27.14	2026-01-10 11:51:34.681811
22321	2524	212	1.000	50.00	52.69	50.00	52.69	-2.69	2026-01-10 11:51:34.681811
22322	2524	211	1.000	70.00	58.15	70.00	58.15	11.85	2026-01-10 11:51:34.681811
22323	2524	223	1.000	60.00	49.02	60.00	49.02	10.98	2026-01-10 11:51:34.681811
22324	2524	199	1.000	120.00	73.49	120.00	73.49	46.51	2026-01-10 11:51:34.681811
22325	2524	1712	3.000	120.00	73.25	360.00	219.75	140.25	2026-01-10 11:51:34.681811
22326	2524	232	1.000	120.00	83.29	120.00	83.29	36.71	2026-01-10 11:51:34.681811
22327	2524	231	4.000	55.00	57.56	220.00	230.24	-10.24	2026-01-10 11:51:34.681811
22328	2524	689	2.000	95.00	74.17	190.00	148.34	41.66	2026-01-10 11:51:34.681811
22329	2524	316	1.000	60.00	55.14	60.00	55.14	4.86	2026-01-10 11:51:34.681811
22330	2524	318	2.000	70.00	62.78	140.00	125.56	14.44	2026-01-10 11:51:34.681811
22331	2524	58	4.000	120.00	79.23	480.00	316.92	163.08	2026-01-10 11:51:34.681811
22332	2524	93	1.000	270.00	151.62	270.00	151.62	118.38	2026-01-10 11:51:34.681811
22333	2524	1638	1.000	130.00	90.08	130.00	90.08	39.92	2026-01-10 11:51:34.681811
23798	2647	5317	1.000	140.00	101.40	140.00	101.40	38.60	2026-01-14 16:08:17.241335
23799	2647	5282	6.000	140.00	101.40	840.00	608.40	231.60	2026-01-14 16:08:17.241335
23800	2647	5308	1.000	120.00	71.40	120.00	71.40	48.60	2026-01-14 16:08:17.241335
23801	2647	5276	1.000	80.00	81.40	80.00	81.40	-1.40	2026-01-14 16:08:17.241335
23802	2647	5284	4.000	330.00	251.40	1320.00	1005.60	314.40	2026-01-14 16:08:17.241335
22334	2525	584	1.000	100.00	139.60	100.00	139.60	-39.60	2026-01-10 11:55:07.480553
22335	2525	512	1.000	80.00	51.31	80.00	51.31	28.69	2026-01-10 11:55:07.480553
22336	2525	513	1.000	200.00	196.66	200.00	196.66	3.34	2026-01-10 11:55:07.480553
22337	2525	1465	1.000	110.00	113.35	110.00	113.35	-3.35	2026-01-10 11:55:07.480553
22338	2525	1464	1.000	300.00	176.66	300.00	176.66	123.34	2026-01-10 11:55:07.480553
22339	2525	153	2.000	400.00	336.66	800.00	673.32	126.68	2026-01-10 11:55:07.480553
22340	2525	612	1.000	210.00	146.66	210.00	146.66	63.34	2026-01-10 11:55:07.480553
22341	2525	515	1.000	110.00	84.76	110.00	84.76	25.24	2026-01-10 11:55:07.480553
22342	2525	517	1.000	125.00	131.11	125.00	131.11	-6.11	2026-01-10 11:55:07.480553
22343	2525	337	16.000	55.00	56.66	880.00	906.56	-26.56	2026-01-10 11:55:07.480553
22344	2525	525	1.000	150.00	80.14	150.00	80.14	69.86	2026-01-10 11:55:07.480553
22345	2525	531	2.000	60.00	51.48	120.00	102.96	17.04	2026-01-10 11:55:07.480553
22346	2525	531	2.000	55.00	51.48	110.00	102.96	7.04	2026-01-10 11:55:07.480553
22347	2525	1473	1.000	60.00	66.66	60.00	66.66	-6.66	2026-01-10 11:55:07.480553
22348	2525	1478	2.000	135.00	114.67	270.00	229.34	40.66	2026-01-10 11:55:07.480553
22349	2525	553	2.000	110.00	86.66	220.00	173.32	46.68	2026-01-10 11:55:07.480553
22350	2525	629	6.000	115.00	111.52	690.00	669.12	20.88	2026-01-10 11:55:07.480553
22351	2525	1496	1.000	160.00	153.32	160.00	153.32	6.68	2026-01-10 11:55:07.480553
22352	2525	1502	1.000	100.00	135.46	100.00	135.46	-35.46	2026-01-10 11:55:07.480553
22353	2525	630	1.000	60.00	57.18	60.00	57.18	2.82	2026-01-10 11:55:07.480553
22354	2525	1503	1.000	250.00	206.66	250.00	206.66	43.34	2026-01-10 11:55:07.480553
22355	2525	1511	1.000	200.00	154.42	200.00	154.42	45.58	2026-01-10 11:55:07.480553
22356	2525	543	2.000	110.00	115.44	220.00	230.88	-10.88	2026-01-10 11:55:07.480553
22357	2525	556	1.000	140.00	131.71	140.00	131.71	8.29	2026-01-10 11:55:07.480553
22358	2525	546	4.000	220.00	186.66	880.00	746.64	133.36	2026-01-10 11:55:07.480553
22359	2525	560	1.000	80.00	74.54	80.00	74.54	5.46	2026-01-10 11:55:07.480553
22360	2525	1505	1.000	250.00	231.66	250.00	231.66	18.34	2026-01-10 11:55:07.480553
22361	2525	567	1.000	50.00	42.90	50.00	42.90	7.10	2026-01-10 11:55:07.480553
22362	2525	1477	5.000	270.00	260.54	1350.00	1302.70	47.30	2026-01-10 11:55:07.480553
22363	2533	71	3.000	50.00	46.66	150.00	139.98	10.02	2026-01-10 13:53:14.585406
22364	2533	144	2.000	170.00	95.09	340.00	190.18	149.82	2026-01-10 13:53:14.585406
22365	2533	125	5.000	70.00	52.46	350.00	262.30	87.70	2026-01-10 13:53:14.585406
22366	2533	122	3.000	60.00	69.98	180.00	209.94	-29.94	2026-01-10 13:53:14.585406
22367	2533	109	1.000	115.00	84.09	115.00	84.09	30.91	2026-01-10 13:53:14.585406
22368	2533	109	1.000	120.00	84.09	120.00	84.09	35.91	2026-01-10 13:53:14.585406
22369	2533	139	3.000	230.00	114.22	690.00	342.66	347.34	2026-01-10 13:53:14.585406
22370	2533	142	2.000	130.00	85.14	260.00	170.28	89.72	2026-01-10 13:53:14.585406
22371	2533	102	1.000	120.00	99.84	120.00	99.84	20.16	2026-01-10 13:53:14.585406
22372	2533	58	1.000	125.00	80.15	125.00	80.15	44.85	2026-01-10 13:53:14.585406
22373	2533	93	1.000	280.00	152.27	280.00	152.27	127.73	2026-01-10 13:53:14.585406
22374	2533	123	1.000	90.00	60.04	90.00	60.04	29.96	2026-01-10 13:53:14.585406
22375	2533	131	1.000	300.00	205.96	300.00	205.96	94.04	2026-01-10 13:53:14.585406
22376	2533	1636	1.000	285.00	142.95	285.00	142.95	142.05	2026-01-10 13:53:14.585406
22377	2533	114	1.000	140.00	101.50	140.00	101.50	38.50	2026-01-10 13:53:14.585406
22378	2533	55	1.000	140.00	110.57	140.00	110.57	29.43	2026-01-10 13:53:14.585406
22379	2533	1535	2.000	260.00	156.04	520.00	312.08	207.92	2026-01-10 13:53:14.585406
22380	2533	74	1.000	140.00	80.71	140.00	80.71	59.29	2026-01-10 13:53:14.585406
22381	2533	138	1.000	120.00	110.32	120.00	110.32	9.68	2026-01-10 13:53:14.585406
22382	2533	92	1.000	200.00	150.02	200.00	150.02	49.98	2026-01-10 13:53:14.585406
22383	2533	107	1.000	90.00	75.12	90.00	75.12	14.88	2026-01-10 13:53:14.585406
22384	2533	113	4.000	95.00	69.45	380.00	277.80	102.20	2026-01-10 13:53:14.585406
22385	2533	1610	7.000	75.00	64.44	525.00	451.08	73.92	2026-01-10 13:53:14.585406
22386	2533	728	2.000	70.00	55.66	140.00	111.32	28.68	2026-01-10 13:53:14.585406
22387	2533	1651	3.000	75.00	73.43	225.00	220.29	4.71	2026-01-10 13:53:14.585406
22388	2533	1651	1.000	80.00	73.43	80.00	73.43	6.57	2026-01-10 13:53:14.585406
22389	2533	733	2.000	140.00	102.92	280.00	205.84	74.16	2026-01-10 13:53:14.585406
22390	2533	176	1.000	65.00	56.17	65.00	56.17	8.83	2026-01-10 13:53:14.585406
22391	2533	176	2.000	70.00	56.17	140.00	112.34	27.66	2026-01-10 13:53:14.585406
22392	2533	176	1.000	75.00	56.17	75.00	56.17	18.83	2026-01-10 13:53:14.585406
22393	2533	170	1.000	90.00	70.82	90.00	70.82	19.18	2026-01-10 13:53:14.585406
22394	2533	170	1.000	100.00	70.82	100.00	70.82	29.18	2026-01-10 13:53:14.585406
22395	2533	1605	1.000	195.00	144.98	195.00	144.98	50.02	2026-01-10 13:53:14.585406
22396	2533	1605	7.000	200.00	144.98	1400.00	1014.86	385.14	2026-01-10 13:53:14.585406
22397	2533	724	1.000	70.00	57.90	70.00	57.90	12.10	2026-01-10 13:53:14.585406
22398	2533	724	2.000	75.00	57.90	150.00	115.80	34.20	2026-01-10 13:53:14.585406
22399	2533	720	3.000	90.00	72.99	270.00	218.97	51.03	2026-01-10 13:53:14.585406
22400	2533	720	1.000	95.00	72.99	95.00	72.99	22.01	2026-01-10 13:53:14.585406
22401	2533	1639	3.000	170.00	107.25	510.00	321.75	188.25	2026-01-10 13:53:14.585406
22402	2533	1660	6.000	110.00	83.41	660.00	500.46	159.54	2026-01-10 13:53:14.585406
22403	2533	723	1.000	75.00	45.87	75.00	45.87	29.13	2026-01-10 13:53:14.585406
22404	2533	157	1.000	70.00	51.19	70.00	51.19	18.81	2026-01-10 13:53:14.585406
22405	2533	731	1.000	130.00	94.35	130.00	94.35	35.65	2026-01-10 13:53:14.585406
22406	2533	1602	1.000	120.00	74.81	120.00	74.81	45.19	2026-01-10 13:53:14.585406
22407	2533	1669	1.000	130.00	89.77	130.00	89.77	40.23	2026-01-10 13:53:14.585406
22408	2533	719	1.000	100.00	75.89	100.00	75.89	24.11	2026-01-10 13:53:14.585406
22409	2533	1672	3.000	100.00	78.57	300.00	235.71	64.29	2026-01-10 13:53:14.585406
22410	2533	1614	1.000	120.00	100.28	120.00	100.28	19.72	2026-01-10 13:53:14.585406
22411	2533	1628	1.000	100.00	68.68	100.00	68.68	31.32	2026-01-10 13:53:14.585406
22412	2533	531	6.000	60.00	50.65	360.00	303.90	56.10	2026-01-10 13:53:14.585406
22413	2533	1906	1.000	130.00	99.75	130.00	99.75	30.25	2026-01-10 13:53:14.585406
22414	2533	500	1.000	370.00	253.70	370.00	253.70	116.30	2026-01-10 13:53:14.585406
22415	2533	872	1.000	140.00	119.40	140.00	119.40	20.60	2026-01-10 13:53:14.585406
22416	2533	204	8.000	50.00	66.13	400.00	529.04	-129.04	2026-01-10 13:53:14.585406
22417	2533	220	1.000	200.00	207.06	200.00	207.06	-7.06	2026-01-10 13:53:14.585406
22418	2533	234	1.000	45.00	51.55	45.00	51.55	-6.55	2026-01-10 13:53:14.585406
22419	2533	205	1.000	90.00	66.80	90.00	66.80	23.20	2026-01-10 13:53:14.585406
22420	2533	764	1.000	150.00	149.50	150.00	149.50	0.50	2026-01-10 13:53:14.585406
22421	2533	1804	1.000	110.00	118.26	110.00	118.26	-8.26	2026-01-10 13:53:14.585406
22422	2533	263	1.000	120.00	98.63	120.00	98.63	21.37	2026-01-10 13:53:14.585406
22423	2533	717	1.000	80.00	105.21	80.00	105.21	-25.21	2026-01-10 13:53:14.585406
22424	2533	400	1.000	100.00	81.61	100.00	81.61	18.39	2026-01-10 13:53:14.585406
22425	2534	6236	5.000	75.00	58.04	375.00	290.20	84.80	2026-01-10 13:54:17.295362
22426	2534	6236	2.000	80.00	58.04	160.00	116.08	43.92	2026-01-10 13:54:17.301371
19377	2300	5376	1.000	190.00	165.69	190.00	165.69	24.31	2026-01-05 16:24:45.481109
19378	2300	5407	1.000	260.00	158.66	260.00	158.66	101.34	2026-01-05 16:24:45.481109
22427	2541	5691	1.000	330.00	217.77	330.00	217.77	112.23	2026-01-10 14:28:59.681603
22428	2541	5636	1.000	180.00	147.70	180.00	147.70	32.30	2026-01-10 14:28:59.681603
22429	2541	5692	1.000	130.00	109.77	130.00	109.77	20.23	2026-01-10 14:28:59.681603
22430	2541	5698	1.000	110.00	92.44	110.00	92.44	17.56	2026-01-10 14:28:59.681603
19379	2300	5423	1.000	75.00	58.41	75.00	58.41	16.59	2026-01-05 16:24:45.481109
22431	2541	5654	1.000	60.00	63.21	60.00	63.21	-3.21	2026-01-10 14:28:59.681603
22432	2541	5676	1.000	85.00	62.24	85.00	62.24	22.76	2026-01-10 14:28:59.681603
22433	2541	5676	1.000	90.00	62.24	90.00	62.24	27.76	2026-01-10 14:28:59.681603
22434	2541	5702	5.000	80.00	77.97	400.00	389.85	10.15	2026-01-10 14:28:59.681603
22435	2541	5702	1.000	85.00	77.97	85.00	77.97	7.03	2026-01-10 14:28:59.681603
22436	2541	5705	6.000	80.00	87.75	480.00	526.50	-46.50	2026-01-10 14:28:59.681603
22437	2541	5614	1.000	80.00	57.08	80.00	57.08	22.92	2026-01-10 14:28:59.681603
22438	2541	5562	1.000	150.00	137.11	150.00	137.11	12.89	2026-01-10 14:28:59.681603
22439	2541	5613	1.000	125.00	108.50	125.00	108.50	16.50	2026-01-10 14:28:59.681603
22440	2541	5569	3.000	90.00	96.50	270.00	289.50	-19.50	2026-01-10 14:28:59.681603
22441	2541	5605	3.000	80.00	85.09	240.00	255.27	-15.27	2026-01-10 14:28:59.681603
22442	2541	5556	1.000	85.00	72.89	85.00	72.89	12.11	2026-01-10 14:28:59.681603
22443	2541	6027	1.000	50.00	74.62	50.00	74.62	-24.62	2026-01-10 14:28:59.681603
22444	2541	5943	3.000	50.00	59.80	150.00	179.40	-29.40	2026-01-10 14:28:59.681603
22445	2541	5888	1.000	80.00	77.69	80.00	77.69	2.31	2026-01-10 14:28:59.681603
22446	2541	5872	1.000	150.00	123.71	150.00	123.71	26.29	2026-01-10 14:28:59.681603
22447	2541	5444	1.000	85.00	81.37	85.00	81.37	3.63	2026-01-10 14:28:59.681603
19380	2300	6058	2.000	170.00	149.58	340.00	299.16	40.84	2026-01-05 16:24:45.481109
19381	2300	5944	1.000	100.00	90.44	100.00	90.44	9.56	2026-01-05 16:24:45.481109
19382	2300	5951	1.000	190.00	170.26	190.00	170.26	19.74	2026-01-05 16:24:45.481109
19383	2300	6070	2.000	50.00	54.69	100.00	109.38	-9.38	2026-01-05 16:24:45.481109
19384	2300	5992	1.000	50.00	54.02	50.00	54.02	-4.02	2026-01-05 16:24:45.481109
19385	2300	6025	1.000	120.00	99.25	120.00	99.25	20.75	2026-01-05 16:24:45.481109
19386	2301	5406	1.000	190.00	156.25	190.00	156.25	33.75	2026-01-05 16:25:30.283623
19387	2301	5391	2.000	85.00	81.21	170.00	162.42	7.58	2026-01-05 16:25:30.283623
19388	2301	5438	1.000	130.00	109.07	130.00	109.07	20.93	2026-01-05 16:25:30.283623
19389	2301	5380	2.000	50.00	51.91	100.00	103.82	-3.82	2026-01-05 16:25:30.283623
19390	2301	5447	3.000	85.00	86.57	255.00	259.71	-4.71	2026-01-05 16:25:30.283623
19391	2301	5943	1.000	50.00	60.07	50.00	60.07	-10.07	2026-01-05 16:25:30.283623
19392	2301	5979	1.000	80.00	71.08	80.00	71.08	8.92	2026-01-05 16:25:30.283623
19393	2301	6025	1.000	120.00	99.25	120.00	99.25	20.75	2026-01-05 16:25:30.283623
22448	2542	5368	2.000	100.00	76.86	200.00	153.72	46.28	2026-01-10 17:47:18.439814
22449	2542	5378	1.000	300.00	247.13	300.00	247.13	52.87	2026-01-10 17:47:18.439814
22450	2542	5449	1.000	240.00	148.56	240.00	148.56	91.44	2026-01-10 17:47:18.439814
22451	2542	5467	1.000	160.00	146.19	160.00	146.19	13.81	2026-01-10 17:47:18.439814
22452	2542	5391	1.000	85.00	81.32	85.00	81.32	3.68	2026-01-10 17:47:18.439814
22453	2542	5388	2.000	50.00	52.08	100.00	104.16	-4.16	2026-01-10 17:47:18.439814
22454	2542	5408	2.000	125.00	104.94	250.00	209.88	40.12	2026-01-10 17:47:18.439814
22455	2542	5444	1.000	80.00	82.05	80.00	82.05	-2.05	2026-01-10 17:47:18.439814
22456	2542	5416	3.000	80.00	76.99	240.00	230.97	9.03	2026-01-10 17:47:18.439814
22457	2542	5419	1.000	150.00	106.63	150.00	106.63	43.37	2026-01-10 17:47:18.439814
22458	2542	5438	1.000	140.00	108.91	140.00	108.91	31.09	2026-01-10 17:47:18.439814
22459	2542	5438	2.000	125.00	108.91	250.00	217.82	32.18	2026-01-10 17:47:18.439814
22460	2542	5431	2.000	100.00	91.39	200.00	182.78	17.22	2026-01-10 17:47:18.439814
22461	2542	5424	1.000	75.00	90.81	75.00	90.81	-15.81	2026-01-10 17:47:18.439814
22462	2542	5461	2.000	95.00	91.71	190.00	183.42	6.58	2026-01-10 17:47:18.439814
22463	2542	5445	1.000	60.00	58.57	60.00	58.57	1.43	2026-01-10 17:47:18.439814
22464	2542	5423	4.000	75.00	57.81	300.00	231.24	68.76	2026-01-10 17:47:18.439814
22465	2542	5380	1.000	50.00	51.86	50.00	51.86	-1.86	2026-01-10 17:47:18.439814
22466	2542	5380	1.000	55.00	51.86	55.00	51.86	3.14	2026-01-10 17:47:18.439814
22467	2542	5447	1.000	85.00	86.65	85.00	86.65	-1.65	2026-01-10 17:47:18.439814
22468	2542	6051	1.000	130.00	106.21	130.00	106.21	23.79	2026-01-10 17:47:18.439814
22469	2542	5979	1.000	80.00	70.86	80.00	70.86	9.14	2026-01-10 17:47:18.439814
22470	2542	5977	1.000	140.00	106.13	140.00	106.13	33.87	2026-01-10 17:47:18.439814
22471	2542	5992	6.000	50.00	54.08	300.00	324.48	-24.48	2026-01-10 17:47:18.439814
22472	2544	5347	1.000	70.00	66.40	70.00	66.40	3.60	2026-01-10 17:52:47.47527
22473	2544	5363	1.000	120.00	101.40	120.00	101.40	18.60	2026-01-10 17:52:47.47527
22474	2544	5291	2.000	40.00	69.88	80.00	139.76	-59.76	2026-01-10 17:52:47.47527
22475	2544	5317	2.000	140.00	101.40	280.00	202.80	77.20	2026-01-10 17:52:47.47527
22476	2544	5324	2.000	175.00	106.40	350.00	212.80	137.20	2026-01-10 17:52:47.47527
22477	2544	5339	1.000	140.00	111.40	140.00	111.40	28.60	2026-01-10 17:52:47.47527
22478	2544	5344	1.000	80.00	69.97	80.00	69.97	10.03	2026-01-10 17:52:47.47527
22479	2382	1674	1.000	70.00	53.15	70.00	53.15	16.85	2026-01-12 10:52:53.821802
22480	2382	192	3.000	85.00	52.36	255.00	157.08	97.92	2026-01-12 10:52:53.821802
22481	2382	1687	2.000	205.00	143.89	410.00	287.78	122.22	2026-01-12 10:52:53.821802
22482	2382	196	1.000	280.00	252.86	280.00	252.86	27.14	2026-01-12 10:52:53.821802
22483	2382	206	1.000	120.00	98.35	120.00	98.35	21.65	2026-01-12 10:52:53.821802
22484	2382	209	21.000	50.00	50.34	1050.00	1057.14	-7.14	2026-01-12 10:52:53.821802
22485	2382	1689	1.000	250.00	172.83	250.00	172.83	77.17	2026-01-12 10:52:53.821802
22486	2382	1690	2.000	130.00	92.43	260.00	184.86	75.14	2026-01-12 10:52:53.821802
22487	2382	758	2.000	60.00	57.31	120.00	114.62	5.38	2026-01-12 10:52:53.821802
22488	2382	1698	2.000	75.00	55.59	150.00	111.18	38.82	2026-01-12 10:52:53.821802
22489	2382	1698	23.000	80.00	55.59	1840.00	1278.57	561.43	2026-01-12 10:52:53.821802
22490	2382	211	2.000	70.00	58.15	140.00	116.30	23.70	2026-01-12 10:52:53.821802
22491	2382	1742	9.000	80.00	48.65	720.00	437.85	282.15	2026-01-12 10:52:53.821802
22492	2382	1709	4.000	90.00	52.64	360.00	210.56	149.44	2026-01-12 10:52:53.821802
22493	2382	1710	1.000	135.00	112.19	135.00	112.19	22.81	2026-01-12 10:52:53.821802
22494	2382	1718	2.000	90.00	57.84	180.00	115.68	64.32	2026-01-12 10:52:53.821802
22495	2382	1715	3.000	105.00	82.99	315.00	248.97	66.03	2026-01-12 10:52:53.821802
22496	2382	1727	1.000	330.00	183.21	330.00	183.21	146.79	2026-01-12 10:52:53.821802
22497	2382	1719	6.000	80.00	67.59	480.00	405.54	74.46	2026-01-12 10:52:53.821802
22498	2382	1729	1.000	190.00	152.42	190.00	152.42	37.58	2026-01-12 10:52:53.821802
22499	2382	228	2.000	130.00	112.77	260.00	225.54	34.46	2026-01-12 10:52:53.821802
22500	2382	1721	1.000	140.00	152.28	140.00	152.28	-12.28	2026-01-12 10:52:53.821802
22501	2382	1705	1.000	130.00	92.16	130.00	92.16	37.84	2026-01-12 10:52:53.821802
22502	2382	1740	1.000	120.00	91.86	120.00	91.86	28.14	2026-01-12 10:52:53.821802
22503	2382	1704	1.000	120.00	123.39	120.00	123.39	-3.39	2026-01-12 10:52:53.821802
22504	2382	1723	1.000	220.00	183.10	220.00	183.10	36.90	2026-01-12 10:52:53.821802
22505	2382	1744	1.000	150.00	153.61	150.00	153.61	-3.61	2026-01-12 10:52:53.821802
22506	2382	1699	2.000	100.00	63.75	200.00	127.50	72.50	2026-01-12 10:52:53.821802
22507	2382	1746	1.000	100.00	74.31	100.00	74.31	25.69	2026-01-12 10:52:53.821802
22508	2382	1735	1.000	100.00	83.51	100.00	83.51	16.49	2026-01-12 10:52:53.821802
22509	2382	1730	1.000	100.00	73.98	100.00	73.98	26.02	2026-01-12 10:52:53.821802
22510	2382	1712	4.000	120.00	73.25	480.00	293.00	187.00	2026-01-12 10:52:53.821802
22511	2382	1711	2.000	200.00	154.13	400.00	308.26	91.74	2026-01-12 10:52:53.821802
22512	2382	226	1.000	400.00	355.52	400.00	355.52	44.48	2026-01-12 10:52:53.821802
22513	2382	224	1.000	380.00	335.20	380.00	335.20	44.80	2026-01-12 10:52:53.821802
22514	2382	1726	14.000	90.00	97.52	1260.00	1365.28	-105.28	2026-01-12 10:52:53.821802
22515	2382	1726	1.000	80.00	97.52	80.00	97.52	-17.52	2026-01-12 10:52:53.821802
22516	2382	231	1.000	55.00	57.56	55.00	57.56	-2.56	2026-01-12 10:52:53.821802
22517	2382	232	2.000	120.00	83.29	240.00	166.58	73.42	2026-01-12 10:52:53.821802
22518	2382	232	1.000	115.00	83.29	115.00	83.29	31.71	2026-01-12 10:52:53.821802
22519	2382	1734	1.000	100.00	92.20	100.00	92.20	7.80	2026-01-12 10:52:53.821802
22520	2382	244	6.000	50.00	44.47	300.00	266.82	33.18	2026-01-12 10:52:53.821802
22521	2382	1831	1.000	80.00	58.95	80.00	58.95	21.05	2026-01-12 10:52:53.821802
22522	2382	1800	1.000	80.00	49.84	80.00	49.84	30.16	2026-01-12 10:52:53.821802
22523	2382	720	1.000	80.00	73.64	80.00	73.64	6.36	2026-01-12 10:52:53.821802
22524	2382	1611	1.000	150.00	109.78	150.00	109.78	40.22	2026-01-12 10:52:53.821802
22525	2382	1652	1.000	60.00	53.24	60.00	53.24	6.76	2026-01-12 10:52:53.821802
22526	2382	731	1.000	120.00	96.64	120.00	96.64	23.36	2026-01-12 10:52:53.821802
22527	2382	1645	1.000	65.00	47.49	65.00	47.49	17.51	2026-01-12 10:52:53.821802
22528	2382	1653	2.000	150.00	134.65	300.00	269.30	30.70	2026-01-12 10:52:53.821802
22529	2382	1654	4.000	75.00	82.62	300.00	330.48	-30.48	2026-01-12 10:52:53.821802
22530	2382	336	1.000	90.00	77.90	90.00	77.90	12.10	2026-01-12 10:52:53.821802
22531	2382	1967	8.000	120.00	93.93	960.00	751.44	208.56	2026-01-12 10:52:53.821802
22532	2382	1967	1.000	100.00	93.93	100.00	93.93	6.07	2026-01-12 10:52:53.821802
22533	2382	322	1.000	150.00	123.84	150.00	123.84	26.16	2026-01-12 10:52:53.821802
22534	2382	694	3.000	160.00	114.05	480.00	342.15	137.85	2026-01-12 10:52:53.821802
22535	2382	316	1.000	60.00	55.14	60.00	55.14	4.86	2026-01-12 10:52:53.821802
22536	2382	93	3.000	270.00	151.62	810.00	454.86	355.14	2026-01-12 10:52:53.821802
22537	2382	1689	1.000	250.00	172.83	250.00	172.83	77.17	2026-01-12 10:52:53.821802
22538	2382	1653	1.000	150.00	134.65	150.00	134.65	15.35	2026-01-12 10:52:53.821802
22539	2566	344	5.000	90.00	76.63	450.00	383.15	66.85	2026-01-12 11:42:22.362594
22540	2566	344	2.000	80.00	76.63	160.00	153.26	6.74	2026-01-12 11:42:22.362594
22541	2566	347	30.000	80.00	0.10	2400.00	3.00	2397.00	2026-01-12 11:42:22.362594
22542	2566	357	1.000	170.00	0.09	170.00	0.09	169.91	2026-01-12 11:42:22.362594
22543	2566	718	2.000	40.00	41.42	80.00	82.84	-2.84	2026-01-12 11:42:22.362594
22544	2566	438	1.000	70.00	48.33	70.00	48.33	21.67	2026-01-12 11:42:22.362594
22545	2566	1946	1.000	100.00	89.58	100.00	89.58	10.42	2026-01-12 11:42:22.362594
22546	2566	401	1.000	110.00	112.37	110.00	112.37	-2.37	2026-01-12 11:42:22.362594
22547	2566	206	1.000	125.00	96.97	125.00	96.97	28.03	2026-01-12 11:42:22.362594
22548	2566	63	2.000	55.00	45.97	110.00	91.94	18.06	2026-01-12 11:42:22.362594
22549	2566	65	1.000	115.00	77.58	115.00	77.58	37.42	2026-01-12 11:42:22.362594
22550	2567	6231	4.000	70.00	66.75	280.00	267.00	13.00	2026-01-12 11:42:58.396235
22551	2567	6236	5.000	80.00	58.04	400.00	290.20	109.80	2026-01-12 11:42:58.400073
22552	2568	478	1.000	90.00	60.65	90.00	60.65	29.35	2026-01-12 12:13:52.774731
22553	2568	478	4.000	100.00	60.65	400.00	242.60	157.40	2026-01-12 12:13:52.774731
22554	2568	717	1.000	80.00	105.21	80.00	105.21	-25.21	2026-01-12 12:13:52.774731
22555	2568	823	2.000	100.00	99.25	200.00	198.50	1.50	2026-01-12 12:13:52.774731
22556	2568	825	2.000	80.00	84.25	160.00	168.50	-8.50	2026-01-12 12:13:52.774731
22557	2568	412	1.000	60.00	111.66	60.00	111.66	-51.66	2026-01-12 12:13:52.774731
22558	2568	531	5.000	60.00	50.65	300.00	253.25	46.75	2026-01-12 12:13:52.774731
22559	2568	204	34.000	50.00	66.13	1700.00	2248.42	-548.42	2026-01-12 12:13:52.774731
22560	2568	229	1.000	200.00	182.94	200.00	182.94	17.06	2026-01-12 12:13:52.774731
22561	2568	229	1.000	220.00	182.94	220.00	182.94	37.06	2026-01-12 12:13:52.774731
22562	2568	205	1.000	100.00	66.80	100.00	66.80	33.20	2026-01-12 12:13:52.774731
22563	2568	196	1.000	300.00	252.86	300.00	252.86	47.14	2026-01-12 12:13:52.774731
22564	2568	1871	1.000	105.00	60.40	105.00	60.40	44.60	2026-01-12 12:13:52.774731
22565	2568	1871	1.000	110.00	60.40	110.00	60.40	49.60	2026-01-12 12:13:52.774731
22566	2568	1788	2.000	65.00	58.08	130.00	116.16	13.84	2026-01-12 12:13:52.774731
22567	2568	1788	3.000	70.00	58.08	210.00	174.24	35.76	2026-01-12 12:13:52.774731
22568	2568	1788	1.000	75.00	58.08	75.00	58.08	16.92	2026-01-12 12:13:52.774731
22569	2568	1811	1.000	190.00	109.57	190.00	109.57	80.43	2026-01-12 12:13:52.774731
22570	2568	1811	1.000	200.00	109.57	200.00	109.57	90.43	2026-01-12 12:13:52.774731
22571	2568	245	1.000	70.00	69.57	70.00	69.57	0.43	2026-01-12 12:13:52.774731
22572	2568	815	1.000	120.00	78.66	120.00	78.66	41.34	2026-01-12 12:13:52.774731
22573	2568	71	13.000	50.00	46.58	650.00	605.54	44.46	2026-01-12 12:13:52.774731
22574	2568	113	1.000	95.00	70.25	95.00	70.25	24.75	2026-01-12 12:13:52.774731
22575	2568	113	3.000	100.00	70.25	300.00	210.75	89.25	2026-01-12 12:13:52.774731
22576	2568	103	2.000	90.00	61.26	180.00	122.52	57.48	2026-01-12 12:13:52.774731
22577	2568	109	1.000	110.00	84.09	110.00	84.09	25.91	2026-01-12 12:13:52.774731
22578	2568	109	1.000	115.00	84.09	115.00	84.09	30.91	2026-01-12 12:13:52.774731
22579	2568	85	4.000	100.00	78.25	400.00	313.00	87.00	2026-01-12 12:13:52.774731
22580	2568	125	1.000	60.00	52.46	60.00	52.46	7.54	2026-01-12 12:13:52.774731
22581	2568	125	4.000	70.00	52.46	280.00	209.84	70.16	2026-01-12 12:13:52.774731
22582	2568	107	3.000	90.00	76.56	270.00	229.68	40.32	2026-01-12 12:13:52.774731
22583	2568	107	1.000	100.00	76.56	100.00	76.56	23.44	2026-01-12 12:13:52.774731
22584	2568	111	1.000	300.00	233.92	300.00	233.92	66.08	2026-01-12 12:13:52.774731
22585	2568	111	1.000	340.00	233.92	340.00	233.92	106.08	2026-01-12 12:13:52.774731
22586	2568	123	2.000	100.00	60.04	200.00	120.08	79.92	2026-01-12 12:13:52.774731
22587	2568	93	5.000	280.00	153.45	1400.00	767.25	632.75	2026-01-12 12:13:52.774731
22588	2568	93	1.000	290.00	153.45	290.00	153.45	136.55	2026-01-12 12:13:52.774731
22589	2568	94	1.000	140.00	97.86	140.00	97.86	42.14	2026-01-12 12:13:52.774731
22590	2568	731	1.000	130.00	95.33	130.00	95.33	34.67	2026-01-12 12:13:52.774731
22591	2568	76	1.000	140.00	89.87	140.00	89.87	50.13	2026-01-12 12:13:52.774731
22592	2568	117	2.000	200.00	144.98	400.00	289.96	110.04	2026-01-12 12:13:52.774731
22593	2568	139	2.000	230.00	119.51	460.00	239.02	220.98	2026-01-12 12:13:52.774731
22594	2568	55	1.000	130.00	110.57	130.00	110.57	19.43	2026-01-12 12:13:52.774731
22595	2568	122	1.000	60.00	69.98	60.00	69.98	-9.98	2026-01-12 12:13:52.774731
22596	2568	102	1.000	120.00	101.29	120.00	101.29	18.71	2026-01-12 12:13:52.774731
22597	2568	1642	2.000	100.00	72.80	200.00	145.60	54.40	2026-01-12 12:13:52.774731
22598	2568	1628	2.000	100.00	68.68	200.00	137.36	62.64	2026-01-12 12:13:52.774731
22599	2568	731	5.000	130.00	95.33	650.00	476.65	173.35	2026-01-12 12:13:52.774731
22600	2568	1651	2.000	75.00	73.43	150.00	146.86	3.14	2026-01-12 12:13:52.774731
22601	2568	1651	3.000	80.00	73.43	240.00	220.29	19.71	2026-01-12 12:13:52.774731
22602	2568	732	4.000	200.00	123.26	800.00	493.04	306.96	2026-01-12 12:13:52.774731
22603	2568	176	1.000	65.00	57.56	65.00	57.56	7.44	2026-01-12 12:13:52.774731
22604	2568	176	6.000	70.00	57.56	420.00	345.36	74.64	2026-01-12 12:13:52.774731
22605	2568	724	12.000	75.00	57.90	900.00	694.80	205.20	2026-01-12 12:13:52.774731
22606	2568	720	1.000	90.00	72.99	90.00	72.99	17.01	2026-01-12 12:13:52.774731
22607	2568	720	1.000	95.00	72.99	95.00	72.99	22.01	2026-01-12 12:13:52.774731
22608	2568	1604	1.000	60.00	54.72	60.00	54.72	5.28	2026-01-12 12:13:52.774731
22609	2568	1604	1.000	70.00	54.72	70.00	54.72	15.28	2026-01-12 12:13:52.774731
22610	2568	1605	7.000	200.00	144.98	1400.00	1014.86	385.14	2026-01-12 12:13:52.774731
22611	2568	1610	2.000	75.00	64.44	150.00	128.88	21.12	2026-01-12 12:13:52.774731
22612	2568	1602	7.000	120.00	74.81	840.00	523.67	316.33	2026-01-12 12:13:52.774731
22613	2568	1658	2.000	110.00	88.36	220.00	176.72	43.28	2026-01-12 12:13:52.774731
22614	2568	723	1.000	75.00	45.87	75.00	45.87	29.13	2026-01-12 12:13:52.774731
22615	2568	1656	1.000	130.00	126.47	130.00	126.47	3.53	2026-01-12 12:13:52.774731
22616	2568	1634	1.000	100.00	52.78	100.00	52.78	47.22	2026-01-12 12:13:52.774731
22617	2568	1648	1.000	80.00	70.39	80.00	70.39	9.61	2026-01-12 12:13:52.774731
22618	2568	157	1.000	70.00	51.19	70.00	51.19	18.81	2026-01-12 12:13:52.774731
22619	2568	1660	1.000	110.00	83.41	110.00	83.41	26.59	2026-01-12 12:13:52.774731
22620	2568	170	1.000	100.00	70.82	100.00	70.82	29.18	2026-01-12 12:13:52.774731
22621	2568	733	1.000	140.00	102.92	140.00	102.92	37.08	2026-01-12 12:13:52.774731
22622	2568	729	1.000	70.00	57.13	70.00	57.13	12.87	2026-01-12 12:13:52.774731
22623	2568	172	1.000	160.00	105.73	160.00	105.73	54.27	2026-01-12 12:13:52.774731
22624	2568	185	1.000	110.00	80.75	110.00	80.75	29.25	2026-01-12 12:13:52.774731
22625	2568	1638	2.000	140.00	90.08	280.00	180.16	99.84	2026-01-12 12:13:52.774731
22626	2569	61	26.000	350.00	245.22	9100.00	6375.72	2724.28	2026-01-12 12:53:50.486633
22627	2569	61	1.000	345.00	245.22	345.00	245.22	99.78	2026-01-12 12:53:50.486633
22628	2569	1521	12.000	210.00	155.22	2520.00	1862.64	657.36	2026-01-12 12:53:50.486633
22629	2569	1521	3.000	205.00	155.22	615.00	465.66	149.34	2026-01-12 12:53:50.486633
22630	2569	1521	10.000	200.00	155.22	2000.00	1552.20	447.80	2026-01-12 12:53:50.486633
22631	2569	62	28.000	130.00	78.98	3640.00	2211.44	1428.56	2026-01-12 12:53:50.486633
22632	2569	62	3.000	125.00	78.98	375.00	236.94	138.06	2026-01-12 12:53:50.486633
22633	2569	63	14.000	60.00	46.16	840.00	646.24	193.76	2026-01-12 12:53:50.486633
22634	2569	95	1.000	480.00	371.75	480.00	371.75	108.25	2026-01-12 12:53:50.486633
22635	2569	95	1.000	470.00	371.75	470.00	371.75	98.25	2026-01-12 12:53:50.486633
22636	2569	93	2.000	290.00	153.68	580.00	307.36	272.64	2026-01-12 12:53:50.486633
22637	2569	94	11.000	135.00	100.33	1485.00	1103.63	381.37	2026-01-12 12:53:50.486633
22638	2569	94	1.000	130.00	100.33	130.00	100.33	29.67	2026-01-12 12:53:50.486633
22639	2569	139	2.000	230.00	119.51	460.00	239.02	220.98	2026-01-12 12:53:50.486633
22640	2569	97	3.000	220.00	153.82	660.00	461.46	198.54	2026-01-12 12:53:50.486633
22641	2569	91	1.000	65.00	57.34	65.00	57.34	7.66	2026-01-12 12:53:50.486633
22642	2569	92	1.000	200.00	151.35	200.00	151.35	48.65	2026-01-12 12:53:50.486633
22643	2569	1526	1.000	300.00	155.19	300.00	155.19	144.81	2026-01-12 12:53:50.486633
22644	2569	1529	2.000	165.00	145.21	330.00	290.42	39.58	2026-01-12 12:53:50.486633
22645	2569	98	5.000	90.00	72.79	450.00	363.95	86.05	2026-01-12 12:53:50.486633
22646	2569	1528	2.000	130.00	75.24	260.00	150.48	109.52	2026-01-12 12:53:50.486633
22647	2569	108	5.000	150.00	115.24	750.00	576.20	173.80	2026-01-12 12:53:50.486633
22648	2569	1532	22.000	90.00	56.24	1980.00	1237.28	742.72	2026-01-12 12:53:50.486633
22649	2569	111	3.000	320.00	233.92	960.00	701.76	258.24	2026-01-12 12:53:50.486633
22650	2569	112	4.000	160.00	107.52	640.00	430.08	209.92	2026-01-12 12:53:50.486633
22651	2569	1536	1.000	190.00	135.24	190.00	135.24	54.76	2026-01-12 12:53:50.486633
22652	2569	1540	3.000	130.00	80.04	390.00	240.12	149.88	2026-01-12 12:53:50.486633
22653	2569	705	1.000	240.00	170.22	240.00	170.22	69.78	2026-01-12 12:53:50.486633
22654	2569	705	1.000	235.00	170.22	235.00	170.22	64.78	2026-01-12 12:53:50.486633
22655	2569	705	2.000	230.00	170.22	460.00	340.44	119.56	2026-01-12 12:53:50.486633
22656	2569	114	4.000	130.00	105.00	520.00	420.00	100.00	2026-01-12 12:53:50.486633
22657	2569	129	4.000	300.00	147.22	1200.00	588.88	611.12	2026-01-12 12:53:50.486633
22658	2569	130	1.000	135.00	87.69	135.00	87.69	47.31	2026-01-12 12:53:50.486633
22659	2569	1544	2.000	200.00	125.08	400.00	250.16	149.84	2026-01-12 12:53:50.486633
22660	2569	1545	1.000	90.00	80.41	90.00	80.41	9.59	2026-01-12 12:53:50.486633
22661	2569	1537	3.000	100.00	90.04	300.00	270.12	29.88	2026-01-12 12:53:50.486633
22662	2569	1539	1.000	110.00	60.24	110.00	60.24	49.76	2026-01-12 12:53:50.486633
22663	2569	109	9.000	110.00	85.52	990.00	769.68	220.32	2026-01-12 12:53:50.486633
22664	2569	50	1.000	80.00	57.85	80.00	57.85	22.15	2026-01-12 12:53:50.486633
22665	2569	1533	1.000	100.00	95.02	100.00	95.02	4.98	2026-01-12 12:53:50.486633
22666	2569	113	1.000	95.00	71.05	95.00	71.05	23.95	2026-01-12 12:53:50.486633
22667	2569	124	2.000	85.00	76.59	170.00	153.18	16.82	2026-01-12 12:53:50.486633
22668	2569	124	11.000	80.00	76.59	880.00	842.49	37.51	2026-01-12 12:53:50.486633
22669	2569	1548	1.000	230.00	177.24	230.00	177.24	52.76	2026-01-12 12:53:50.486633
22670	2569	1548	1.000	220.00	177.24	220.00	177.24	42.76	2026-01-12 12:53:50.486633
22671	2569	1549	3.000	110.00	60.24	330.00	180.72	149.28	2026-01-12 12:53:50.486633
22672	2569	133	1.000	160.00	135.24	160.00	135.24	24.76	2026-01-12 12:53:50.486633
22673	2569	133	1.000	155.00	135.24	155.00	135.24	19.76	2026-01-12 12:53:50.486633
22674	2569	134	5.000	100.00	90.13	500.00	450.65	49.35	2026-01-12 12:53:50.486633
22675	2569	58	1.000	125.00	81.62	125.00	81.62	43.38	2026-01-12 12:53:50.486633
22676	2569	58	3.000	120.00	81.62	360.00	244.86	115.14	2026-01-12 12:53:50.486633
22677	2569	56	1.000	115.00	103.13	115.00	103.13	11.87	2026-01-12 12:53:50.486633
22678	2569	52	2.000	100.00	65.24	200.00	130.48	69.52	2026-01-12 12:53:50.486633
22679	2569	700	3.000	100.00	73.86	300.00	221.58	78.42	2026-01-12 12:53:50.486633
22680	2569	53	4.000	100.00	81.50	400.00	326.00	74.00	2026-01-12 12:53:50.486633
22681	2569	54	1.000	90.00	77.79	90.00	77.79	12.21	2026-01-12 12:53:50.486633
22682	2569	54	2.000	85.00	77.79	170.00	155.58	14.42	2026-01-12 12:53:50.486633
22683	2569	68	1.000	150.00	135.21	150.00	135.21	14.79	2026-01-12 12:53:50.486633
22684	2569	1522	4.000	65.00	50.19	260.00	200.76	59.24	2026-01-12 12:53:50.486633
22685	2569	71	6.000	50.00	46.30	300.00	277.80	22.20	2026-01-12 12:53:50.486633
22686	2569	135	1.000	180.00	155.21	180.00	155.21	24.79	2026-01-12 12:53:50.486633
22687	2569	1547	2.000	105.00	82.37	210.00	164.74	45.26	2026-01-12 12:53:50.486633
22688	2569	1547	2.000	100.00	82.37	200.00	164.74	35.26	2026-01-12 12:53:50.486633
22689	2569	1550	2.000	170.00	143.20	340.00	286.40	53.60	2026-01-12 12:53:50.486633
22690	2569	125	1.000	65.00	54.09	65.00	54.09	10.91	2026-01-12 12:53:50.486633
22691	2569	76	1.000	130.00	91.22	130.00	91.22	38.78	2026-01-12 12:53:50.486633
22692	2569	1546	2.000	80.00	55.21	160.00	110.42	49.58	2026-01-12 12:53:50.486633
22693	2569	1551	1.000	115.00	122.74	115.00	122.74	-7.74	2026-01-12 12:53:50.486633
22694	2569	84	1.000	80.00	57.34	80.00	57.34	22.66	2026-01-12 12:53:50.486633
22695	2569	87	8.000	100.00	70.05	800.00	560.40	239.60	2026-01-12 12:53:50.486633
22696	2569	144	1.000	180.00	96.86	180.00	96.86	83.14	2026-01-12 12:53:50.486633
22697	2569	708	1.000	170.00	130.98	170.00	130.98	39.02	2026-01-12 12:53:50.486633
22698	2569	75	1.000	200.00	115.20	200.00	115.20	84.80	2026-01-12 12:53:50.486633
22699	2569	1516	2.000	125.00	91.46	250.00	182.92	67.08	2026-01-12 12:53:50.486633
22700	2569	66	1.000	130.00	80.81	130.00	80.81	49.19	2026-01-12 12:53:50.486633
22701	2569	106	3.000	140.00	93.30	420.00	279.90	140.10	2026-01-12 12:53:50.486633
22702	2569	128	5.000	40.00	57.11	200.00	285.55	-85.55	2026-01-12 12:53:50.486633
22703	2569	103	6.000	85.00	62.20	510.00	373.20	136.80	2026-01-12 12:53:50.486633
22704	2570	157	1.000	70.00	52.68	70.00	52.68	17.32	2026-01-12 12:54:35.019716
22705	2570	722	1.000	40.00	48.07	40.00	48.07	-8.07	2026-01-12 12:54:35.019716
22706	2570	722	37.000	50.00	48.07	1850.00	1778.59	71.41	2026-01-12 12:54:35.019716
22707	2570	1652	4.000	60.00	53.24	240.00	212.96	27.04	2026-01-12 12:54:35.019716
22708	2570	1621	1.000	470.00	372.99	470.00	372.99	97.01	2026-01-12 12:54:35.019716
22709	2570	733	1.000	120.00	105.64	120.00	105.64	14.36	2026-01-12 12:54:35.019716
22710	2570	1639	2.000	160.00	103.38	320.00	206.76	113.24	2026-01-12 12:54:35.019716
22711	2570	731	2.000	120.00	96.64	240.00	193.28	46.72	2026-01-12 12:54:35.019716
22712	2570	1623	1.000	140.00	139.45	140.00	139.45	0.55	2026-01-12 12:54:35.019716
22713	2570	1662	2.000	100.00	68.87	200.00	137.74	62.26	2026-01-12 12:54:35.019716
22714	2570	1787	2.000	60.00	54.57	120.00	109.14	10.86	2026-01-12 12:54:35.019716
22715	2570	1797	1.000	160.00	94.57	160.00	94.57	65.43	2026-01-12 12:54:35.019716
22716	2570	244	1.000	40.00	47.64	40.00	47.64	-7.64	2026-01-12 12:54:35.019716
22717	2570	810	8.000	70.00	59.57	560.00	476.56	83.44	2026-01-12 12:54:35.019716
22718	2570	239	2.000	70.00	64.57	140.00	129.14	10.86	2026-01-12 12:54:35.019716
22719	2570	251	1.000	60.00	46.79	60.00	46.79	13.21	2026-01-12 12:54:35.019716
22720	2570	263	1.000	120.00	102.63	120.00	102.63	17.37	2026-01-12 12:54:35.019716
22721	2570	249	1.000	80.00	84.57	80.00	84.57	-4.57	2026-01-12 12:54:35.019716
22722	2570	1872	1.000	85.00	74.57	85.00	74.57	10.43	2026-01-12 12:54:35.019716
22723	2570	1872	3.000	80.00	74.57	240.00	223.71	16.29	2026-01-12 12:54:35.019716
22724	2570	261	1.000	75.00	64.57	75.00	64.57	10.43	2026-01-12 12:54:35.019716
22725	2570	1856	4.000	60.00	39.46	240.00	157.84	82.16	2026-01-12 12:54:35.019716
22726	2570	254	1.000	60.00	55.37	60.00	55.37	4.63	2026-01-12 12:54:35.019716
22727	2570	1805	4.000	40.00	43.53	160.00	174.12	-14.12	2026-01-12 12:54:35.019716
22728	2570	1800	1.000	80.00	51.28	80.00	51.28	28.72	2026-01-12 12:54:35.019716
22729	2570	1854	1.000	400.00	384.57	400.00	384.57	15.43	2026-01-12 12:54:35.019716
22730	2570	1729	1.000	190.00	152.42	190.00	152.42	37.58	2026-01-12 12:54:35.019716
22731	2570	191	1.000	120.00	117.45	120.00	117.45	2.55	2026-01-12 12:54:35.019716
22732	2570	192	3.000	85.00	52.36	255.00	157.08	97.92	2026-01-12 12:54:35.019716
22733	2570	192	2.000	80.00	52.36	160.00	104.72	55.28	2026-01-12 12:54:35.019716
22734	2570	196	2.000	280.00	252.86	560.00	505.72	54.28	2026-01-12 12:54:35.019716
22735	2570	223	3.000	60.00	49.02	180.00	147.06	32.94	2026-01-12 12:54:35.019716
22736	2570	223	1.000	55.00	49.02	55.00	49.02	5.98	2026-01-12 12:54:35.019716
22737	2570	217	1.000	70.00	48.10	70.00	48.10	21.90	2026-01-12 12:54:35.019716
22738	2570	1718	1.000	85.00	57.84	85.00	57.84	27.16	2026-01-12 12:54:35.019716
22739	2570	1705	2.000	130.00	92.16	260.00	184.32	75.68	2026-01-12 12:54:35.019716
22740	2570	229	1.000	200.00	182.94	200.00	182.94	17.06	2026-01-12 12:54:35.019716
22741	2570	1736	1.000	80.00	57.08	80.00	57.08	22.92	2026-01-12 12:54:35.019716
22742	2570	1735	1.000	100.00	83.51	100.00	83.51	16.49	2026-01-12 12:54:35.019716
22743	2570	764	1.000	130.00	147.53	130.00	147.53	-17.53	2026-01-12 12:54:35.019716
22744	2570	1711	1.000	200.00	154.13	200.00	154.13	45.87	2026-01-12 12:54:35.019716
22745	2570	1712	7.000	120.00	73.25	840.00	512.75	327.25	2026-01-12 12:54:35.019716
22746	2570	231	2.000	55.00	57.56	110.00	115.12	-5.12	2026-01-12 12:54:35.019716
22747	2570	1950	1.000	120.00	95.05	120.00	95.05	24.95	2026-01-12 12:54:35.019716
22748	2570	322	3.000	150.00	123.84	450.00	371.52	78.48	2026-01-12 12:54:35.019716
22749	2570	311	2.000	110.00	73.72	220.00	147.44	72.56	2026-01-12 12:54:35.019716
22750	2570	318	3.000	70.00	62.78	210.00	188.34	21.66	2026-01-12 12:54:35.019716
22751	2570	93	1.000	280.00	151.62	280.00	151.62	128.38	2026-01-12 12:54:35.019716
22752	2570	93	3.000	270.00	151.62	810.00	454.86	355.14	2026-01-12 12:54:35.019716
22753	2572	6281	2.000	80.00	65.75	160.00	131.50	28.50	2026-01-12 12:56:32.239229
22754	2573	6256	3.000	340.00	275.21	1020.00	825.63	194.37	2026-01-12 12:57:40.085211
22755	2573	6234	1.000	160.00	100.60	160.00	100.60	59.40	2026-01-12 12:57:40.085211
22756	2573	6232	13.000	40.00	23.85	520.00	310.05	209.95	2026-01-12 12:57:40.085211
22757	2573	6282	1.000	65.00	31.15	65.00	31.15	33.85	2026-01-12 12:57:40.085211
22758	2573	6250	2.000	160.00	134.99	320.00	269.98	50.02	2026-01-12 12:57:40.085211
22759	2573	6249	2.000	70.00	47.86	140.00	95.72	44.28	2026-01-12 12:57:40.085211
22760	2573	6249	1.000	65.00	47.86	65.00	47.86	17.14	2026-01-12 12:57:40.085211
22761	2573	6263	1.000	65.00	54.32	65.00	54.32	10.68	2026-01-12 12:57:40.085211
22762	2573	6264	1.000	100.00	71.93	100.00	71.93	28.07	2026-01-12 12:57:40.085211
22763	2573	6273	3.000	290.00	278.74	870.00	836.22	33.78	2026-01-12 12:57:40.085211
22764	2573	6262	4.000	100.00	57.17	400.00	228.68	171.32	2026-01-12 12:57:40.085211
22765	2573	6283	1.000	110.00	94.88	110.00	94.88	15.12	2026-01-12 12:57:40.085211
22766	2573	6284	1.000	70.00	39.81	70.00	39.81	30.19	2026-01-12 12:57:40.085211
22767	2573	6266	1.000	70.00	50.47	70.00	50.47	19.53	2026-01-12 12:57:40.085211
22768	2573	6268	1.000	170.00	106.65	170.00	106.65	63.35	2026-01-12 12:57:40.085211
22769	2573	6272	2.000	120.00	100.32	240.00	200.64	39.36	2026-01-12 12:57:40.085211
22770	2573	6276	2.000	110.00	81.67	220.00	163.34	56.66	2026-01-12 12:57:40.085211
22771	2573	6276	4.000	105.00	81.67	420.00	326.68	93.32	2026-01-12 12:57:40.085211
22772	2573	6276	10.000	100.00	81.67	1000.00	816.70	183.30	2026-01-12 12:57:40.085211
22773	2573	6241	2.000	100.00	84.84	200.00	169.68	30.32	2026-01-12 12:57:40.085211
22774	2573	6246	5.000	80.00	68.67	400.00	343.35	56.65	2026-01-12 12:57:40.085211
22775	2573	6247	1.000	65.00	42.54	65.00	42.54	22.46	2026-01-12 12:57:40.085211
22776	2573	6247	1.000	60.00	42.54	60.00	42.54	17.46	2026-01-12 12:57:40.085211
22777	2573	6232	1.000	40.00	23.85	40.00	23.85	16.15	2026-01-12 12:57:40.085211
22778	2580	514	2.000	360.00	256.66	720.00	513.32	206.68	2026-01-12 13:05:28.292107
22779	2580	612	1.000	210.00	146.66	210.00	146.66	63.34	2026-01-12 13:05:28.292107
22780	2580	517	1.000	125.00	131.11	125.00	131.11	-6.11	2026-01-12 13:05:28.292107
22781	2580	515	3.000	110.00	84.76	330.00	254.28	75.72	2026-01-12 13:05:28.292107
22782	2580	337	16.000	55.00	56.66	880.00	906.56	-26.56	2026-01-12 13:05:28.292107
22783	2580	531	2.000	60.00	51.48	120.00	102.96	17.04	2026-01-12 13:05:28.292107
22784	2580	1468	2.000	75.00	56.18	150.00	112.36	37.64	2026-01-12 13:05:28.292107
22785	2580	1481	1.000	75.00	65.60	75.00	65.60	9.40	2026-01-12 13:05:28.292107
22786	2580	1478	3.000	135.00	114.67	405.00	344.01	60.99	2026-01-12 13:05:28.292107
22787	2580	1478	2.000	130.00	114.67	260.00	229.34	30.66	2026-01-12 13:05:28.292107
22788	2580	1502	1.000	135.00	135.46	135.00	135.46	-0.46	2026-01-12 13:05:28.292107
22789	2580	1502	1.000	130.00	135.46	130.00	135.46	-5.46	2026-01-12 13:05:28.292107
22790	2580	1511	6.000	200.00	154.42	1200.00	926.52	273.48	2026-01-12 13:05:28.292107
22791	2580	580	1.000	220.00	212.49	220.00	212.49	7.51	2026-01-12 13:05:28.292107
22792	2580	1509	1.000	100.00	81.98	100.00	81.98	18.02	2026-01-12 13:05:28.292107
22793	2580	586	1.000	120.00	102.77	120.00	102.77	17.23	2026-01-12 13:05:28.292107
22794	2580	534	2.000	160.00	116.66	320.00	233.32	86.68	2026-01-12 13:05:28.292107
22795	2580	541	1.000	85.00	72.67	85.00	72.67	12.33	2026-01-12 13:05:28.292107
22796	2580	541	1.000	80.00	72.67	80.00	72.67	7.33	2026-01-12 13:05:28.292107
22797	2580	1474	1.000	70.00	80.71	70.00	80.71	-10.71	2026-01-12 13:05:28.292107
22798	2580	567	2.000	50.00	42.90	100.00	85.80	14.20	2026-01-12 13:05:28.292107
22799	2580	634	1.000	70.00	82.65	70.00	82.65	-12.65	2026-01-12 13:05:28.292107
22800	2585	357	1.000	180.00	166.67	180.00	166.67	13.33	2026-01-12 16:13:14.405809
22801	2585	675	1.000	150.00	104.75	150.00	104.75	45.25	2026-01-12 16:13:14.405809
22802	2585	348	1.000	125.00	102.59	125.00	102.59	22.41	2026-01-12 16:13:14.405809
22803	2585	345	1.000	110.00	85.69	110.00	85.69	24.31	2026-01-12 16:13:14.405809
22804	2585	370	3.000	100.00	62.38	300.00	187.14	112.86	2026-01-12 16:13:14.405809
22805	2585	365	1.000	100.00	57.87	100.00	57.87	42.13	2026-01-12 16:13:14.405809
22806	2585	1576	1.000	100.00	74.51	100.00	74.51	25.49	2026-01-12 16:13:14.405809
22807	2585	1580	1.000	100.00	57.99	100.00	57.99	42.01	2026-01-12 16:13:14.405809
22808	2585	349	1.000	90.00	52.92	90.00	52.92	37.08	2026-01-12 16:13:14.405809
22809	2585	1578	2.000	90.00	51.52	180.00	103.04	76.96	2026-01-12 16:13:14.405809
22810	2585	354	1.000	70.00	68.54	70.00	68.54	1.46	2026-01-12 16:13:14.405809
22811	2585	1579	2.000	160.00	89.37	320.00	178.74	141.26	2026-01-12 16:13:14.405809
22812	2585	1571	2.000	140.00	114.85	280.00	229.70	50.30	2026-01-12 16:13:14.405809
22813	2585	371	4.000	140.00	99.78	560.00	399.12	160.88	2026-01-12 16:13:14.405809
22814	2585	353	3.000	125.00	82.90	375.00	248.70	126.30	2026-01-12 16:13:14.405809
22815	2585	678	4.000	100.00	54.68	400.00	218.72	181.28	2026-01-12 16:13:14.405809
22816	2585	1560	3.000	100.00	51.14	300.00	153.42	146.58	2026-01-12 16:13:14.405809
22817	2585	362	1.000	90.00	80.34	90.00	80.34	9.66	2026-01-12 16:13:14.405809
22818	2585	362	4.000	85.00	80.34	340.00	321.36	18.64	2026-01-12 16:13:14.405809
22819	2585	350	2.000	70.00	61.09	140.00	122.18	17.82	2026-01-12 16:13:14.405809
22820	2585	1561	6.000	70.00	52.54	420.00	315.24	104.76	2026-01-12 16:13:14.405809
22821	2585	369	4.000	45.00	42.97	180.00	171.88	8.12	2026-01-12 16:13:14.405809
22822	2585	63	41.000	60.00	45.01	2460.00	1845.41	614.59	2026-01-12 16:13:14.405809
22823	2585	1511	1.000	220.00	149.73	220.00	149.73	70.27	2026-01-12 16:13:14.405809
22824	2585	1511	1.000	200.00	149.73	200.00	149.73	50.27	2026-01-12 16:13:14.405809
22825	2585	561	3.000	140.00	135.54	420.00	406.62	13.38	2026-01-12 16:13:14.405809
22826	2585	511	2.000	130.00	98.98	260.00	197.96	62.04	2026-01-12 16:13:14.405809
22827	2585	519	2.000	130.00	89.91	260.00	179.82	80.18	2026-01-12 16:13:14.405809
22828	2585	515	3.000	120.00	84.21	360.00	252.63	107.37	2026-01-12 16:13:14.405809
22829	2585	611	3.000	100.00	96.65	300.00	289.95	10.05	2026-01-12 16:13:14.405809
22830	2585	591	4.000	90.00	49.38	360.00	197.52	162.48	2026-01-12 16:13:14.405809
22831	2585	568	1.000	80.00	60.25	80.00	60.25	19.75	2026-01-12 16:13:14.405809
22832	2585	568	2.000	75.00	60.25	150.00	120.50	29.50	2026-01-12 16:13:14.405809
22833	2585	524	11.000	70.00	71.65	770.00	788.15	-18.15	2026-01-12 16:13:14.405809
22834	2585	1473	3.000	65.00	66.66	195.00	199.98	-4.98	2026-01-12 16:13:14.405809
22835	2585	1473	1.000	60.00	66.66	60.00	66.66	-6.66	2026-01-12 16:13:14.405809
22836	2585	630	9.000	60.00	57.18	540.00	514.62	25.38	2026-01-12 16:13:14.405809
22837	2585	531	5.000	60.00	50.65	300.00	253.25	46.75	2026-01-12 16:13:14.405809
22838	2585	625	1.000	280.00	234.82	280.00	234.82	45.18	2026-01-12 16:13:14.405809
22839	2585	574	1.000	230.00	236.66	230.00	236.66	-6.66	2026-01-12 16:13:14.405809
22840	2585	1489	2.000	220.00	176.66	440.00	353.32	86.68	2026-01-12 16:13:14.405809
22841	2585	555	1.000	150.00	133.93	150.00	133.93	16.07	2026-01-12 16:13:14.405809
22842	2585	532	1.000	140.00	85.97	140.00	85.97	54.03	2026-01-12 16:13:14.405809
22843	2585	1478	1.000	135.00	111.05	135.00	111.05	23.95	2026-01-12 16:13:14.405809
22844	2585	586	1.000	130.00	104.40	130.00	104.40	25.60	2026-01-12 16:13:14.405809
22845	2585	553	1.000	130.00	79.83	130.00	79.83	50.17	2026-01-12 16:13:14.405809
22846	2585	594	1.000	125.00	69.60	125.00	69.60	55.40	2026-01-12 16:13:14.405809
22847	2585	512	1.000	100.00	49.51	100.00	49.51	50.49	2026-01-12 16:13:14.405809
22848	2585	548	1.000	100.00	93.47	100.00	93.47	6.53	2026-01-12 16:13:14.405809
22849	2585	563	1.000	100.00	55.48	100.00	55.48	44.52	2026-01-12 16:13:14.405809
22850	2585	541	1.000	100.00	71.64	100.00	71.64	28.36	2026-01-12 16:13:14.405809
22851	2585	635	1.000	50.00	103.31	50.00	103.31	-53.31	2026-01-12 16:13:14.405809
22852	2585	1967	2.000	125.00	92.46	250.00	184.92	65.08	2026-01-12 16:13:14.405809
22853	2585	316	7.000	65.00	54.62	455.00	382.34	72.66	2026-01-12 16:13:14.405809
22854	2585	291	7.000	50.00	44.58	350.00	312.06	37.94	2026-01-12 16:13:14.405809
22855	2585	322	2.000	160.00	123.84	320.00	247.68	72.32	2026-01-12 16:13:14.405809
22856	2585	329	1.000	145.00	132.62	145.00	132.62	12.38	2026-01-12 16:13:14.405809
22857	2585	292	1.000	130.00	92.52	130.00	92.52	37.48	2026-01-12 16:13:14.405809
22858	2585	290	1.000	130.00	82.59	130.00	82.59	47.41	2026-01-12 16:13:14.405809
22859	2585	333	1.000	120.00	83.11	120.00	83.11	36.89	2026-01-12 16:13:14.405809
22860	2585	1980	1.000	100.00	73.35	100.00	73.35	26.65	2026-01-12 16:13:14.405809
22861	2585	418	1.000	70.00	48.26	70.00	48.26	21.74	2026-01-12 16:13:14.405809
19419	2299	5541	1.000	50.00	72.93	50.00	72.93	-22.93	2026-01-05 16:46:48.284221
19420	2299	5492	1.000	120.00	98.04	120.00	98.04	21.96	2026-01-05 16:46:48.284221
19421	2299	5537	1.000	240.00	197.61	240.00	197.61	42.39	2026-01-05 16:46:48.284221
19422	2299	5545	1.000	180.00	146.72	180.00	146.72	33.28	2026-01-05 16:46:48.284221
19423	2299	5544	2.000	130.00	117.41	260.00	234.82	25.18	2026-01-05 16:46:48.284221
19424	2299	5567	1.000	230.00	237.55	230.00	237.55	-7.55	2026-01-05 16:46:48.284221
19425	2299	5614	1.000	80.00	57.08	80.00	57.08	22.92	2026-01-05 16:46:48.284221
19426	2299	5607	1.000	105.00	104.95	105.00	104.95	0.05	2026-01-05 16:46:48.284221
19427	2299	5495	2.000	100.00	76.68	200.00	153.36	46.64	2026-01-05 16:46:48.284221
19428	2299	5572	14.000	50.00	48.12	700.00	673.68	26.32	2026-01-05 16:46:48.284221
19429	2299	5927	1.000	250.00	163.76	250.00	163.76	86.24	2026-01-05 16:46:48.284221
19430	2299	5488	1.000	55.00	57.46	55.00	57.46	-2.46	2026-01-05 16:46:48.284221
19431	2308	5409	3.000	480.00	377.54	1440.00	1132.62	307.38	2026-01-06 18:11:58.965643
19432	2308	5368	4.000	100.00	76.93	400.00	307.72	92.28	2026-01-06 18:11:58.965643
19433	2308	5405	3.000	200.00	167.54	600.00	502.62	97.38	2026-01-06 18:11:58.965643
19434	2308	5376	1.000	200.00	165.69	200.00	165.69	34.31	2026-01-06 18:11:58.965643
19435	2308	5378	1.000	300.00	247.54	300.00	247.54	52.46	2026-01-06 18:11:58.965643
19436	2308	5406	2.000	190.00	156.25	380.00	312.50	67.50	2026-01-06 18:11:58.965643
19437	2308	5399	1.000	110.00	99.56	110.00	99.56	10.44	2026-01-06 18:11:58.965643
19438	2308	5411	3.000	120.00	77.27	360.00	231.81	128.19	2026-01-06 18:11:58.965643
19439	2308	5410	1.000	170.00	177.54	170.00	177.54	-7.54	2026-01-06 18:11:58.965643
19440	2308	5407	6.000	270.00	158.66	1620.00	951.96	668.04	2026-01-06 18:11:58.965643
19441	2308	5412	2.000	160.00	147.54	320.00	295.08	24.92	2026-01-06 18:11:58.965643
19442	2308	5422	5.000	150.00	117.54	750.00	587.70	162.30	2026-01-06 18:11:58.965643
19443	2308	5425	1.000	125.00	86.56	125.00	86.56	38.44	2026-01-06 18:11:58.965643
19444	2308	5449	1.000	250.00	148.43	250.00	148.43	101.57	2026-01-06 18:11:58.965643
19445	2308	5449	1.000	240.00	148.43	240.00	148.43	91.57	2026-01-06 18:11:58.965643
19446	2308	5451	1.000	210.00	126.50	210.00	126.50	83.50	2026-01-06 18:11:58.965643
19447	2308	5437	4.000	230.00	172.54	920.00	690.16	229.84	2026-01-06 18:11:58.965643
19448	2308	5433	1.000	300.00	237.54	300.00	237.54	62.46	2026-01-06 18:11:58.965643
19449	2308	5433	1.000	310.00	237.54	310.00	237.54	72.46	2026-01-06 18:11:58.965643
19450	2308	5472	1.000	180.00	97.54	180.00	97.54	82.46	2026-01-06 18:11:58.965643
19451	2308	5462	3.000	230.00	179.54	690.00	538.62	151.38	2026-01-06 18:11:58.965643
19452	2308	5465	1.000	80.00	52.54	80.00	52.54	27.46	2026-01-06 18:11:58.965643
19453	2308	5413	4.000	200.00	157.54	800.00	630.16	169.84	2026-01-06 18:11:58.965643
19454	2308	5369	2.000	80.00	81.63	160.00	163.26	-3.26	2026-01-06 18:11:58.965643
19455	2308	5391	2.000	85.00	81.21	170.00	162.42	7.58	2026-01-06 18:11:58.965643
19456	2308	5444	3.000	80.00	82.08	240.00	246.24	-6.24	2026-01-06 18:11:58.965643
19457	2308	5408	2.000	130.00	105.54	260.00	211.08	48.92	2026-01-06 18:11:58.965643
19458	2308	5408	7.000	125.00	105.54	875.00	738.78	136.22	2026-01-06 18:11:58.965643
19459	2308	5416	1.000	85.00	77.54	85.00	77.54	7.46	2026-01-06 18:11:58.965643
19460	2308	5416	7.000	80.00	77.54	560.00	542.78	17.22	2026-01-06 18:11:58.965643
19461	2308	5424	1.000	80.00	91.54	80.00	91.54	-11.54	2026-01-06 18:11:58.965643
19462	2308	5431	2.000	110.00	91.28	220.00	182.56	37.44	2026-01-06 18:11:58.965643
19463	2308	5426	9.000	100.00	97.54	900.00	877.86	22.14	2026-01-06 18:11:58.965643
19464	2308	5384	2.000	190.00	147.54	380.00	295.08	84.92	2026-01-06 18:11:58.965643
19465	2308	5450	1.000	120.00	91.45	120.00	91.45	28.55	2026-01-06 18:11:58.965643
19466	2308	5438	9.000	125.00	109.07	1125.00	981.63	143.37	2026-01-06 18:11:58.965643
19467	2308	5434	3.000	150.00	111.93	450.00	335.79	114.21	2026-01-06 18:11:58.965643
19468	2308	5473	3.000	100.00	77.54	300.00	232.62	67.38	2026-01-06 18:11:58.965643
19469	2308	5441	1.000	130.00	82.34	130.00	82.34	47.66	2026-01-06 18:11:58.965643
19470	2308	5456	7.000	90.00	87.54	630.00	612.78	17.22	2026-01-06 18:11:58.965643
19471	2308	5466	1.000	120.00	91.42	120.00	91.42	28.58	2026-01-06 18:11:58.965643
19472	2308	5440	1.000	130.00	62.54	130.00	62.54	67.46	2026-01-06 18:11:58.965643
19473	2308	5423	16.000	75.00	58.41	1200.00	934.56	265.44	2026-01-06 18:11:58.965643
19474	2308	5381	5.000	130.00	82.74	650.00	413.70	236.30	2026-01-06 18:11:58.965643
19475	2308	5380	9.000	55.00	51.91	495.00	467.19	27.81	2026-01-06 18:11:58.965643
19476	2308	5446	2.000	185.00	141.90	370.00	283.80	86.20	2026-01-06 18:11:58.965643
19477	2308	5459	2.000	250.00	116.43	500.00	232.86	267.14	2026-01-06 18:11:58.965643
19478	2308	5447	19.000	85.00	86.57	1615.00	1644.83	-29.83	2026-01-06 18:11:58.965643
19479	2308	5463	1.000	90.00	62.54	90.00	62.54	27.46	2026-01-06 18:11:58.965643
19480	2308	5943	2.000	50.00	60.07	100.00	120.14	-20.14	2026-01-06 18:11:58.965643
19481	2308	6071	2.000	100.00	98.67	200.00	197.34	2.66	2026-01-06 18:11:58.965643
19482	2308	6051	5.000	130.00	106.19	650.00	530.95	119.05	2026-01-06 18:11:58.965643
19483	2308	6040	1.000	110.00	102.97	110.00	102.97	7.03	2026-01-06 18:11:58.965643
19484	2308	6047	1.000	130.00	119.11	130.00	119.11	10.89	2026-01-06 18:11:58.965643
19485	2308	5972	1.000	100.00	69.41	100.00	69.41	30.59	2026-01-06 18:11:58.965643
19486	2308	5994	2.000	45.00	57.59	90.00	115.18	-25.18	2026-01-06 18:11:58.965643
19487	2308	5979	1.000	80.00	71.08	80.00	71.08	8.92	2026-01-06 18:11:58.965643
19488	2308	5976	1.000	90.00	97.74	90.00	97.74	-7.74	2026-01-06 18:11:58.965643
19489	2308	5975	4.000	130.00	114.13	520.00	456.52	63.48	2026-01-06 18:11:58.965643
19490	2308	5977	6.000	140.00	108.53	840.00	651.18	188.82	2026-01-06 18:11:58.965643
19491	2308	6067	5.000	100.00	56.22	500.00	281.10	218.90	2026-01-06 18:11:58.965643
19492	2308	5991	2.000	65.00	63.66	130.00	127.32	2.68	2026-01-06 18:11:58.965643
19493	2308	6070	4.000	50.00	54.69	200.00	218.76	-18.76	2026-01-06 18:11:58.965643
19494	2308	6069	1.000	60.00	73.66	60.00	73.66	-13.66	2026-01-06 18:11:58.965643
19495	2308	6033	1.000	80.00	69.15	80.00	69.15	10.85	2026-01-06 18:11:58.965643
19496	2308	5984	1.000	150.00	128.80	150.00	128.80	21.20	2026-01-06 18:11:58.965643
19497	2308	5987	1.000	100.00	87.67	100.00	87.67	12.33	2026-01-06 18:11:58.965643
19498	2308	6025	2.000	120.00	99.25	240.00	198.50	41.50	2026-01-06 18:11:58.965643
19499	2308	5945	1.000	130.00	86.66	130.00	86.66	43.34	2026-01-06 18:11:58.965643
19500	2308	6018	1.000	250.00	219.88	250.00	219.88	30.12	2026-01-06 18:11:58.965643
19501	2308	6020	1.000	80.00	79.74	80.00	79.74	0.26	2026-01-06 18:11:58.965643
19502	2308	6017	1.000	90.00	67.40	90.00	67.40	22.60	2026-01-06 18:11:58.965643
19503	2308	6008	3.000	90.00	80.62	270.00	241.86	28.14	2026-01-06 18:11:58.965643
19504	2308	5989	3.000	70.00	68.80	210.00	206.40	3.60	2026-01-06 18:11:58.965643
19505	2308	6064	1.000	70.00	59.00	70.00	59.00	11.00	2026-01-06 18:11:58.965643
19506	2308	5957	1.000	250.00	193.56	250.00	193.56	56.44	2026-01-06 18:11:58.965643
19507	2309	6027	3.000	50.00	74.62	150.00	223.86	-73.86	2026-01-06 18:13:07.453298
19508	2309	5991	2.000	60.00	63.48	120.00	126.96	-6.96	2026-01-06 18:13:07.453298
19509	2309	5996	2.000	250.00	189.15	500.00	378.30	121.70	2026-01-06 18:13:07.453298
19510	2309	5943	1.000	50.00	59.80	50.00	59.80	-9.80	2026-01-06 18:13:07.453298
19511	2309	5882	1.000	170.00	144.02	170.00	144.02	25.98	2026-01-06 18:13:07.453298
19512	2309	5890	1.000	150.00	163.65	150.00	163.65	-13.65	2026-01-06 18:13:07.453298
19513	2309	5888	1.000	85.00	77.69	85.00	77.69	7.31	2026-01-06 18:13:07.453298
19514	2309	5633	1.000	90.00	118.16	90.00	118.16	-28.16	2026-01-06 18:13:07.453298
19515	2309	5656	1.000	370.00	157.77	370.00	157.77	212.23	2026-01-06 18:13:07.453298
19516	2309	5624	2.000	130.00	94.02	260.00	188.04	71.96	2026-01-06 18:13:07.453298
19517	2309	5640	1.000	130.00	77.97	130.00	77.97	52.03	2026-01-06 18:13:07.453298
19518	2309	5635	2.000	320.00	237.74	640.00	475.48	164.52	2026-01-06 18:13:07.453298
19519	2309	5638	5.000	55.00	52.77	275.00	263.85	11.15	2026-01-06 18:13:07.453298
19520	2309	5643	3.000	70.00	58.05	210.00	174.15	35.85	2026-01-06 18:13:07.453298
19521	2309	5642	1.000	80.00	83.38	80.00	83.38	-3.38	2026-01-06 18:13:07.453298
19522	2309	5684	4.000	100.00	97.77	400.00	391.08	8.92	2026-01-06 18:13:07.453298
19523	2309	5647	6.000	85.00	67.77	510.00	406.62	103.38	2026-01-06 18:13:07.453298
19524	2309	5673	1.000	85.00	72.77	85.00	72.77	12.23	2026-01-06 18:13:07.453298
19525	2309	5662	2.000	470.00	377.77	940.00	755.54	184.46	2026-01-06 18:13:07.453298
19526	2309	5660	12.000	250.00	159.77	3000.00	1917.24	1082.76	2026-01-06 18:13:07.453298
19527	2309	5661	11.000	130.00	100.77	1430.00	1108.47	321.53	2026-01-06 18:13:07.453298
19528	2309	5676	1.000	90.00	62.24	90.00	62.24	27.76	2026-01-06 18:13:07.453298
19529	2309	5680	1.000	70.00	58.77	70.00	58.77	11.23	2026-01-06 18:13:07.453298
19530	2309	5680	13.000	75.00	58.77	975.00	764.01	210.99	2026-01-06 18:13:07.453298
19531	2309	5655	1.000	125.00	87.77	125.00	87.77	37.23	2026-01-06 18:13:07.453298
19532	2309	5654	2.000	60.00	63.21	120.00	126.42	-6.42	2026-01-06 18:13:07.453298
19533	2309	5653	1.000	120.00	152.92	120.00	152.92	-32.92	2026-01-06 18:13:07.453298
19534	2309	5668	2.000	70.00	58.21	140.00	116.42	23.58	2026-01-06 18:13:07.453298
19535	2309	5667	1.000	200.00	127.66	200.00	127.66	72.34	2026-01-06 18:13:07.453298
19536	2309	5649	2.000	130.00	102.77	260.00	205.54	54.46	2026-01-06 18:13:07.453298
19537	2309	5702	2.000	80.00	77.97	160.00	155.94	4.06	2026-01-06 18:13:07.453298
19538	2309	5707	1.000	250.00	149.55	250.00	149.55	100.45	2026-01-06 18:13:07.453298
19539	2309	5708	3.000	120.00	92.57	360.00	277.71	82.29	2026-01-06 18:13:07.453298
19540	2309	5697	1.000	190.00	149.56	190.00	149.56	40.44	2026-01-06 18:13:07.453298
19541	2309	5698	2.000	110.00	92.44	220.00	184.88	35.12	2026-01-06 18:13:07.453298
19542	2309	5710	1.000	200.00	122.40	200.00	122.40	77.60	2026-01-06 18:13:07.453298
19543	2309	5686	1.000	330.00	237.77	330.00	237.77	92.23	2026-01-06 18:13:07.453298
19544	2309	5692	3.000	130.00	109.77	390.00	329.31	60.69	2026-01-06 18:13:07.453298
19545	2309	5687	1.000	140.00	112.77	140.00	112.77	27.23	2026-01-06 18:13:07.453298
19546	2309	5687	3.000	150.00	112.77	450.00	338.31	111.69	2026-01-06 18:13:07.453298
19547	2309	5714	5.000	95.00	92.77	475.00	463.85	11.15	2026-01-06 18:13:07.453298
19548	2309	5715	2.000	70.00	72.90	140.00	145.80	-5.80	2026-01-06 18:13:07.453298
19549	2309	5716	5.000	90.00	87.77	450.00	438.85	11.15	2026-01-06 18:13:07.453298
19550	2309	5726	1.000	125.00	87.63	125.00	87.63	37.37	2026-01-06 18:13:07.453298
19551	2309	5725	2.000	100.00	98.17	200.00	196.34	3.66	2026-01-06 18:13:07.453298
19552	2309	5729	2.000	75.00	82.77	150.00	165.54	-15.54	2026-01-06 18:13:07.453298
19553	2309	5729	3.000	70.00	82.77	210.00	248.31	-38.31	2026-01-06 18:13:07.453298
19554	2309	5719	3.000	90.00	71.88	270.00	215.64	54.36	2026-01-06 18:13:07.453298
19555	2309	5706	1.000	50.00	62.82	50.00	62.82	-12.82	2026-01-06 18:13:07.453298
19556	2309	5476	1.000	95.00	117.26	95.00	117.26	-22.26	2026-01-06 18:13:07.453298
19557	2309	5477	6.000	100.00	96.94	600.00	581.64	18.36	2026-01-06 18:13:07.453298
19558	2309	5597	2.000	110.00	87.49	220.00	174.98	45.02	2026-01-06 18:13:07.453298
19559	2309	5547	1.000	260.00	147.49	260.00	147.49	112.51	2026-01-06 18:13:07.453298
19560	2309	5608	1.000	210.00	157.28	210.00	157.28	52.72	2026-01-06 18:13:07.453298
19561	2309	5609	6.000	100.00	96.89	600.00	581.34	18.66	2026-01-06 18:13:07.453298
19562	2309	5567	3.000	230.00	237.55	690.00	712.65	-22.65	2026-01-06 18:13:07.453298
19563	2309	5549	2.000	75.00	67.81	150.00	135.62	14.38	2026-01-06 18:13:07.453298
19564	2309	5544	3.000	130.00	117.41	390.00	352.23	37.77	2026-01-06 18:13:07.453298
19565	2309	5545	1.000	180.00	146.72	180.00	146.72	33.28	2026-01-06 18:13:07.453298
19566	2309	5559	1.000	200.00	130.24	200.00	130.24	69.76	2026-01-06 18:13:07.453298
19567	2309	5574	1.000	170.00	156.42	170.00	156.42	13.58	2026-01-06 18:13:07.453298
19568	2309	5530	2.000	200.00	197.52	400.00	395.04	4.96	2026-01-06 18:13:07.453298
19569	2309	5541	1.000	50.00	72.93	50.00	72.93	-22.93	2026-01-06 18:13:07.453298
19570	2309	5562	2.000	150.00	137.11	300.00	274.22	25.78	2026-01-06 18:13:07.453298
19571	2309	5614	5.000	85.00	57.08	425.00	285.40	139.60	2026-01-06 18:13:07.453298
19572	2309	5512	1.000	450.00	187.38	450.00	187.38	262.62	2026-01-06 18:13:07.453298
19573	2309	5533	2.000	230.00	197.55	460.00	395.10	64.90	2026-01-06 18:13:07.453298
19574	2309	5613	1.000	120.00	108.50	120.00	108.50	11.50	2026-01-06 18:13:07.453298
19575	2309	5617	1.000	100.00	77.15	100.00	77.15	22.85	2026-01-06 18:13:07.453298
19576	2309	5610	3.000	110.00	133.05	330.00	399.15	-69.15	2026-01-06 18:13:07.453298
19577	2309	5605	7.000	80.00	85.09	560.00	595.63	-35.63	2026-01-06 18:13:07.453298
19578	2309	5494	5.000	100.00	114.31	500.00	571.55	-71.55	2026-01-06 18:13:07.453298
19579	2309	5572	11.000	50.00	48.12	550.00	529.32	20.68	2026-01-06 18:13:07.453298
19580	2309	5488	2.000	55.00	57.46	110.00	114.92	-4.92	2026-01-06 18:13:07.453298
\.


