1	1	524	6.000	66.16	396.96	2025-11-01 10:59:43.507352	\N
2	1	532	2.000	87.66	175.32	2025-11-01 10:59:43.53309	\N
3	1	548	4.000	90.63	362.52	2025-11-01 10:59:43.554321	\N
4	1	555	4.000	130.70	522.80	2025-11-01 10:59:43.584722	\N
5	1	561	10.000	128.92	1289.20	2025-11-01 10:59:43.594919	\N
6	1	571	3.000	79.41	238.23	2025-11-01 10:59:43.603202	\N
7	1	573	1.000	79.24	79.24	2025-11-01 10:59:43.61119	\N
8	1	591	5.000	48.86	244.30	2025-11-01 10:59:43.68295	\N
9	1	594	2.000	69.12	138.24	2025-11-01 10:59:43.692004	\N
10	1	586	2.000	103.71	207.42	2025-11-01 10:59:43.701293	\N
11	1	293	5.000	72.13	360.65	2025-11-01 10:59:43.708786	\N
12	1	309	5.000	105.69	528.45	2025-11-01 10:59:43.736855	\N
13	1	314	3.000	102.52	307.56	2025-11-01 10:59:43.797752	\N
14	1	319	5.000	112.44	562.20	2025-11-01 10:59:43.805065	\N
15	1	572	2.000	129.11	258.22	2025-11-01 10:59:43.812837	\N
16	2	548	1.000	90.63	90.63	2025-11-05 10:52:23.428248	\N
17	2	514	2.000	240.70	481.40	2025-11-05 10:52:23.439017	\N
18	3	580	1.000	211.51	211.51	2025-11-05 10:53:15.824452	\N
19	4	514	12.000	239.75	2877.00	2025-11-05 10:53:55.922957	\N
20	5	514	10.000	240.46	2404.60	2025-11-05 10:55:54.882645	\N
21	6	153	7.000	329.19	2304.33	2025-11-05 12:46:00.396294	\N
22	7	514	10.000	240.46	2404.60	2025-11-06 08:35:26.82541	\N
23	8	548	1.000	90.63	90.63	2025-11-06 08:36:20.684861	\N
24	9	580	1.000	211.51	211.51	2025-11-06 08:36:54.158036	\N
25	10	514	2.000	240.70	481.40	2025-11-06 08:38:16.793193	\N
26	10	337	2.000	48.49	96.98	2025-11-06 08:38:16.793193	\N
27	11	514	10.000	240.64	2406.40	2025-11-08 17:42:00.332764	\N
28	12	50	9.000	54.62	491.58	2025-11-11 06:46:44.025964	\N
29	13	87	5.000	69.56	347.80	2025-11-11 07:58:18.451652	\N
30	13	83	25.000	149.92	3748.00	2025-11-11 07:58:18.451652	\N
31	14	87	5.000	69.56	347.80	2025-11-11 07:58:38.235047	\N
32	15	87	5.000	69.56	347.80	2025-11-11 07:58:53.221262	\N
33	16	487	2.000	254.12	508.24	2025-11-11 08:01:14.921302	\N
34	17	487	2.000	254.12	508.24	2025-11-11 08:36:31.546902	\N
35	17	372	5.000	58.82	294.10	2025-11-11 08:36:31.546902	\N
1759	227	531	20.000	50.65	1013.00	2026-01-08 10:50:16.773117	139
1878	233	1564	5.000	45.15	225.75	2026-01-09 07:56:38.813401	138
1883	237	531	20.000	50.65	1013.00	2026-01-10 11:07:15.474291	139
1884	237	220	2.000	207.06	414.12	2026-01-10 11:07:15.474291	139
1916	239	1658	6.000	88.36	530.16	2026-01-12 06:10:24.784102	135
1917	239	738	5.000	63.40	317.00	2026-01-12 06:10:24.784102	135
1918	239	1664	2.000	74.28	148.56	2026-01-12 06:10:24.784102	135
1919	239	739	2.000	138.23	276.46	2026-01-12 06:10:24.784102	135
1920	239	196	1.000	252.86	252.86	2026-01-12 06:10:24.784102	135
1921	239	227	7.000	67.69	473.83	2026-01-12 06:10:24.784102	135
46	19	209	15.000	49.89	748.35	2025-11-11 10:49:48.109538	\N
47	20	209	40.000	49.89	1995.60	2025-11-12 08:54:11.85625	\N
1922	239	229	3.000	182.94	548.82	2026-01-12 06:10:24.784102	135
1923	239	234	3.000	51.76	155.28	2026-01-12 06:10:24.784102	135
50	22	90	41.000	69.43	2846.63	2025-11-12 09:53:23.293113	\N
51	23	514	25.000	240.74	6018.50	2025-11-12 09:55:01.312681	\N
52	23	85	20.000	74.91	1498.20	2025-11-12 09:55:01.312681	\N
53	23	125	20.000	52.20	1044.00	2025-11-12 09:55:01.312681	\N
54	23	109	20.000	83.70	1674.00	2025-11-12 09:55:01.312681	\N
55	23	113	20.000	69.65	1393.00	2025-11-12 09:55:01.312681	\N
56	24	291	10.000	40.95	409.50	2025-11-12 11:49:37.926756	\N
57	25	531	75.000	50.64	3798.00	2025-11-13 08:31:43.583205	\N
58	26	583	2.000	78.66	157.32	2025-11-13 08:46:13.149985	\N
59	27	524	70.000	66.24	4636.80	2025-11-13 08:46:37.803381	\N
60	28	548	10.000	90.66	906.60	2025-11-13 08:51:51.167183	\N
61	28	568	15.000	54.11	811.65	2025-11-13 08:51:51.167183	\N
62	28	370	7.000	60.40	422.80	2025-11-13 08:51:51.167183	\N
63	28	610	1.000	111.87	111.87	2025-11-13 08:51:51.167183	\N
64	28	611	3.000	89.19	267.57	2025-11-13 08:51:51.167183	\N
65	28	625	1.000	231.66	231.66	2025-11-13 08:51:51.167183	\N
66	28	547	5.000	189.19	945.95	2025-11-13 08:51:51.167183	\N
67	28	552	2.000	156.66	313.32	2025-11-13 08:51:51.167183	\N
68	28	571	2.000	79.45	158.90	2025-11-13 08:51:51.167183	\N
69	28	573	2.000	79.30	158.60	2025-11-13 08:51:51.167183	\N
70	28	635	1.000	44.33	44.33	2025-11-13 08:51:51.167183	\N
71	29	487	2.000	254.12	508.24	2025-11-13 08:52:50.404456	\N
72	30	516	5.000	48.35	241.75	2025-11-13 11:07:10.231486	\N
73	31	420	10.000	89.46	894.60	2025-11-13 11:22:54.408383	\N
74	31	419	10.000	54.10	541.00	2025-11-13 11:22:54.408383	\N
75	31	418	10.000	44.45	444.50	2025-11-13 11:22:54.408383	\N
76	31	423	7.000	68.79	481.53	2025-11-13 11:22:54.408383	\N
77	31	422	9.000	48.60	437.40	2025-11-13 11:22:54.408383	\N
78	31	426	8.000	88.91	711.28	2025-11-13 11:22:54.408383	\N
79	31	432	2.000	85.37	170.74	2025-11-13 11:22:54.408383	\N
80	31	442	27.000	44.57	1203.39	2025-11-13 11:22:54.408383	\N
81	31	441	39.000	63.51	2476.89	2025-11-13 11:22:54.408383	\N
82	31	448	12.000	49.55	594.60	2025-11-13 11:22:54.408383	\N
83	31	417	60.000	82.35	4941.00	2025-11-13 11:22:54.408383	\N
84	31	337	160.000	48.49	7758.40	2025-11-13 11:22:54.408383	\N
85	32	531	75.000	50.39	3779.25	2025-11-13 11:26:51.853742	\N
86	32	125	30.000	52.20	1566.00	2025-11-13 11:26:51.853742	\N
87	32	52	8.000	60.52	484.16	2025-11-13 11:26:51.853742	\N
88	32	85	9.000	74.91	674.19	2025-11-13 11:26:51.853742	\N
89	32	91	10.000	56.03	560.30	2025-11-13 11:26:51.853742	\N
90	32	102	5.000	99.87	499.35	2025-11-13 11:26:51.853742	\N
91	32	107	6.000	74.90	449.40	2025-11-13 11:26:51.853742	\N
92	32	130	5.000	84.70	423.50	2025-11-13 11:26:51.853742	\N
93	32	114	5.000	101.83	509.15	2025-11-13 11:26:51.853742	\N
94	32	1547	3.000	79.90	239.70	2025-11-13 11:26:51.853742	\N
95	32	139	10.000	116.28	1162.80	2025-11-13 11:26:51.853742	\N
96	32	337	104.000	48.49	5042.96	2025-11-13 11:26:51.853742	\N
97	33	487	2.000	254.12	508.24	2025-11-13 11:28:47.792419	\N
98	34	627	23.000	149.41	3436.43	2025-11-13 13:24:11.895199	\N
99	34	1477	6.000	249.41	1496.46	2025-11-13 13:24:11.895199	\N
100	35	209	30.000	49.89	1496.70	2025-11-13 13:25:28.711081	\N
101	35	2284	1.000	0.10	0.10	2025-11-13 13:25:28.711081	\N
102	35	126	5.000	134.53	672.65	2025-11-13 13:25:28.711081	\N
103	36	487	2.000	254.12	508.24	2025-11-14 06:00:16.617759	\N
104	37	83	30.000	149.92	4497.60	2025-11-14 08:28:47.744912	\N
105	38	126	6.000	134.53	807.18	2025-11-14 11:15:47.502282	\N
106	39	209	5.000	49.89	249.45	2025-11-14 11:43:39.884497	\N
107	39	627	2.000	149.41	298.82	2025-11-14 11:43:39.884497	\N
108	39	1477	2.000	249.41	498.82	2025-11-14 11:43:39.884497	\N
109	39	570	1.000	299.41	299.41	2025-11-14 11:43:39.884497	\N
110	40	627	9.000	149.41	1344.69	2025-11-14 11:44:14.515761	\N
111	41	93	250.000	151.61	37902.50	2025-11-14 12:58:47.50662	\N
112	41	104	90.000	167.85	15106.50	2025-11-14 12:58:47.50662	\N
115	43	627	4.000	149.41	597.64	2025-11-15 08:40:47.461644	\N
116	44	1477	15.000	249.41	3741.15	2025-11-15 10:00:09.895981	\N
117	44	557	5.000	69.61	348.05	2025-11-15 10:00:09.895981	\N
118	44	578	3.000	224.41	673.23	2025-11-15 10:00:09.895981	\N
119	44	1508	3.000	149.32	447.96	2025-11-15 10:00:09.895981	\N
120	44	1507	3.000	95.12	285.36	2025-11-15 10:00:09.895981	\N
121	44	579	5.000	277.88	1389.40	2025-11-15 10:00:09.895981	\N
122	44	588	5.000	274.41	1372.05	2025-11-15 10:00:09.895981	\N
123	44	345	4.000	85.06	340.24	2025-11-15 10:00:09.895981	\N
124	44	371	5.000	98.89	494.45	2025-11-15 10:00:09.895981	\N
125	44	153	6.000	324.41	1946.46	2025-11-15 10:00:09.895981	\N
126	44	514	5.000	239.88	1199.40	2025-11-15 10:00:09.895981	\N
127	44	611	2.000	89.45	178.90	2025-11-15 10:00:09.895981	\N
128	44	510	5.000	53.32	266.60	2025-11-15 10:00:09.895981	\N
129	44	515	10.000	79.38	793.80	2025-11-15 10:00:09.895981	\N
130	44	516	41.000	49.50	2029.50	2025-11-15 10:00:09.895981	\N
131	45	516	150.000	49.50	7425.00	2025-11-15 10:02:24.216206	\N
132	45	54	8.000	74.88	599.04	2025-11-15 10:02:24.216206	\N
133	45	81	3.000	73.79	221.37	2025-11-15 10:02:24.216206	\N
134	45	92	3.000	149.15	447.45	2025-11-15 10:02:24.216206	\N
135	45	94	5.000	97.81	489.05	2025-11-15 10:02:24.216206	\N
136	45	109	25.000	83.70	2092.50	2025-11-15 10:02:24.216206	\N
137	45	123	6.000	59.64	357.84	2025-11-15 10:02:24.216206	\N
138	45	125	10.000	52.20	522.00	2025-11-15 10:02:24.216206	\N
139	45	393	5.000	151.67	758.35	2025-11-15 10:02:24.216206	\N
140	45	408	6.000	156.10	936.60	2025-11-15 10:02:24.216206	\N
141	45	412	4.000	111.69	446.76	2025-11-15 10:02:24.216206	\N
142	45	130	8.000	84.70	677.60	2025-11-15 10:02:24.216206	\N
143	46	450	10.000	148.82	1488.20	2025-11-15 10:33:46.707927	\N
144	46	153	5.000	324.41	1622.05	2025-11-15 10:33:46.707927	\N
1760	228	611	5.000	90.07	450.35	2026-01-08 10:52:00.083888	137
463	57	128	120.000	54.38	6525.60	2025-11-22 08:26:58.763873	64
149	51	1477	5.000	252.88	1264.40	2025-11-18 13:29:12.875377	68
516	73	610	1.000	108.29	108.29	2025-11-26 16:27:24.694078	67
517	73	611	4.000	88.29	353.16	2025-11-26 16:27:24.694078	67
153	49	83	5.000	149.97	749.85	2025-11-18 15:59:19.785369	64
154	49	128	60.000	54.49	3269.40	2025-11-18 15:59:19.785369	64
155	49	244	30.000	43.63	1308.90	2025-11-18 15:59:19.785369	66
156	49	570	1.000	302.75	302.75	2025-11-18 15:59:19.785369	68
518	73	153	15.000	329.50	4942.50	2025-11-26 16:27:24.694078	67
158	53	510	8.000	53.32	426.56	2025-11-19 10:04:18.00565	67
159	53	1465	2.000	109.28	218.56	2025-11-19 10:04:18.00565	67
160	53	514	3.000	240.80	722.40	2025-11-19 10:04:18.00565	67
161	53	516	35.000	49.65	1737.75	2025-11-19 10:04:18.00565	67
162	53	519	3.000	89.39	268.17	2025-11-19 10:04:18.00565	67
163	53	520	4.000	50.11	200.44	2025-11-19 10:04:18.00565	67
164	53	532	1.000	85.79	85.79	2025-11-19 10:04:18.00565	67
165	53	1473	5.000	57.76	288.80	2025-11-19 10:04:18.00565	67
166	53	546	3.000	179.19	537.57	2025-11-19 10:04:18.00565	67
167	53	625	1.000	232.01	232.01	2025-11-19 10:04:18.00565	67
168	53	548	4.000	90.73	362.92	2025-11-19 10:04:18.00565	67
169	53	628	2.000	78.22	156.44	2025-11-19 10:04:18.00565	67
170	53	1489	2.000	115.20	230.40	2025-11-19 10:04:18.00565	67
171	53	563	8.000	57.60	460.80	2025-11-19 10:04:18.00565	67
172	53	568	5.000	54.17	270.85	2025-11-19 10:04:18.00565	67
173	53	571	1.000	79.51	79.51	2025-11-19 10:04:18.00565	67
174	53	587	2.000	67.01	134.02	2025-11-19 10:04:18.00565	67
175	53	1514	5.000	79.06	395.30	2025-11-19 10:04:18.00565	67
176	53	591	4.000	49.05	196.20	2025-11-19 10:04:18.00565	67
177	53	552	8.000	157.01	1256.08	2025-11-19 10:04:18.00565	67
178	53	552	9.000	177.88	1600.92	2025-11-19 10:04:18.00565	68
179	53	153	10.000	327.88	3278.80	2025-11-19 10:04:18.00565	68
180	53	352	3.000	81.50	244.50	2025-11-19 10:04:18.00565	66
181	53	357	6.000	165.24	991.44	2025-11-19 10:04:18.00565	66
182	53	366	5.000	102.23	511.15	2025-11-19 10:04:18.00565	66
183	53	369	2.000	43.09	86.18	2025-11-19 10:04:18.00565	66
184	53	371	4.000	98.89	395.56	2025-11-19 10:04:18.00565	66
185	53	292	3.000	92.75	278.25	2025-11-19 10:04:18.00565	65
186	53	329	3.000	132.78	398.34	2025-11-19 10:04:18.00565	65
187	53	318	1.000	61.06	61.06	2025-11-19 10:04:18.00565	65
188	54	205	12.000	66.28	795.36	2025-11-19 10:07:58.35003	66
189	54	758	4.000	56.59	226.36	2025-11-19 10:07:58.35003	65
190	54	227	3.000	66.75	200.25	2025-11-19 10:07:58.35003	65
191	54	234	15.000	50.56	758.40	2025-11-19 10:07:58.35003	65
192	54	196	4.000	252.00	1008.00	2025-11-19 10:07:58.35003	65
193	54	245	12.000	63.77	765.24	2025-11-19 10:07:58.35003	65
194	54	265	5.000	48.16	240.80	2025-11-19 10:07:58.35003	65
195	54	408	10.000	156.10	1561.00	2025-11-19 10:07:58.35003	66
196	54	52	4.000	60.57	242.28	2025-11-19 10:07:58.35003	64
197	54	53	2.000	79.65	159.30	2025-11-19 10:07:58.35003	64
198	54	54	4.000	74.87	299.48	2025-11-19 10:07:58.35003	64
199	54	71	30.000	45.05	1351.50	2025-11-19 10:07:58.35003	64
200	54	85	10.000	74.93	749.30	2025-11-19 10:07:58.35003	64
201	54	94	5.000	97.65	488.25	2025-11-19 10:07:58.35003	64
202	54	103	15.000	59.84	897.60	2025-11-19 10:07:58.35003	64
203	54	105	3.000	87.24	261.72	2025-11-19 10:07:58.35003	64
204	54	107	8.000	74.94	599.52	2025-11-19 10:07:58.35003	64
205	54	125	26.000	52.29	1359.54	2025-11-19 10:07:58.35003	64
206	54	130	5.000	84.68	423.40	2025-11-19 10:07:58.35003	64
207	54	1547	3.000	79.66	238.98	2025-11-19 10:07:58.35003	64
208	54	133	2.000	129.58	259.16	2025-11-19 10:07:58.35003	64
209	54	139	5.000	116.31	581.55	2025-11-19 10:07:58.35003	64
519	73	516	27.000	48.29	1303.83	2025-11-26 16:27:24.694078	67
520	73	613	9.000	68.29	614.61	2025-11-26 16:27:24.694078	67
521	73	519	6.000	89.30	535.80	2025-11-26 16:27:24.694078	67
522	73	524	8.000	64.74	517.92	2025-11-26 16:27:24.694078	67
523	73	531	20.000	50.35	1007.00	2025-11-26 16:27:24.694078	67
215	52	128	60.000	54.49	3269.40	2025-11-19 13:17:52.256859	64
216	52	1477	3.000	252.88	758.64	2025-11-19 13:17:52.256859	68
217	52	126	5.000	134.55	672.75	2025-11-19 13:17:52.256859	64
218	52	570	1.000	302.75	302.75	2025-11-19 13:17:52.256859	68
219	55	144	100.000	94.67	9467.00	2025-11-20 11:07:28.979657	64
220	56	1477	5.000	252.88	1264.40	2025-11-20 11:49:18.680902	77
222	58	552	1.000	166.86	166.86	2025-11-20 12:39:47.592383	70
223	58	575	1.000	324.32	324.32	2025-11-20 12:39:47.592383	70
224	59	87	5.000	69.76	348.80	2025-11-21 07:51:44.862929	78
225	60	477	129.000	44.06	5683.74	2025-11-21 10:06:59.38368	66
226	60	531	68.000	50.55	3437.40	2025-11-21 10:06:59.38368	67
227	60	472	4.000	428.73	1714.92	2025-11-21 10:06:59.38368	66
228	60	515	30.000	79.34	2380.20	2025-11-21 10:06:59.38368	67
229	60	465	10.000	63.82	638.20	2025-11-21 10:06:59.38368	66
524	73	1473	3.000	58.29	174.87	2025-11-26 16:27:24.694078	67
525	73	546	4.000	178.38	713.52	2025-11-26 16:27:24.694078	67
526	73	625	1.000	228.29	228.29	2025-11-26 16:27:24.694078	67
230	60	464	4.000	108.98	435.92	2025-11-21 10:06:59.38368	66
231	60	1887	3.000	168.58	505.74	2025-11-21 10:06:59.38368	66
232	60	470	5.000	103.92	519.60	2025-11-21 10:06:59.38368	66
233	60	1893	20.000	148.58	2971.60	2025-11-21 10:06:59.38368	66
234	60	865	7.000	88.58	620.06	2025-11-21 10:06:59.38368	66
235	60	484	4.000	48.89	195.56	2025-11-21 10:06:59.38368	66
236	60	1903	8.000	83.58	668.64	2025-11-21 10:06:59.38368	66
237	60	1905	2.000	68.58	137.16	2025-11-21 10:06:59.38368	66
238	60	1907	5.000	98.58	492.90	2025-11-21 10:06:59.38368	66
239	60	1926	3.000	238.58	715.74	2025-11-21 10:06:59.38368	66
240	60	1927	4.000	118.58	474.32	2025-11-21 10:06:59.38368	66
241	60	1929	8.000	68.58	548.64	2025-11-21 10:06:59.38368	66
242	60	1933	3.000	153.58	460.74	2025-11-21 10:06:59.38368	66
243	60	876	1.000	178.58	178.58	2025-11-21 10:06:59.38368	66
244	60	1938	3.000	123.58	370.74	2025-11-21 10:06:59.38368	66
245	60	879	2.000	158.58	317.16	2025-11-21 10:06:59.38368	66
246	60	1941	2.000	188.58	377.16	2025-11-21 10:06:59.38368	66
247	61	481	159.000	53.97	8581.23	2025-11-21 10:14:04.004607	66
248	61	1591	5.000	66.11	330.55	2025-11-21 10:14:04.004607	76
249	61	1610	12.000	61.60	739.20	2025-11-21 10:14:04.004607	76
250	61	724	23.000	56.12	1290.76	2025-11-21 10:14:04.004607	76
251	61	728	2.000	52.38	104.76	2025-11-21 10:14:04.004607	76
252	61	1616	6.000	73.86	443.16	2025-11-21 10:14:04.004607	76
253	61	171	4.000	50.80	203.20	2025-11-21 10:14:04.004607	76
254	61	1627	5.000	151.47	757.35	2025-11-21 10:14:04.004607	76
255	61	1630	2.000	88.83	177.66	2025-11-21 10:14:04.004607	76
256	61	1633	3.000	71.44	214.32	2025-11-21 10:14:04.004607	76
257	61	736	2.000	166.41	332.82	2025-11-21 10:14:04.004607	76
258	61	1651	7.000	71.39	499.73	2025-11-21 10:14:04.004607	76
259	61	1656	5.000	126.72	633.60	2025-11-21 10:14:04.004607	76
260	61	183	4.000	131.17	524.68	2025-11-21 10:14:04.004607	76
261	61	1660	6.000	81.20	487.20	2025-11-21 10:14:04.004607	76
262	61	1669	1.000	88.72	88.72	2025-11-21 10:14:04.004607	76
263	61	1891	10.000	93.58	935.80	2025-11-21 10:14:04.004607	66
264	61	109	10.000	83.82	838.20	2025-11-21 10:14:04.004607	78
265	61	50	8.000	57.12	456.96	2025-11-21 10:14:04.004607	66
266	61	85	5.000	77.49	387.45	2025-11-21 10:14:04.004607	66
267	61	100	2.000	156.05	312.10	2025-11-21 10:14:04.004607	78
268	61	102	5.000	99.99	499.95	2025-11-21 10:14:04.004607	78
269	61	113	5.000	72.39	361.95	2025-11-21 10:14:04.004607	66
270	61	122	55.000	69.86	3842.30	2025-11-21 10:14:04.004607	78
1761	228	153	7.000	331.37	2319.59	2026-01-08 10:52:00.083888	137
272	63	1477	5.000	252.88	1264.40	2025-11-21 12:55:00.485312	77
273	62	128	60.000	54.50	3270.00	2025-11-21 12:55:18.331779	78
274	62	570	1.000	302.75	302.75	2025-11-21 12:55:18.331779	77
275	64	515	6.000	79.34	476.04	2025-11-21 13:24:50.685256	69
464	66	87	5.000	69.76	348.80	2025-11-22 10:07:48.552741	78
465	66	128	43.000	54.50	2343.50	2025-11-22 10:07:48.552741	78
471	70	244	20.000	43.63	872.60	2025-11-26 13:05:56.354425	66
472	70	126	6.000	134.57	807.42	2025-11-26 13:05:56.354425	78
527	73	1490	2.000	58.85	117.70	2025-11-26 16:27:24.694078	67
528	73	568	6.000	52.29	313.74	2025-11-26 16:27:24.694078	67
529	73	1504	1.000	188.29	188.29	2025-11-26 16:27:24.694078	67
530	73	1508	1.000	148.29	148.29	2025-11-26 16:27:24.694078	67
531	73	1507	3.000	88.29	264.87	2025-11-26 16:27:24.694078	67
532	73	635	1.000	43.29	43.29	2025-11-26 16:27:24.694078	67
533	73	594	5.000	69.17	345.85	2025-11-26 16:27:24.694078	67
534	73	586	4.000	102.64	410.56	2025-11-26 16:27:24.694078	67
535	73	1514	4.000	78.29	313.16	2025-11-26 16:27:24.694078	67
536	73	591	7.000	48.56	339.92	2025-11-26 16:27:24.694078	67
537	73	366	5.000	102.23	511.15	2025-11-26 16:27:24.694078	66
563	77	153	10.000	328.97	3289.70	2025-11-26 17:09:06.142092	76
566	80	244	20.000	43.63	872.60	2025-11-27 06:03:56.112595	66
567	80	126	6.000	134.57	807.42	2025-11-27 06:03:56.112595	78
1762	228	514	5.000	241.60	1208.00	2026-01-08 10:52:00.083888	137
584	85	139	200.000	116.41	23282.00	2025-11-27 10:02:47.055865	82
585	85	58	120.000	79.73	9567.60	2025-11-27 10:02:47.055865	82
1763	228	515	20.000	80.25	1605.00	2026-01-08 10:52:00.083888	137
620	91	244	20.000	43.63	872.60	2025-11-28 09:16:20.832014	83
647	93	472	4.000	429.60	1718.40	2025-11-29 07:08:56.491578	83
648	93	1891	2.000	94.78	189.56	2025-11-29 07:08:56.491578	83
649	93	477	23.000	44.97	1034.31	2025-11-29 07:08:56.491578	83
650	93	481	21.000	54.79	1150.59	2025-11-29 07:08:56.491578	83
651	93	484	5.000	49.80	249.00	2025-11-29 07:08:56.491578	83
652	93	877	1.000	109.70	109.70	2025-11-29 07:08:56.491578	83
653	93	502	1.000	74.46	74.46	2025-11-29 07:08:56.491578	83
654	93	879	1.000	157.87	157.87	2025-11-29 07:08:56.491578	83
655	93	804	3.000	89.49	268.47	2025-11-29 07:08:56.491578	85
656	93	240	4.000	89.46	357.84	2025-11-29 07:08:56.491578	85
657	93	241	4.000	54.91	219.64	2025-11-29 07:08:56.491578	85
658	93	1812	5.000	69.61	348.05	2025-11-29 07:08:56.491578	85
659	93	249	6.000	86.16	516.96	2025-11-29 07:08:56.491578	85
660	93	814	3.000	89.58	268.74	2025-11-29 07:08:56.491578	85
661	93	815	1.000	78.58	78.58	2025-11-29 07:08:56.491578	85
662	93	1861	2.000	168.57	337.14	2025-11-29 07:08:56.491578	85
663	93	266	7.000	39.14	273.98	2025-11-29 07:08:56.491578	85
664	93	1985	2.000	52.01	104.02	2025-11-29 07:08:56.491578	85
665	93	1600	1.000	111.55	111.55	2025-11-29 07:08:56.491578	85
666	93	1602	25.000	71.47	1786.75	2025-11-29 07:08:56.491578	85
667	93	1605	5.000	141.16	705.80	2025-11-29 07:08:56.491578	85
668	93	724	26.000	56.23	1461.98	2025-11-29 07:08:56.491578	85
669	93	172	3.000	106.01	318.03	2025-11-29 07:08:56.491578	85
670	93	731	3.000	94.41	283.23	2025-11-29 07:08:56.491578	85
671	93	1626	2.000	157.96	315.92	2025-11-29 07:08:56.491578	85
672	93	1627	3.000	151.53	454.59	2025-11-29 07:08:56.491578	85
673	93	1636	1.000	143.08	143.08	2025-11-29 07:08:56.491578	85
674	93	1638	4.000	86.16	344.64	2025-11-29 07:08:56.491578	85
675	93	1649	1.000	76.37	76.37	2025-11-29 07:08:56.491578	85
676	93	206	6.000	97.72	586.32	2025-11-29 07:08:56.491578	85
677	93	218	2.000	181.40	362.80	2025-11-29 07:08:56.491578	85
678	93	758	3.000	56.86	170.58	2025-11-29 07:08:56.491578	85
679	93	227	4.000	67.04	268.16	2025-11-29 07:08:56.491578	85
680	93	1732	3.000	52.67	158.01	2025-11-29 07:08:56.491578	85
681	93	234	6.000	51.00	306.00	2025-11-29 07:08:56.491578	85
682	93	765	1.000	83.08	83.08	2025-11-29 07:08:56.491578	85
683	93	58	4.000	79.80	319.20	2025-11-29 07:08:56.491578	82
684	93	85	4.000	75.14	300.56	2025-11-29 07:08:56.491578	82
459	68	87	10.000	69.76	697.60	2025-11-22 07:48:05.513161	78
1764	228	1466	2.000	153.92	307.84	2026-01-08 10:52:00.083888	137
1765	228	524	8.000	67.49	539.92	2026-01-08 10:52:00.083888	137
473	71	1477	5.000	252.88	1264.40	2025-11-26 13:09:59.926646	76
538	74	1477	10.000	252.88	2528.80	2025-11-26 17:06:20.488041	76
539	74	579	10.000	143.01	1430.10	2025-11-26 17:06:20.488041	67
540	74	196	20.000	250.69	5013.80	2025-11-26 17:06:20.488041	76
541	74	227	5.000	0.00	0.00	2025-11-26 17:06:20.488041	76
542	74	1722	2.000	0.00	0.00	2025-11-26 17:06:20.488041	76
543	74	765	1.000	0.00	0.00	2025-11-26 17:06:20.488041	76
544	74	85	17.000	77.49	1317.33	2025-11-26 17:06:20.488041	66
545	74	93	10.000	151.71	1517.10	2025-11-26 17:06:20.488041	78
546	74	96	5.000	179.70	898.50	2025-11-26 17:06:20.488041	78
547	74	102	6.000	99.99	599.94	2025-11-26 17:06:20.488041	78
548	74	103	5.000	59.88	299.40	2025-11-26 17:06:20.488041	78
549	74	105	8.000	87.21	697.68	2025-11-26 17:06:20.488041	78
550	74	107	10.000	74.96	749.60	2025-11-26 17:06:20.488041	78
551	74	109	20.000	83.82	1676.40	2025-11-26 17:06:20.488041	78
552	74	113	15.000	69.69	1045.35	2025-11-26 17:06:20.488041	78
553	74	125	50.000	52.32	2616.00	2025-11-26 17:06:20.488041	78
554	74	130	5.000	84.71	423.55	2025-11-26 17:06:20.488041	78
555	74	1550	3.000	139.69	419.07	2025-11-26 17:06:20.488041	78
556	74	151	10.000	94.03	940.30	2025-11-26 17:06:20.488041	78
557	74	71	140.000	45.07	6309.80	2025-11-26 17:06:20.488041	78
564	78	153	4.000	493.18	1972.72	2025-11-26 17:09:28.733612	70
1766	228	1473	5.000	58.56	292.80	2026-01-08 10:52:00.083888	137
1767	228	625	1.000	233.53	233.53	2026-01-08 10:52:00.083888	137
1768	228	548	1.000	90.79	90.79	2026-01-08 10:52:00.083888	137
1769	228	553	9.000	79.86	718.74	2026-01-08 10:52:00.083888	137
1770	228	558	1.000	78.32	78.32	2026-01-08 10:52:00.083888	137
1771	228	561	4.000	129.42	517.68	2026-01-08 10:52:00.083888	137
1772	228	1489	2.000	121.22	242.44	2026-01-08 10:52:00.083888	137
1773	228	1490	2.000	59.99	119.98	2026-01-08 10:52:00.083888	137
1774	228	630	10.000	50.43	504.30	2026-01-08 10:52:00.083888	137
1775	228	568	7.000	54.92	384.44	2026-01-08 10:52:00.083888	137
1776	228	1495	2.000	225.45	450.90	2026-01-08 10:52:00.083888	137
1777	228	571	3.000	80.25	240.75	2026-01-08 10:52:00.083888	137
586	86	385	20.000	110.88	2217.60	2025-11-28 06:22:01.988976	83
587	86	157	30.000	51.22	1536.60	2025-11-28 06:22:01.988976	85
588	86	220	5.000	257.38	1286.90	2025-11-28 06:22:01.988976	85
589	86	728	5.000	52.51	262.55	2025-11-28 06:22:01.988976	85
590	86	1662	1.000	68.24	68.24	2025-11-28 06:22:01.988976	85
591	86	1663	1.000	47.90	47.90	2025-11-28 06:22:01.988976	85
592	86	1898	2.000	60.27	120.54	2025-11-28 06:22:01.988976	83
593	86	52	4.000	60.53	242.12	2025-11-28 06:22:01.988976	82
594	86	54	4.000	75.11	300.44	2025-11-28 06:22:01.988976	82
595	86	104	6.000	169.88	1019.28	2025-11-28 06:22:01.988976	83
596	86	114	4.000	104.38	417.52	2025-11-28 06:22:01.988976	83
597	86	123	10.000	62.27	622.70	2025-11-28 06:22:01.988976	83
598	86	1547	3.000	79.96	239.88	2025-11-28 06:22:01.988976	82
599	86	143	5.000	57.27	286.35	2025-11-28 06:22:01.988976	83
600	86	407	5.000	101.39	506.95	2025-11-28 06:22:01.988976	83
601	86	408	5.000	156.10	780.50	2025-11-28 06:22:01.988976	83
602	86	153	40.000	330.06	13202.40	2025-11-28 06:22:01.988976	84
603	86	531	40.000	50.67	2026.80	2025-11-28 06:22:01.988976	84
604	86	394	50.000	90.78	4539.00	2025-11-28 06:22:01.988976	83
605	86	1664	1.000	70.26	70.26	2025-11-28 06:22:01.988976	85
618	89	153	10.000	350.88	3508.80	2025-11-28 06:25:28.08057	87
1778	228	574	1.000	230.04	230.04	2026-01-08 10:52:00.083888	137
1779	228	1508	1.000	150.37	150.37	2026-01-08 10:52:00.083888	137
1780	228	1507	2.000	104.49	208.98	2026-01-08 10:52:00.083888	137
1781	228	1509	3.000	80.11	240.33	2026-01-08 10:52:00.083888	137
1782	228	634	5.000	80.98	404.90	2026-01-08 10:52:00.083888	137
1783	228	635	1.000	45.76	45.76	2026-01-08 10:52:00.083888	137
1784	228	1511	3.000	150.28	450.84	2026-01-08 10:52:00.083888	137
1785	228	345	3.000	86.43	259.29	2026-01-08 10:52:00.083888	136
1786	228	1559	7.000	117.25	820.75	2026-01-08 10:52:00.083888	136
1787	228	353	12.000	82.90	994.80	2026-01-08 10:52:00.083888	136
1788	228	675	8.000	104.82	838.56	2026-01-08 10:52:00.083888	136
1789	228	369	8.000	43.09	344.72	2026-01-08 10:52:00.083888	136
1790	228	680	4.000	54.62	218.48	2026-01-08 10:52:00.083888	136
1791	228	688	60.000	52.55	3153.00	2026-01-08 10:52:00.083888	135
1792	228	316	6.000	55.14	330.84	2026-01-08 10:52:00.083888	135
410	65	1712	15.000	67.79	1016.85	2025-11-22 07:43:53.814712	77
411	65	1714	2.000	197.79	395.58	2025-11-22 07:43:53.814712	77
412	65	199	7.000	67.79	474.53	2025-11-22 07:43:53.814712	77
413	65	217	6.000	42.79	256.74	2025-11-22 07:43:53.814712	77
414	65	1699	3.000	57.79	173.37	2025-11-22 07:43:53.814712	77
415	65	1707	1.000	132.79	132.79	2025-11-22 07:43:53.814712	77
416	65	1698	41.000	47.79	1959.39	2025-11-22 07:43:53.814712	77
417	65	228	2.000	107.79	215.58	2025-11-22 07:43:53.814712	77
418	65	229	2.000	177.79	355.58	2025-11-22 07:43:53.814712	77
419	65	1703	3.000	77.79	233.37	2025-11-22 07:43:53.814712	77
420	65	1718	12.000	52.79	633.48	2025-11-22 07:43:53.814712	77
421	65	759	16.000	177.79	2844.64	2025-11-22 07:43:53.814712	77
422	65	1705	3.000	87.79	263.37	2025-11-22 07:43:53.814712	77
423	65	1708	3.000	127.79	383.37	2025-11-22 07:43:53.814712	77
424	65	1733	3.000	127.79	383.37	2025-11-22 07:43:53.814712	77
425	65	232	6.000	77.79	466.74	2025-11-22 07:43:53.814712	77
426	65	1725	1.000	167.79	167.79	2025-11-22 07:43:53.814712	77
427	65	231	1.000	52.79	52.79	2025-11-22 07:43:53.814712	77
428	65	1717	1.000	227.79	227.79	2025-11-22 07:43:53.814712	77
429	65	1720	8.000	127.79	1022.32	2025-11-22 07:43:53.814712	77
430	65	1719	9.000	62.79	565.11	2025-11-22 07:43:53.814712	77
431	65	210	1.000	197.79	197.79	2025-11-22 07:43:53.814712	77
432	65	1743	2.000	57.79	115.58	2025-11-22 07:43:53.814712	77
433	65	1694	2.000	167.79	335.58	2025-11-22 07:43:53.814712	77
434	65	1704	1.000	117.79	117.79	2025-11-22 07:43:53.814712	77
435	65	192	4.000	47.79	191.16	2025-11-22 07:43:53.814712	77
436	65	1679	1.000	87.79	87.79	2025-11-22 07:43:53.814712	77
437	65	1680	1.000	67.79	67.79	2025-11-22 07:43:53.814712	77
438	65	1727	3.000	177.79	533.37	2025-11-22 07:43:53.814712	77
439	65	1728	3.000	97.79	293.37	2025-11-22 07:43:53.814712	77
440	65	209	14.000	45.79	641.06	2025-11-22 07:43:53.814712	77
441	65	1729	1.000	147.79	147.79	2025-11-22 07:43:53.814712	77
442	65	764	3.000	147.79	443.37	2025-11-22 07:43:53.814712	77
443	65	1685	1.000	77.79	77.79	2025-11-22 07:43:53.814712	77
444	65	1691	1.000	63.79	63.79	2025-11-22 07:43:53.814712	77
445	65	1695	1.000	177.79	177.79	2025-11-22 07:43:53.814712	77
446	65	200	2.000	147.79	295.58	2025-11-22 07:43:53.814712	77
447	65	1721	1.000	147.79	147.79	2025-11-22 07:43:53.814712	77
448	65	1722	1.000	77.79	77.79	2025-11-22 07:43:53.814712	77
449	65	1715	1.000	77.79	77.79	2025-11-22 07:43:53.814712	77
450	65	1707	1.000	132.79	132.79	2025-11-22 07:43:53.814712	77
451	65	1730	4.000	67.79	271.16	2025-11-22 07:43:53.814712	77
452	65	1700	5.000	62.79	313.95	2025-11-22 07:43:53.814712	77
453	65	1689	4.000	167.79	671.16	2025-11-22 07:43:53.814712	77
454	65	1713	1.000	77.79	77.79	2025-11-22 07:43:53.814712	77
455	65	1681	1.000	107.79	107.79	2025-11-22 07:43:53.814712	77
460	69	99	130.000	192.32	25001.60	2025-11-22 07:49:25.749205	78
461	69	95	70.000	369.38	25856.60	2025-11-22 07:49:25.749205	78
462	69	74	80.000	80.84	6467.20	2025-11-22 07:49:25.749205	78
468	67	87	5.000	69.76	348.80	2025-11-22 12:19:38.961412	78
469	67	1477	6.000	252.88	1517.28	2025-11-22 12:19:38.961412	77
474	72	862	3.000	148.57	445.71	2025-11-26 16:24:45.590594	66
475	72	1891	14.000	93.56	1309.84	2025-11-26 16:24:45.590594	66
476	72	1903	4.000	83.55	334.20	2025-11-26 16:24:45.590594	66
477	72	1907	2.000	98.55	197.10	2025-11-26 16:24:45.590594	66
478	72	1908	2.000	108.55	217.10	2025-11-26 16:24:45.590594	66
479	72	1916	3.000	168.56	505.68	2025-11-26 16:24:45.590594	66
480	72	1925	3.000	228.57	685.71	2025-11-26 16:24:45.590594	66
481	72	498	4.000	253.71	1014.84	2025-11-26 16:24:45.590594	66
482	72	1926	4.000	238.55	954.20	2025-11-26 16:24:45.590594	66
483	72	1927	5.000	118.55	592.75	2025-11-26 16:24:45.590594	66
484	72	1929	4.000	68.55	274.20	2025-11-26 16:24:45.590594	66
485	72	876	2.000	178.55	357.10	2025-11-26 16:24:45.590594	66
486	72	1934	1.000	148.55	148.55	2025-11-26 16:24:45.590594	66
487	72	1938	3.000	123.55	370.65	2025-11-26 16:24:45.590594	66
488	72	1939	2.000	228.55	457.10	2025-11-26 16:24:45.590594	66
489	72	882	2.000	138.55	277.10	2025-11-26 16:24:45.590594	66
490	72	883	1.000	78.55	78.55	2025-11-26 16:24:45.590594	66
491	72	393	10.000	151.67	1516.70	2025-11-26 16:24:45.590594	66
492	72	394	5.000	90.78	453.90	2025-11-26 16:24:45.590594	66
493	72	400	5.000	81.61	408.05	2025-11-26 16:24:45.590594	66
494	72	407	5.000	101.39	506.95	2025-11-26 16:24:45.590594	66
495	72	757	1.000	0.00	0.00	2025-11-26 16:24:45.590594	76
496	72	758	3.000	0.00	0.00	2025-11-26 16:24:45.590594	76
497	72	1732	1.000	0.00	0.00	2025-11-26 16:24:45.590594	76
498	72	1591	7.000	63.01	441.07	2025-11-26 16:24:45.590594	76
499	72	1593	5.000	109.19	545.95	2025-11-26 16:24:45.590594	76
500	72	163	7.000	228.71	1600.97	2025-11-26 16:24:45.590594	76
501	72	1614	3.000	93.01	279.03	2025-11-26 16:24:45.590594	76
502	72	731	4.000	91.01	364.04	2025-11-26 16:24:45.590594	76
503	72	1632	1.000	83.01	83.01	2025-11-26 16:24:45.590594	76
504	72	1633	1.000	68.21	68.21	2025-11-26 16:24:45.590594	76
505	72	1638	5.000	84.32	421.60	2025-11-26 16:24:45.590594	76
506	72	733	5.000	100.91	504.55	2025-11-26 16:24:45.590594	76
507	72	183	4.000	128.54	514.16	2025-11-26 16:24:45.590594	76
508	72	1658	5.000	83.01	415.05	2025-11-26 16:24:45.590594	76
509	72	1661	2.000	138.01	276.02	2025-11-26 16:24:45.590594	76
510	72	1660	6.000	78.01	468.06	2025-11-26 16:24:45.590594	76
511	72	184	4.000	105.24	420.96	2025-11-26 16:24:45.590594	76
512	72	1664	2.000	68.03	136.06	2025-11-26 16:24:45.590594	76
513	72	1669	1.000	83.01	83.01	2025-11-26 16:24:45.590594	76
514	72	385	10.000	110.88	1108.80	2025-11-26 16:24:45.590594	66
515	72	1628	1.000	63.34	63.34	2025-11-26 16:24:45.590594	76
558	75	366	6.000	102.23	613.38	2025-11-26 17:08:26.756326	69
559	75	364	6.000	54.50	327.00	2025-11-26 17:08:26.756326	69
560	75	371	4.000	98.89	395.56	2025-11-26 17:08:26.756326	69
561	75	531	40.000	50.60	2024.00	2025-11-26 17:08:26.756326	69
562	76	1477	5.000	252.88	1264.40	2025-11-26 17:08:44.949565	76
565	79	244	20.000	43.63	872.60	2025-11-26 17:10:12.91644	66
569	81	87	5.000	69.76	348.80	2025-11-27 06:04:35.036311	78
582	84	337	1.000	50.67	50.67	2025-11-27 08:00:48.091375	70
583	84	153	4.000	493.18	1972.72	2025-11-27 08:00:48.091375	70
606	87	611	4.000	89.38	357.52	2025-11-28 06:23:10.089043	84
607	87	511	6.000	99.02	594.12	2025-11-28 06:23:10.089043	84
608	87	515	20.000	79.52	1590.40	2025-11-28 06:23:10.089043	84
609	87	516	20.000	49.90	998.00	2025-11-28 06:23:10.089043	84
610	87	524	8.000	66.60	532.80	2025-11-28 06:23:10.089043	84
611	87	625	1.000	232.45	232.45	2025-11-28 06:23:10.089043	84
612	87	558	2.000	77.62	155.24	2025-11-28 06:23:10.089043	84
613	87	630	13.000	49.51	643.63	2025-11-28 06:23:10.089043	84
614	87	1508	2.000	149.47	298.94	2025-11-28 06:23:10.089043	84
615	87	635	1.000	44.77	44.77	2025-11-28 06:23:10.089043	84
616	87	1511	5.000	149.50	747.50	2025-11-28 06:23:10.089043	84
619	90	1477	5.000	252.88	1264.40	2025-11-28 09:15:34.783575	85
1793	229	1593	2.000	112.60	225.20	2026-01-08 10:53:11.182262	135
1794	229	720	3.000	72.06	216.18	2026-01-08 10:53:11.182262	135
1795	229	1605	3.000	141.75	425.25	2026-01-08 10:53:11.182262	135
1796	229	1613	1.000	73.44	73.44	2026-01-08 10:53:11.182262	135
1797	229	731	4.000	95.00	380.00	2026-01-08 10:53:11.182262	135
1798	229	732	4.000	121.37	485.48	2026-01-08 10:53:11.182262	135
1799	229	176	6.000	56.85	341.10	2026-01-08 10:53:11.182262	135
1800	229	1634	1.000	49.02	49.02	2026-01-08 10:53:11.182262	135
1801	229	1635	3.000	143.08	429.24	2026-01-08 10:53:11.182262	135
1802	229	400	7.000	81.61	571.27	2026-01-08 10:53:11.182262	136
1803	229	810	11.000	54.15	595.65	2026-01-08 10:53:11.182262	135
685	93	91	5.000	56.31	281.55	2025-11-29 07:08:56.491578	82
686	93	92	3.000	149.38	448.14	2025-11-29 07:08:56.491578	82
687	93	103	10.000	59.90	599.00	2025-11-29 07:08:56.491578	82
688	93	93	4.000	151.90	607.60	2025-11-29 07:08:56.491578	82
689	94	384	3.000	181.81	545.43	2025-11-29 07:09:59.750932	87
690	95	337	49.000	50.02	2450.98	2025-11-29 07:10:16.978719	81
1804	229	1826	2.000	155.36	310.72	2026-01-08 10:53:11.182262	135
692	97	337	20.000	51.03	1020.60	2025-11-29 08:07:06.597843	87
693	98	51	5.000	70.35	351.75	2025-11-29 08:19:44.823965	82
694	99	165	2.000	131.13	262.26	2025-11-29 08:23:27.348488	85
695	99	517	2.000	128.59	257.18	2025-11-29 08:23:27.348488	84
1805	229	190	5.000	72.21	361.05	2026-01-08 10:53:11.182262	135
698	100	1465	2.000	109.51	219.02	2025-11-29 11:36:35.289291	84
699	100	613	1.000	69.58	69.58	2025-11-29 11:36:35.289291	84
700	100	536	2.000	129.54	259.08	2025-11-29 11:36:35.289291	84
701	100	546	6.000	179.35	1076.10	2025-11-29 11:36:35.289291	84
702	100	556	3.000	130.09	390.27	2025-11-29 11:36:35.289291	84
703	100	1489	2.000	114.40	228.80	2025-11-29 11:36:35.289291	84
704	100	568	1.000	72.39	72.39	2025-11-29 11:36:35.289291	84
705	100	571	2.000	79.62	159.24	2025-11-29 11:36:35.289291	84
706	100	574	2.000	344.04	688.08	2025-11-29 11:36:35.289291	84
707	100	1503	2.000	199.87	399.74	2025-11-29 11:36:35.289291	84
708	100	580	4.000	212.49	849.96	2025-11-29 11:36:35.289291	84
709	100	582	2.000	129.68	259.36	2025-11-29 11:36:35.289291	84
710	100	1514	4.000	99.10	396.40	2025-11-29 11:36:35.289291	84
711	100	346	1.000	0.00	0.00	2025-11-29 11:36:35.289291	83
712	100	352	14.000	0.00	0.00	2025-11-29 11:36:35.289291	83
713	100	673	5.000	0.00	0.00	2025-11-29 11:36:35.289291	83
714	100	366	5.000	0.00	0.00	2025-11-29 11:36:35.289291	83
715	100	371	5.000	98.89	494.45	2025-11-29 11:36:35.289291	83
716	100	290	4.000	82.73	330.92	2025-11-29 11:36:35.289291	85
717	100	305	5.000	0.00	0.00	2025-11-29 11:36:35.289291	85
718	100	319	6.000	112.56	675.36	2025-11-29 11:36:35.289291	85
719	100	337	49.000	55.27	2708.23	2025-11-29 11:36:35.289291	84
1806	229	194	3.000	256.75	770.25	2026-01-08 10:53:11.182262	135
1807	229	196	8.000	252.86	2022.88	2026-01-08 10:53:11.182262	135
722	101	337	10.000	51.03	510.30	2025-12-01 07:55:38.784737	87
723	102	468	23.000	170.00	3910.00	2025-12-01 10:55:01.345294	83
1808	229	757	4.000	133.66	534.64	2026-01-08 10:53:11.182262	135
1809	229	758	4.000	57.31	229.24	2026-01-08 10:53:11.182262	135
1810	229	227	6.000	67.69	406.14	2026-01-08 10:53:11.182262	135
1811	229	764	2.000	147.53	295.06	2026-01-08 10:53:11.182262	135
1812	229	58	10.000	80.38	803.80	2026-01-08 10:53:11.182262	134
1813	229	100	1.000	157.12	157.12	2026-01-08 10:53:11.182262	134
1814	229	111	2.000	230.51	461.02	2026-01-08 10:53:11.182262	134
1815	229	130	6.000	85.32	511.92	2026-01-08 10:53:11.182262	134
1816	229	142	5.000	85.18	425.90	2026-01-08 10:53:11.182262	134
1817	229	1538	4.000	75.65	302.60	2026-01-08 10:53:11.182262	134
1818	229	1535	1.000	156.20	156.20	2026-01-08 10:53:11.182262	134
1819	229	109	4.000	84.41	337.64	2026-01-08 10:53:11.182262	134
1820	229	107	2.000	75.41	150.82	2026-01-08 10:53:11.182262	134
1821	229	125	14.000	52.91	740.74	2026-01-08 10:53:11.182262	134
1879	234	81	4.000	74.15	296.60	2026-01-09 11:09:17.909188	139
1885	238	71	285.000	46.30	13195.50	2026-01-12 06:07:55.943784	134
740	104	337	40.000	49.35	1974.00	2025-12-02 06:08:56.063932	87
741	105	337	95.000	50.27	4775.65	2025-12-02 07:28:28.592684	84
742	105	52	3.000	60.61	181.83	2025-12-02 07:28:28.592684	82
743	105	700	5.000	69.86	349.30	2025-12-02 07:28:28.592684	82
744	105	55	6.000	110.29	661.74	2025-12-02 07:28:28.592684	82
745	105	67	15.000	72.35	1085.25	2025-12-02 07:28:28.592684	83
746	105	76	3.000	89.65	268.95	2025-12-02 07:28:28.592684	82
747	105	81	3.000	73.97	221.91	2025-12-02 07:28:28.592684	82
748	105	85	7.000	75.04	525.28	2025-12-02 07:28:28.592684	82
749	105	91	10.000	56.45	564.50	2025-12-02 07:28:28.592684	82
750	105	94	10.000	97.74	977.40	2025-12-02 07:28:28.592684	82
751	105	102	10.000	100.07	1000.70	2025-12-02 07:28:28.592684	82
752	105	107	5.000	75.03	375.15	2025-12-02 07:28:28.592684	82
753	105	109	15.000	83.95	1259.25	2025-12-02 07:28:28.592684	82
754	105	111	3.000	229.90	689.70	2025-12-02 07:28:28.592684	82
755	105	119	3.000	279.25	837.75	2025-12-02 07:28:28.592684	82
756	105	130	5.000	84.76	423.80	2025-12-02 07:28:28.592684	82
757	105	131	4.000	205.62	822.48	2025-12-02 07:28:28.592684	82
758	105	139	6.000	116.90	701.40	2025-12-02 07:28:28.592684	82
759	105	1786	1.000	138.94	138.94	2025-12-02 07:28:28.592684	85
760	105	1785	1.000	107.60	107.60	2025-12-02 07:28:28.592684	85
761	105	1788	4.000	58.97	235.88	2025-12-02 07:28:28.592684	85
762	105	245	6.000	65.33	391.98	2025-12-02 07:28:28.592684	85
763	105	811	6.000	60.45	362.70	2025-12-02 07:28:28.592684	85
764	105	814	4.000	90.30	361.20	2025-12-02 07:28:28.592684	85
765	105	816	2.000	100.12	200.24	2025-12-02 07:28:28.592684	85
766	105	1858	2.000	49.53	99.06	2025-12-02 07:28:28.592684	85
767	106	610	1.000	111.56	111.56	2025-12-02 07:30:02.494393	84
768	106	153	5.000	330.14	1650.70	2025-12-02 07:30:02.494393	84
769	106	515	10.000	80.08	800.80	2025-12-02 07:30:02.494393	84
770	106	518	1.000	220.71	220.71	2025-12-02 07:30:02.494393	84
771	106	520	5.000	50.52	252.60	2025-12-02 07:30:02.494393	84
772	106	531	40.000	50.67	2026.80	2025-12-02 07:30:02.494393	84
773	106	539	2.000	244.52	489.04	2025-12-02 07:30:02.494393	84
774	106	546	5.000	180.03	900.15	2025-12-02 07:30:02.494393	84
775	106	547	2.000	189.92	379.84	2025-12-02 07:30:02.494393	84
776	106	557	8.000	69.92	559.36	2025-12-02 07:30:02.494393	84
777	106	1509	1.000	79.96	79.96	2025-12-02 07:30:02.494393	84
778	106	1511	4.000	150.17	600.68	2025-12-02 07:30:02.494393	84
779	106	375	11.000	56.97	626.67	2025-12-02 07:30:02.494393	83
780	106	359	23.000	95.83	2204.09	2025-12-02 07:30:02.494393	83
781	107	51	2.000	70.35	140.70	2025-12-02 08:43:58.510215	82
782	108	146	2.000	234.09	468.18	2025-12-02 08:55:52.296714	82
783	109	63	2.000	44.76	89.52	2025-12-02 09:02:52.054977	82
784	109	187	2.000	51.35	102.70	2025-12-02 09:02:52.054977	85
785	109	371	4.000	100.04	400.16	2025-12-02 09:02:52.054977	83
786	109	610	2.000	111.56	223.12	2025-12-02 09:02:52.054977	84
787	109	610	5.000	111.56	557.80	2025-12-02 09:02:52.054977	84
789	111	51	7.000	70.35	492.45	2025-12-02 11:30:05.398907	87
790	112	126	6.000	134.50	807.00	2025-12-02 12:40:28.507567	82
791	113	1477	5.000	252.88	1264.40	2025-12-02 19:48:14.915128	85
797	114	154	1.000	69.46	69.46	2025-12-03 07:23:33.501471	85
798	114	1559	50.000	116.51	5825.50	2025-12-03 07:23:33.501471	83
799	115	404	20.000	91.66	1833.20	2025-12-03 07:53:12.687963	83
800	115	1602	7.000	71.47	500.29	2025-12-03 07:53:12.687963	85
801	115	171	4.000	50.80	203.20	2025-12-03 07:53:12.687963	85
802	115	729	7.000	56.20	393.40	2025-12-03 07:53:12.687963	85
803	115	740	4.000	81.47	325.88	2025-12-03 07:53:12.687963	85
804	115	219	2.000	259.15	518.30	2025-12-03 07:53:12.687963	85
805	115	757	1.000	132.78	132.78	2025-12-03 07:53:12.687963	85
806	115	247	4.000	44.39	177.56	2025-12-03 07:53:12.687963	85
807	115	815	2.000	79.04	158.08	2025-12-03 07:53:12.687963	85
808	115	1837	2.000	89.78	179.56	2025-12-03 07:53:12.687963	85
809	115	1873	1.000	129.04	129.04	2025-12-03 07:53:12.687963	85
810	115	820	4.000	129.04	516.16	2025-12-03 07:53:12.687963	85
811	115	1882	2.000	140.44	280.88	2025-12-03 07:53:12.687963	85
812	115	439	1.000	56.90	56.90	2025-12-03 07:53:12.687963	83
813	115	450	7.000	148.82	1041.74	2025-12-03 07:53:12.687963	83
814	115	458	1.000	148.70	148.70	2025-12-03 07:53:12.687963	83
815	115	58	10.000	79.73	797.30	2025-12-03 07:53:12.687963	82
816	115	85	5.000	74.72	373.60	2025-12-03 07:53:12.687963	82
817	115	103	6.000	59.83	358.98	2025-12-03 07:53:12.687963	82
818	115	105	3.000	86.22	258.66	2025-12-03 07:53:12.687963	82
819	115	107	4.000	76.97	307.88	2025-12-03 07:53:12.687963	82
820	115	133	2.000	129.37	258.74	2025-12-03 07:53:12.687963	82
821	115	1547	3.000	79.37	238.11	2025-12-03 07:53:12.687963	82
822	115	142	4.000	84.85	339.40	2025-12-03 07:53:12.687963	82
823	115	144	5.000	94.75	473.75	2025-12-03 07:53:12.687963	85
824	115	125	10.000	52.32	523.20	2025-12-03 07:53:12.687963	82
825	116	509	4.000	128.60	514.40	2025-12-03 07:55:31.687666	84
826	116	153	20.000	330.14	6602.80	2025-12-03 07:55:31.687666	84
827	116	515	25.000	80.08	2002.00	2025-12-03 07:55:31.687666	84
828	116	548	4.000	90.81	363.24	2025-12-03 07:55:31.687666	84
829	116	550	8.000	67.27	538.16	2025-12-03 07:55:31.687666	84
830	116	1490	1.000	60.07	60.07	2025-12-03 07:55:31.687666	84
831	116	632	2.000	79.60	159.20	2025-12-03 07:55:31.687666	84
832	116	343	5.000	74.19	370.95	2025-12-03 07:55:31.687666	83
833	116	345	10.000	85.34	853.40	2025-12-03 07:55:31.687666	83
834	116	376	1.000	74.54	74.54	2025-12-03 07:55:31.687666	83
835	116	337	30.000	50.27	1508.10	2025-12-03 07:55:31.687666	84
1822	230	153	1.000	331.37	331.37	2026-01-09 07:21:29.190681	138
1880	235	570	3.000	302.75	908.25	2026-01-09 11:16:21.593405	135
1886	239	478	10.000	60.86	608.60	2026-01-12 06:10:24.784102	136
839	118	570	2.000	302.75	605.50	2025-12-03 07:57:18.420955	85
840	119	153	3.000	339.21	1017.63	2025-12-03 10:39:53.89123	81
841	120	1477	1.000	252.88	252.88	2025-12-04 09:54:12.844087	87
842	121	153	10.000	339.21	3392.10	2025-12-04 09:54:46.275788	81
1887	239	465	6.000	65.51	393.06	2026-01-12 06:10:24.784102	136
844	123	1477	11.000	252.88	2781.68	2025-12-04 11:00:56.959287	85
845	124	244	35.000	43.63	1527.05	2025-12-04 11:19:43.257256	83
846	125	153	1.000	329.40	329.40	2025-12-05 10:23:28.912163	87
847	126	153	3.000	329.28	987.84	2025-12-05 11:11:29.789597	81
848	127	1562	20.000	37.35	747.00	2025-12-06 08:28:55.984801	83
1888	239	487	6.000	255.12	1530.72	2026-01-12 06:10:24.784102	136
850	129	610	2.000	113.57	227.14	2025-12-06 09:04:20.989316	84
851	129	611	7.000	91.41	639.87	2025-12-06 09:04:20.989316	84
852	129	524	13.000	68.05	884.65	2025-12-06 09:04:20.989316	84
853	129	625	2.000	233.58	467.16	2025-12-06 09:04:20.989316	84
854	129	634	3.000	82.82	248.46	2025-12-06 09:04:20.989316	84
855	129	1514	4.000	81.94	327.76	2025-12-06 09:04:20.989316	84
856	129	591	6.000	50.84	305.04	2025-12-06 09:04:20.989316	84
857	129	667	5.000	111.75	558.75	2025-12-06 09:04:20.989316	83
858	129	340	2.000	111.79	223.58	2025-12-06 09:04:20.989316	83
859	129	348	5.000	104.80	524.00	2025-12-06 09:04:20.989316	83
860	129	1560	30.000	52.63	1578.90	2025-12-06 09:04:20.989316	83
861	129	1563	3.000	45.85	137.55	2025-12-06 09:04:20.989316	83
862	129	1565	5.000	42.20	211.00	2025-12-06 09:04:20.989316	83
863	129	1566	5.000	32.63	163.15	2025-12-06 09:04:20.989316	83
864	129	670	5.000	62.61	313.05	2025-12-06 09:04:20.989316	83
865	129	352	2.000	83.06	166.12	2025-12-06 09:04:20.989316	83
866	129	1567	2.000	38.05	76.10	2025-12-06 09:04:20.989316	83
867	129	353	8.000	83.42	667.36	2025-12-06 09:04:20.989316	83
868	129	1571	10.000	117.44	1174.40	2025-12-06 09:04:20.989316	83
869	129	357	11.000	167.60	1843.60	2025-12-06 09:04:20.989316	83
870	129	1573	2.000	94.08	188.16	2025-12-06 09:04:20.989316	83
871	129	1574	1.000	74.34	74.34	2025-12-06 09:04:20.989316	83
872	129	362	8.000	80.63	645.04	2025-12-06 09:04:20.989316	83
873	129	675	6.000	105.61	633.66	2025-12-06 09:04:20.989316	83
874	129	1575	3.000	111.92	335.76	2025-12-06 09:04:20.989316	83
875	129	366	5.000	104.61	523.05	2025-12-06 09:04:20.989316	83
876	129	1577	12.000	118.97	1427.64	2025-12-06 09:04:20.989316	83
877	129	1578	10.000	51.53	515.30	2025-12-06 09:04:20.989316	83
878	129	1579	4.000	91.17	364.68	2025-12-06 09:04:20.989316	83
879	129	1583	4.000	94.16	376.64	2025-12-06 09:04:20.989316	83
880	129	1584	6.000	51.66	309.96	2025-12-06 09:04:20.989316	83
881	129	682	4.000	77.11	308.44	2025-12-06 09:04:20.989316	83
882	129	378	4.000	46.72	186.88	2025-12-06 09:04:20.989316	83
883	129	683	2.000	66.47	132.94	2025-12-06 09:04:20.989316	83
884	130	153	20.000	331.16	6623.20	2025-12-06 09:05:47.922245	84
885	130	516	36.000	52.08	1874.88	2025-12-06 09:05:47.922245	84
886	130	630	16.000	51.95	831.20	2025-12-06 09:05:47.922245	84
887	130	579	10.000	143.60	1436.00	2025-12-06 09:05:47.922245	84
888	130	668	5.000	71.58	357.90	2025-12-06 09:05:47.922245	83
889	130	1558	1.000	56.11	56.11	2025-12-06 09:05:47.922245	83
890	130	1561	49.000	54.25	2658.25	2025-12-06 09:05:47.922245	83
891	130	337	48.000	51.95	2493.60	2025-12-06 09:05:47.922245	84
1889	239	869	4.000	180.11	720.44	2026-01-12 06:10:24.784102	136
893	131	153	5.000	329.57	1647.85	2025-12-06 11:20:52.139407	87
894	131	337	20.000	66.82	1336.40	2025-12-06 11:20:52.139407	87
895	132	91	4.000	56.12	224.48	2025-12-08 12:55:56.460279	87
1890	239	489	3.000	150.26	450.78	2026-01-12 06:10:24.784102	136
897	134	94	4.000	99.19	396.76	2025-12-08 12:56:50.686592	82
1891	239	498	3.000	254.49	763.47	2026-01-12 06:10:24.784102	136
1892	239	456	4.000	44.55	178.20	2026-01-12 06:10:24.784102	136
1893	239	457	3.000	76.96	230.88	2026-01-12 06:10:24.784102	136
901	136	720	7.000	71.63	501.41	2025-12-09 07:33:06.990572	85
902	136	758	1.000	56.66	56.66	2025-12-09 07:33:06.990572	85
903	136	234	8.000	51.00	408.00	2025-12-09 07:33:06.990572	85
904	136	1984	1.000	112.80	112.80	2025-12-09 07:33:06.990572	85
905	136	815	1.000	79.04	79.04	2025-12-09 07:33:06.990572	85
906	136	386	4.000	192.43	769.72	2025-12-09 07:33:06.990572	83
907	136	400	3.000	81.61	244.83	2025-12-09 07:33:06.990572	83
908	136	408	5.000	156.10	780.50	2025-12-09 07:33:06.990572	83
909	136	1925	4.000	229.55	918.20	2025-12-09 07:33:06.990572	83
910	136	52	3.000	61.85	185.55	2025-12-09 07:33:06.990572	82
911	136	700	5.000	71.49	357.45	2025-12-09 07:33:06.990572	82
912	136	85	18.000	76.38	1374.84	2025-12-09 07:33:06.990572	82
913	136	91	6.000	56.40	338.40	2025-12-09 07:33:06.990572	82
914	136	93	10.000	152.62	1526.20	2025-12-09 07:33:06.990572	82
915	136	94	5.000	99.19	495.95	2025-12-09 07:33:06.990572	82
916	136	96	3.000	179.44	538.32	2025-12-09 07:33:06.990572	82
917	136	107	6.000	75.43	452.58	2025-12-09 07:33:06.990572	82
918	136	111	4.000	231.62	926.48	2025-12-09 07:33:06.990572	82
919	136	113	15.000	72.39	1085.85	2025-12-09 07:33:06.990572	83
920	136	114	3.000	104.31	312.93	2025-12-09 07:33:06.990572	82
921	136	130	6.000	86.01	516.06	2025-12-09 07:33:06.990572	82
922	136	139	5.000	118.62	593.10	2025-12-09 07:33:06.990572	82
923	136	337	99.000	51.95	5143.05	2025-12-09 07:33:06.990572	84
924	136	668	5.000	71.58	357.90	2025-12-09 07:33:06.990572	83
925	136	1558	5.000	56.11	280.55	2025-12-09 07:33:06.990572	83
926	137	514	5.000	243.48	1217.40	2025-12-09 07:34:13.494869	84
927	137	153	15.000	331.16	4967.40	2025-12-09 07:34:13.494869	84
928	137	515	25.000	81.53	2038.25	2025-12-09 07:34:13.494869	84
929	137	516	24.000	52.09	1250.16	2025-12-09 07:34:13.494869	84
930	137	519	4.000	90.18	360.72	2025-12-09 07:34:13.494869	84
931	137	524	9.000	68.04	612.36	2025-12-09 07:34:13.494869	84
932	137	1473	18.000	61.30	1103.40	2025-12-09 07:34:13.494869	84
933	137	547	4.000	191.12	764.48	2025-12-09 07:34:13.494869	84
934	137	548	6.000	91.51	549.06	2025-12-09 07:34:13.494869	84
935	137	568	8.000	56.51	452.08	2025-12-09 07:34:13.494869	84
936	137	569	5.000	229.97	1149.85	2025-12-09 07:34:13.494869	84
937	137	1508	3.000	151.46	454.38	2025-12-09 07:34:13.494869	84
938	137	1507	5.000	100.59	502.95	2025-12-09 07:34:13.494869	84
939	137	580	4.000	212.49	849.96	2025-12-09 07:34:13.494869	84
940	137	633	3.000	283.23	849.69	2025-12-09 07:34:13.494869	84
941	137	635	1.000	49.83	49.83	2025-12-09 07:34:13.494869	84
942	137	1511	6.000	151.61	909.66	2025-12-09 07:34:13.494869	84
943	138	653	10.000	72.79	727.90	2025-12-09 10:33:28.862703	87
944	139	63	7.000	47.38	331.66	2025-12-09 13:30:10.020917	83
945	140	63	20.000	47.38	947.60	2025-12-10 07:23:14.182553	83
946	141	667	5.000	112.73	563.65	2025-12-10 07:33:40.385806	83
947	141	340	2.000	112.74	225.48	2025-12-10 07:33:40.385806	83
948	141	1560	50.000	53.37	2668.50	2025-12-10 07:33:40.385806	83
949	141	1559	10.000	118.89	1188.90	2025-12-10 07:33:40.385806	83
950	141	1561	47.000	55.13	2591.11	2025-12-10 07:33:40.385806	83
951	141	1562	129.000	38.11	4916.19	2025-12-10 07:33:40.385806	83
952	141	1563	3.000	46.53	139.59	2025-12-10 07:33:40.385806	83
953	141	1565	7.000	42.83	299.81	2025-12-10 07:33:40.385806	83
954	141	1566	5.000	34.31	171.55	2025-12-10 07:33:40.385806	83
955	141	670	5.000	63.65	318.25	2025-12-10 07:33:40.385806	83
956	141	352	1.000	84.82	84.82	2025-12-10 07:33:40.385806	83
957	141	1569	8.000	49.53	396.24	2025-12-10 07:33:40.385806	83
958	141	353	5.000	84.75	423.75	2025-12-10 07:33:40.385806	83
959	141	357	5.000	168.75	843.75	2025-12-10 07:33:40.385806	83
960	141	1573	2.000	95.15	190.30	2025-12-10 07:33:40.385806	83
961	141	362	8.000	81.22	649.76	2025-12-10 07:33:40.385806	83
962	141	675	6.000	106.14	636.84	2025-12-10 07:33:40.385806	83
963	141	366	6.000	105.55	633.30	2025-12-10 07:33:40.385806	83
964	141	371	4.000	101.54	406.16	2025-12-10 07:33:40.385806	83
965	141	678	6.000	56.63	339.78	2025-12-10 07:33:40.385806	83
966	141	679	4.000	128.09	512.36	2025-12-10 07:33:40.385806	83
967	141	1581	7.000	79.84	558.88	2025-12-10 07:33:40.385806	83
968	141	681	4.000	94.93	379.72	2025-12-10 07:33:40.385806	83
969	141	378	4.000	47.84	191.36	2025-12-10 07:33:40.385806	83
970	141	404	36.000	91.66	3299.76	2025-12-10 07:33:40.385806	83
971	141	408	5.000	178.40	892.00	2025-12-10 07:33:40.385806	83
972	141	1562	16.000	37.35	597.60	2025-12-10 07:33:40.385806	85
973	141	515	73.000	87.88	6415.24	2025-12-10 07:33:40.385806	84
974	142	1560	35.000	84.95	2973.25	2025-12-10 07:37:58.864934	81
975	142	1561	27.000	55.13	1488.51	2025-12-10 07:37:58.864934	81
976	142	1562	115.000	38.03	4373.45	2025-12-10 07:37:58.864934	81
977	142	404	36.000	91.66	3299.76	2025-12-10 07:37:58.864934	81
978	142	408	5.000	178.40	892.00	2025-12-10 07:37:58.864934	81
979	142	515	73.000	100.36	7326.28	2025-12-10 07:37:58.864934	81
1823	231	1591	5.000	70.28	351.40	2026-01-09 07:53:32.492415	135
1824	231	1593	3.000	115.48	346.44	2026-01-09 07:53:32.492415	135
982	144	463	2.000	90.47	180.94	2025-12-10 08:06:46.597664	83
983	144	471	20.000	279.70	5594.00	2025-12-10 08:06:46.597664	83
984	144	475	7.000	155.91	1091.37	2025-12-10 08:06:46.597664	83
985	144	478	4.000	60.86	243.44	2025-12-10 08:06:46.597664	83
986	144	480	1.000	0.10	0.10	2025-12-10 08:06:46.597664	83
987	144	484	5.000	49.80	249.00	2025-12-10 08:06:46.597664	83
988	144	1906	2.000	99.75	199.50	2025-12-10 08:06:46.597664	83
989	144	1933	1.000	154.56	154.56	2025-12-10 08:06:46.597664	83
990	144	195	15.000	256.96	3854.40	2025-12-10 08:06:46.597664	85
991	144	219	2.000	259.15	518.30	2025-12-10 08:06:46.597664	85
992	144	1597	2.000	148.21	296.42	2025-12-10 08:06:46.597664	85
993	144	164	5.000	76.52	382.60	2025-12-10 08:06:46.597664	85
994	144	54	5.000	76.97	384.85	2025-12-10 08:06:46.597664	82
995	144	57	3.000	179.88	539.64	2025-12-10 08:06:46.597664	82
996	144	58	5.000	80.65	403.25	2025-12-10 08:06:46.597664	82
997	144	92	5.000	149.88	749.40	2025-12-10 08:06:46.597664	82
998	144	103	7.000	61.40	429.80	2025-12-10 08:06:46.597664	82
999	144	105	2.000	87.18	174.36	2025-12-10 08:06:46.597664	82
1000	144	107	5.000	78.10	390.50	2025-12-10 08:06:46.597664	82
1001	144	1547	6.000	82.66	495.96	2025-12-10 08:06:46.597664	82
1002	144	140	2.000	137.32	274.64	2025-12-10 08:06:46.597664	83
1003	144	151	7.000	93.86	657.02	2025-12-10 08:06:46.597664	82
1004	144	139	10.000	136.14	1361.40	2025-12-10 08:06:46.597664	82
1005	144	125	60.000	52.98	3178.80	2025-12-10 08:06:46.597664	82
1006	144	553	6.000	80.61	483.66	2025-12-10 08:06:46.597664	84
1007	145	153	2.000	329.48	658.96	2025-12-10 09:50:56.932667	81
1825	231	720	7.000	73.64	515.48	2026-01-09 07:53:32.492415	135
1826	231	1596	1.000	183.43	183.43	2026-01-09 07:53:32.492415	135
1827	231	1600	2.000	113.78	227.56	2026-01-09 07:53:32.492415	135
1828	231	1602	20.000	75.28	1505.60	2026-01-09 07:53:32.492415	135
1829	231	1604	3.000	54.72	164.16	2026-01-09 07:53:32.492415	135
1830	231	1605	25.000	145.28	3632.00	2026-01-09 07:53:32.492415	135
1831	231	1610	14.000	65.28	913.92	2026-01-09 07:53:32.492415	135
1832	231	167	5.000	81.76	408.80	2026-01-09 07:53:32.492415	135
1833	231	724	23.000	60.28	1386.44	2026-01-09 07:53:32.492415	135
1834	231	1614	3.000	100.28	300.84	2026-01-09 07:53:32.492415	135
1835	231	728	5.000	56.28	281.40	2026-01-09 07:53:32.492415	135
1836	231	729	7.000	58.39	408.73	2026-01-09 07:53:32.492415	135
1837	231	732	5.000	123.33	616.65	2026-01-09 07:53:32.492415	135
1025	149	500	3.000	254.63	763.89	2025-12-11 08:56:15.035209	83
1029	148	1477	1.000	252.88	252.88	2025-12-11 09:56:08.785159	85
1030	148	87	5.000	69.94	349.70	2025-12-11 09:56:08.785159	82
1031	151	87	5.000	69.94	349.70	2025-12-11 09:56:27.960312	82
1032	152	63	30.000	47.38	1421.40	2025-12-12 07:30:00.586728	83
1838	231	1628	5.000	70.28	351.40	2026-01-09 07:53:32.492415	135
1839	231	1634	3.000	52.78	158.34	2026-01-09 07:53:32.492415	135
1840	231	1635	3.000	147.28	441.84	2026-01-09 07:53:32.492415	135
1036	154	1555	3.000	113.71	341.13	2025-12-12 07:45:14.786774	83
1037	154	668	5.000	73.71	368.55	2025-12-12 07:45:14.786774	83
1038	154	1558	7.000	57.01	399.07	2025-12-12 07:45:14.786774	83
1039	154	351	2.000	59.76	119.52	2025-12-12 07:45:14.786774	83
1040	154	352	2.000	84.83	169.66	2025-12-12 07:45:14.786774	83
1041	154	1567	2.000	39.12	78.24	2025-12-12 07:45:14.786774	83
1042	154	357	7.000	168.75	1181.25	2025-12-12 07:45:14.786774	83
1043	154	1573	2.000	95.14	190.28	2025-12-12 07:45:14.786774	83
1044	154	1574	1.000	78.71	78.71	2025-12-12 07:45:14.786774	83
1045	154	1575	2.000	113.26	226.52	2025-12-12 07:45:14.786774	83
1046	154	366	6.000	105.55	633.30	2025-12-12 07:45:14.786774	83
1047	154	316	25.000	54.11	1352.75	2025-12-12 07:45:14.786774	100
1048	154	319	4.000	112.78	451.12	2025-12-12 07:45:14.786774	100
1049	154	1973	1.000	134.87	134.87	2025-12-12 07:45:14.786774	100
1050	154	1980	1.000	72.98	72.98	2025-12-12 07:45:14.786774	100
1051	154	611	4.000	94.17	376.68	2025-12-12 07:45:14.786774	84
1052	154	153	20.000	328.04	6560.80	2025-12-12 07:45:14.786774	100
1053	154	613	17.000	73.72	1253.24	2025-12-12 07:45:14.786774	84
1054	154	546	6.000	182.74	1096.44	2025-12-12 07:45:14.786774	84
1055	154	625	1.000	235.25	235.25	2025-12-12 07:45:14.786774	84
1056	154	553	8.000	110.71	885.68	2025-12-12 07:45:14.786774	84
1057	154	568	4.000	61.46	245.84	2025-12-12 07:45:14.786774	84
1058	154	571	7.000	82.49	577.43	2025-12-12 07:45:14.786774	84
1059	154	573	2.000	83.20	166.40	2025-12-12 07:45:14.786774	84
1060	154	1503	1.000	204.04	204.04	2025-12-12 07:45:14.786774	84
1061	154	633	6.000	277.88	1667.28	2025-12-12 07:45:14.786774	100
1062	154	591	5.000	51.60	258.00	2025-12-12 07:45:14.786774	84
1063	154	594	6.000	69.73	418.38	2025-12-12 07:45:14.786774	84
1064	155	579	15.000	143.61	2154.15	2025-12-12 07:46:51.087865	84
1065	155	157	20.000	51.22	1024.40	2025-12-12 07:46:51.087865	100
1066	155	58	6.000	82.11	492.66	2025-12-12 07:46:51.087865	82
1067	155	103	10.000	64.09	640.90	2025-12-12 07:46:51.087865	82
1068	155	105	2.000	87.25	174.50	2025-12-12 07:46:51.087865	82
1069	155	111	3.000	307.77	923.31	2025-12-12 07:46:51.087865	82
1070	155	705	2.000	169.13	338.26	2025-12-12 07:46:51.087865	82
1071	155	119	2.000	279.25	558.50	2025-12-12 07:46:51.087865	82
1072	155	130	6.000	105.19	631.14	2025-12-12 07:46:51.087865	82
1073	155	531	15.000	51.62	774.30	2025-12-12 07:46:51.087865	84
1074	155	1561	47.000	55.13	2591.11	2025-12-12 07:46:51.087865	83
1075	155	194	57.000	255.77	14578.89	2025-12-12 07:46:51.087865	100
1076	155	73	2.000	169.93	339.86	2025-12-12 07:46:51.087865	82
1077	155	281	6.000	67.37	404.22	2025-12-12 07:46:51.087865	100
1078	155	220	10.000	257.38	2573.80	2025-12-12 07:46:51.087865	100
1079	155	221	2.000	183.33	366.66	2025-12-12 07:46:51.087865	100
1080	155	1688	1.000	233.89	233.89	2025-12-12 07:46:51.087865	100
1081	155	144	1.000	94.75	94.75	2025-12-12 07:46:51.087865	100
1082	156	1562	25.000	38.03	950.75	2025-12-12 07:46:56.612574	87
1083	156	1561	21.000	55.10	1157.10	2025-12-12 07:46:56.612574	87
1087	157	57	5.000	182.66	913.30	2025-12-13 06:49:34.640865	82
1091	158	57	5.000	182.66	913.30	2025-12-13 08:42:45.990937	82
1092	158	56	5.000	98.01	490.05	2025-12-13 08:42:45.990937	82
1093	158	63	20.000	47.38	947.60	2025-12-13 08:42:45.990937	102
1094	160	1560	35.000	51.99	1819.65	2025-12-15 06:08:01.28482	102
1095	160	153	20.000	328.04	6560.80	2025-12-15 06:08:01.28482	100
1096	160	1564	5.000	45.15	225.75	2025-12-15 06:08:01.28482	102
1097	160	1566	5.000	30.78	153.90	2025-12-15 06:08:01.28482	102
1098	160	670	5.000	61.37	306.85	2025-12-15 06:08:01.28482	102
1099	160	353	4.000	82.45	329.80	2025-12-15 06:08:01.28482	102
1100	160	357	4.000	166.30	665.20	2025-12-15 06:08:01.28482	102
1101	160	362	5.000	79.96	399.80	2025-12-15 06:08:01.28482	102
1102	160	675	7.000	104.24	729.68	2025-12-15 06:08:01.28482	102
1103	160	678	5.000	55.70	278.50	2025-12-15 06:08:01.28482	102
1104	160	1577	5.000	118.37	591.85	2025-12-15 06:08:01.28482	102
1105	160	1578	5.000	51.16	255.80	2025-12-15 06:08:01.28482	102
1106	160	378	4.000	45.19	180.76	2025-12-15 06:08:01.28482	102
1107	160	683	3.000	64.99	194.97	2025-12-15 06:08:01.28482	102
1108	160	1584	4.000	51.58	206.32	2025-12-15 06:08:01.28482	102
1109	160	519	6.000	90.08	540.48	2025-12-15 06:08:01.28482	103
1110	160	532	2.000	85.20	170.40	2025-12-15 06:08:01.28482	103
1111	160	546	4.000	179.74	718.96	2025-12-15 06:08:01.28482	103
1112	160	547	4.000	189.84	759.36	2025-12-15 06:08:01.28482	103
1113	160	548	3.000	90.79	272.37	2025-12-15 06:08:01.28482	103
1114	160	556	3.000	130.33	390.99	2025-12-15 06:08:01.28482	103
1115	160	558	5.000	77.98	389.90	2025-12-15 06:08:01.28482	103
1116	160	572	3.000	129.82	389.46	2025-12-15 06:08:01.28482	103
1117	160	1508	3.000	150.10	450.30	2025-12-15 06:08:01.28482	103
1118	160	1507	3.000	104.84	314.52	2025-12-15 06:08:01.28482	103
1119	160	592	8.000	53.40	427.20	2025-12-15 06:08:01.28482	103
1120	161	337	120.000	50.60	6072.00	2025-12-15 06:08:49.851875	103
1121	161	531	75.000	51.08	3831.00	2025-12-15 06:08:49.851875	103
1123	162	153	20.000	329.10	6582.00	2025-12-15 06:10:42.665758	101
1124	163	153	10.000	356.26	3562.60	2025-12-15 06:38:57.424506	100
1126	165	337	20.000	50.82	1016.40	2025-12-15 08:20:02.608866	87
1127	164	56	5.000	98.01	490.05	2025-12-15 11:54:32.303675	82
1128	164	63	20.000	47.38	947.60	2025-12-15 11:54:32.303675	102
1129	166	305	20.000	63.80	1276.00	2025-12-16 07:58:36.38921	100
1130	166	688	30.000	51.22	1536.60	2025-12-16 07:58:36.38921	100
1131	166	408	8.000	156.10	1248.80	2025-12-16 07:58:36.38921	102
1132	166	400	5.000	81.61	408.05	2025-12-16 07:58:36.38921	102
1133	166	398	5.000	120.62	603.10	2025-12-16 07:58:36.38921	102
1134	166	157	20.000	51.22	1024.40	2025-12-16 07:58:36.38921	100
1135	166	206	10.000	98.69	986.90	2025-12-16 07:58:36.38921	100
1136	166	205	10.000	67.88	678.80	2025-12-16 07:58:36.38921	100
1137	166	52	3.000	62.66	187.98	2025-12-16 07:58:36.38921	82
1138	166	700	8.000	85.79	686.32	2025-12-16 07:58:36.38921	82
1139	166	53	2.000	80.93	161.86	2025-12-16 07:58:36.38921	82
1140	166	54	8.000	78.46	627.68	2025-12-16 07:58:36.38921	82
1141	166	56	5.000	98.11	490.55	2025-12-16 07:58:36.38921	82
1142	166	57	3.000	182.72	548.16	2025-12-16 07:58:36.38921	82
1143	166	74	10.000	82.67	826.70	2025-12-16 07:58:36.38921	82
1144	166	85	12.000	87.51	1050.12	2025-12-16 07:58:36.38921	82
1145	166	91	10.000	57.56	575.60	2025-12-16 07:58:36.38921	82
1146	166	93	10.000	163.16	1631.60	2025-12-16 07:58:36.38921	82
1147	166	94	10.000	119.68	1196.80	2025-12-16 07:58:36.38921	82
1148	166	102	10.000	101.15	1011.50	2025-12-16 07:58:36.38921	82
1149	166	107	6.000	80.53	483.18	2025-12-16 07:58:36.38921	82
1150	166	105	3.000	87.20	261.60	2025-12-16 07:58:36.38921	82
1151	166	122	12.000	71.06	852.72	2025-12-16 07:58:36.38921	82
1152	166	130	6.000	96.85	581.10	2025-12-16 07:58:36.38921	82
1153	166	142	5.000	85.34	426.70	2025-12-16 07:58:36.38921	82
1841	231	1639	3.000	108.52	325.56	2026-01-09 07:53:32.492415	135
1842	231	1640	1.000	235.28	235.28	2026-01-09 07:53:32.492415	135
1843	231	736	1.000	170.28	170.28	2026-01-09 07:53:32.492415	135
1844	231	1651	8.000	73.43	587.44	2026-01-09 07:53:32.492415	135
1158	168	337	20.000	50.82	1016.40	2025-12-16 09:15:25.596099	87
1845	231	1658	6.000	88.36	530.16	2026-01-09 07:53:32.492415	135
1160	169	56	5.000	101.96	509.80	2025-12-16 10:16:16.327887	82
1161	169	424	2.000	179.55	359.10	2025-12-16 10:16:16.327887	102
1162	169	379	6.000	145.96	875.76	2025-12-16 10:16:16.327887	102
1163	169	476	10.000	140.21	1402.10	2025-12-16 10:16:16.327887	102
1164	170	359	5.000	95.13	475.65	2025-12-16 10:56:02.877584	101
1165	170	638	5.000	44.05	220.25	2025-12-16 10:56:02.877584	101
1166	170	580	5.000	211.77	1058.85	2025-12-16 10:56:02.877584	101
1846	231	1660	8.000	83.71	669.68	2026-01-09 07:53:32.492415	135
1847	231	1669	2.000	89.77	179.54	2026-01-09 07:53:32.492415	135
1848	231	1672	4.000	78.57	314.28	2026-01-09 07:53:32.492415	135
1849	231	204	66.000	65.88	4348.08	2026-01-09 07:53:32.492415	135
1850	231	1732	4.000	53.15	212.60	2026-01-09 07:53:32.492415	135
1172	174	56	30.000	101.96	3058.80	2025-12-17 06:54:01.664319	82
1173	175	337	10.000	50.82	508.20	2025-12-17 10:49:41.587598	87
1851	231	234	4.000	51.76	207.04	2026-01-09 07:53:32.492415	135
1852	231	765	1.000	83.63	83.63	2026-01-09 07:53:32.492415	135
1176	176	204	175.000	65.95	11541.25	2025-12-18 08:19:58.811281	100
1177	176	63	128.000	47.14	6033.92	2025-12-18 08:19:58.811281	82
1178	177	345	4.000	85.95	343.80	2025-12-18 08:21:50.183341	102
1179	177	348	5.000	103.98	519.90	2025-12-18 08:21:50.183341	102
1180	177	1563	7.000	44.96	314.72	2025-12-18 08:21:50.183341	102
1181	177	1565	5.000	41.05	205.25	2025-12-18 08:21:50.183341	102
1182	177	351	4.000	57.37	229.48	2025-12-18 08:21:50.183341	102
1183	177	671	2.000	111.34	222.68	2025-12-18 08:21:50.183341	102
1184	177	354	5.000	70.02	350.10	2025-12-18 08:21:50.183341	102
1185	177	1572	6.000	43.34	260.04	2025-12-18 08:21:50.183341	102
1186	177	675	7.000	104.24	729.68	2025-12-18 08:21:50.183341	102
1187	177	366	5.000	103.83	519.15	2025-12-18 08:21:50.183341	102
1188	177	1579	2.000	90.55	181.10	2025-12-18 08:21:50.183341	102
1189	177	682	6.000	76.34	458.04	2025-12-18 08:21:50.183341	102
1190	177	611	3.000	94.12	282.36	2025-12-18 08:21:50.183341	103
1191	177	613	5.000	74.45	372.25	2025-12-18 08:21:50.183341	103
1192	177	520	5.000	51.76	258.80	2025-12-18 08:21:50.183341	103
1193	177	524	9.000	69.69	627.21	2025-12-18 08:21:50.183341	103
1194	177	546	7.000	187.86	1315.02	2025-12-18 08:21:50.183341	103
1195	177	625	1.000	233.48	233.48	2025-12-18 08:21:50.183341	103
1196	177	553	7.000	82.34	576.38	2025-12-18 08:21:50.183341	103
1197	177	1489	2.000	113.77	227.54	2025-12-18 08:21:50.183341	103
1198	177	563	4.000	59.41	237.64	2025-12-18 08:21:50.183341	103
1199	177	630	9.000	54.03	486.27	2025-12-18 08:21:50.183341	103
1200	177	573	2.000	81.25	162.50	2025-12-18 08:21:50.183341	103
1201	177	591	5.000	49.72	248.60	2025-12-18 08:21:50.183341	103
1202	177	515	20.000	83.94	1678.80	2025-12-18 08:21:50.183341	103
1203	177	153	20.000	356.26	7125.20	2025-12-18 08:21:50.183341	100
1204	178	471	4.000	279.70	1118.80	2025-12-18 08:23:41.185034	102
1205	178	58	10.000	83.73	837.30	2025-12-18 08:23:41.185034	82
1206	178	85	10.000	88.04	880.40	2025-12-18 08:23:41.185034	82
1207	178	84	8.000	57.37	458.96	2025-12-18 08:23:41.185034	82
1208	178	97	6.000	154.29	925.74	2025-12-18 08:23:41.185034	82
1209	178	100	1.000	158.29	158.29	2025-12-18 08:23:41.185034	82
1210	178	109	15.000	85.36	1280.40	2025-12-18 08:23:41.185034	82
1211	178	114	5.000	106.85	534.25	2025-12-18 08:23:41.185034	82
1212	178	1538	6.000	79.26	475.56	2025-12-18 08:23:41.185034	82
1213	178	122	30.000	71.26	2137.80	2025-12-18 08:23:41.185034	82
1214	178	123	6.000	60.57	363.42	2025-12-18 08:23:41.185034	82
1215	178	1541	10.000	78.68	786.80	2025-12-18 08:23:41.185034	82
1216	178	139	10.000	129.35	1293.50	2025-12-18 08:23:41.185034	82
1217	178	151	10.000	93.98	939.80	2025-12-18 08:23:41.185034	82
1218	178	130	8.000	110.43	883.44	2025-12-18 08:23:41.185034	82
1219	178	144	6.000	98.77	592.62	2025-12-18 08:23:41.185034	82
1220	178	171	4.000	50.80	203.20	2025-12-18 08:23:41.185034	100
1221	178	175	6.000	95.83	574.98	2025-12-18 08:23:41.185034	100
1222	178	178	1.000	205.75	205.75	2025-12-18 08:23:41.185034	100
1223	178	179	1.000	210.89	210.89	2025-12-18 08:23:41.185034	100
1224	178	184	3.000	106.05	318.15	2025-12-18 08:23:41.185034	100
1881	236	63	25.000	45.80	1145.00	2026-01-10 06:49:13.626657	134
1894	239	459	1.000	0.10	0.10	2026-01-12 06:10:24.784102	136
1227	180	57	5.000	190.38	951.90	2025-12-18 10:55:37.968152	82
1228	180	63	10.000	47.38	473.80	2025-12-18 10:55:37.968152	102
1233	182	63	20.000	47.14	942.80	2025-12-19 07:43:19.360469	87
1234	183	592	5.000	53.22	266.10	2025-12-19 07:43:42.199327	101
1235	184	153	5.000	356.26	1781.30	2025-12-19 07:46:45.797709	100
1237	186	153	10.000	356.26	3562.60	2025-12-20 10:03:20.176221	100
1241	187	153	5.000	366.47	1832.35	2025-12-20 12:59:29.300372	101
1242	187	515	5.000	85.97	429.85	2025-12-20 12:59:29.300372	101
1243	187	529	1.000	254.29	254.29	2025-12-20 12:59:29.300372	101
1244	187	614	1.000	0.01	0.01	2025-12-20 12:59:29.300372	101
1245	187	614	2.000	0.01	0.02	2025-12-20 12:59:29.300372	101
1246	188	357	6.000	166.30	997.80	2025-12-22 07:15:32.69511	102
1247	188	362	6.000	79.96	479.76	2025-12-22 07:15:32.69511	102
1248	188	611	4.000	91.46	365.84	2025-12-22 07:15:32.69511	103
1249	188	524	11.000	66.46	731.06	2025-12-22 07:15:32.69511	103
1250	188	519	8.000	90.58	724.64	2025-12-22 07:15:32.69511	103
1251	188	520	6.000	51.74	310.44	2025-12-22 07:15:32.69511	103
1252	188	337	50.000	51.60	2580.00	2025-12-22 07:15:32.69511	103
1253	188	1473	8.000	61.46	491.68	2025-12-22 07:15:32.69511	103
1254	188	548	2.000	92.61	185.22	2025-12-22 07:15:32.69511	103
1255	188	556	2.000	130.98	261.96	2025-12-22 07:15:32.69511	103
1256	188	630	13.000	51.46	668.98	2025-12-22 07:15:32.69511	103
1257	188	568	10.000	56.52	565.20	2025-12-22 07:15:32.69511	103
1258	188	572	2.000	132.03	264.06	2025-12-22 07:15:32.69511	103
1259	188	1508	2.000	152.45	304.90	2025-12-22 07:15:32.69511	103
1260	188	1507	2.000	96.13	192.26	2025-12-22 07:15:32.69511	103
1261	188	587	3.000	68.59	205.77	2025-12-22 07:15:32.69511	103
1262	188	1511	5.000	152.41	762.05	2025-12-22 07:15:32.69511	103
1263	188	594	7.000	69.76	488.32	2025-12-22 07:15:32.69511	103
1264	188	372	30.000	61.04	1831.20	2025-12-22 07:15:32.69511	102
1265	189	484	6.000	49.80	298.80	2025-12-22 07:17:46.996753	102
1266	189	865	3.000	90.38	271.14	2025-12-22 07:17:46.996753	102
1267	189	478	6.000	60.86	365.16	2025-12-22 07:17:46.996753	102
1268	189	487	3.000	255.12	765.36	2025-12-22 07:17:46.996753	102
1269	189	1906	2.000	99.75	199.50	2025-12-22 07:17:46.996753	102
1270	189	495	2.000	230.08	460.16	2025-12-22 07:17:46.996753	102
1271	189	757	1.000	137.43	137.43	2025-12-22 07:17:46.996753	100
1272	189	758	1.000	62.43	62.43	2025-12-22 07:17:46.996753	100
1273	189	227	5.000	72.43	362.15	2025-12-22 07:17:46.996753	100
1274	189	229	2.000	187.43	374.86	2025-12-22 07:17:46.996753	100
1275	189	1732	1.000	57.43	57.43	2025-12-22 07:17:46.996753	100
1276	189	764	2.000	137.43	274.86	2025-12-22 07:17:46.996753	100
1277	189	234	3.000	55.43	166.29	2025-12-22 07:17:46.996753	100
1278	189	765	1.000	87.43	87.43	2025-12-22 07:17:46.996753	100
1279	189	1613	1.000	72.07	72.07	2025-12-22 07:17:46.996753	100
1280	189	700	4.000	89.98	359.92	2025-12-22 07:17:46.996753	82
1281	189	52	3.000	75.76	227.28	2025-12-22 07:17:46.996753	82
1282	189	54	10.000	89.03	890.30	2025-12-22 07:17:46.996753	82
1283	189	56	7.000	101.91	713.37	2025-12-22 07:17:46.996753	82
1284	189	57	6.000	189.92	1139.52	2025-12-22 07:17:46.996753	82
1285	189	72	2.000	162.66	325.32	2025-12-22 07:17:46.996753	82
1286	189	93	8.000	167.27	1338.16	2025-12-22 07:17:46.996753	82
1287	189	94	10.000	120.03	1200.30	2025-12-22 07:17:46.996753	82
1288	189	102	7.000	103.67	725.69	2025-12-22 07:17:46.996753	82
1289	189	103	8.000	63.88	511.04	2025-12-22 07:17:46.996753	82
1290	189	107	7.000	86.22	603.54	2025-12-22 07:17:46.996753	82
1291	189	112	5.000	108.56	542.80	2025-12-22 07:17:46.996753	82
1292	189	705	1.000	167.22	167.22	2025-12-22 07:17:46.996753	82
1293	189	117	2.000	146.17	292.34	2025-12-22 07:17:46.996753	82
1294	189	1541	7.000	78.03	546.21	2025-12-22 07:17:46.996753	82
1295	189	58	10.000	83.43	834.30	2025-12-22 07:17:46.996753	82
1296	189	63	25.000	47.00	1175.00	2025-12-22 07:17:46.996753	82
1853	232	610	1.000	115.59	115.59	2026-01-09 07:54:44.887208	137
1298	191	570	2.000	302.75	605.50	2025-12-22 09:17:31.748115	100
1299	192	153	1.000	366.47	366.47	2025-12-22 16:07:26.699892	101
1300	192	515	13.000	85.97	1117.61	2025-12-22 16:07:26.699892	101
1854	232	519	4.000	91.00	364.00	2026-01-09 07:54:44.887208	137
1302	194	153	5.000	356.26	1781.30	2025-12-23 08:06:19.98129	100
1304	196	1465	2.000	111.85	223.70	2025-12-23 10:53:05.102637	103
1305	196	153	12.000	328.04	3936.48	2025-12-23 10:53:05.102637	100
1306	196	515	15.000	81.88	1228.20	2025-12-23 10:53:05.102637	103
1307	196	529	4.000	256.28	1025.12	2025-12-23 10:53:05.102637	103
1308	196	547	4.000	191.72	766.88	2025-12-23 10:53:05.102637	103
1309	196	548	3.000	92.61	277.83	2025-12-23 10:53:05.102637	103
1310	196	550	6.000	67.75	406.50	2025-12-23 10:53:05.102637	103
1311	196	553	5.000	81.68	408.40	2025-12-23 10:53:05.102637	103
1312	196	627	2.000	143.20	286.40	2025-12-23 10:53:05.102637	103
1313	196	1489	2.000	106.46	212.92	2025-12-23 10:53:05.102637	103
1314	196	1490	2.000	61.46	122.92	2025-12-23 10:53:05.102637	103
1315	196	571	5.000	82.25	411.25	2025-12-23 10:53:05.102637	103
1316	196	574	2.000	232.45	464.90	2025-12-23 10:53:05.102637	103
1317	196	575	3.000	330.46	991.38	2025-12-23 10:53:05.102637	103
1318	196	1503	1.000	202.39	202.39	2025-12-23 10:53:05.102637	103
1319	196	582	2.000	130.95	261.90	2025-12-23 10:53:05.102637	103
1320	196	1514	2.000	81.46	162.92	2025-12-23 10:53:05.102637	103
1321	196	675	4.000	102.83	411.32	2025-12-23 10:53:05.102637	102
1322	196	677	5.000	110.29	551.45	2025-12-23 10:53:05.102637	102
1323	196	367	5.000	59.07	295.35	2025-12-23 10:53:05.102637	102
1324	196	371	6.000	99.79	598.74	2025-12-23 10:53:05.102637	102
1325	196	678	3.000	56.40	169.20	2025-12-23 10:53:05.102637	102
1326	196	1578	4.000	49.12	196.48	2025-12-23 10:53:05.102637	102
1327	196	292	1.000	93.36	93.36	2025-12-23 10:53:05.102637	100
1328	196	293	3.000	73.28	219.84	2025-12-23 10:53:05.102637	100
1329	196	316	36.000	54.65	1967.40	2025-12-23 10:53:05.102637	100
1330	196	317	6.000	71.82	430.92	2025-12-23 10:53:05.102637	100
1331	196	332	3.000	133.81	401.43	2025-12-23 10:53:05.102637	100
1332	197	191	8.000	115.76	926.08	2025-12-23 10:54:53.981113	102
1333	197	1722	1.000	83.26	83.26	2025-12-23 10:54:53.981113	100
1334	197	1786	2.000	140.09	280.18	2025-12-23 10:54:53.981113	100
1335	197	1785	2.000	108.81	217.62	2025-12-23 10:54:53.981113	100
1336	197	1788	8.000	58.77	470.16	2025-12-23 10:54:53.981113	100
1337	197	1797	15.000	107.25	1608.75	2025-12-23 10:54:53.981113	100
1338	197	245	4.000	66.30	265.20	2025-12-23 10:54:53.981113	100
1339	197	1812	7.000	69.08	483.56	2025-12-23 10:54:53.981113	100
1340	197	247	5.000	44.79	223.95	2025-12-23 10:54:53.981113	100
1341	197	811	11.000	61.66	678.26	2025-12-23 10:54:53.981113	100
1342	197	249	8.000	86.06	688.48	2025-12-23 10:54:53.981113	100
1343	197	1984	2.000	112.67	225.34	2025-12-23 10:54:53.981113	100
1344	197	815	2.000	79.52	159.04	2025-12-23 10:54:53.981113	100
1345	197	1847	2.000	59.44	118.88	2025-12-23 10:54:53.981113	100
1346	197	1858	5.000	50.37	251.85	2025-12-23 10:54:53.981113	100
1347	197	1871	5.000	58.29	291.45	2025-12-23 10:54:53.981113	100
1348	197	1875	5.000	47.81	239.05	2025-12-23 10:54:53.981113	100
1349	197	820	5.000	129.53	647.65	2025-12-23 10:54:53.981113	100
1350	197	56	10.000	98.14	981.40	2025-12-23 10:54:53.981113	82
1351	197	85	12.000	75.34	904.08	2025-12-23 10:54:53.981113	82
1352	197	92	4.000	150.07	600.28	2025-12-23 10:54:53.981113	82
1353	197	114	6.000	102.18	613.08	2025-12-23 10:54:53.981113	82
1354	197	1538	6.000	75.54	453.24	2025-12-23 10:54:53.981113	82
1355	197	130	6.000	85.11	510.66	2025-12-23 10:54:53.981113	82
1356	197	139	7.000	117.83	824.81	2025-12-23 10:54:53.981113	82
1357	197	122	25.000	70.44	1761.00	2025-12-23 10:54:53.981113	82
1358	197	109	6.000	84.28	505.68	2025-12-23 10:54:53.981113	82
1359	197	113	10.000	70.23	702.30	2025-12-23 10:54:53.981113	82
1360	197	122	60.000	70.44	4226.40	2025-12-23 10:54:53.981113	82
1361	195	56	25.000	98.15	2453.75	2025-12-23 11:09:16.567307	82
1362	198	515	10.000	80.04	800.40	2025-12-24 09:11:15.092951	103
1363	198	613	2.000	69.55	139.10	2025-12-24 09:11:15.092951	103
1364	198	532	2.000	92.07	184.14	2025-12-24 09:11:15.092951	103
1365	198	535	3.000	150.70	452.10	2025-12-24 09:11:15.092951	103
1366	198	547	3.000	190.79	572.37	2025-12-24 09:11:15.092951	103
1367	198	1478	4.000	111.13	444.52	2025-12-24 09:11:15.092951	103
1368	198	556	3.000	130.75	392.25	2025-12-24 09:11:15.092951	103
1369	198	558	1.000	79.90	79.90	2025-12-24 09:11:15.092951	103
1370	198	572	2.000	131.30	262.60	2025-12-24 09:11:15.092951	103
1371	198	573	1.000	79.67	79.67	2025-12-24 09:11:15.092951	103
1372	198	1508	2.000	151.34	302.68	2025-12-24 09:11:15.092951	103
1373	198	633	3.000	282.47	847.41	2025-12-24 09:11:15.092951	103
1374	198	1511	5.000	150.47	752.35	2025-12-24 09:11:15.092951	103
1375	198	340	1.000	109.68	109.68	2025-12-24 09:11:15.092951	102
1376	198	354	5.000	67.92	339.60	2025-12-24 09:11:15.092951	102
1377	198	362	6.000	78.45	470.70	2025-12-24 09:11:15.092951	102
1378	198	675	6.000	102.83	616.98	2025-12-24 09:11:15.092951	102
1379	198	1579	3.000	89.80	269.40	2025-12-24 09:11:15.092951	102
1380	199	63	100.000	45.10	4510.00	2025-12-24 09:12:33.495801	82
1381	199	372	30.000	60.27	1808.10	2025-12-24 09:12:33.495801	102
1382	199	56	10.000	98.15	981.50	2025-12-24 09:12:33.495801	82
1383	199	60	5.000	110.07	550.35	2025-12-24 09:12:33.495801	82
1384	199	52	3.000	60.43	181.29	2025-12-24 09:12:33.495801	82
1385	199	700	4.000	70.04	280.16	2025-12-24 09:12:33.495801	82
1386	199	57	5.000	180.13	900.65	2025-12-24 09:12:33.495801	82
1387	199	58	20.000	80.23	1604.60	2025-12-24 09:12:33.495801	82
1388	199	76	3.000	90.05	270.15	2025-12-24 09:12:33.495801	82
1389	199	93	5.000	152.21	761.05	2025-12-24 09:12:33.495801	82
1390	199	98	5.000	70.15	350.75	2025-12-24 09:12:33.495801	82
1391	199	105	2.000	85.91	171.82	2025-12-24 09:12:33.495801	82
1392	199	107	6.000	75.29	451.74	2025-12-24 09:12:33.495801	82
1393	199	112	5.000	105.18	525.90	2025-12-24 09:12:33.495801	82
1394	199	705	2.000	165.11	330.22	2025-12-24 09:12:33.495801	82
1395	199	1535	1.000	156.02	156.02	2025-12-24 09:12:33.495801	82
1396	199	1541	7.000	75.45	528.15	2025-12-24 09:12:33.495801	82
1397	199	131	3.000	206.15	618.45	2025-12-24 09:12:33.495801	82
1398	199	1547	4.000	80.05	320.20	2025-12-24 09:12:33.495801	82
1399	199	142	4.000	85.06	340.24	2025-12-24 09:12:33.495801	82
1400	199	153	3.000	328.04	984.12	2025-12-24 09:12:33.495801	82
1401	199	153	2.000	356.26	712.52	2025-12-24 09:12:33.495801	102
1855	232	520	4.000	51.75	207.00	2026-01-09 07:54:44.887208	137
1856	232	573	2.000	82.55	165.10	2026-01-09 07:54:44.887208	137
1404	201	372	30.000	60.27	1808.10	2025-12-24 10:32:21.831829	87
1405	201	592	4.000	53.16	212.64	2025-12-24 10:32:21.831829	87
1406	202	63	20.000	45.34	906.80	2025-12-26 07:32:25.866081	87
1407	202	653	6.000	72.79	436.74	2025-12-26 07:32:25.866081	87
1408	203	633	1.000	277.88	277.88	2025-12-26 11:34:18.876285	100
1409	204	196	7.000	252.58	1768.06	2025-12-26 12:35:46.385708	100
1410	204	416	6.000	75.36	452.16	2025-12-26 12:35:46.385708	102
1411	204	1795	3.000	89.38	268.14	2025-12-26 12:35:46.385708	100
1412	204	1804	9.000	115.18	1036.62	2025-12-26 12:35:46.385708	100
1413	204	249	4.000	86.06	344.24	2025-12-26 12:35:46.385708	100
1414	204	1984	3.000	112.67	338.01	2025-12-26 12:35:46.385708	100
1415	204	1831	5.000	58.95	294.75	2025-12-26 12:35:46.385708	100
1416	204	1871	8.000	58.29	466.32	2025-12-26 12:35:46.385708	100
1417	204	1872	7.000	69.16	484.12	2025-12-26 12:35:46.385708	100
1418	204	820	3.000	129.53	388.59	2025-12-26 12:35:46.385708	100
1419	204	1985	6.000	54.42	326.52	2025-12-26 12:35:46.385708	100
1420	204	700	4.000	70.04	280.16	2025-12-26 12:35:46.385708	82
1421	204	53	2.000	80.18	160.36	2025-12-26 12:35:46.385708	82
1422	204	54	5.000	75.46	377.30	2025-12-26 12:35:46.385708	82
1423	204	57	5.000	180.13	900.65	2025-12-26 12:35:46.385708	82
1424	204	92	3.000	150.07	450.21	2025-12-26 12:35:46.385708	82
1425	204	93	6.000	152.21	913.26	2025-12-26 12:35:46.385708	82
1426	204	94	7.000	98.07	686.49	2025-12-26 12:35:46.385708	82
1427	204	102	4.000	100.40	401.60	2025-12-26 12:35:46.385708	82
1428	204	103	8.000	60.23	481.84	2025-12-26 12:35:46.385708	82
1429	204	111	2.000	230.25	460.50	2025-12-26 12:35:46.385708	82
1430	204	114	7.000	102.18	715.26	2025-12-26 12:35:46.385708	82
1431	204	705	4.000	165.11	660.44	2025-12-26 12:35:46.385708	82
1432	204	117	2.000	142.01	284.02	2025-12-26 12:35:46.385708	82
1433	204	129	4.000	142.17	568.68	2025-12-26 12:35:46.385708	82
1434	204	130	8.000	85.11	680.88	2025-12-26 12:35:46.385708	82
1435	204	131	4.000	206.15	824.60	2025-12-26 12:35:46.385708	82
1436	204	133	4.000	130.07	520.28	2025-12-26 12:35:46.385708	82
1437	204	1541	8.000	75.45	603.60	2025-12-26 12:35:46.385708	82
1438	204	810	18.000	54.15	974.70	2025-12-26 12:35:46.385708	100
1439	205	611	6.000	89.12	534.72	2025-12-26 12:37:31.688537	103
1440	205	153	1.000	329.63	329.63	2025-12-26 12:37:31.688537	103
1441	205	515	15.000	80.04	1200.60	2025-12-26 12:37:31.688537	103
1442	205	524	9.000	64.12	577.08	2025-12-26 12:37:31.688537	103
1443	205	337	1.000	49.16	49.16	2025-12-26 12:37:31.688537	103
1444	205	528	2.000	221.83	443.66	2025-12-26 12:37:31.688537	103
1445	205	1473	5.000	59.12	295.60	2025-12-26 12:37:31.688537	103
1446	205	625	1.000	229.12	229.12	2025-12-26 12:37:31.688537	103
1447	205	1483	5.000	49.12	245.60	2025-12-26 12:37:31.688537	103
1448	205	546	5.000	180.53	902.65	2025-12-26 12:37:31.688537	103
1449	205	630	10.000	49.12	491.20	2025-12-26 12:37:31.688537	103
1450	205	568	7.000	53.12	371.84	2025-12-26 12:37:31.688537	103
1451	205	1561	30.000	51.29	1538.70	2025-12-26 12:37:31.688537	102
1452	205	1565	5.000	39.04	195.20	2025-12-26 12:37:31.688537	102
1453	205	1566	5.000	31.34	156.70	2025-12-26 12:37:31.688537	102
1454	205	670	5.000	60.04	300.20	2025-12-26 12:37:31.688537	102
1455	205	1569	4.000	47.59	190.36	2025-12-26 12:37:31.688537	102
1456	205	1574	2.000	74.04	148.08	2025-12-26 12:37:31.688537	102
1457	205	1576	3.000	71.45	214.35	2025-12-26 12:37:31.688537	102
1458	205	366	4.000	102.04	408.16	2025-12-26 12:37:31.688537	102
1459	205	372	20.000	60.27	1205.40	2025-12-26 12:37:31.688537	102
1857	232	594	4.000	69.98	279.92	2026-01-09 07:54:44.887208	137
1462	208	1576	2.000	71.45	142.90	2025-12-27 07:59:12.332287	101
1463	209	362	2.000	78.45	156.90	2025-12-27 07:59:32.66498	102
1464	210	1656	4.000	126.59	506.36	2025-12-29 06:33:58.881133	112
1465	210	183	3.000	130.77	392.31	2025-12-29 06:33:58.881133	112
1466	210	1658	6.000	85.71	514.26	2025-12-29 06:33:58.881133	112
1467	210	1660	9.000	80.92	728.28	2025-12-29 06:33:58.881133	112
1468	210	1661	1.000	140.49	140.49	2025-12-29 06:33:58.881133	112
1469	210	1664	2.000	70.02	140.04	2025-12-29 06:33:58.881133	112
1470	210	1669	3.000	88.14	264.42	2025-12-29 06:33:58.881133	112
1471	210	196	2.000	252.58	505.16	2025-12-29 06:33:58.881133	112
1472	210	758	5.000	56.97	284.85	2025-12-29 06:33:58.881133	112
1473	210	227	4.000	67.33	269.32	2025-12-29 06:33:58.881133	112
1474	210	229	2.000	182.68	365.36	2025-12-29 06:33:58.881133	112
1475	210	234	7.000	51.40	359.80	2025-12-29 06:33:58.881133	112
1476	210	1786	3.000	140.09	420.27	2025-12-29 06:33:58.881133	112
1477	210	1785	3.000	108.81	326.43	2025-12-29 06:33:58.881133	112
1478	210	804	4.000	91.32	365.28	2025-12-29 06:33:58.881133	112
1479	210	805	4.000	59.99	239.96	2025-12-29 06:33:58.881133	112
1480	210	245	5.000	66.30	331.50	2025-12-29 06:33:58.881133	112
1481	210	815	1.000	79.52	79.52	2025-12-29 06:33:58.881133	112
1482	210	266	5.000	41.14	205.70	2025-12-29 06:33:58.881133	112
1483	210	1882	1.000	141.91	141.91	2025-12-29 06:33:58.881133	112
1484	210	274	4.000	109.71	438.84	2025-12-29 06:33:58.881133	112
1485	210	1591	6.000	65.80	394.80	2025-12-29 06:33:58.881133	112
1486	210	719	1.000	76.04	76.04	2025-12-29 06:33:58.881133	112
1487	210	1593	3.000	111.32	333.96	2025-12-29 06:33:58.881133	112
1488	210	160	5.000	99.12	495.60	2025-12-29 06:33:58.881133	112
1489	210	1602	22.000	71.16	1565.52	2025-12-29 06:33:58.881133	112
1490	210	163	10.000	230.96	2309.60	2025-12-29 06:33:58.881133	112
1491	210	1605	22.000	140.76	3096.72	2025-12-29 06:33:58.881133	112
1492	210	1610	15.000	61.18	917.70	2025-12-29 06:33:58.881133	112
1493	210	724	30.000	55.89	1676.70	2025-12-29 06:33:58.881133	112
1494	210	1614	4.000	96.87	387.48	2025-12-29 06:33:58.881133	112
1495	210	731	8.000	93.95	751.60	2025-12-29 06:33:58.881133	112
1496	210	1633	1.000	70.99	70.99	2025-12-29 06:33:58.881133	112
1497	210	1634	1.000	48.19	48.19	2025-12-29 06:33:58.881133	112
1498	210	1635	3.000	142.47	427.41	2025-12-29 06:33:58.881133	112
1499	210	1636	2.000	142.62	285.24	2025-12-29 06:33:58.881133	112
1500	210	733	8.000	102.86	822.88	2025-12-29 06:33:58.881133	112
1501	210	1640	1.000	230.60	230.60	2025-12-29 06:33:58.881133	112
1502	210	1651	7.000	71.35	499.45	2025-12-29 06:33:58.881133	112
1503	210	139	4.000	116.41	465.64	2025-12-29 06:33:58.881133	112
1504	210	1639	6.000	105.61	633.66	2025-12-29 06:33:58.881133	112
1505	210	58	25.000	80.18	2004.50	2025-12-29 06:33:58.881133	82
1506	210	60	12.000	110.06	1320.72	2025-12-29 06:33:58.881133	82
1507	210	72	4.000	160.19	640.76	2025-12-29 06:33:58.881133	82
1508	210	76	4.000	90.03	360.12	2025-12-29 06:33:58.881133	82
1509	210	85	10.000	75.21	752.10	2025-12-29 06:33:58.881133	82
1510	210	92	6.000	150.04	900.24	2025-12-29 06:33:58.881133	82
1511	210	93	4.000	152.14	608.56	2025-12-29 06:33:58.881133	82
1512	210	94	6.000	97.96	587.76	2025-12-29 06:33:58.881133	82
1513	210	97	2.000	150.09	300.18	2025-12-29 06:33:58.881133	82
1514	210	107	5.000	75.23	376.15	2025-12-29 06:33:58.881133	82
1515	210	139	8.000	118.05	944.40	2025-12-29 06:33:58.881133	82
1858	232	1559	11.000	117.25	1289.75	2026-01-09 07:54:44.887208	136
1517	212	610	1.000	109.12	109.12	2025-12-29 12:19:34.393989	103
1518	212	511	5.000	100.01	500.05	2025-12-29 12:19:34.393989	103
1519	212	512	6.000	50.89	305.34	2025-12-29 12:19:34.393989	103
1520	212	515	20.000	80.04	1600.80	2025-12-29 12:19:34.393989	103
1521	212	613	6.000	69.55	417.30	2025-12-29 12:19:34.393989	103
1522	212	519	6.000	90.42	542.52	2025-12-29 12:19:34.393989	103
1523	212	618	1.000	49.12	49.12	2025-12-29 12:19:34.393989	103
1524	212	539	1.000	245.19	245.19	2025-12-29 12:19:34.393989	103
1525	212	627	2.000	141.35	282.70	2025-12-29 12:19:34.393989	103
1526	212	1483	6.000	49.12	294.72	2025-12-29 12:19:34.393989	103
1527	212	547	5.000	190.79	953.95	2025-12-29 12:19:34.393989	103
1528	212	1478	7.000	111.12	777.84	2025-12-29 12:19:34.393989	103
1529	212	571	3.000	79.12	237.36	2025-12-29 12:19:34.393989	103
1530	212	561	3.000	129.12	387.36	2025-12-29 12:19:34.393989	103
1531	212	574	1.000	229.12	229.12	2025-12-29 12:19:34.393989	103
1532	212	1489	2.000	148.24	296.48	2025-12-29 12:19:34.393989	103
1533	212	1490	2.000	59.12	118.24	2025-12-29 12:19:34.393989	103
1534	212	563	10.000	59.59	595.90	2025-12-29 12:19:34.393989	103
1535	212	1508	1.000	151.34	151.34	2025-12-29 12:19:34.393989	103
1536	212	1507	2.000	89.12	178.24	2025-12-29 12:19:34.393989	103
1537	212	634	6.000	81.26	487.56	2025-12-29 12:19:34.393989	103
1538	212	1511	4.000	150.47	601.88	2025-12-29 12:19:34.393989	103
1539	212	1514	4.000	79.51	318.04	2025-12-29 12:19:34.393989	103
1540	212	591	9.000	49.12	442.08	2025-12-29 12:19:34.393989	103
1541	212	1513	3.000	102.29	306.87	2025-12-29 12:19:34.393989	103
1542	212	340	2.000	110.57	221.14	2025-12-29 12:19:34.393989	102
1543	212	344	8.000	75.52	604.16	2025-12-29 12:19:34.393989	102
1544	212	346	3.000	86.53	259.59	2025-12-29 12:19:34.393989	102
1545	212	352	1.000	82.64	82.64	2025-12-29 12:19:34.393989	102
1546	212	354	4.000	68.61	274.44	2025-12-29 12:19:34.393989	102
1547	212	1572	5.000	45.69	228.45	2025-12-29 12:19:34.393989	102
1548	212	1571	5.000	116.25	581.25	2025-12-29 12:19:34.393989	102
1549	212	555	5.000	124.12	620.60	2025-12-29 12:19:34.393989	103
1550	212	1573	2.000	92.74	185.48	2025-12-29 12:19:34.393989	102
1551	212	362	7.000	79.53	556.71	2025-12-29 12:19:34.393989	102
1552	212	675	8.000	103.76	830.08	2025-12-29 12:19:34.393989	102
1553	212	366	4.000	103.49	413.96	2025-12-29 12:19:34.393989	102
1554	212	371	8.000	100.02	800.16	2025-12-29 12:19:34.393989	102
1555	212	678	7.000	56.05	392.35	2025-12-29 12:19:34.393989	102
1556	212	1575	3.000	110.24	330.72	2025-12-29 12:19:34.393989	102
1557	212	1579	4.000	90.07	360.28	2025-12-29 12:19:34.393989	102
1558	212	681	2.000	92.74	185.48	2025-12-29 12:19:34.393989	102
1559	212	1588	2.000	87.74	175.48	2025-12-29 12:19:34.393989	102
1560	212	378	4.000	45.49	181.96	2025-12-29 12:19:34.393989	102
1561	212	683	8.000	64.60	516.80	2025-12-29 12:19:34.393989	102
1562	212	292	2.000	93.63	187.26	2025-12-29 12:19:34.393989	112
1563	212	293	8.000	73.63	589.04	2025-12-29 12:19:34.393989	112
1564	212	1957	23.000	89.66	2062.18	2025-12-29 12:19:34.393989	112
1565	212	687	2.000	154.82	309.64	2025-12-29 12:19:34.393989	112
1566	212	305	40.000	64.79	2591.60	2025-12-29 12:19:34.393989	112
1567	212	318	5.000	62.78	313.90	2025-12-29 12:19:34.393989	112
1568	212	1966	4.000	85.55	342.20	2025-12-29 12:19:34.393989	112
1569	212	1968	3.000	153.87	461.61	2025-12-29 12:19:34.393989	112
1570	212	1971	2.000	233.33	466.66	2025-12-29 12:19:34.393989	112
1571	212	322	5.000	123.84	619.20	2025-12-29 12:19:34.393989	112
1572	212	1973	2.000	135.75	271.50	2025-12-29 12:19:34.393989	112
1573	212	1974	4.000	154.16	616.64	2025-12-29 12:19:34.393989	112
1574	212	693	5.000	93.02	465.10	2025-12-29 12:19:34.393989	112
1575	212	1977	6.000	94.14	564.84	2025-12-29 12:19:34.393989	112
1576	212	694	3.000	114.05	342.15	2025-12-29 12:19:34.393989	112
1577	212	329	7.000	133.52	934.64	2025-12-29 12:19:34.393989	112
1578	212	1980	7.000	73.69	515.83	2025-12-29 12:19:34.393989	112
1579	212	334	3.000	76.06	228.18	2025-12-29 12:19:34.393989	112
1580	212	63	70.000	45.05	3153.50	2025-12-29 12:19:34.393989	82
1581	213	529	2.000	255.88	511.76	2025-12-29 13:40:01.199837	101
1582	214	550	10.000	72.43	724.30	2025-12-30 11:26:27.811266	87
1583	214	631	1.000	69.46	69.46	2025-12-30 11:26:27.811266	87
1584	214	624	7.000	169.89	1189.23	2025-12-30 11:26:27.811266	87
1585	214	291	7.000	40.95	286.65	2025-12-30 11:26:27.811266	87
1586	214	515	4.000	80.80	323.20	2025-12-30 11:26:27.811266	87
1587	215	141	5.000	44.42	222.10	2025-12-30 11:27:02.594614	87
1588	215	149	5.000	80.88	404.40	2025-12-30 11:27:02.594614	87
1859	232	1560	6.000	52.57	315.42	2026-01-09 07:54:44.887208	136
1590	217	158	6.000	66.22	397.32	2025-12-31 12:40:56.295644	112
1591	217	1591	6.000	65.80	394.80	2025-12-31 12:40:56.295644	112
1592	217	1597	3.000	147.42	442.26	2025-12-31 12:40:56.295644	112
1593	217	1600	2.000	111.07	222.14	2025-12-31 12:40:56.295644	112
1594	217	1602	19.000	71.16	1352.04	2025-12-31 12:40:56.295644	112
1595	217	1605	20.000	140.76	2815.20	2025-12-31 12:40:56.295644	112
1596	217	1610	15.000	61.17	917.55	2025-12-31 12:40:56.295644	112
1597	217	724	30.000	55.89	1676.70	2025-12-31 12:40:56.295644	112
1598	217	1614	2.000	96.86	193.72	2025-12-31 12:40:56.295644	112
1599	217	728	7.000	52.08	364.56	2025-12-31 12:40:56.295644	112
1600	217	1626	1.000	155.17	155.17	2025-12-31 12:40:56.295644	112
1601	217	1628	10.000	65.72	657.20	2025-12-31 12:40:56.295644	112
1602	217	1633	1.000	70.98	70.98	2025-12-31 12:40:56.295644	112
1603	217	1647	3.000	87.66	262.98	2025-12-31 12:40:56.295644	112
1604	217	1636	3.000	142.62	427.86	2025-12-31 12:40:56.295644	112
1605	217	1638	11.000	85.70	942.70	2025-12-31 12:40:56.295644	112
1606	217	1640	1.000	230.60	230.60	2025-12-31 12:40:56.295644	112
1607	217	736	2.000	165.17	330.34	2025-12-31 12:40:56.295644	112
1608	217	1651	4.000	71.35	285.40	2025-12-31 12:40:56.295644	112
1609	217	1657	1.000	45.17	45.17	2025-12-31 12:40:56.295644	112
1610	217	183	2.000	130.77	261.54	2025-12-31 12:40:56.295644	112
1611	217	1661	2.000	140.48	280.96	2025-12-31 12:40:56.295644	112
1612	217	1664	2.000	70.02	140.04	2025-12-31 12:40:56.295644	112
1613	217	254	6.000	56.35	338.10	2025-12-31 12:40:56.295644	112
1614	217	1842	2.000	60.01	120.02	2025-12-31 12:40:56.295644	112
1615	217	273	5.000	50.90	254.50	2025-12-31 12:40:56.295644	112
1616	217	1881	2.000	149.86	299.72	2025-12-31 12:40:56.295644	112
1617	217	206	7.000	98.11	686.77	2025-12-31 12:40:56.295644	112
1618	217	52	2.000	60.23	120.46	2025-12-31 12:40:56.295644	82
1619	217	700	8.000	69.80	558.40	2025-12-31 12:40:56.295644	82
1620	217	57	6.000	180.02	1080.12	2025-12-31 12:40:56.295644	82
1621	217	76	4.000	90.00	360.00	2025-12-31 12:40:56.295644	82
1622	217	81	4.000	74.25	297.00	2025-12-31 12:40:56.295644	82
1623	217	85	10.000	75.14	751.40	2025-12-31 12:40:56.295644	82
1624	217	92	5.000	150.01	750.05	2025-12-31 12:40:56.295644	82
1625	217	93	12.000	152.09	1825.08	2025-12-31 12:40:56.295644	82
1626	217	94	12.000	97.90	1174.80	2025-12-31 12:40:56.295644	82
1627	217	95	3.000	369.74	1109.22	2025-12-31 12:40:56.295644	82
1628	217	97	5.000	149.99	749.95	2025-12-31 12:40:56.295644	82
1629	217	102	10.000	100.31	1003.10	2025-12-31 12:40:56.295644	82
1630	217	103	10.000	60.11	601.10	2025-12-31 12:40:56.295644	82
1631	217	105	2.000	84.55	169.10	2025-12-31 12:40:56.295644	82
1632	217	107	7.000	75.18	526.26	2025-12-31 12:40:56.295644	82
1633	217	705	4.000	164.64	658.56	2025-12-31 12:40:56.295644	82
1634	217	114	8.000	101.94	815.52	2025-12-31 12:40:56.295644	82
1635	217	117	3.000	141.76	425.28	2025-12-31 12:40:56.295644	82
1636	217	142	6.000	85.02	510.12	2025-12-31 12:40:56.295644	82
1637	217	196	10.000	253.24	2532.40	2025-12-31 12:40:56.295644	112
1638	218	509	6.000	128.65	771.90	2025-12-31 12:42:55.592212	103
1639	218	1465	3.000	109.90	329.70	2025-12-31 12:42:55.592212	103
1640	218	523	3.000	153.42	460.26	2025-12-31 12:42:55.592212	103
1641	218	529	5.000	256.02	1280.10	2025-12-31 12:42:55.592212	103
1642	218	535	6.000	150.70	904.20	2025-12-31 12:42:55.592212	103
1643	218	541	15.000	72.84	1092.60	2025-12-31 12:42:55.592212	103
1644	218	554	3.000	70.92	212.76	2025-12-31 12:42:55.592212	103
1645	218	2387	4.000	0.10	0.40	2025-12-31 12:42:55.592212	103
1646	218	557	6.000	70.97	425.82	2025-12-31 12:42:55.592212	103
1647	218	1502	3.000	129.60	388.80	2025-12-31 12:42:55.592212	103
1648	218	1503	3.000	200.90	602.70	2025-12-31 12:42:55.592212	103
1649	218	633	1.000	278.79	278.79	2025-12-31 12:42:55.592212	103
1650	218	580	6.000	212.49	1274.94	2025-12-31 12:42:55.592212	103
1651	218	340	2.000	110.57	221.14	2025-12-31 12:42:55.592212	102
1652	218	348	4.000	103.38	413.52	2025-12-31 12:42:55.592212	102
1653	218	1560	30.000	51.95	1558.50	2025-12-31 12:42:55.592212	102
1654	218	1559	20.000	116.70	2334.00	2025-12-31 12:42:55.592212	102
1655	218	1561	52.000	53.60	2787.20	2025-12-31 12:42:55.592212	102
1656	218	1563	5.000	43.74	218.70	2025-12-31 12:42:55.592212	102
1657	218	670	5.000	62.45	312.25	2025-12-31 12:42:55.592212	102
1658	218	1565	5.000	41.45	207.25	2025-12-31 12:42:55.592212	102
1659	218	1566	5.000	33.75	168.75	2025-12-31 12:42:55.592212	102
1660	218	352	2.000	82.65	165.30	2025-12-31 12:42:55.592212	102
1661	218	354	6.000	68.61	411.66	2025-12-31 12:42:55.592212	102
1662	218	357	8.000	166.64	1333.12	2025-12-31 12:42:55.592212	102
1663	218	1572	4.000	45.70	182.80	2025-12-31 12:42:55.592212	102
1664	218	362	7.000	79.53	556.71	2025-12-31 12:42:55.592212	102
1665	218	675	6.000	103.76	622.56	2025-12-31 12:42:55.592212	102
1666	218	366	6.000	103.48	620.88	2025-12-31 12:42:55.592212	102
1667	218	676	6.000	57.23	343.38	2025-12-31 12:42:55.592212	102
1668	218	1576	5.000	72.15	360.75	2025-12-31 12:42:55.592212	102
1669	218	1578	5.000	50.95	254.75	2025-12-31 12:42:55.592212	102
1670	218	1580	7.000	58.96	412.72	2025-12-31 12:42:55.592212	102
1671	218	1579	2.000	90.07	180.14	2025-12-31 12:42:55.592212	102
1672	218	681	2.000	92.75	185.50	2025-12-31 12:42:55.592212	102
1673	218	682	5.000	76.45	382.25	2025-12-31 12:42:55.592212	102
1674	218	378	4.000	45.50	182.00	2025-12-31 12:42:55.592212	102
1675	218	683	3.000	64.59	193.77	2025-12-31 12:42:55.592212	102
1676	218	290	5.000	84.20	421.00	2025-12-31 12:42:55.592212	112
1677	218	294	5.000	65.44	327.20	2025-12-31 12:42:55.592212	112
1678	218	297	2.000	103.61	207.22	2025-12-31 12:42:55.592212	112
1679	218	299	3.000	133.86	401.58	2025-12-31 12:42:55.592212	112
1680	218	302	4.000	70.46	281.84	2025-12-31 12:42:55.592212	112
1681	218	309	3.000	113.09	339.27	2025-12-31 12:42:55.592212	112
1682	218	318	10.000	62.78	627.80	2025-12-31 12:42:55.592212	112
1683	218	1967	23.000	93.93	2160.39	2025-12-31 12:42:55.592212	112
1684	218	322	4.000	123.84	495.36	2025-12-31 12:42:55.592212	112
1685	218	328	4.000	101.51	406.04	2025-12-31 12:42:55.592212	112
1686	218	1980	3.000	73.69	221.07	2025-12-31 12:42:55.592212	112
1687	218	1981	4.000	96.76	387.04	2025-12-31 12:42:55.592212	112
1688	218	332	4.000	134.08	536.32	2025-12-31 12:42:55.592212	112
1689	218	333	5.000	84.74	423.70	2025-12-31 12:42:55.592212	112
1690	218	334	3.000	76.07	228.21	2025-12-31 12:42:55.592212	112
1860	232	349	5.000	53.85	269.25	2026-01-09 07:54:44.887208	136
1861	232	1567	1.000	38.19	38.19	2026-01-09 07:54:44.887208	136
1862	232	357	4.000	166.67	666.68	2026-01-09 07:54:44.887208	136
1694	222	5397	2.000	276.58	553.16	2026-01-05 16:06:41.340215	120
1695	223	5605	10.000	85.09	850.90	2026-01-07 11:04:00.498248	122
1863	232	360	3.000	49.23	147.69	2026-01-09 07:54:44.887208	136
1864	232	361	4.000	52.03	208.12	2026-01-09 07:54:44.887208	136
1865	232	362	3.000	80.56	241.68	2026-01-09 07:54:44.887208	136
1866	232	365	5.000	59.11	295.55	2026-01-09 07:54:44.887208	136
1867	232	370	5.000	62.44	312.20	2026-01-09 07:54:44.887208	136
1868	232	371	4.000	100.60	402.40	2026-01-09 07:54:44.887208	136
1869	232	678	4.000	56.30	225.20	2026-01-09 07:54:44.887208	136
1870	232	1578	5.000	51.90	259.50	2026-01-09 07:54:44.887208	136
1871	232	1581	6.000	78.84	473.04	2026-01-09 07:54:44.887208	136
1872	232	294	4.000	65.44	261.76	2026-01-09 07:54:44.887208	135
1873	232	687	1.000	154.82	154.82	2026-01-09 07:54:44.887208	135
1874	232	318	5.000	62.78	313.90	2026-01-09 07:54:44.887208	135
1875	232	331	5.000	86.01	430.05	2026-01-09 07:54:44.887208	135
1876	232	332	4.000	134.08	536.32	2026-01-09 07:54:44.887208	135
1877	232	572	2.000	131.90	263.80	2026-01-09 07:54:44.887208	137
1895	239	1786	1.000	144.57	144.57	2026-01-12 06:10:24.784102	135
1896	239	1785	1.000	114.57	114.57	2026-01-12 06:10:24.784102	135
1897	239	1788	9.000	54.57	491.13	2026-01-12 06:10:24.784102	135
1898	239	1795	1.000	94.57	94.57	2026-01-12 06:10:24.784102	135
1899	239	245	4.000	69.57	278.28	2026-01-12 06:10:24.784102	135
1900	239	1811	5.000	109.57	547.85	2026-01-12 06:10:24.784102	135
1901	239	247	5.000	45.98	229.90	2026-01-12 06:10:24.784102	135
1902	239	811	8.000	64.57	516.56	2026-01-12 06:10:24.784102	135
1903	239	1984	3.000	109.57	328.71	2026-01-12 06:10:24.784102	135
1904	239	1871	5.000	59.57	297.85	2026-01-12 06:10:24.784102	135
1905	239	1874	1.000	44.57	44.57	2026-01-12 06:10:24.784102	135
1906	239	820	2.000	134.57	269.14	2026-01-12 06:10:24.784102	135
1907	239	1880	3.000	64.57	193.71	2026-01-12 06:10:24.784102	135
1908	239	731	6.000	96.64	579.84	2026-01-12 06:10:24.784102	135
1909	239	732	4.000	123.33	493.32	2026-01-12 06:10:24.784102	135
1910	239	176	22.000	57.94	1274.68	2026-01-12 06:10:24.784102	135
1911	239	1638	2.000	90.08	180.16	2026-01-12 06:10:24.784102	135
1912	239	1642	6.000	72.80	436.80	2026-01-12 06:10:24.784102	135
1913	239	1648	6.000	70.39	422.34	2026-01-12 06:10:24.784102	135
1914	239	1651	5.000	73.43	367.15	2026-01-12 06:10:24.784102	135
1915	239	183	1.000	134.34	134.34	2026-01-12 06:10:24.784102	135
1962	241	6232	13.000	25.75	334.75	2026-01-12 06:14:56.880614	132
1963	241	6231	24.000	66.75	1602.00	2026-01-12 06:14:56.880614	131
1964	241	6238	1.000	325.18	325.18	2026-01-12 06:14:56.880614	131
1965	241	6240	2.000	220.98	441.96	2026-01-12 06:14:56.880614	131
1966	241	6249	20.000	47.86	957.20	2026-01-12 06:14:56.880614	131
1967	241	6266	20.000	50.47	1009.40	2026-01-12 06:14:56.880614	131
1968	242	58	6.000	81.62	489.72	2026-01-12 06:15:51.611812	134
1969	242	81	2.000	74.69	149.38	2026-01-12 06:15:51.611812	134
1970	242	85	5.000	78.25	391.25	2026-01-12 06:15:51.611812	134
1971	242	92	10.000	151.35	1513.50	2026-01-12 06:15:51.611812	134
1972	242	93	10.000	153.68	1536.80	2026-01-12 06:15:51.611812	134
1973	242	102	6.000	101.29	607.74	2026-01-12 06:15:51.611812	134
1974	242	103	8.000	62.20	497.60	2026-01-12 06:15:51.611812	134
1975	242	107	10.000	77.13	771.30	2026-01-12 06:15:51.611812	134
1976	242	111	2.000	233.92	467.84	2026-01-12 06:15:51.611812	134
1977	242	112	4.000	107.52	430.08	2026-01-12 06:15:51.611812	134
1978	242	113	6.000	71.05	426.30	2026-01-12 06:15:51.611812	134
1979	242	117	2.000	144.98	289.96	2026-01-12 06:15:51.611812	134
1980	242	139	6.000	119.51	717.06	2026-01-12 06:15:51.611812	134
1981	242	151	5.000	94.00	470.00	2026-01-12 06:15:51.611812	134
1982	242	71	10.000	46.30	463.00	2026-01-12 06:15:51.611812	134
1983	240	524	11.000	71.65	788.15	2026-01-12 16:12:43.346223	137
1984	240	611	3.000	96.65	289.95	2026-01-12 16:12:43.346223	137
1985	240	153	3.000	336.66	1009.98	2026-01-12 16:12:43.346223	137
1986	240	515	30.000	84.76	2542.80	2026-01-12 16:12:43.346223	137
1987	240	1466	3.000	155.87	467.61	2026-01-12 16:12:43.346223	137
1988	240	1467	4.000	96.66	386.64	2026-01-12 16:12:43.346223	137
1989	240	1473	6.000	66.66	399.96	2026-01-12 16:12:43.346223	137
1990	240	625	1.000	236.66	236.66	2026-01-12 16:12:43.346223	137
1991	240	548	1.000	96.66	96.66	2026-01-12 16:12:43.346223	137
1992	240	627	2.000	144.44	288.88	2026-01-12 16:12:43.346223	137
1993	240	558	3.000	86.66	259.98	2026-01-12 16:12:43.346223	137
1994	240	561	5.000	135.54	677.70	2026-01-12 16:12:43.346223	137
1995	240	1489	2.000	176.66	353.32	2026-01-12 16:12:43.346223	137
1996	240	1490	2.000	66.66	133.32	2026-01-12 16:12:43.346223	137
1997	240	630	11.000	57.18	628.98	2026-01-12 16:12:43.346223	137
1998	240	568	14.000	60.25	843.50	2026-01-12 16:12:43.346223	137
1999	240	571	3.000	86.65	259.95	2026-01-12 16:12:43.346223	137
2000	240	574	2.000	236.66	473.32	2026-01-12 16:12:43.346223	137
2001	240	1508	1.000	156.66	156.66	2026-01-12 16:12:43.346223	137
2002	240	1509	3.000	81.97	245.91	2026-01-12 16:12:43.346223	137
2003	240	586	4.000	102.77	411.08	2026-01-12 16:12:43.346223	137
2004	240	635	1.000	103.31	103.31	2026-01-12 16:12:43.346223	137
2005	240	1514	4.000	86.66	346.64	2026-01-12 16:12:43.346223	137
2006	240	671	2.000	111.88	223.76	2026-01-12 16:12:43.346223	136
2007	240	362	4.000	80.56	322.24	2026-01-12 16:12:43.346223	136
2008	240	675	3.000	104.82	314.46	2026-01-12 16:12:43.346223	136
2009	240	370	5.000	62.44	312.20	2026-01-12 16:12:43.346223	136
2010	240	371	6.000	100.60	603.60	2026-01-12 16:12:43.346223	136
2011	240	291	53.000	44.65	2366.45	2026-01-12 16:12:43.346223	135
2012	240	307	14.000	56.34	788.76	2026-01-12 16:12:43.346223	135
2013	240	316	20.000	55.14	1102.80	2026-01-12 16:12:43.346223	135
2014	240	321	1.000	74.39	74.39	2026-01-12 16:12:43.346223	135
2015	240	326	24.000	48.03	1152.72	2026-01-12 16:12:43.346223	135
2016	240	1978	2.000	53.45	106.90	2026-01-12 16:12:43.346223	135
2017	240	1980	5.000	73.69	368.45	2026-01-12 16:12:43.346223	135
2018	240	1983	1.000	74.13	74.13	2026-01-12 16:12:43.346223	135
2019	240	419	20.000	53.26	1065.20	2026-01-12 16:12:43.346223	136
2020	240	418	20.000	48.26	965.20	2026-01-12 16:12:43.346223	136
2029	244	5605	10.000	86.46	864.60	2026-01-13 08:49:28.033883	122
2030	244	5657	2.000	167.05	334.10	2026-01-13 08:49:28.033883	122
2031	245	63	25.000	46.16	1154.00	2026-01-13 09:40:27.873755	134
2039	246	511	4.000	99.97	399.88	2026-01-14 06:55:13.606628	137
2040	246	514	3.000	256.66	769.98	2026-01-14 06:55:13.606628	137
2041	246	612	11.000	146.66	1613.26	2026-01-14 06:55:13.606628	137
2042	246	515	19.000	84.76	1610.44	2026-01-14 06:55:13.606628	137
2043	246	519	4.000	91.00	364.00	2026-01-14 06:55:13.606628	137
2044	246	520	4.000	51.75	207.00	2026-01-14 06:55:13.606628	137
2045	246	529	2.000	256.72	513.44	2026-01-14 06:55:13.606628	137
2046	246	531	50.000	51.48	2574.00	2026-01-14 06:55:13.606628	137
2047	246	532	2.000	85.79	171.58	2026-01-14 06:55:13.606628	137
2048	246	545	6.000	67.95	407.70	2026-01-14 06:55:13.606628	137
2049	246	553	2.000	86.66	173.32	2026-01-14 06:55:13.606628	137
2050	246	555	2.000	125.68	251.36	2026-01-14 06:55:13.606628	137
2051	246	561	6.000	135.54	813.24	2026-01-14 06:55:13.606628	137
2052	246	629	1.000	111.52	111.52	2026-01-14 06:55:13.606628	137
2053	246	563	5.000	61.22	306.10	2026-01-14 06:55:13.606628	137
2054	246	570	2.000	304.98	609.96	2026-01-14 06:55:13.606628	137
2055	246	1509	3.000	81.98	245.94	2026-01-14 06:55:13.606628	137
2056	246	634	4.000	82.65	330.60	2026-01-14 06:55:13.606628	137
2057	246	586	4.000	102.77	411.08	2026-01-14 06:55:13.606628	137
2058	246	1511	5.000	154.42	772.10	2026-01-14 06:55:13.606628	137
2059	246	594	8.000	69.98	559.84	2026-01-14 06:55:13.606628	137
2060	246	348	4.000	104.55	418.20	2026-01-14 06:55:13.606628	136
2061	246	349	4.000	53.85	215.40	2026-01-14 06:55:13.606628	136
2062	246	350	12.000	62.15	745.80	2026-01-14 06:55:13.606628	136
2063	246	354	4.000	70.52	282.08	2026-01-14 06:55:13.606628	136
2064	246	1571	5.000	117.41	587.05	2026-01-14 06:55:13.606628	136
2065	246	362	4.000	80.56	322.24	2026-01-14 06:55:13.606628	136
2066	246	364	3.000	64.28	192.84	2026-01-14 06:55:13.606628	136
2067	246	370	8.000	62.44	499.52	2026-01-14 06:55:13.606628	136
2068	246	1576	5.000	73.40	367.00	2026-01-14 06:55:13.606628	136
2069	246	1579	1.000	91.10	91.10	2026-01-14 06:55:13.606628	136
2070	246	377	3.000	51.53	154.59	2026-01-14 06:55:13.606628	136
2071	246	63	135.000	46.16	6231.60	2026-01-14 06:55:13.606628	134
2072	246	600	4.000	163.95	655.80	2026-01-14 06:55:13.606628	137
2073	246	585	1.000	136.10	136.10	2026-01-14 06:55:13.606628	137
2074	246	635	1.000	103.31	103.31	2026-01-14 06:55:13.606628	137
2075	246	71	20.000	46.30	926.00	2026-01-14 06:55:13.606628	134
2076	247	1535	2.000	158.69	317.38	2026-01-14 06:57:45.386726	134
2077	247	117	3.000	144.98	434.94	2026-01-14 06:57:45.386726	134
2078	247	123	6.000	60.84	365.04	2026-01-14 06:57:45.386726	134
2079	247	1541	9.000	78.71	708.39	2026-01-14 06:57:45.386726	134
2080	247	130	10.000	87.69	876.90	2026-01-14 06:57:45.386726	134
2081	247	139	10.000	119.51	1195.10	2026-01-14 06:57:45.386726	134
2082	247	71	19.000	46.30	879.70	2026-01-14 06:57:45.386726	134
2083	247	501	2.000	230.37	460.74	2026-01-14 06:57:45.386726	136
2084	247	423	5.000	68.79	343.95	2026-01-14 06:57:45.386726	136
2085	247	814	3.000	92.33	276.99	2026-01-14 06:57:45.386726	135
2086	247	251	3.000	46.79	140.37	2026-01-14 06:57:45.386726	135
2087	247	1820	6.000	54.57	327.42	2026-01-14 06:57:45.386726	135
2088	247	815	1.000	84.57	84.57	2026-01-14 06:57:45.386726	135
2089	247	1858	2.000	54.57	109.14	2026-01-14 06:57:45.386726	135
2090	247	1867	2.000	59.57	119.14	2026-01-14 06:57:45.386726	135
2091	247	390	24.000	81.13	1947.12	2026-01-14 06:57:45.386726	136
2092	247	409	8.000	92.32	738.56	2026-01-14 06:57:45.386726	136
2093	247	415	10.000	131.71	1317.10	2026-01-14 06:57:45.386726	136
2094	247	488	4.000	389.86	1559.44	2026-01-14 06:57:45.386726	136
2095	247	487	6.000	255.12	1530.72	2026-01-14 06:57:45.386726	136
2096	247	205	5.000	68.15	340.75	2026-01-14 06:57:45.386726	135
2097	247	760	2.000	334.37	668.74	2026-01-14 06:57:45.386726	135
2098	247	229	3.000	186.02	558.06	2026-01-14 06:57:45.386726	135
2099	247	381	12.000	154.96	1859.52	2026-01-14 06:57:45.386726	136
2100	247	720	5.000	73.64	368.20	2026-01-14 06:57:45.386726	135
2101	247	1604	2.000	54.71	109.42	2026-01-14 06:57:45.386726	135
2102	247	164	2.000	80.28	160.56	2026-01-14 06:57:45.386726	135
2103	247	1616	1.000	73.99	73.99	2026-01-14 06:57:45.386726	135
2104	247	172	3.000	107.50	322.50	2026-01-14 06:57:45.386726	135
2105	247	1628	8.000	70.28	562.24	2026-01-14 06:57:45.386726	135
2106	247	1639	3.000	103.38	310.14	2026-01-14 06:57:45.386726	135
2107	247	733	7.000	105.64	739.48	2026-01-14 06:57:45.386726	135
2108	247	1651	10.000	73.43	734.30	2026-01-14 06:57:45.386726	135
2109	247	1660	7.000	83.71	585.97	2026-01-14 06:57:45.386726	135
2110	247	185	4.000	82.00	328.00	2026-01-14 06:57:45.386726	135
2111	247	700	4.000	73.86	295.44	2026-01-14 06:57:45.386726	134
2112	247	55	4.000	111.13	444.52	2026-01-14 06:57:45.386726	134
2113	247	56	5.000	103.13	515.65	2026-01-14 06:57:45.386726	134
2114	247	76	2.000	91.22	182.44	2026-01-14 06:57:45.386726	134
2115	247	81	4.000	74.69	298.76	2026-01-14 06:57:45.386726	134
2116	247	85	15.000	78.25	1173.75	2026-01-14 06:57:45.386726	134
2117	247	93	15.000	153.68	2305.20	2026-01-14 06:57:45.386726	134
2118	247	95	3.000	371.75	1115.25	2026-01-14 06:57:45.386726	134
2119	247	1530	1.000	235.03	235.03	2026-01-14 06:57:45.386726	134
2120	247	102	5.000	101.29	506.45	2026-01-14 06:57:45.386726	134
2121	247	105	2.000	88.46	176.92	2026-01-14 06:57:45.386726	134
2122	247	109	3.000	85.52	256.56	2026-01-14 06:57:45.386726	134
2123	247	113	12.000	71.05	852.60	2026-01-14 06:57:45.386726	134
2124	247	132	1.000	195.88	195.88	2026-01-14 06:57:45.386726	134
2125	248	6249	35.000	47.86	1675.10	2026-01-14 06:58:34.365275	131
2126	248	6284	30.000	39.81	1194.30	2026-01-14 06:58:34.365275	131
2127	243	6027	15.000	74.83	1122.45	2026-01-14 08:50:14.389694	120
2128	243	6033	10.000	69.19	691.90	2026-01-14 08:50:14.389694	120
2129	243	6047	2.000	119.15	238.30	2026-01-14 08:50:14.389694	120
2130	243	5997	2.000	69.36	138.72	2026-01-14 08:50:14.389694	120
2131	243	5996	2.000	189.84	379.68	2026-01-14 08:50:14.389694	120
2132	243	6050	1.000	145.77	145.77	2026-01-14 08:50:14.389694	120
2133	243	6053	2.000	69.91	139.82	2026-01-14 08:50:14.389694	120
2139	250	570	2.000	302.75	605.50	2026-01-15 09:06:57.86914	135
\.


